AircraftID,FirstCreated,LastModified,ModeS,ModeSCountry,Country,Registration,CurrentRegDate,PreviousID,FirstRegDate,Status,DeRegDate,Manufacturer,ICAOTypeCode,Type,SerialNo,PopularName,GenericName,AircraftClass,Engines,OwnershipStatus,RegisteredOwners,MTOW,TotalHours,YearBuilt,CofACategory,CofAExpiry,UserNotes,Interested,UserTag,InfoURL,PictureURL1,PictureURL2,PictureURL3,UserBool1,UserBool2,UserBool3,UserBool4,UserBool5,UserString1,UserString2,UserString3,UserString4,UserString5,UserInt1,UserInt2,UserInt3,UserInt4,UserInt5,OperatorFlagCode
30614218,"2026-02-03 23:50:20","2026-02-03 23:50:20",A8DA25,"United States","United States",N67HY,,,,,,Aviat,HUSK,"Aviat Husky A-1B",2065,,,,,,Private,,,2000,,,,0,,,,,,0,0,0,0,0,,,,,,0,0,0,0,0,GEN-HUSK
30613846,"2026-02-03 23:45:48","2026-02-03 23:45:48",A5CB01,"United States","United States",N47208,,,,,,Taylorcraft,TAYD,"Taylorcraft DCO-65",O-4550,,,,,,Private,,,1942,,,,0,,,,,,0,0,0,0,0,,,,,,0,0,0,0,0,GEN-TAYD
30612551,"2026-02-03 23:28:28","2026-02-03 23:28:28",A3AF84,"United States","United States",N33675,,,,,,Piper,P28A,"Piper PA-28 140 Cherokee F",28-7525223,,,,,,Private,,,1975,,,,0,,,,,,0,0,0,0,0,,,,,,0,0,0,0,0,GEN-P28A
29219,"2022-08-30 09:24:20","2026-02-03 23:25:47",000005,"Unknown or unassigned country","Not Allocated","",,,,"",,"",UAV,"","",,,,,,"",,,,,,"",0,,,,,,0,0,0,0,0,Missing,,,"","",0,0,0,0,0,GEN-UAV
30612114,"2026-02-03 23:22:40","2026-02-03 23:22:40",A37CBD,"United States","United States",N32365,,,,,,Porterfield,CP65,"Porterfield CP-65",819,,,,,,Private,,,1940,,,,0,,,,,,0,0,0,0,0,,,,,,0,0,0,0,0,GEN-CP65
30611406,"2026-02-03 23:13:21","2026-02-03 23:13:21",3F00DF,Germany,Germany,D-8264,,,,,,ZSLS-Wroclaw,GLID,"ZSLS-Wroclaw SZD-32A Foka 5",W-527,,,,,,Private,,,1971,,,,0,,,,,,0,0,0,0,0,,,,,,0,0,0,0,0,GEN-GLID
30611267,"2026-02-03 23:11:29","2026-02-03 23:11:29",AD98FD,"United States","United States",N9753D,,,,,,Piper,PA22,"Piper PA-22 160 Tri-Pacer",22-6667,,,,,,Private,,,1959,,,,0,,,,,,0,0,0,0,0,,,,,,0,0,0,0,0,GEN-PA22
30610344,"2026-02-03 22:59:59","2026-02-03 22:59:59",ABD0F6,"United States","United States",N860XT,,,,,,"Textron Aviation",C172,"Textron Aviation 172S Skyhawk SP",172S12425,,,,,,Private,,,2019,,,,0,,,,,,0,0,0,0,0,,,,,,0,0,0,0,0,GEN-C172
30609730,"2026-02-03 22:51:44","2026-02-03 22:51:44",404D77,"United Kingdom","United Kingdom",G-CDIR,,,,,,"Mainair Sports",ULAC,"Mainair Sports Pegasus Quantum 15-912",8108,,,,,,Private,,,2005,,,,0,,,,,,0,0,0,0,0,,,,,,0,0,0,0,0,GEN-ULAC
30609538,"2026-02-03 22:49:24","2026-02-03 22:49:24",0D0554,Mexico,Mexico,XA-UMQ,,,,,,Boeing,B732,"Boeing 737 2Q3",24103,,,,,,"Global Air",,,1988,,,,0,,,,,,0,0,0,0,0,,,,,,0,0,0,0,0,DMJ
30609481,"2026-02-03 22:48:28","2026-02-03 22:48:28",A1EF2A,"United States","United States",N22347,,,,,,Bell,B412,"Bell 412",36005,,,,,,"PHI Inc",,,1994,,,,0,,,,,,0,0,0,0,0,,,,,,0,0,0,0,0,GEN-B412
30608767,"2026-02-03 22:39:18","2026-02-03 22:39:18",A9F3D7,"United States","United States",N740PH,,,,,,Bell,B407,"Bell 407",53435,,,,,,"PHI Inc",,,2000,,,,0,,,,,,0,0,0,0,0,,,,,,0,0,0,0,0,PHM
30608553,"2026-02-03 22:36:24","2026-02-03 22:36:24",A4DF41,"United States","United States",N41297,,,,,,"Textron Aviation",C25M,"Textron Aviation Citation M2",525-0977,,,,,,"Textron Aviation Inc",,,2017,,,,0,,,,,,0,0,0,0,0,,,,,,0,0,0,0,0,GEN-C25M
30608317,"2026-02-03 22:33:41","2026-02-03 22:33:41",ADBD72,"United States","United States",N9848B,,,,,,"Northern Aircraft",B14B,"Northern Aircraft Bellanca Cruisemaster 14-19-2",4100,,,,,,Private,,,1958,,,,0,,,,,,0,0,0,0,0,,,,,,0,0,0,0,0,GEN-B14B
30608206,"2026-02-03 22:32:10","2026-02-03 22:32:10",44F188,Belgium,Belgium,FA-128,,,,,,"General Dynamics",F16,"General Dynamics F-16AM Fighting Falcon",6H-128,,,,,,"Belgian Air Component",,,,,,,0,,,https://cdn.jetphotos.com/full/6/34625_1618047757.jpg,https://cdn.jetphotos.com/full/5/80171_1514731152.jpg,https://cdn.jetphotos.com/full/6/77603_1505812936.jpg,1,0,0,0,0,,,,,,0,0,0,0,0,
30605739,"2026-02-03 22:01:24","2026-02-03 22:01:24",A1DE93,"United States","United States",N2199Q,,,,,,Cessna,C77R,"Cessna 177 Cardinal RG",177RG0599,,,,,,Private,,,1974,,,,0,,,,,,0,0,0,0,0,,,,,,0,0,0,0,0,GEN-C77R
30605246,"2026-02-03 21:55:29","2026-02-03 21:55:29",852EC7,Japan,Japan,JA3999,,,,,,Beech,BE36,"Beech Bonanza A36TC",EA-136,,,,,,Private,,,1980,,,,0,,,,,,0,0,0,0,0,,,,,,0,0,0,0,0,GEN-BE36
30604788,"2026-02-03 21:49:39","2026-02-03 21:49:39",A98464,"United States","United States",N712KH,,,,,,"Cirrus Design",SR22,"Cirrus Design SR22",4712,,,,,,Private,,,2018,,,,0,,,,,,0,0,0,0,0,,,,,,0,0,0,0,0,GEN-SR22
30604592,"2026-02-03 21:47:09","2026-02-03 21:47:09",AA689F,"United States","United States",N77VX,,,,,,"Velocity Aircraft",VELO,"Velocity Aircraft Velocity 173 RG Elite","3RE 423",,,,,,Private,,,2003,,,,0,,,,,,0,0,0,0,0,,,,,,0,0,0,0,0,GEN-VELO
30603872,"2026-02-03 21:39:00","2026-02-03 21:39:00",A963AA,"United States","United States",N704CP,,,,,,Cessna,C150,"Cessna 150M",15078508,,,,,,Private,,,1976,,,,0,,,,,,0,0,0,0,0,,,,,,0,0,0,0,0,GEN-C150
30603601,"2026-02-03 21:35:49","2026-02-03 21:35:49",A0AECF,"United States","United States",N143L,,,,,,Eiri-Avion,PK20,"Eiri-Avion PIK-20 E",20281,,,,,,Private,,,1980,,,,0,,,,,,0,0,0,0,0,,,,,,0,0,0,0,0,GEN-PK20
30603474,"2026-02-03 21:34:29","2026-02-03 21:34:29",A179C3,"United States","United States",N19425,,,,,,"Mono Aircraft",MC90,"Mono Aircraft Monocoupe 90 A",A773,,,,,,Private,,,1938,,,,0,,,,,,0,0,0,0,0,,,,,,0,0,0,0,0,GEN-MC90
30602930,"2026-02-03 21:28:02","2026-02-03 21:28:02",ADC3F4,"United States","United States",N9861L,,,,,,"American Aviation",AA1,"American Aviation AA-1B",AA1B-0461,,,,,,Private,,,,,,,0,,,,,,0,0,0,0,0,,,,,,0,0,0,0,0,GEN-AA1
30602861,"2026-02-03 21:27:20","2026-02-03 21:27:20",ACD32A,"United States","United States",N9250W,,,,,,Piper,P28A,"Piper PA-28 161 Cadet",2841258,,,,,,Private,,,1989,,,,0,,,,,,0,0,0,0,0,,,,,,0,0,0,0,0,GEN-P28A
30602764,"2026-02-03 21:26:14","2026-02-03 21:26:14",44DC61,Belgium,Belgium,OO-WCA,,,,,,Aerotechnik,L13S,"Aerotechnik Vivat L-13SW",940515,,,,,,Private,,,1993,,,,0,,,,,,0,0,0,0,0,,,,,,0,0,0,0,0,GEN-L13S
30602535,"2026-02-03 21:23:28","2026-02-03 21:23:28",A257B5,"United States","United States",N250CE,,,,,,Denney,FOX,"Denney Kitfox Mk.IV Speedster",JCS134,,,,,,Private,,,1998,,,,0,,,,,,0,0,0,0,0,,,,,,0,0,0,0,0,GEN-FOX
30602327,"2026-02-03 21:21:02","2026-02-03 21:21:02",A2D91F,"United States","United States",N283,,,,,,Boeing,ST75,"Boeing Stearman A75N1 PT-17 Kaydet",75-2142,,,,,,Private,,,1942,,,,0,,,,,,0,0,0,0,0,,,,,,0,0,0,0,0,GEN-ST75
30602186,"2026-02-03 21:19:27","2026-02-03 21:19:27",A384E1,"United States","United States",N326CW,,,,,,Piper,AEST,"Piper Aerostar PA-60 602P",62P-0869-8165008,,,,,,Private,,,1981,,,,0,,,,,,0,0,0,0,0,,,,,,0,0,0,0,0,GEN-AEST
30601905,"2026-02-03 21:16:05","2026-02-03 21:16:05",AE1941,"United States","United States",80-0142,,,,,,Fairchild,A10,"Fairchild A-10C Thunderbolt II",A10-0492,,,,,,"United States Air Force",,,,,,,0,,,,,,1,0,0,0,0,,,,,,0,0,0,0,0,
30601760,"2026-02-03 21:14:20","2026-02-03 21:14:20",A06FB7,"United States","United States",N127WR,,,,,,Vans,RV7,"Vans RV-7 A",72737,,,,,,Private,,,2011,,,,0,,,,,,0,0,0,0,0,,,,,,0,0,0,0,0,GEN-RV7
30601357,"2026-02-03 21:09:35","2026-02-03 21:09:35",ACE154,"United States","United States",N929TT,,,,,,Rans,COY2,"Rans Coyote II S-6S",01071792,,,,,,Private,,,,,,,0,,,,,,0,0,0,0,0,,,,,,0,0,0,0,0,GEN-COY2
30597739,"2026-02-03 20:28:23","2026-02-03 20:28:23",A8740A,"United States","United States",N6439Y,,,,,,Piper,PA27,"Piper PA-23 Aztec 250C",27-3627,,,,,,Private,,,,,,,0,,,,,,0,0,0,0,0,,,,,,0,0,0,0,0,GEN-PA27
30597506,"2026-02-03 20:25:37","2026-02-03 20:25:37",AB2297,"United States","United States",N8164N,,,,,,Piper,P28A,"Piper PA-28 140 Cherokee B",28-25360,,,,,,Private,,,1968,,,,0,,,,,,0,0,0,0,0,,,,,,0,0,0,0,0,GEN-P28A
30596298,"2026-02-03 20:11:31","2026-02-03 20:11:31",AC00A7,"United States","United States",N87239,,,,,,Cessna,C310,"Cessna 310R",310R-0314,,,,,,Private,,,,,,,0,,,,,,0,0,0,0,0,,,,,,0,0,0,0,0,GEN-C310
30595934,"2026-02-03 20:07:12","2026-02-03 20:07:12",3E0D27,Germany,Germany,D-HWEH,,,,,,Rotorway,EXEC,"Rotorway Exec 162F",6975,,,,,,Private,,,,,,,0,,,,,,0,0,0,0,0,,,,,,0,0,0,0,0,GEN-EXEC
30595899,"2026-02-03 20:06:48","2026-02-03 20:06:48",A7C9EC,"United States","United States",N6002Q,,,,,,Mooney,M20P,"Mooney M.20E Super 21",860,,,,,,Private,,,1965,,,,0,,,,,,0,0,0,0,0,,,,,,0,0,0,0,0,GEN-M20P
30595838,"2026-02-03 20:06:03","2026-02-03 20:06:03",4C354B,Serbia,Serbia,YU-NKL,,,,,,Cessna,C172,"Cessna 172N Skyhawk",17271889,,,,,,Private,,,,,,,0,,,,,,0,0,0,0,0,,,,,,0,0,0,0,0,GEN-C172
30593698,"2026-02-03 19:41:23","2026-02-03 19:41:23",5113BD,Estonia,Estonia,"",,,,,,"",-GND,"Ground Vehicle",,,,,,,"Tallinn Airport",,,,,,,0,,,,,,0,0,0,0,0,,,,,,0,0,0,0,0,GEN--GND
30593557,"2026-02-03 19:39:47","2026-02-03 19:39:47",43EADF,"Isle of Man","Isle of Man",M-OUNT,,,,,,Dassault,FA7X,"Dassault Falcon 7X",175,,,,,,"Abelia Limited",,,2012,,,,0,,,,,,0,0,0,0,0,,,,,,0,0,0,0,0,GEN-FA7X
30591170,"2026-02-03 19:10:59","2026-02-03 19:10:59",AD1478,"United States","United States",N9419F,,,,,,Hughes,H269,"Hughes 269 B",65-0206,,,,,,Private,,,1965,,,,0,,,,,,0,0,0,0,0,,,,,,0,0,0,0,0,GEN-H269
30590299,"2026-02-03 19:00:56","2026-02-03 19:00:56",A13162,"United States","United States",N176VR,,,,,,Bombardier,GL5T,"Bombardier Global 5000",9531,,,,,,"NetJets Sales",,,2012,,,,0,,,,,,0,0,0,0,0,,,,,,0,0,0,0,0,GEN-GL5T
30590277,"2026-02-03 19:00:45","2026-02-03 19:00:45",4B3665,Switzerland,Switzerland,HB-UPP,,,,,,"De Havilland Australia",DH82,"De Havilland Australia Tiger Moth DH.82A",DHA1000,,,,,,Private,,,1942,,,,0,,,,,,0,0,0,0,0,,,,,,0,0,0,0,0,GEN-DH82
30589459,"2026-02-03 18:51:45","2026-02-03 18:51:45",E48710,Brazil,Brazil,PR-EST,,,,,,"Gulfstream Aerospace",G200,"Gulfstream Aerospace G200",183,,,,,,"Construtora Andrade Gutierrez SA",,,2007,,,,0,,,,,,0,0,0,0,0,,,,,,0,0,0,0,0,GEN-G200
30589165,"2026-02-03 18:48:14","2026-02-03 18:48:14",3FD435,Germany,Germany,D-ORUJ,,,,,,"Schroeder Fire Balloons",BALL,"Schroeder Fire Balloons Hot Air Balloon",213,,,,,,Private,,,,,,,0,,,,,,0,0,0,0,0,,,,,,0,0,0,0,0,GEN-BALL
30588047,"2026-02-03 18:34:53","2026-02-03 18:34:53",A39B2A,"United States","United States",N331SV,,,,,,Cessna,C208,"Cessna 208",208-00123,,,,,,"Aircraft Guaranty Corp Trustee",,,1987,,,,0,,,,,,0,0,0,0,0,,,,,,0,0,0,0,0,GEN-C208
30588022,"2026-02-03 18:34:42","2026-02-03 18:34:42",4028BE,"United Kingdom","United Kingdom",G-BNIN,,,,,,Cameron,BALL,"Cameron V-77 Hot Air Balloon",1079,,,,,,Private,,,1987,,,,0,,,,,,0,0,0,0,0,,,,,,0,0,0,0,0,GEN-BALL
30588023,"2026-02-03 18:34:42","2026-02-03 18:34:42",7503B6,Malaysia,Malaysia,9M-LMM,,,,,,"Avions de Transport Regional",AT76,"Avions de Transport Regional ATR 72 600",1147,,,,,,"Malindo Air",,,2014,,,,0,,,,,,0,0,0,0,0,,,,,,0,0,0,0,0,MXD
30588014,"2026-02-03 18:34:33","2026-02-03 18:34:33",4B3C6F,Switzerland,Switzerland,HB-WXB,,,,,,CZAW,CRUZ,"CZAW PS-28 Cruiser",C0458,,,,,,Private,,,2013,,,,0,,,,,,0,0,0,0,0,,,,,,0,0,0,0,0,GEN-CRUZ
17912,"2022-02-16 07:49:47","2026-02-03 18:19:40",48421B,Netherlands,Netherlands,,,,,,,,-GND,,,,,,,,,,,,,,,0,,,,,,0,0,0,0,0,Missing,,,,,0,0,0,0,0,GEN--GND
30585567,"2026-02-03 18:06:41","2026-02-03 18:06:41",A6F621,"United States","United States",N548F,,,,,,Denney,FOX,"Denney Kitfox Mk.II",001,,,,,,Private,,,2010,,,,0,,,,,,0,0,0,0,0,,,,,,0,0,0,0,0,GEN-FOX
30585250,"2026-02-03 18:03:14","2026-02-03 18:03:14",C081F7,Canada,Canada,C-GXFQ,,,,,,Bell,B429,"Bell 429 Global Ranger",57161,,,,,,Private,,,2013,,,,0,,,,,,0,0,0,0,0,,,,,,0,0,0,0,0,GEN-B429
30585191,"2026-02-03 18:02:41","2026-02-03 18:02:41",A62C93,"United States","United States",N49709,,,,,,Boeing,ST75,"Boeing Stearman A75N1 PT-17 Kaydet",75-2409,,,,,,Private,,,1942,,,,0,,,,,,0,0,0,0,0,,,,,,0,0,0,0,0,GEN-ST75
30584255,"2026-02-03 17:51:57","2026-02-03 17:51:57",A08DF5,"United States","United States",YV518T,,,,,,Eurocopter,EC35,"Eurocopter EC135 T2+",0690,,,,,,Private,,,2008,,,,0,,,,,,0,0,0,0,0,,,,,,0,0,0,0,0,GEN-EC35
30583409,"2026-02-03 17:42:48","2026-02-03 17:42:48",40206C,"United Kingdom","United Kingdom",G-BKRA,,,,,,"North American",T6,"North American T-6G Texan",188-90,,,,,,Private,,,,,,,0,,,,,,0,0,0,0,0,,,,,,0,0,0,0,0,GEN-T6
30583326,"2026-02-03 17:41:49","2026-02-03 17:41:49",AB78D6,"United States","United States",N8383C,,,,,,Piper,PA27,"Piper PA-23 Aztec 250D",27-4412,,,,,,Private,,,1970,,,,0,,,,,,0,0,0,0,0,,,,,,0,0,0,0,0,GEN-PA27
27212,"2022-05-18 03:27:49","2026-02-03 17:41:32",48425C,Netherlands,Netherlands,"",,,,"",,"",-GND,"","",,,,,,"",,,,,,"",0,,,,,,0,0,0,0,0,Missing,,,"","",0,0,0,0,0,GEN--GND
30580761,"2026-02-03 17:13:46","2026-02-03 17:13:46",A9EB83,"United States","United States",N73829,,,,,,Cessna,C172,"Cessna 172N Skyhawk",17267705,,,,,,Private,,,,,,,0,,,,,,0,0,0,0,0,,,,,,0,0,0,0,0,GEN-C172
30580685,"2026-02-03 17:13:07","2026-02-03 17:13:07",05400F,Madagascar,Madagascar,5R-MJG,,,,,,"Avions de Transport Regional",AT45,"Avions de Transport Regional ATR 42 500",649,,,,,,"Air Madagascar",,,2006,,,,0,,,,,,0,0,0,0,0,,,,,,0,0,0,0,0,MDG
30579202,"2026-02-03 16:57:12","2026-02-03 16:57:12",A15983,"United States","United States",N1861T,,,,,,Piper,P28A,"Piper PA-28 140 Cherokee E",28-7225012,,,,,,Private,,,1971,,,,0,,,,,,0,0,0,0,0,,,,,,0,0,0,0,0,GEN-P28A
30578841,"2026-02-03 16:53:16","2026-02-03 16:53:16",A29919,"United States","United States",N267BB,,,,,,Cessna,C550,"Cessna Citation II",550-0067,,,,,,"Bohlke International Airways",,,,,,,0,,,,,,0,0,0,0,0,,,,,,0,0,0,0,0,GEN-C550
30577948,"2026-02-03 16:42:57","2026-02-03 16:42:57",A78BC8,"United States","United States",N5857,,,,,,"Max Holste",BROU,"Max Holste Broussard MH 1521M",47,,,,,,Private,,,1957,,,,0,,,,,,0,0,0,0,0,,,,,,0,0,0,0,0,GEN-BROU
30577865,"2026-02-03 16:42:03","2026-02-03 16:42:03",7C4837,Australia,Australia,VH-OJT,,,,,,Boeing,B744,"Boeing 747 438",25565,,,,,,Qantas,,,1999,,,,0,,,,,,0,0,0,0,0,,,,,,0,0,0,0,0,QFA
30577634,"2026-02-03 16:39:35","2026-02-03 16:39:35",40376D,"United Kingdom","United Kingdom",G-BUXS,,,,,,MBB,B105,"MBB Bo.105 DBS-4",S-41/913,,,,,,"Babcock MCS Onshore",,,1993,,,,0,,,,,,0,0,0,0,0,,,,,,0,0,0,0,0,RHD
30577382,"2026-02-03 16:36:37","2026-02-03 16:36:37",A7621B,"United States","United States",N575MM,,,,,,Vans,RV4,"Vans RV-4",147,,,,,,Private,,,1992,,,,0,,,,,,0,0,0,0,0,,,,,,0,0,0,0,0,GEN-RV4
30577130,"2026-02-03 16:33:55","2026-02-03 16:33:55",A00931,"United States","United States",N101HY,,,,,,Aviat,HUSK,"Aviat Husky A-1B",WF0001,,,,,,Private,,,2005,,,,0,,,,,,0,0,0,0,0,,,,,,0,0,0,0,0,GEN-HUSK
30576962,"2026-02-03 16:32:06","2026-02-03 16:32:06",A9EBE2,"United States","United States",N7385Z,,,,,,Piper,PA25,"Piper PA-25 235 Pawnee B",25-3344,,,,,,Private,,,,,,,0,,,,,,0,0,0,0,0,,,,,,0,0,0,0,0,GEN-PA25
30575500,"2026-02-03 16:15:16","2026-02-03 16:15:16",3D20E6,Germany,Germany,D-EKSC,,,,,,Gyroflug,SC01,"Gyroflug Speed Canard SC-01B-160",S-20,,,,,,Private,,,,,,,0,,,,,,0,0,0,0,0,,,,,,0,0,0,0,0,GEN-SC01
30574830,"2026-02-03 16:07:37","2026-02-03 16:07:37",42409F,Bermuda,Bermuda,VP-BFJ,,,,,,Boeing,B735,"Boeing 737 5L9",24859,,,,,,"Kuban Airlines",,,1990,,,,0,,,,,,0,0,0,0,0,,,,,,0,0,0,0,0,GEN-B735
30574439,"2026-02-03 16:03:05","2026-02-03 16:03:05",C00890,Canada,Canada,C-FDGH,,,,,,Cessna,C172,"Cessna 172M Skyhawk",17260775,,,,,,Private,,,1972,,,,0,,,,,,0,0,0,0,0,,,,,,0,0,0,0,0,GEN-C172
30573973,"2026-02-03 15:58:29","2026-02-03 15:58:29",A1C2BC,"United States","United States",N212UK,,,,,,Airbus,A306,"Airbus A300 C4-203F",212,,,,,,"MNG Airlines",,,1982,,,,0,,,,,,0,0,0,0,0,,,,,,0,0,0,0,0,GEN-A306
30573897,"2026-02-03 15:57:35","2026-02-03 15:57:35",39572C,France,France,F-GVZM,,,,,,"Avions de Transport Regional",AT75,"Avions de Transport Regional ATR 72 500",590,,,,,,Hop!,,,1999,,,,0,,,,,,0,0,0,0,0,,,,,,0,0,0,0,0,HOP
30573105,"2026-02-03 15:48:12","2026-02-03 15:48:12",AD3FAA,"United States","United States",N9529B,,,,,,Cessna,C72R,"Cessna 172RG Cutlass RG",172RG0857,,,,,,Private,,,1981,,,,0,,,,,,0,0,0,0,0,,,,,,0,0,0,0,0,GEN-C72R
30572524,"2026-02-03 15:41:34","2026-02-03 15:41:34",C01A01,Canada,Canada,CF-JWA,,,,,,Cessna,C140,"Cessna 140",9611,,,,,,Private,,,1946,,,,0,,,,,,0,0,0,0,0,,,,,,0,0,0,0,0,GEN-C140
30572198,"2026-02-03 15:38:03","2026-02-03 15:38:03",0AC0D2,Colombia,Colombia,HK-4599,,,,,,Embraer,E190,"Embraer EMB-190 LR",19000269,,,,,,"Copa Airlines",,,2009,,,,0,,,,,,0,0,0,0,0,,,,,,0,0,0,0,0,CMP
30571676,"2026-02-03 15:32:08","2026-02-03 15:32:08",A69AB1,"United States","United States",N5244C,,,,,,Beech,BE35,"Beech Bonanza B35",D-2636,,,,,,Private,,,1950,,,,0,,,,,,0,0,0,0,0,,,,,,0,0,0,0,0,GEN-BE35
30570931,"2026-02-03 15:24:00","2026-02-03 15:24:00",04403C,Ghana,Ghana,9G-SBA,,,,,,BAe,B463,"BAe 146 300",E3125,,,,,,"Starbow Airlines",,,1989,,,,0,,,,,,0,0,0,0,0,,,,,,0,0,0,0,0,IKM
30570404,"2026-02-03 15:18:21","2026-02-03 15:18:21",A61CCD,"United States","United States",N493S,,,,,,Dassault,F2TH,"Dassault Falcon 2000EX EASy",064,,,,,,"Mairo LLC",,,2005,,,,0,,,,,,0,0,0,0,0,,,,,,0,0,0,0,0,GEN-F2TH
30569405,"2026-02-03 15:08:10","2026-02-03 15:08:10",4026F5,"United Kingdom","United Kingdom",G-MNSY,,,,,,Southdown,ULAC,"Southdown Raven X Raven X",SN2232/0149,,,,,,Private,,,1986,,,,0,,,,,,0,0,0,0,0,,,,,,0,0,0,0,0,GEN-ULAC
30569099,"2026-02-03 15:04:57","2026-02-03 15:04:57",A6A5C7,"United States","United States",N5273Y,,,,,,Hughes,H500,"Hughes 369 E",0111E,,,,,,Private,,,,,,,0,,,,,,0,0,0,0,0,,,,,,0,0,0,0,0,GEN-H500
30568107,"2026-02-03 14:54:27","2026-02-03 14:54:27",A51AED,"United States","United States",N428SF,,,,,,Piper,PA23,"Piper PA-23 Apache 160",23-1399,,,,,,Private,,,1958,,,,0,,,,,,0,0,0,0,0,,,,,,0,0,0,0,0,GEN-PA23
30568047,"2026-02-03 14:53:53","2026-02-03 14:53:53",A711AC,"United States","United States",N5547Z,,,,,,Piper,PA22,"Piper PA-22 108 Colt",22-9339,,,,,,Private,,,1962,,,,0,,,,,,0,0,0,0,0,,,,,,0,0,0,0,0,GEN-PA22
30567937,"2026-02-03 14:52:37","2026-02-03 14:52:37",A6DDFE,"United States","United States",N5410C,,,,,,Cessna,C210,"Cessna 210N Centurion",21063743,,,,,,Private,,,1979,,,,0,,,,,,0,0,0,0,0,,,,,,0,0,0,0,0,GEN-C210
30567904,"2026-02-03 14:52:14","2026-02-03 14:52:14",A3E836,"United States","United States",N35073,,,,,,Denney,FOX,"Denney Kitfox Lite",KF2AW,,,,,,Private,,,2007,,,,0,,,,,,0,0,0,0,0,,,,,,0,0,0,0,0,GEN-FOX
30566326,"2026-02-03 14:33:44","2026-02-03 14:33:44",AB07BC,"United States","United States",N81HK,,,,,,Evolution,ULAC,"Evolution Revolt",001006,,,,,,Private,,,,,,,0,,,,,,0,0,0,0,0,,,,,,0,0,0,0,0,GEN-ULAC
30566160,"2026-02-03 14:31:58","2026-02-03 14:31:58",AC6D3C,"United States","United States",N90EE,,,,,,Vans,RV4,"Vans RV-4",2152,,,,,,Private,,,1992,,,,0,,,,,,0,0,0,0,0,,,,,,0,0,0,0,0,GEN-RV4
30565952,"2026-02-03 14:29:40","2026-02-03 14:29:40",A0A741,"United States","United States",N141JT,,,,,,Piaggio,P180,"Piaggio P-180 Avanti II",1141,,,,,,"Conway Aviation Sales & Leasing LLC",,,2007,,,,0,,,,,,0,0,0,0,0,,,,,,0,0,0,0,0,GEN-P180
30564729,"2026-02-03 14:16:16","2026-02-03 14:16:16",A6A640,"United States","United States",N5277D,,,,,,"Raven Aerostar",BALL,"Raven Aerostar GSP Hot Air Balloon",GSP-3001,,,,,,Private,,,2000,,,,0,,,,,,0,0,0,0,0,,,,,,0,0,0,0,0,GEN-BALL
30563984,"2026-02-03 14:08:11","2026-02-03 14:08:11",A46932,"United States","United States",N3833B,,,,,,Beech,BE35,"Beech Bonanza F35",D-4104,,,,,,Private,,,,,,,0,,,,,,0,0,0,0,0,,,,,,0,0,0,0,0,GEN-BE35
30563696,"2026-02-03 14:05:02","2026-02-03 14:05:02",390C8F,France,France,F-GDEP,,,,,,Robin,DR40,"Robin DR.400 180 Regent",1577,,,,,,Private,,,1982,,,,0,,,,,,0,0,0,0,0,,,,,,0,0,0,0,0,GEN-DR40
30562550,"2026-02-03 13:51:07","2026-02-03 13:51:07",A1ECF0,"United States","United States",N223JB,,,,,,Mitsubishi,MU2,"Mitsubishi MU-2B -36A  (N)",724SA,,,,,,"Burton Air Corp Inc",,,1978,,,,0,,,,,,0,0,0,0,0,,,,,,0,0,0,0,0,GEN-MU2
30561886,"2026-02-03 13:43:02","2026-02-03 13:43:02",A6A265,"United States","United States",N5266C,,,,,,Beech,BE35,"Beech Bonanza B35",D-2659,,,,,,Private,,,1950,,,,0,,,,,,0,0,0,0,0,,,,,,0,0,0,0,0,GEN-BE35
30561801,"2026-02-03 13:42:01","2026-02-03 13:42:01",A99613,"United States","United States",N717AE,,,,,,Embraer,E135,"Embraer ERJ-135 LR",145272,,,,,,"American Eagle Airlines",,,,,,,0,,,,,,0,0,0,0,0,,,,,,0,0,0,0,0,GEN-E135
30561267,"2026-02-03 13:35:47","2026-02-03 13:35:47",E0340E,Argentina,Argentina,LV-CPN,,,,,,Piper,P28R,"Piper PA-28R 201T Turbo Arrow III",28R-7703386,,,,,,Private,,,1977,,,,0,,,,,,0,0,0,0,0,,,,,,0,0,0,0,0,GEN-P28R
30561268,"2026-02-03 13:35:47","2026-02-03 13:35:47",AAE49C,"United States","United States",N80028,,,,,,"Amateur Built",BALL,"Amateur Built 7 Hot Air Balloon",1,,,,,,Private,,,,,,,0,,,,,,0,0,0,0,0,,,,,,0,0,0,0,0,GEN-BALL
30561159,"2026-02-03 13:34:35","2026-02-03 13:34:35",A66065,"United States","United States",N51PK,,,,,,Bushby-Long,MIMU,"Bushby-Long Midget Mustang M-I",1043,,,,,,Private,,,,,,,0,,,,,,0,0,0,0,0,,,,,,0,0,0,0,0,GEN-MIMU
534005,"2023-07-05 21:04:24","2026-02-03 13:26:22",424AF3,"United Kingdom","United Kingdom",,,,,,,,ZZZZ,,,,,,,,,,,,,,,0,,,,,,0,0,0,0,0,Missing,,,,,0,0,0,0,0,TEST
30560193,"2026-02-03 13:24:03","2026-02-03 13:24:03",A03062,"United States","United States",N111EV,,,,,,Reproduction,D8,"Reproduction Fokker D VIII Replica",A-2,,,,,,Private,,,,,,,0,,,,,,0,0,0,0,0,,,,,,0,0,0,0,0,GEN-D8
30557447,"2026-02-03 12:52:41","2026-02-03 12:52:41",406DFB,"United Kingdom","United Kingdom",G-CISL,,,,,,Cameron,BALL,"Cameron C-70 Hot Air Balloon",11880,,,,,,Private,,,2015,,,,0,,,,,,0,0,0,0,0,,,,,,0,0,0,0,0,GEN-BALL
30557095,"2026-02-03 12:48:47","2026-02-03 12:48:47",300620,Italy,Italy,I-LCIB,,,,,,AgustaWestland,A189,"AgustaWestland AW.189",49021,,,,,,Leonardo,,,,,,,0,,,,,,0,0,0,0,0,,,,,,0,0,0,0,0,GEN-A189
30556863,"2026-02-03 12:45:55","2026-02-03 12:45:55",A35CD3,"United States","United States",N31579,,,,,,Piper,P28A,"Piper PA-28 161 Warrior II",28-7816540,,,,,,Private,,,,,,,0,,,,,,0,0,0,0,0,,,,,,0,0,0,0,0,GEN-P28A
30555627,"2026-02-03 12:31:41","2026-02-03 12:31:41",396666,France,France,F-GZTG,,,,,,Boeing,B737,"Boeing 737NG 73S/W",29080,,,,,,"Air Transat",,,1999,,,,0,,,,,,0,0,0,0,0,,,,,,0,0,0,0,0,TSC
30555533,"2026-02-03 12:30:34","2026-02-03 12:30:34",A70A4B,"United States","United States",N5528B,,,,,,"North American",T28,"North American T-28B Trojan",200-388,,,,,,Private,,,,,,,0,,,,,,0,0,0,0,0,,,,,,0,0,0,0,0,GEN-T28
30555247,"2026-02-03 12:27:40","2026-02-03 12:27:40",A4C074,"United States","United States",N405NV,,,,,,"McDonnell Douglas",MD83,"McDonnell Douglas DC-9 83",49623,,,,,,"Allegiant Air",,,1988,,,,0,,,,,,0,0,0,0,0,,,,,,0,0,0,0,0,AAY
30555156,"2026-02-03 12:26:40","2026-02-03 12:26:40",14F90D,Russia,Russia,RF-66001,,,,,,Tupolev,T134,"Tupolev Tu-134 AK",63757,,,,,,"Russian Navy",,,,,,,0,,,,,,1,0,0,0,0,,,,,,0,0,0,0,0,
30554000,"2026-02-03 12:13:44","2026-02-03 12:13:44",AC764C,"United States","United States",N90173,,,,,,"Flying K",ULAC,"Flying K Sky Raider Super",SSR-03,,,,,,Private,,,2004,,,,0,,,,,,0,0,0,0,0,,,,,,0,0,0,0,0,GEN-ULAC
30552384,"2026-02-03 11:56:30","2026-02-03 11:56:30",A5436B,"United States","United States",N43811,,,,,,Taylorcraft,TAYB,"Taylorcraft BC-12D",7470,,,,,,Private,,,1946,,,,0,,,,,,0,0,0,0,0,,,,,,0,0,0,0,0,GEN-TAYB
30552280,"2026-02-03 11:55:19","2026-02-03 11:55:19",44025E,Austria,Austria,OE-XMD,,,,,,Bell,B06,"Bell 206B Jet Ranger III",2967,,,,,,Private,,,,,,,0,,,,,,0,0,0,0,0,,,,,,0,0,0,0,0,GEN-B06
30551956,"2026-02-03 11:51:52","2026-02-03 11:51:52",A4EDE9,"United States","United States",N4168Q,,,,,,Cessna,C310,"Cessna 310N",310N-0068,,,,,,Private,,,1968,,,,0,,,,,,0,0,0,0,0,,,,,,0,0,0,0,0,GEN-C310
30551907,"2026-02-03 11:51:11","2026-02-03 11:51:11",AD6E0A,"United States","United States",N9645A,,,,,,Bell,UH1,"Bell UH-1B Iroquois",303,,,,,,Private,,,,,,,0,,,,,,0,0,0,0,0,,,,,,0,0,0,0,0,GEN-UH1
30551293,"2026-02-03 11:44:42","2026-02-03 11:44:42",A05290,"United States","United States",N12NL,,,,,,Cessna,C425,"Cessna 425 Conquest I",425-0069,,,,,,"SJL LLC",,,,,,,0,,,,,,0,0,0,0,0,,,,,,0,0,0,0,0,GEN-C425
30551163,"2026-02-03 11:43:08","2026-02-03 11:43:08",A41A71,"United States","United States",YV2685,,,,,,Piper,PA34,"Piper PA-34 200T Seneca II",34-7870320,,,,,,Private,,,1978,,,,0,,,,,,0,0,0,0,0,,,,,,0,0,0,0,0,GEN-PA34
30550760,"2026-02-03 11:39:00","2026-02-03 11:39:00",A90535,"United States","United States",D-CAWK,,,,,,"Textron Aviation",C68A,"Textron Aviation Citation Latitude",680A-0107,,,,,,"Aerowest Flugcharter GmbH",,,2017,,,,0,,,,,,0,0,0,0,0,,,,,,0,0,0,0,0,GEN-C68A
30550088,"2026-02-03 11:32:01","2026-02-03 11:32:01",E485F5,Brazil,Brazil,PR-MGD,,,,,,"Hawker Beechcraft Corp",BE40,"Hawker Beechcraft Corp Hawker 400XP",RK-521,,,,,,Private,,,,,,,0,,,,,,0,0,0,0,0,,,,,,0,0,0,0,0,GEN-BE40
30549872,"2026-02-03 11:29:32","2026-02-03 11:29:32",A0C75F,"United States","United States",N1496X,,,,,,Piper,PA32,"Piper PA-32 300 Cherokee Six",32-7540165,,,,,,Private,,,1975,,,,0,,,,,,0,0,0,0,0,,,,,,0,0,0,0,0,GEN-PA32
30549665,"2026-02-03 11:27:14","2026-02-03 11:27:14",A5BDFA,"United States","United States",N4694M,,,,,,Beech,BE76,"Beech Duchess 76",ME-53,,,,,,Private,,,1978,,,,0,,,,,,0,0,0,0,0,,,,,,0,0,0,0,0,GEN-BE76
30548541,"2026-02-03 11:14:39","2026-02-03 11:14:39",ACB0B4,"United States","United States",N917AH,,,,,,AgustaWestland,A139,"AgustaWestland AW.139",31214,,,,,,"Saudi ARAMCO Aviation",,,2008,,,,0,,,,,,0,0,0,0,0,,,,,,0,0,0,0,0,GEN-A139
30548261,"2026-02-03 11:11:47","2026-02-03 11:11:47",3EF589,Germany,Germany,D-5362,,,,,,"Akaflieg Braunschweig",GLID,"Akaflieg Braunschweig SB-5 E Sperber",5028,,,,,,Private,,,,,,,0,,,,,,0,0,0,0,0,,,,,,0,0,0,0,0,GEN-GLID
30547726,"2026-02-03 11:05:22","2026-02-03 11:05:22",4B07E1,Switzerland,Switzerland,4O-DNA,,,,,,Reims/Cessna,C172,"Reims/Cessna F172",1819,,,,,,Private,,,1979,,,,0,,,,,,0,0,0,0,0,,,,,,0,0,0,0,0,GEN-C172
30546897,"2026-02-03 10:56:34","2026-02-03 10:56:34",A76676,"United States","United States",N576UA,,,,,,Boeing,B752,"Boeing 757 222",26690,,,,,,"United Airlines",,,1993,,,,0,,,,,,0,0,0,0,0,,,,,,0,0,0,0,0,GEN-B752
30545895,"2026-02-03 10:45:21","2026-02-03 10:45:21",8964D8,"United Arab Emirates","United Arab Emirates",A6-ASM,,,,,,Bombardier,LJ60,"Bombardier Learjet 60",60-122,,,,,,Corporate,,,,,,,0,,,,,,0,0,0,0,0,,,,,,0,0,0,0,0,GEN-LJ60
30545537,"2026-02-03 10:41:38","2026-02-03 10:41:38",3D0E39,Germany,Germany,S5-DKA,,,,,,Robin,DR40,"Robin DR.400 180R Remorqueur",1670,,,,,,Private,,,1985,,,,0,,,,,,0,0,0,0,0,,,,,,0,0,0,0,0,GEN-DR40
30545472,"2026-02-03 10:40:58","2026-02-03 10:40:58",AA0FF4,"United States","United States",N74773,,,,,,Mooney,M20P,"Mooney M.20B Mark 21",1773,,,,,,Private,,,,,,,0,,,,,,0,0,0,0,0,,,,,,0,0,0,0,0,GEN-M20P
30545429,"2026-02-03 10:40:37","2026-02-03 10:40:37",3D12DB,Germany,Germany,D-EFJV,,,,,,Reims/Cessna,C172,"Reims/Cessna F172",1937,,,,,,Private,,,1980,,,,0,,,,,,0,0,0,0,0,,,,,,0,0,0,0,0,GEN-C172
30545268,"2026-02-03 10:39:08","2026-02-03 10:39:08",A107E2,"United States","United States",N1659P,,,,,,Piper,PA22,"Piper PA-22 150 Tri-Pacer",22-3088,,,,,,Private,,,1955,,,,0,,,,,,0,0,0,0,0,,,,,,0,0,0,0,0,GEN-PA22
30545006,"2026-02-03 10:36:26","2026-02-03 10:36:26",4408D4,Austria,Austria,OE-IEF,,,,,,Airbus,A320,"Airbus A320 214",4758,,,,,,"Aigle Azur",,,2011,,,,0,,,,,,0,0,0,0,0,,,,,,0,0,0,0,0,AAF
30544189,"2026-02-03 10:27:34","2026-02-03 10:27:34",A028A0,"United States","United States",N1091B,,,,,,Mooney,M20P,"Mooney M.20A Mark 20",1317,,,,,,Private,,,1958,,,,0,,,,,,0,0,0,0,0,,,,,,0,0,0,0,0,GEN-M20P
65073,"2026-02-02 21:24:55","2026-02-03 10:18:28",43C453,"United Kingdom","United Kingdom",XX319,,,,A,,"Hawker Siddeley",HAWK,"Hawker Siddeley Hawk T.1A",41H-312144,,,,,,"Royal Air Force",,,1980,,,"S1: 2026-02-02 21:24:55
c/s: RAFAIR",0,,,https://cdn.jetphotos.com/full/5/49625_1641189901.jpg,https://cdn.jetphotos.com/full/5/81934_1638657810.jpg,https://cdn.jetphotos.com/full/5/86372_1634222553.jpg,1,0,0,0,0,"",,,M,M,0,0,11079,0,0,RFR-HAWKT1RA
30542021,"2026-02-03 10:03:26","2026-02-03 10:03:26",A9CEC1,"United States","United States",N731,,,,,,Boeing,ST75,"Boeing Stearman A75 PT-13A Kaydet",75-045,,,,,,Private,,,,,,,0,,,,,,0,0,0,0,0,,,,,,0,0,0,0,0,GEN-ST75
30542015,"2026-02-03 10:03:19","2026-02-03 10:03:19",C025C3,Canada,Canada,C-FOHU,,,,,,"Zénith",CH70,"Zénith Zenair STOL CH 701",7-1665,,,,,,Private,,,,,,,0,,,,,,0,0,0,0,0,,,,,,0,0,0,0,0,GEN-CH70
30541874,"2026-02-03 10:01:39","2026-02-03 10:01:39",AE05FA,"United States","United States",69-5833,,,,,,Lockheed,C130,"Lockheed HC-130N Hercules",4382,,,,,,"United States Air Force",,,1970,,,,0,,,,,,1,0,0,0,0,,,,,,0,0,0,0,0,
30541624,"2026-02-03 09:58:46","2026-02-03 09:58:46",AE20B5,"United States","United States",85-01607,,,,,,Fokker,F27,"Fokker F27 400M",10652,,,,,,"United States Army",,,1983,,,,0,,,,,,1,0,0,0,0,,,,,,0,0,0,0,0,
30541453,"2026-02-03 09:56:50","2026-02-03 09:56:50",A0F42B,"United States","United States",N1601B,,,,,,Cameron,BALL,"Cameron O-77 Hot Air Balloon",5926,,,,,,Private,,,1994,,,,0,,,,,,0,0,0,0,0,,,,,,0,0,0,0,0,GEN-BALL
30541330,"2026-02-03 09:55:38","2026-02-03 09:55:38",A5733E,"United States","United States",N450MQ,,,,,,Cessna,C560,"Cessna Citation Encore",560-0657,,,,,,"Red River Aircraft Leasing LLC",,,,,,,0,,,,,,0,0,0,0,0,,,,,,0,0,0,0,0,GEN-C560
30541179,"2026-02-03 09:53:57","2026-02-03 09:53:57",A2AF07,"United States","United States",N272MK,,,,,,"McDonnell Douglas Helicopters",H500,"McDonnell Douglas Helicopters 369 E",0256E,,,,,,"Kurdistan Regional Government",,,,,,,0,,,,,,0,0,0,0,0,,,,,,0,0,0,0,0,GEN-H500
30540370,"2026-02-03 09:44:26","2026-02-03 09:44:26",A95C40,"United States","United States",N702CT,,,,,,Douglas,DC93,"Douglas DC-9 34CF",47702,,,,,,Iberia,,,1976,,,,0,,,,,,0,0,0,0,0,,,,,,0,0,0,0,0,IBE
30540074,"2026-02-03 09:41:12","2026-02-03 09:41:12",A23A3D,"United States","United States",N2423Q,,,,,,Cessna,C182,"Cessna 182J Skylane",18257623,,,,,,Private,,,,,,,0,,,,,,0,0,0,0,0,,,,,,0,0,0,0,0,GEN-C182
30539420,"2026-02-03 09:33:17","2026-02-03 09:33:17",A4A0D4,"United States","United States",N398DH,,,,,,"Amateur Built",ULAC,"Amateur Built Thatcher CX4",6,,,,,,Private,,,2010,,,,0,,,,,,0,0,0,0,0,,,,,,0,0,0,0,0,GEN-ULAC
30539154,"2026-02-03 09:30:24","2026-02-03 09:30:24",AB1DA8,"United States","United States",N815TR,,,,,,"British Aerospace",H25B,"British Aerospace 125 700A",257104,,,,,,"Optimus Fuga Pactum Ltd",,,,,,,0,,,,,,0,0,0,0,0,,,,,,0,0,0,0,0,GEN-H25B
30537442,"2026-02-03 09:10:29","2026-02-03 09:10:29",A372A4,"United States","United States",N321GG,,,,,,Boeing,B735,"Boeing 737 5H6",26445,,,,,,"GoGo LLC",,,1992,,,,0,,,,,,0,0,0,0,0,,,,,,0,0,0,0,0,GEN-B735
30534509,"2026-02-03 08:36:36","2026-02-03 08:36:36",C06B35,Canada,Canada,C-GOPO,,,,,,Cessna,C182,"Cessna 182S Skylane",18280709,,,,,,Private,,,2000,,,,0,,,,,,0,0,0,0,0,,,,,,0,0,0,0,0,GEN-C182
30534186,"2026-02-03 08:32:59","2026-02-03 08:32:59",A3F305,"United States","United States",N3535M,,,,,,Cessna,C206,"Cessna 206H Stationair",20608161,,,,,,Private,,,2001,,,,0,,,,,,0,0,0,0,0,,,,,,0,0,0,0,0,GEN-C206
30533977,"2026-02-03 08:30:41","2026-02-03 08:30:41",AAE8D3,"United States","United States",N8016W,,,,,,Piper,P46T,"Piper PA-46-500TP M500",4697667,,,,,,"Sky Ferry Aircraft Delivery LLC",,,2019,,,,0,,,,,,0,0,0,0,0,,,,,,0,0,0,0,0,GEN-P46T
30532991,"2026-02-03 08:19:37","2026-02-03 08:19:37",3FDE31,Germany,Germany,D-OVOR,,,,,,"Raven Aerostar",BALL,"Raven Aerostar RX.8 Hot Air Balloon",RX8-3066,,,,,,Private,,,,,,,0,,,,,,0,0,0,0,0,,,,,,0,0,0,0,0,GEN-BALL
30532288,"2026-02-03 08:11:06","2026-02-03 08:11:06",A471A2,"United States","United States",N386AP,,,,,,"Diamond Aircraft",DA40,"Diamond Aircraft Diamond Star DA40 NG",40.N225,,,,,,Private,,,2014,,,,0,,,,,,0,0,0,0,0,,,,,,0,0,0,0,0,GEN-DA40
30531929,"2026-02-03 08:06:58","2026-02-03 08:06:58",A59309,"United States","United States",N4586L,,,,,,"Ultralight Soaring",ULAC,"Ultralight Soaring Wizard T38-BR503",66047,,,,,,Private,,,,,,,0,,,,,,0,0,0,0,0,,,,,,0,0,0,0,0,GEN-ULAC
30531885,"2026-02-03 08:06:31","2026-02-03 08:06:31",A95EBF,"United States","United States",N7023B,,,,,,"Thrush Aircraft",SS2T,"Thrush Aircraft Turbo Thrush S2R-T34",T34-329DC,,,,,,Private,,,2010,,,,0,,,,,,0,0,0,0,0,,,,,,0,0,0,0,0,GEN-SS2T
11102,"2021-11-08 16:26:52","2026-02-03 08:02:52",C87EE8,"New Zealand","New Zealand","",,,,"",,"",ZZZZ,"","",,,,,,"",,,,,,"",0,,,,,,0,0,0,0,0,Missing,,,"","",0,0,0,0,0,GEN-ZZZZ
766556,"2023-10-30 20:59:55","2026-02-03 08:02:52",43BF96,"United Kingdom","United Kingdom","",,,,"",,"",ZANT,"","",,,,,,"",,,,,,"",0,,,,,,0,0,0,0,0,Missing,,,"","",0,0,0,0,0,ZANT
30531540,"2026-02-03 08:02:26","2026-02-03 08:02:26",702031,Bangladesh,Bangladesh,S2-AEH,,,,,,"McDonnell Douglas",MD83,"McDonnell Douglas DC-9 83",49937,,,,,,"United Airways",,,1990,,,,0,,,,,,0,0,0,0,0,,,,,,0,0,0,0,0,GEN-MD83
30530665,"2026-02-03 07:51:29","2026-02-03 07:51:29",A98241,"United States","United States",N7111B,,,,,,Piper,P28A,"Piper PA-28 181 Archer III",2843902,,,,,,Private,,,2017,,,,0,,,,,,0,0,0,0,0,,,,,,0,0,0,0,0,GEN-P28A
30530421,"2026-02-03 07:48:36","2026-02-03 07:48:36",ACB373,"United States","United States",N9173F,,,,,,Hughes,H500,"Hughes 369 HS",34-0576S,,,,,,Private,,,1974,,,,0,,,,,,0,0,0,0,0,,,,,,0,0,0,0,0,GEN-H500
30530112,"2026-02-03 07:45:18","2026-02-03 07:45:18",A70005,"United States","United States",N550GD,,,,,,"Gulfstream Aerospace",GLF5,"Gulfstream Aerospace G550",5574,,,,,,"Beauty Central LLC",,,2017,,,,0,,,,,,0,0,0,0,0,,,,,,0,0,0,0,0,GEN-GLF5
30530113,"2026-02-03 07:45:18","2026-02-03 07:45:18",402E78,"United Kingdom","United Kingdom",G-OUVI,,,,,,Cameron,BALL,"Cameron O-105 Hot Air Balloon",1766,,,,,,Private,,,1989,,,,0,,,,,,0,0,0,0,0,,,,,,0,0,0,0,0,GEN-BALL
30529188,"2026-02-03 07:34:00","2026-02-03 07:34:00",A5C7B3,"United States","United States",N47138,,,,,,Boland,BALL,"Boland Hot Air Balloon Spirit oF Lake Garda",6,,,,,,Private,,,1977,,,,0,,,,,,0,0,0,0,0,,,,,,0,0,0,0,0,GEN-BALL
30527661,"2026-02-03 07:16:35","2026-02-03 07:16:35",A712C2,"United States","United States",N555HW,,,,,,Bede,BD5,"Bede BD-5",5405170,,,,,,Private,,,1972,,,,0,,,,,,0,0,0,0,0,,,,,,0,0,0,0,0,GEN-BD5
30527647,"2026-02-03 07:16:24","2026-02-03 07:16:24",A73916,"United States","United States",N5647C,,,,,,Beech,BE58,"Beech Baron 58",TH-1574,,,,,,Private,,,1989,,,,0,,,,,,0,0,0,0,0,,,,,,0,0,0,0,0,GEN-BE58
30527588,"2026-02-03 07:15:44","2026-02-03 07:15:44",3D9FA3,Germany,Germany,D-GGRZ,,,,,,Piper,PA34,"Piper PA-34 200T Seneca II",34-7770373,,,,,,Private,,,,,,,0,,,,,,0,0,0,0,0,,,,,,0,0,0,0,0,GEN-PA34
30527374,"2026-02-03 07:13:06","2026-02-03 07:13:06",A0B14C,"United States","United States",N1438G,,,,,,Beech,BE35,"Beech Bonanza P35",D-6915,,,,,,Private,,,1962,,,,0,,,,,,0,0,0,0,0,,,,,,0,0,0,0,0,GEN-BE35
30527163,"2026-02-03 07:10:37","2026-02-03 07:10:37",44B9C1,Belgium,Belgium,OO-NNA,,,,,,SOCATA,RALL,"SOCATA Rallye MS.893A Commodore 180",10604,,,,,,Private,,,1966,,,,0,,,,,,0,0,0,0,0,,,,,,0,0,0,0,0,GEN-RALL
30523863,"2026-02-03 06:31:01","2026-02-03 06:31:01",AD4AEC,"United States","United States",N95596,,,,,,Taylorcraft,TAYB,"Taylorcraft BC-12D",7896,,,,,,Private,,,1946,,,,0,,,,,,0,0,0,0,0,,,,,,0,0,0,0,0,GEN-TAYB
30523679,"2026-02-03 06:28:42","2026-02-03 06:28:42",C092A5,Canada,Canada,C-IDNW,,,,,,"Ultralight Flight",ULAC,"Ultralight Flight Mirage",192001,,,,,,Private,,,,,,,0,,,,,,0,0,0,0,0,,,,,,0,0,0,0,0,GEN-ULAC
30523648,"2026-02-03 06:28:26","2026-02-03 06:28:26",ACDE42,"United States","United States",N9280H,,,,,,Stinson,RELI,"Stinson Reliant V-77",77-104,,,,,,Private,,,1943,,,,0,,,,,,0,0,0,0,0,,,,,,0,0,0,0,0,GEN-RELI
30523521,"2026-02-03 06:26:51","2026-02-03 06:26:51",4C1C83,Serbia,Serbia,YU-HED,,,,,,Westland/Aerospatiale,GAZL,"Westland/Aerospatiale Gazelle SA.341 L",1847,,,,,,Private,,,,,,,0,,,,,,0,0,0,0,0,,,,,,0,0,0,0,0,GEN-GAZL
30522454,"2026-02-03 06:14:36","2026-02-03 06:14:36",AAEBA3,"United States","United States",N8020,,,,,,Aerotek,PTS1,"Aerotek Pitts Special S-1S",1-0013,,,,,,Private,,,1974,,,,0,,,,,,0,0,0,0,0,,,,,,0,0,0,0,0,GEN-PTS1
30522086,"2026-02-03 06:10:05","2026-02-03 06:10:05",71C990,"South Korea","South Korea",HL9190,,,,,,Bell,B06,"Bell 206L Long Ranger III",51143,,,,,,Private,,,,,,,0,,,,,,0,0,0,0,0,,,,,,0,0,0,0,0,GEN-B06
30520886,"2026-02-03 05:55:54","2026-02-03 05:55:54",3414C8,Spain,Spain,EC-HQI,,,,,,Airbus,A320,"Airbus A320 214",1396,,,,,,"Vueling Airlines",,,2000,,,,0,,,,,,0,0,0,0,0,,,,,,0,0,0,0,0,VLG
30517196,"2026-02-03 05:10:38","2026-02-03 05:10:38",43E7E7,"Isle of Man","Isle of Man",M-USTG,,,,,,Cessna,C510,"Cessna Citation Mustang",510-0089,,,,,,"OSM Aviation",,,2008,,,,0,,,,,,0,0,0,0,0,,,,,,0,0,0,0,0,GEN-C510
30516291,"2026-02-03 04:58:09","2026-02-03 04:58:09",AC16A8,"United States","United States",N87816,,,,,,Piper,J3,"Piper J-3 C Cub",15187,,,,,,Private,,,1946,,,,0,,,,,,0,0,0,0,0,,,,,,0,0,0,0,0,GEN-J3
30516066,"2026-02-03 04:55:28","2026-02-03 04:55:28",40256C,"United Kingdom","United Kingdom",G-MJHC,,,,,,"Southdown Sailwings",ULAC,"Southdown Sailwings Lightning Tri-Pacer",82-00044,,,,,,Private,,,,,,,0,,,,,,0,0,0,0,0,,,,,,0,0,0,0,0,GEN-ULAC
30515043,"2026-02-03 04:42:47","2026-02-03 04:42:47",A7EB17,"United States","United States",N6090S,,,,,,Beech,BE36,"Beech Bonanza A36",E-786,,,,,,Private,,,,,,,0,,,,,,0,0,0,0,0,,,,,,0,0,0,0,0,GEN-BE36
30514654,"2026-02-03 04:37:54","2026-02-03 04:37:54",ADDCC9,"United States","United States",N99221,,,,,,ERCO,ERCO,"Ercoupe 415-C",1844,,,,,,Private,,,1946,,,,0,,,,,,0,0,0,0,0,,,,,,0,0,0,0,0,GEN-ERCO
30514527,"2026-02-03 04:36:27","2026-02-03 04:36:27",896375,"United Arab Emirates","United Arab Emirates",A6-ABM,,,,,,Airbus,A320,"Airbus A320 214",3246,,,,,,"Air Arabia",,,2007,,,,0,,,,,,0,0,0,0,0,,,,,,0,0,0,0,0,ABY
30513924,"2026-02-03 04:28:17","2026-02-03 04:28:17",A58304,"United States","United States",N454WZ,,,,,,Denney,FOX,"Denney Kitfox Mk.IV",C9605-0162,,,,,,Private,,,,,,,0,,,,,,0,0,0,0,0,,,,,,0,0,0,0,0,GEN-FOX
30512952,"2026-02-03 04:15:24","2026-02-03 04:15:24",AB4A62,"United States","United States",N8266U,,,,,,"Light Aero",AVID,"Light Aero Avid Flyer Mk.IV",1269D,,,,,,Private,,,2003,,,,0,,,,,,0,0,0,0,0,,,,,,0,0,0,0,0,GEN-AVID
30511555,"2026-02-03 03:57:12","2026-02-03 03:57:12",440AE4,Austria,Austria,OE-FMA,,,,,,"Diamond Aircraft",DA62,"Diamond Aircraft DA62",62.045,,,,,,"Monsson Alma Srl",,,2016,,,,0,,,,,,0,0,0,0,0,,,,,,0,0,0,0,0,GEN-DA62
30508737,"2026-02-03 03:20:04","2026-02-03 03:20:04",461A7B,Finland,Finland,OH-KAT,,,,,,"Diamond Aircraft",DV20,"Diamond Aircraft Katana DA20-C1",C0096,,,,,,Private,,,1999,,,,0,,,,,,0,0,0,0,0,,,,,,0,0,0,0,0,GEN-DV20
30508421,"2026-02-03 03:15:41","2026-02-03 03:15:41",AA7F35,"United States","United States",N7759H,,,,,,Piper,PA12,"Piper PA-12 Super Cruiser",12-656,,,,,,Private,,,1946,,,,0,,,,,,0,0,0,0,0,,,,,,0,0,0,0,0,GEN-PA12
30508387,"2026-02-03 03:15:09","2026-02-03 03:15:09",A1A027,"United States","United States",N20342,,,,,,Vans,RV7,"Vans RV-7 A",70204,,,,,,Private,,,2003,,,,0,,,,,,0,0,0,0,0,,,,,,0,0,0,0,0,GEN-RV7
30507388,"2026-02-03 03:01:17","2026-02-03 03:01:17",AB1BD2,"United States","United States",N8149G,,,,,,Cessna,C210,"Cessna 210K Centurion",21059449,,,,,,Private,,,1971,,,,0,,,,,,0,0,0,0,0,,,,,,0,0,0,0,0,GEN-C210
30506214,"2026-02-03 02:46:06","2026-02-03 02:46:06",A0CF61,"United States","United States",N151RD,,,,,,Schempp-Hirth,GLID,"Schempp-Hirth Mini-Nimbus",48,,,,,,Private,,,1978,,,,0,,,,,,0,0,0,0,0,,,,,,0,0,0,0,0,GEN-GLID
30506104,"2026-02-03 02:44:38","2026-02-03 02:44:38",A9E679,"United States","United States",N737QQ,,,,,,Cessna,C172,"Cessna 172N Skyhawk",17269595,,,,,,Private,,,1977,,,,0,,,,,,0,0,0,0,0,,,,,,0,0,0,0,0,GEN-C172
30505892,"2026-02-03 02:41:39","2026-02-03 02:41:39",A75FF4,"United States","United States",N5742S,,,,,,Schweizer,GLID,"Schweizer SGS 2-33 TG-4A",84,,,,,,Private,,,1968,,,,0,,,,,,0,0,0,0,0,,,,,,0,0,0,0,0,GEN-GLID
30504674,"2026-02-03 02:26:29","2026-02-03 02:26:29",A41A80,"United States","United States",N3635H,,,,,,ERCO,ERCO,"Ercoupe 415-C",4260,,,,,,Private,,,1946,,,,0,,,,,,0,0,0,0,0,,,,,,0,0,0,0,0,GEN-ERCO
30504614,"2026-02-03 02:25:49","2026-02-03 02:25:49",A2DAA4,"United States","United States",N283RN,,,,,,Boeing,H47,"Boeing CH-47F Chinook",M2405,,,,,,"Boeing Company",,,2018,,,,0,,,,,,0,0,0,0,0,,,,,,0,0,0,0,0,BOE
30502943,"2026-02-03 02:03:46","2026-02-03 02:03:46",A0E999,"United States","United States",N158TJ,,,,,,Piper,PAY3,"Piper PA-42 Cheyenne III",42-8001057,,,,,,"Northeast Skywagon LLC",,,1981,,,,0,,,,,,0,0,0,0,0,,,,,,0,0,0,0,0,GEN-PAY3
30502798,"2026-02-03 02:01:38","2026-02-03 02:01:38",A06765,"United States","United States",N125MN,,,,,,"McDonnell Douglas",MD83,"McDonnell Douglas DC-9 83",53125,,,,,,"Everts Air Cargo",,,1992,,,,0,,,,,,0,0,0,0,0,,,,,,0,0,0,0,0,GEN-MD83
30500498,"2026-02-03 01:31:43","2026-02-03 01:31:43",3DD720,Germany,Germany,D-HBSI,,,,,,MBB,B105,"MBB Bo.105 S",S-9,,,,,,"German Police",,,1971,,,,0,,,"","","",0,0,0,0,0,,,,,,0,0,0,0,0,GEN-B105
30500106,"2026-02-03 01:26:14","2026-02-03 01:26:14",ADDB2F,"United States","United States",N992ML,,,,,,"Textron Aviation",C25B,"Textron Aviation Citation CJ3",525B0607,,,,,,"Crain Properties LLC",,,2019,,,,0,,,,,,0,0,0,0,0,,,,,,0,0,0,0,0,GEN-C25B
30499920,"2026-02-03 01:23:41","2026-02-03 01:23:41",A30404,"United States","United States",N2937Z,,,,,,Piper,PA22,"Piper PA-22 150 Tri-Pacer",22-6909,,,,,,Private,,,,,,,0,,,,,,0,0,0,0,0,,,,,,0,0,0,0,0,GEN-PA22
30499711,"2026-02-03 01:20:30","2026-02-03 01:20:30",44BA6D,Belgium,Belgium,OO-NSM,,,,,,Eurocopter,EC45,"Eurocopter MBB-BK 117 C-2 (EC145)",9426,,,,,,"Noordzee Helikopters Vlaanderen",,,2011,,,,0,,,,,,0,0,0,0,0,,,,,,0,0,0,0,0,NHX
30499429,"2026-02-03 01:17:08","2026-02-03 01:17:08",A16011,"United States","United States",N188TD,,,,,,"General Motors",TBM,"General Motors TBM-3E Avenger",3584,,,,,,Private,,,,,,,0,,,,,,0,0,0,0,0,,,,,,0,0,0,0,0,GEN-TBM
30498350,"2026-02-03 01:02:48","2026-02-03 01:02:48",A20D84,"United States","United States",N231PH,,,,,,Bell,B06,"Bell 206L Long Ranger III",51540,,,,,,"PHI Inc",,,1991,,,,0,,,,,,0,0,0,0,0,,,,,,0,0,0,0,0,PHM
30498283,"2026-02-03 01:01:47","2026-02-03 01:01:47",A81D24,"United States","United States",N6216F,,,,,,Cessna,C337,"Cessna 337 Super Skymaster",33700216,,,,,,Private,,,1965,,,,0,,,,,,0,0,0,0,0,,,,,,0,0,0,0,0,GEN-C337
30498131,"2026-02-03 00:59:54","2026-02-03 00:59:54",A5EF95,"United States","United States",N48162,,,,,,Taylorcraft,TAYD,"Taylorcraft DCO-65",5933,,,,,,Private,,,1944,,,,0,,,,,,0,0,0,0,0,,,,,,0,0,0,0,0,GEN-TAYD
30497845,"2026-02-03 00:56:09","2026-02-03 00:56:09",750047,Malaysia,Malaysia,9M-MQI,,,,,,Boeing,B734,"Boeing 737 4H6",27353,,,,,,"Malaysia Airlines",,,1994,,,,0,,,,,,0,0,0,0,0,,,,,,0,0,0,0,0,GEN-B734
30497332,"2026-02-03 00:51:58","2026-02-03 00:51:58",E48867,Brazil,Brazil,PR-AYS,,,,,,Embraer,E190,"Embraer EMB-195 AR",19000419,,,,,,"Azul Linhas Aereas Brasileiras",,,2011,,,,0,,,,,,0,0,0,0,0,,,,,,0,0,0,0,0,GEN-E190
30176,"2026-02-03 00:51:08","2026-02-03 00:51:08",3FA16A,Germany,Germany,60+0?,,,,,,,P3,"",,,,,,,"German Navy",,,,,,"JT: 2026-02-03 00:50:38",0,,,,,,1,0,0,0,0,,,,,,0,0,0,0,0,GNY-P3
30441,"2026-02-03 00:51:08","2026-02-03 00:51:08",3E8254,Germany,Germany,8?+??,,,,,,,H53,"Sikorsky CH-53GA Stallion",,,,,,,"German Air Force",,,,,,"JT: 2026-02-03 00:50:38",0,,,,,,1,0,0,0,0,,,,,,0,0,0,0,0,GAF-H53
669636,"2026-02-03 00:51:08","2026-02-03 00:51:08",3EBAF8,Germany,Germany,3?+??,,,,,,Eurofighter,EUFI,"Eurofighter Typhoon EF2000",,,,,,,"German Air Force",,,,,,"JT: 2026-02-03 00:50:38",0,,,,,,1,0,0,0,0,,,,,,0,0,0,0,0,GAF-EUFI
1058894,"2026-02-03 00:51:08","2026-02-03 00:51:08",3F9DA8,Germany,Germany,63+02,,,,,,Panavia,P8,"",,,,,,,"German Navy",,,,,,"JT: 2026-02-03 00:50:38",0,,,,,,1,0,0,0,0,,,,,,0,0,0,0,0,GNY-P8
2528026,"2026-02-03 00:51:08","2026-02-03 00:51:08",3F9A7F,Germany,Germany,74+??,,,,,,PANAVIA,TIGR,"Eurocopter EC.665 Tiger",,,,,,,"German Army",,,,,,"JT: 2026-02-03 00:50:38",0,,,,,,1,0,0,0,0,,,,,,0,0,0,0,0,GAM-TIGR
28244885,"2026-02-03 00:51:08","2026-02-03 00:51:08",3F45D6,Germany,Germany,75+56,,,,,,,EC45,"Airbus Helicopters H-145M",,,,,,,"German Army",,,,,,"JT: 2026-02-03 00:50:38",0,,,,,,1,0,0,0,0,,,,,,0,0,0,0,0,GAM-EC45
28245526,"2026-02-03 00:51:08","2026-02-03 00:51:08",3E87D5,Germany,Germany,78+18,,,,,,,NH90,"NHIndustries NH90-TTH",,,,,,,"German Army",,,,,,"JT: 2026-02-03 00:50:38",0,,,,,,1,0,0,0,0,,,,,,0,0,0,0,0,GAM-NH90
28246666,"2026-02-03 00:51:08","2026-02-03 00:51:08",3EB313,Germany,Germany,3?+??,,,,,,,EUFI,"Eurofighter Typhoon EF2000",,,,,,,"German Air Force",,,,,,"JT: 2026-02-03 00:50:38",0,,,,,,1,0,0,0,0,,,,,,0,0,0,0,0,GAF-EUFI
28248939,"2026-02-03 00:51:08","2026-02-03 00:51:08",3F4915,Germany,Germany,30+75,,,,,,,EUFI,"Eurofighter Typhoon EF2000",,,,,,,"German Air Force",,,,,,"JT: 2026-02-03 00:50:38",0,,,,,,1,0,0,0,0,,,,,,0,0,0,0,0,GAF-EUFI
28250640,"2026-02-03 00:51:08","2026-02-03 00:51:08",3F7361,Germany,Germany,30+20,,,,,,,EUFI,"Eurofighter Typhoon EF2000",,,,,,,"German Air Force",,,,,,"JT: 2026-02-03 00:50:38",0,,,,,,1,0,0,0,0,,,,,,0,0,0,0,0,GAF-EUFI
28270191,"2026-02-03 00:51:08","2026-02-03 00:51:08",3F6C42,Germany,Germany,78+23,,,,,,,NH90,"NHIndustries NH90-TTH",,,,,,,"German Army",,,,,,"JT: 2026-02-03 00:50:38",0,,,,,,1,0,0,0,0,,,,,,0,0,0,0,0,GAM-NH90
28271043,"2026-02-03 00:51:08","2026-02-03 00:51:08",3F7C94,Germany,Germany,75+02,,,,,,,EC45,"Airbus Helicopters H-145M",,,,,,,"German Army",,,,,,"JT: 2026-02-03 00:50:38",0,,,,,,1,0,0,0,0,,,,,,0,0,0,0,0,GAM-EC45
28271573,"2026-02-03 00:51:08","2026-02-03 00:51:08",3EB91D,Germany,Germany,31+32,,,,,,,EUFI,"Eurofighter Typhoon EF2000",,,,,,,"German Air Force",,,,,,"JT: 2026-02-03 00:50:38",0,,,,,,1,0,0,0,0,,,,,,0,0,0,0,0,GAF-EUFI
28283218,"2026-02-03 00:51:08","2026-02-03 00:51:08",3E999B,Germany,Germany,77+03,,,,,,,EC45,"Airbus Helicopters H-145M",,,,,,,"German Army",,,,,,"JT: 2026-02-03 00:50:38",0,,,,,,1,0,0,0,0,,,,,,0,0,0,0,0,GAM-EC45
28374395,"2026-02-03 00:51:08","2026-02-03 00:51:08",3FAD8A,Germany,Germany,31+27,,,,,,,EUFI,"Eurofighter Typhoon EF2000",,,,,,,"German Air Force",,,,,,"JT: 2026-02-03 00:50:38",0,,,,,,1,0,0,0,0,,,,,,0,0,0,0,0,GAF-EUFI
28393228,"2026-02-03 00:51:08","2026-02-03 00:51:08",3F552C,Germany,Germany,83+??,,,,,,,LYNX,"Westland Lynx Mk.88A",,,,,,,"German Navy",,,,,,"JT: 2026-02-03 00:50:38",0,,,,,,1,0,0,0,0,,,,,,0,0,0,0,0,GNY-LYNX
28736323,"2026-02-03 00:51:08","2026-02-03 00:51:08",3F9298,Germany,Germany,74+??,,,,,,,TIGR,"Eurocopter EC.665 Tiger",,,,,,,"German Army",,,,,,"JT: 2026-02-03 00:50:38",0,,,,,,1,0,0,0,0,,,,,,0,0,0,0,0,GAM-TIGR
28777786,"2026-02-03 00:51:08","2026-02-03 00:51:08",3F49A0,Germany,Germany,30+95,,,,,,,EUFI,"Eurofighter Typhoon EF2000",,,,,,,"German Air Force",,,,,,"JT: 2026-02-03 00:50:38",0,,,,,,1,0,0,0,0,,,,,,0,0,0,0,0,GAF-EUFI
28846572,"2026-02-03 00:51:08","2026-02-03 00:51:08",3F5994,Germany,Germany,30+17,,,,,,,EUFI,"Eurofighter Typhoon EF2000",,,,,,,"German Air Force",,,,,,"JT: 2026-02-03 00:50:38",0,,,,,,1,0,0,0,0,,,,,,0,0,0,0,0,GAF-EUFI
28862014,"2026-02-03 00:51:08","2026-02-03 00:51:08",3EA0D3,Germany,Germany,7?+??,,,,,,,NH90,"NHIndustries NH90-NTH",,,,,,,"German Navy",,,,,,"JT: 2026-02-03 00:50:38",0,,,,,,1,0,0,0,0,,,,,,0,0,0,0,0,GNY-NH90
28957878,"2026-02-03 00:51:08","2026-02-03 00:51:08",3F7171,Germany,Germany,30+22,,,,,,,EUFI,"Eurofighter Typhoon EF2000",,,,,,,"German Air Force",,,,,,"JT: 2026-02-03 00:50:38",0,,,,,,1,0,0,0,0,,,,,,0,0,0,0,0,GAF-EUFI
28975517,"2026-02-03 00:51:08","2026-02-03 00:51:08",3F9847,Germany,Germany,79+44,,,,,,,NH90,"NHIndustries NH90-TTH",,,,,,,"German Army",,,,,,"JT: 2026-02-03 00:50:38",0,,,,,,1,0,0,0,0,,,,,,0,0,0,0,0,GAM-NH90
29108829,"2026-02-03 00:51:08","2026-02-03 00:51:08",3E921C,Germany,Germany,3?+??,,,,,,,EUFI,"Eurofighter Typhoon EF2000",,,,,,,"German Air Force",,,,,,"JT: 2026-02-03 00:50:38",0,,,,,,1,0,0,0,0,,,,,,0,0,0,0,0,GAF-EUFI
29487828,"2026-02-03 00:51:08","2026-02-03 00:51:08",3E984D,Germany,Germany,3?+??,,,,,,,EUFI,"Eurofighter Typhoon EF2000",,,,,,,"German Air Force",,,,,,"JT: 2026-02-03 00:50:38",0,,,,,,1,0,0,0,0,,,,,,0,0,0,0,0,GAF-EUFI
29487942,"2026-02-03 00:51:08","2026-02-03 00:51:08",3F5557,Germany,Germany,3?+??,,,,,,,EUFI,"Eurofighter Typhoon EF2000",,,,,,,"German Air Force",,,,,,"JT: 2026-02-03 00:50:38",0,,,,,,1,0,0,0,0,,,,,,0,0,0,0,0,GAF-EUFI
29488191,"2026-02-03 00:51:08","2026-02-03 00:51:08",3EB698,Germany,Germany,31+40,,,,,,,EUFI,"Eurofighter Typhoon EF2000",,,,,,,"German Air Force",,,,,,"JT: 2026-02-03 00:50:38",0,,,,,,1,0,0,0,0,,,,,,0,0,0,0,0,GAF-EUFI
29488208,"2026-02-03 00:51:08","2026-02-03 00:51:08",3E9021,Germany,Germany,4?+??,,,,,,,TOR,"Panavia Tornado",,,,,,,"German Air Force",,,,,,"JT: 2026-02-03 00:50:38",0,,,,,,1,0,0,0,0,,,,,,0,0,0,0,0,GAF-TOR
29488267,"2026-02-03 00:51:08","2026-02-03 00:51:08",3F671F,Germany,Germany,4?+??,,,,,,,TOR,"Panavia Tornado",,,,,,,"German Air Force",,,,,,"JT: 2026-02-03 00:50:38",0,,,,,,1,0,0,0,0,,,,,,0,0,0,0,0,GAF-TOR
29488346,"2026-02-03 00:51:08","2026-02-03 00:51:08",3FBE5C,Germany,Germany,45+85,,,,,,,TOR,"Panavia Tornado",,,,,,,"German Air Force",,,,,,"JT: 2026-02-03 00:50:38",0,,,,,,1,0,0,0,0,,,,,,0,0,0,0,0,GAF-TOR
29488646,"2026-02-03 00:51:08","2026-02-03 00:51:08",3E9155,Germany,Germany,76+??,,,,,,,EC45,"Airbus Helicopters H-145M",,,,,,,"German Army",,,,,,"JT: 2026-02-03 00:50:38",0,,,,,,1,0,0,0,0,,,,,,0,0,0,0,0,GAM-EC45
29488675,"2026-02-03 00:51:08","2026-02-03 00:51:08",3EB739,Germany,Germany,76+??,,,,,,,EC45,"Airbus Helicopters H-145M",,,,,,,"German Army",,,,,,"JT: 2026-02-03 00:50:38",0,,,,,,1,0,0,0,0,,,,,,0,0,0,0,0,GAM-EC45
29488706,"2026-02-03 00:51:08","2026-02-03 00:51:08",3F5E6C,Germany,Germany,76+??,,,,,,,EC45,"Airbus Helicopters H-145M",,,,,,,"German Army",,,,,,"JT: 2026-02-03 00:50:38",0,,,,,,1,0,0,0,0,,,,,,0,0,0,0,0,GAM-EC45
29488830,"2026-02-03 00:51:08","2026-02-03 00:51:08",3E8A0F,Germany,Germany,77+06,,,,,,,EC45,"Airbus Helicopters H-145M",,,,,,,"German Army",,,,,,"JT: 2026-02-03 00:50:38",0,,,,,,1,0,0,0,0,,,,,,0,0,0,0,0,GAM-EC45
29488845,"2026-02-03 00:51:08","2026-02-03 00:51:08",3E870E,Germany,Germany,7?+??,,,,,,,NH90,"NHIndustries NH90-TTH",,,,,,,"German Army",,,,,,"JT: 2026-02-03 00:50:38",0,,,,,,1,0,0,0,0,,,,,,0,0,0,0,0,GAM-NH90
29488898,"2026-02-03 00:51:08","2026-02-03 00:51:08",3EA579,Germany,Germany,7?+??,,,,,,,NH90,"NHIndustries NH90-TTH",,,,,,,"German Army",,,,,,"JT: 2026-02-03 00:50:38",0,,,,,,1,0,0,0,0,,,,,,0,0,0,0,0,GAM-NH90
29489108,"2026-02-03 00:51:08","2026-02-03 00:51:08",3FA02A,Germany,Germany,7?+??,,,,,,,NH90,"NHIndustries NH90-TTH",,,,,,,"German Army",,,,,,"JT: 2026-02-03 00:50:38",0,,,,,,1,0,0,0,0,,,,,,0,0,0,0,0,GAM-NH90
29489174,"2026-02-03 00:51:08","2026-02-03 00:51:08",3F8F14,Germany,Germany,78+17,,,,,,,NH90,"NHIndustries NH90-TTH",,,,,,,"German Army",,,,,,"JT: 2026-02-03 00:50:38",0,,,"","","",1,0,0,0,0,,,,,,0,0,0,0,0,GAM-NH90
29489182,"2026-02-03 00:51:08","2026-02-03 00:51:08",3FAD1D,Germany,Germany,78+37,,,,,,,NH90,"NHIndustries NH90-TTH",,,,,,,"German Army",,,,,,"JT: 2026-02-03 00:50:38",0,,,,,,1,0,0,0,0,,,,,,0,0,0,0,0,GAM-NH90
29489286,"2026-02-03 00:51:08","2026-02-03 00:51:08",3E9690,Germany,Germany,83+??,,,,,,,LYNX,"Westland Lynx Mk.88A",,,,,,,"German Navy",,,,,,"JT: 2026-02-03 00:50:38",0,,,,,,1,0,0,0,0,,,,,,0,0,0,0,0,GNY-LYNX
29489320,"2026-02-03 00:51:08","2026-02-03 00:51:08",3EB990,Germany,Germany,83+??,,,,,,,LYNX,"Westland Lynx Mk.88A",,,,,,,"German Navy",,,,,,"JT: 2026-02-03 00:50:38",0,,,,,,1,0,0,0,0,,,,,,0,0,0,0,0,GNY-LYNX
29489377,"2026-02-03 00:51:08","2026-02-03 00:51:08",3F79BB,Germany,Germany,83+??,,,,,,,LYNX,"Westland Lynx Mk.88A",,,,,,,"German Navy",,,,,,"JT: 2026-02-03 00:50:38",0,,,,,,1,0,0,0,0,,,,,,0,0,0,0,0,GNY-LYNX
29489400,"2026-02-03 00:51:08","2026-02-03 00:51:08",3FA242,Germany,Germany,83+??,,,,,,,LYNX,"Westland Lynx Mk.88A",,,,,,,"German Navy",,,,,,"JT: 2026-02-03 00:50:38",0,,,,,,1,0,0,0,0,,,,,,0,0,0,0,0,GNY-LYNX
29489480,"2026-02-03 00:51:08","2026-02-03 00:51:08",3E8FD3,Germany,Germany,8?+??,,,,,,,H53,"Sikorsky CH-53GA Stallion",,,,,,,"German Air Force",,,,,,"JT: 2026-02-03 00:50:38",0,,,,,,1,0,0,0,0,,,,,,0,0,0,0,0,GAF-H53
29558953,"2026-02-03 00:51:08","2026-02-03 00:51:08",3F8777,Germany,Germany,8?+??,,,,,,,H53,"Sikorsky CH-53GA Stallion",,,,,,,"German Air Force",,,,,,"JT: 2026-02-03 00:50:38",0,,,,,,1,0,0,0,0,,,,,,0,0,0,0,0,GAF-H53
29579260,"2026-02-03 00:51:08","2026-02-03 00:51:08",3EAFAA,Germany,Germany,8?+??,,,,,,,H53,"Sikorsky CH-53GA Stallion",,,,,,,"German Air Force",,,,,,"JT: 2026-02-03 00:50:38",0,,,,,,1,0,0,0,0,,,,,,0,0,0,0,0,GAF-H53
29697543,"2026-02-03 00:51:08","2026-02-03 00:51:08",3F4348,Germany,Germany,76+??,,,,,,,EC45,"Airbus Helicopters H-145M",,,,,,,"German Army",,,,,,"JT: 2026-02-03 00:50:38",0,,,,,,1,0,0,0,0,,,,,,0,0,0,0,0,GAM-EC45
29700103,"2026-02-03 00:51:08","2026-02-03 00:51:08",3F5DBD,Germany,Germany,74+??,,,,,,,TIGR,"Eurocopter EC.665 Tiger",,,,,,,"German Army",,,,,,"JT: 2026-02-03 00:50:38",0,,,,,,1,0,0,0,0,,,,,,0,0,0,0,0,GAM-TIGR
29700595,"2026-02-03 00:51:08","2026-02-03 00:51:08",3F4C73,Germany,Germany,83+??,,,,,,,LYNX,"Westland Lynx Mk.88A",,,,,,,"German Navy",,,,,,"JT: 2026-02-03 00:50:38",0,,,,,,1,0,0,0,0,,,,,,0,0,0,0,0,GNY-LYNX
29706920,"2026-02-03 00:51:08","2026-02-03 00:51:08",3EAD1B,Germany,Germany,31+36,,,,,,,EUFI,"Eurofighter Typhoon EF2000",,,,,,,"German Air Force",,,,,,"JT: 2026-02-03 00:50:38",0,,,,,,1,0,0,0,0,,,,,,0,0,0,0,0,GAF-EUFI
29924269,"2026-02-03 00:51:08","2026-02-03 00:51:08",3F61CC,Germany,Germany,8?+??,,,,,,,H53,"Sikorsky CH-53GA Stallion",,,,,,,"German Air Force",,,,,,"JT: 2026-02-03 00:50:38",0,,,,,,1,0,0,0,0,,,,,,0,0,0,0,0,GAF-H53
30496434,"2026-02-03 00:39:31","2026-02-03 00:39:31",AB5F9B,"United States","United States",N83181,,,,,,Bell,B06,"Bell 206B Jet Ranger II",1095,,,,,,"Hummingbirds Inc",,,1973,,,,0,,,,,,0,0,0,0,0,,,,,,0,0,0,0,0,GEN-B06
30495091,"2026-02-03 00:20:29","2026-02-03 00:20:29",A5D4C0,"United States","United States",N475M,,,,,,"Gulfstream Aerospace",GLF4,"Gulfstream Aerospace G450",4067,,,,,,"Cloudscape Inc",,,2006,,,,0,,,,,,0,0,0,0,0,,,,,,0,0,0,0,0,GEN-GLF4
30494574,"2026-02-03 00:13:17","2026-02-03 00:13:17",A085F4,"United States","United States",N1327H,,,,,,Aeronca,AR15,"Aeronca Sedan 15AC",15AC-362,,,,,,Private,,,1949,,,,0,,,,,,0,0,0,0,0,,,,,,0,0,0,0,0,GEN-AR15
30494073,"2026-02-03 00:06:16","2026-02-03 00:06:16",A55FFD,"United States","United States",N4453M,,,,,,"Amateur Built",BALL,"Amateur Built Hot Air Balloon",A1,,,,,,Private,,,1983,,,,0,,,,,,0,0,0,0,0,,,,,,0,0,0,0,0,GEN-BALL
30493906,"2026-02-03 00:03:56","2026-02-03 00:03:56",3832BB,France,France,F-CGRD,,,,,,Glaser-Dirks,DG40,"Glaser-Dirks DG-400",4-203,,,,,,Private,,,,,,,0,,,,,,0,0,0,0,0,,,,,,0,0,0,0,0,GEN-DG40
30493761,"2026-02-03 00:01:43","2026-02-03 00:01:43",3F037D,Germany,Germany,D-8934,,,,,,Rolladen-Schneider,GLID,"Rolladen-Schneider LS1 f",417,,,,,,Private,,,1975,,,,0,,,,,,0,0,0,0,0,,,,,,0,0,0,0,0,GEN-GLID
