AircraftID,FirstCreated,LastModified,ModeS,ModeSCountry,Country,Registration,CurrentRegDate,PreviousID,FirstRegDate,Status,DeRegDate,Manufacturer,ICAOTypeCode,Type,SerialNo,PopularName,GenericName,AircraftClass,Engines,OwnershipStatus,RegisteredOwners,MTOW,TotalHours,YearBuilt,CofACategory,CofAExpiry,UserNotes,Interested,UserTag,InfoURL,PictureURL1,PictureURL2,PictureURL3,UserBool1,UserBool2,UserBool3,UserBool4,UserBool5,UserString1,UserString2,UserString3,UserString4,UserString5,UserInt1,UserInt2,UserInt3,UserInt4,UserInt5,OperatorFlagCode
31062430,"2026-02-07 23:44:24","2026-02-07 23:44:24",A682A7,"United States","United States",N5188R,,,,,,Cessna,C172,"Cessna 172M Skyhawk",17263405,,,,,,Private,,,,,,,0,,,,,,0,0,0,0,0,,,,,,0,0,0,0,0,GEN-C172
31061593,"2026-02-07 23:33:01","2026-02-07 23:33:01",398F00,France,France,F-HDYA,,,,,,Aerospool,WT9,"Aerospool WT9 Dynamic",DY337/2009,,,,,,Private,,,2009,,,,0,,,,,,0,0,0,0,0,,,,,,0,0,0,0,0,GEN-WT9
31060749,"2026-02-07 23:22:01","2026-02-07 23:22:01",A04D0D,"United States","United States",N11852,,,,,,Bellanca,CH7A,"Bellanca Citabria 7ECA",823-72,,,,,,Private,,,1972,,,,0,,,,,,0,0,0,0,0,,,,,,0,0,0,0,0,GEN-CH7A
31060718,"2026-02-07 23:21:40","2026-02-07 23:21:40",AD2E6D,"United States","United States",N94884,,,,,,ERCO,ERCO,"Ercoupe 415-G",5072,,,,,,Private,,,1950,,,,0,,,,,,0,0,0,0,0,,,,,,0,0,0,0,0,GEN-ERCO
31059445,"2026-02-07 23:05:08","2026-02-07 23:05:08",A43AFA,"United States","United States",N3718H,,,,,,ERCO,ERCO,"Ercoupe 415-C",4343,,,,,,Private,,,1946,,,,0,,,,,,0,0,0,0,0,,,,,,0,0,0,0,0,GEN-ERCO
31057993,"2026-02-07 22:46:21","2026-02-07 22:46:21",C091CD,Canada,Canada,C-IDFO,,,,,,Pioneer,ULAC,"Pioneer Flightstar",S21000-556,,,,,,Private,,,,,,,0,,,,,,0,0,0,0,0,,,,,,0,0,0,0,0,GEN-ULAC
31057203,"2026-02-07 22:36:10","2026-02-07 22:36:10",4B4DD7,Switzerland,Switzerland,HB-2352,,,,,,"DG Flugzeugbau",DG80,"DG Flugzeugbau DG-800B",8-195B117,,,,,,Private,,,2000,,,,0,,,,,,0,0,0,0,0,,,,,,0,0,0,0,0,GEN-DG80
31056646,"2026-02-07 22:28:45","2026-02-07 22:28:45",3EF68B,Germany,Germany,D-5620,,,,,,Schleicher,GLID,"Schleicher ASK 13",13680AB,,,,,,Private,,,1988,,,,0,,,,,,0,0,0,0,0,,,,,,0,0,0,0,0,GEN-GLID
31056416,"2026-02-07 22:25:20","2026-02-07 22:25:20",A0BF73,"United States","United States",N1473A,,,,,,Piper,PA22,"Piper PA-22 Tri-Pacer",22-382,,,,,,Private,,,,,,,0,,,,,,0,0,0,0,0,,,,,,0,0,0,0,0,GEN-PA22
31055964,"2026-02-07 22:19:47","2026-02-07 22:19:47",760952,Pakistan,Pakistan,AP-BJR,,,,,,Boeing,B734,"Boeing 737 4Q8",25164,,,,,,"Shaheen Air International",,,1993,,,,0,,,,,,0,0,0,0,0,,,,,,0,0,0,0,0,GEN-B734
31055543,"2026-02-07 22:14:58","2026-02-07 22:14:58",3E78F0,Germany,Germany,D-KKZO,,,,,,Schleicher,AS31,"Schleicher ASH 31 Mi",31212,,,,,,Private,,,,,,,0,,,,,,0,0,0,0,0,,,,,,0,0,0,0,0,GEN-AS31
31055414,"2026-02-07 22:13:13","2026-02-07 22:13:13",ACB389,"United States","United States",N91733,,,,,,UFM,ULAC,"UFM Easy Riser I",C1-E1-J1,,,,,,Private,,,1977,,,,0,,,,,,0,0,0,0,0,,,,,,0,0,0,0,0,GEN-ULAC
31054812,"2026-02-07 22:05:52","2026-02-07 22:05:52",C82819,"New Zealand","New Zealand",ZK-NAY,,,,,,Cessna,C172,"Cessna 172S Skyhawk SP",172S9765,,,,,,Private,,,2004,,,,0,,,,,,0,0,0,0,0,,,,,,0,0,0,0,0,GEN-C172
31054232,"2026-02-07 21:58:39","2026-02-07 21:58:39",A68FC3,"United States","United States",N5215Y,,,,,,Piper,PA27,"Piper PA-23 Aztec 250B",27-2263,,,,,,Private,,,,,,,0,,,,,,0,0,0,0,0,,,,,,0,0,0,0,0,GEN-PA27
31053644,"2026-02-07 21:51:13","2026-02-07 21:51:13",A9642A,"United States","United States",N704HS,,,,,,Cessna,C150,"Cessna 150M",15078629,,,,,,Private,,,1976,,,,0,,,,,,0,0,0,0,0,,,,,,0,0,0,0,0,GEN-C150
31052445,"2026-02-07 21:35:16","2026-02-07 21:35:16",A31B29,"United States","United States",N3FM,,,,,,Piper,PA27,"Piper PA-23 Aztec 250E",27-7554016,,,,,,Private,,,,,,,0,,,,,,0,0,0,0,0,,,,,,0,0,0,0,0,GEN-PA27
31052333,"2026-02-07 21:33:58","2026-02-07 21:33:58",A6C308,"United States","United States",N535AH,,,,,,"Airbus Helicopters",EC45,"Airbus Helicopters UH-72A Lakota",9824,,,,,,"Airbus Helicopters Inc",,,2019,,,,0,,,,,,0,0,0,0,0,,,,,,0,0,0,0,0,GEN-EC45
31051374,"2026-02-07 21:22:42","2026-02-07 21:22:42",A79110,"United States","United States",N587MV,,,,,,Cessna,C560,"Cessna Citation Encore+",560-0765,,,,,,"TSP Leasing Company Inc",,,,,,,0,,,,,,0,0,0,0,0,,,,,,0,0,0,0,0,GEN-C560
31050975,"2026-02-07 21:17:56","2026-02-07 21:17:56",A128A8,"United States","United States",N174GJ,,,,,,Bombardier,CRJ7,"Bombardier CRJ 700 702ER",10296,,,,,,"United Express",,,,,,,0,,,,,,0,0,0,0,0,,,,,,0,0,0,0,0,GJS
31050438,"2026-02-07 21:11:26","2026-02-07 21:11:26",ADC79F,"United States","United States",N98709,,,,,,Cessna,C402,"Cessna 402B",402B1059,,,,,,Private,,,1976,,,,0,,,,,,0,0,0,0,0,,,,,,0,0,0,0,0,GEN-C402
29219,"2022-08-30 09:24:20","2026-02-07 21:10:20",000005,"Not Allocated","Not Allocated","",,,,"",,"",UAV,"","",,,,,,"",,,,,,"",0,,,,,,0,0,0,0,0,Missing,,,"","",0,0,0,0,0,GEN-UAV
31049664,"2026-02-07 21:02:11","2026-02-07 21:02:11",A3DAA3,"United States","United States",N3477G,,,,,,Cessna,C185,"Cessna 185C Skywagon",185-0712,,,,,,Private,,,,,,,0,,,,,,0,0,0,0,0,,,,,,0,0,0,0,0,GEN-C185
31049581,"2026-02-07 21:01:10","2026-02-07 21:01:10",AA3E0C,"United States","United States",N75910,,,,,,"Zénith",CH70,"Zénith Zenair STOL CH 701",75911,,,,,,Private,,,,,,,0,,,,,,0,0,0,0,0,,,,,,0,0,0,0,0,GEN-CH70
31047851,"2026-02-07 20:40:50","2026-02-07 20:40:50",3EE7BD,Germany,Germany,D-1830,,,,,,Grob,GLID,"Grob G 103C Twin Astir III Acro",34128,,,,,,Private,,,1989,,,,0,,,,,,0,0,0,0,0,,,,,,0,0,0,0,0,GEN-GLID
31047827,"2026-02-07 20:40:37","2026-02-07 20:40:37",A2ECD4,"United States","United States",N288MP,,,,,,Bell,B06,"Bell OH-58A Kiowa",40843,,,,,,Private,,,,,,,0,,,,,,0,0,0,0,0,,,,,,0,0,0,0,0,GEN-B06
31047213,"2026-02-07 20:33:24","2026-02-07 20:33:24",A52537,"United States","United States",N430XM,,,,,,Bell,B430,"Bell 430",49073,,,,,,"Arrow Aviation Co LLC",,,2000,,,,0,,,,,,0,0,0,0,0,,,,,,0,0,0,0,0,GEN-B430
31047126,"2026-02-07 20:32:36","2026-02-07 20:32:36",A66F44,"United States","United States",N5132T,,,,,,"Textron Aviation",C25B,"Textron Aviation Citation CJ3",525B0536,,,,,,"Textron Aviation Inc",,,,,,,0,,,,,,0,0,0,0,0,,,,,,0,0,0,0,0,GEN-C25B
31046847,"2026-02-07 20:29:16","2026-02-07 20:29:16",704E82,Myanmar,Myanmar,XY-AIW,,,,,,"Avions de Transport Regional",AT75,"Avions de Transport Regional ATR 72 500",582,,,,,,"Air KBZ",,,1999,,,,0,,,,,,0,0,0,0,0,,,,,,0,0,0,0,0,KBZ
31046379,"2026-02-07 20:23:43","2026-02-07 20:23:43",385628,France,France,F-BVRI,,,,,,Piper,PA32,"Piper PA-32 300 Cherokee Six",32-7440063,,,,,,Private,,,1974,,,,0,,,,,,0,0,0,0,0,,,,,,0,0,0,0,0,GEN-PA32
17912,"2022-02-16 07:49:47","2026-02-07 20:10:48",48421B,Netherlands,Netherlands,,,,,,,,-GND,,,,,,,,,,,,,,,0,,,,,,0,0,0,0,0,Missing,,,,,0,0,0,0,0,GEN--GND
31045189,"2026-02-07 20:10:31","2026-02-07 20:10:31",A6445E,"United States","United States",N50243,,,,,,Fairchild,FA62,"Fairchild PT-19A M-62A",T42-4004,,,,,,Private,,,1942,,,,0,,,,,,0,0,0,0,0,,,,,,0,0,0,0,0,GEN-FA62
31044558,"2026-02-07 20:03:22","2026-02-07 20:03:22",C05DFE,Canada,Canada,C-GJPL,,,,,,"Cyclone Airsports",ULAC,"Cyclone Airsports Cyclone 180",6,,,,,,Private,,,,,,,0,,,,,,0,0,0,0,0,,,,,,0,0,0,0,0,GEN-ULAC
31044338,"2026-02-07 20:00:51","2026-02-07 20:00:51",A0241A,"United States","United States",N108TE,,,,,,Tecnam,ECHO,"Tecnam P.92 Eaglet",1226,,,,,,Private,,,,,,,0,,,,,,0,0,0,0,0,,,,,,0,0,0,0,0,GEN-ECHO
31044198,"2026-02-07 19:59:04","2026-02-07 19:59:04",4A9EC9,Sweden,Sweden,SE-GVI,,,,,,Piper,P32T,"Piper PA-32R T-300 Lance II",32R-7885129,,,,,,Private,,,,,,,0,,,,,,0,0,0,0,0,,,,,,0,0,0,0,0,GEN-P32T
31043252,"2026-02-07 19:48:08","2026-02-07 19:48:08",A50307,"United States","United States",N42195,,,,,,Cessna,C182,"Cessna 182L Skylane",18258892,,,,,,Private,,,,,,,0,,,,,,0,0,0,0,0,,,,,,0,0,0,0,0,GEN-C182
31042847,"2026-02-07 19:44:02","2026-02-07 19:44:02",A2B6A3,"United States","United States",N274PF,,,,,,Embraer,E55P,"Embraer Phenom 300",50500274,,,,,,"Quad Ascent LLC",,,2014,,,,0,,,,,,0,0,0,0,0,,,,,,0,0,0,0,0,GEN-E55P
31042173,"2026-02-07 19:36:31","2026-02-07 19:36:31",448887,Belgium,Belgium,OO-BDG,,,,,,Cameron,BALL,"Cameron A-210 Hot Air Balloon",3728,,,,,,Private,,,,,,,0,,,,,,0,0,0,0,0,,,,,,0,0,0,0,0,GEN-BALL
31042029,"2026-02-07 19:34:55","2026-02-07 19:34:55",3FE375,Germany,Germany,D-OXON,,,,,,Ultramagic,BALL,"Ultramagic M-65 Hot Air Balloon",65/160,,,,,,Private,,,2007,,,,0,,,,,,0,0,0,0,0,,,,,,0,0,0,0,0,GEN-BALL
31041819,"2026-02-07 19:32:01","2026-02-07 19:32:01",A73E61,"United States","United States",N566NA,,,,,,"Raytheon Aircraft Company",BE20,"Raytheon Aircraft Company King Air B200",BB-1566,,,,,,"Montana Bizjets LLC",,,1997,,,,0,,,,,,0,0,0,0,0,,,,,,0,0,0,0,0,GEN-BE20
27212,"2022-05-18 03:27:49","2026-02-07 19:27:24",48425C,Netherlands,Netherlands,"",,,,"",,"",-GND,"","",,,,,,"",,,,,,"",0,,,,,,0,0,0,0,0,Missing,,,"","",0,0,0,0,0,GEN--GND
31041393,"2026-02-07 19:26:54","2026-02-07 19:26:54",A4DB11,"United States","United States",N4116R,,,,,,Piper,PA32,"Piper PA-32 300 Cherokee Six",32-40435,,,,,,Private,,,1968,,,,0,,,,,,0,0,0,0,0,,,,,,0,0,0,0,0,GEN-PA32
31041131,"2026-02-07 19:23:40","2026-02-07 19:23:40",AAD6A5,"United States","United States",N798KG,,,,,,"Raytheon Aircraft Company",H25B,"Raytheon Aircraft Company 125 800XP",258443,,,,,,"Blanchard Aviation LLC",,,,,,,0,,,,,,0,0,0,0,0,,,,,,0,0,0,0,0,GEN-H25B
31040610,"2026-02-07 19:17:40","2026-02-07 19:17:40",AC333A,"United States","United States",N8853S,,,,,,Cessna,C150,"Cessna 150F",15062153,,,,,,Private,,,1965,,,,0,,,,,,0,0,0,0,0,,,,,,0,0,0,0,0,GEN-C150
31040343,"2026-02-07 19:14:40","2026-02-07 19:14:40",43E735,"Isle of Man","Isle of Man",M-BIGG,,,,,,Bombardier,CL60,"Bombardier Challenger 605",5722,,,,,,"Signal Aviation Ltd",,,2007,,,,0,,,,,,0,0,0,0,0,,,,,,0,0,0,0,0,GEN-CL60
31039966,"2026-02-07 19:10:07","2026-02-07 19:10:07",A6386A,"United States","United States",N50JL,,,,,,Piper,PA18,"Piper PA-18 150 Super Cub",1809031,,,,,,Private,,,1989,,,,0,,,,,,0,0,0,0,0,,,,,,0,0,0,0,0,GEN-PA18
31039823,"2026-02-07 19:08:15","2026-02-07 19:08:15",A560AE,"United States","United States",N4458P,,,,,,Piper,PA23,"Piper PA-23 Apache 160G",23-1975,,,,,,Private,,,1961,,,,0,,,,,,0,0,0,0,0,,,,,,0,0,0,0,0,GEN-PA23
31039120,"2026-02-07 18:59:42","2026-02-07 18:59:42",E48F53,Brazil,Brazil,PP-INC,,,,,,Embraer,E35L,"Embraer Legacy 650",14501179,,,,,,Incobrasa,,,,,,,0,,,,,,0,0,0,0,0,,,,,,0,0,0,0,0,GEN-E35L
31039063,"2026-02-07 18:59:00","2026-02-07 18:59:00",A2D216,"United States","United States",N281E,,,,,,Aeropro,EFOX,"Aeropro EuroFox A240",29909,,,,,,Private,,,2009,,,,0,,,,,,0,0,0,0,0,,,,,,0,0,0,0,0,GEN-EFOX
31038692,"2026-02-07 18:54:48","2026-02-07 18:54:48",A6E5B9,"United States","United States",N5432K,,,,,,Ryan,NAVI,"Ryan Navion B Super 260",NAV-4-2332B,,,,,,Private,,,1951,,,,0,,,,,,0,0,0,0,0,,,,,,0,0,0,0,0,GEN-NAVI
31037799,"2026-02-07 18:44:03","2026-02-07 18:44:03",42440C,"United Kingdom","United Kingdom",VQ-BYF,,,,,,Embraer,E170,"Embraer EMB-170 SU",17000030,,,,,,"S7 Airlines",,,2004,,,,0,,,,,,0,0,0,0,0,,,,,,0,0,0,0,0,SBI
31037671,"2026-02-07 18:42:32","2026-02-07 18:42:32",34359A,Spain,Spain,EC-ILE,,,,,,"Raytheon Aircraft Company",BE20,"Raytheon Aircraft Company King Air B200",BB-1792,,,,,,"Transportes Aereos del Sur SA",,,,,,,0,,,,,,0,0,0,0,0,,,,,,0,0,0,0,0,GEN-BE20
31037541,"2026-02-07 18:41:11","2026-02-07 18:41:11",AB5B32,"United States","United States",N8303Y,,,,,,"Head Balloons",BALL,"Head Balloons AX.8-105 Hot Air Balloon",348,,,,,,Private,,,2006,,,,0,,,,,,0,0,0,0,0,,,,,,0,0,0,0,0,GEN-BALL
31037363,"2026-02-07 18:39:19","2026-02-07 18:39:19",E19109,Argentina,Argentina,LV-YDI,,,,,,Piper,PA12,"Piper PA-12 Super Cruiser",12-3389,,,,,,Private,,,1947,,,,0,,,,,,0,0,0,0,0,,,,,,0,0,0,0,0,GEN-PA12
31037144,"2026-02-07 18:36:49","2026-02-07 18:36:49",7605CA,Pakistan,Pakistan,AP-ANJ,,,,,,Slingsby,GLID,"Slingsby T.21 B",1123,,,,,,Private,,,,,,,0,,,,,,0,0,0,0,0,,,,,,0,0,0,0,0,GEN-GLID
31037112,"2026-02-07 18:36:27","2026-02-07 18:36:27",A2A7DA,"United States","United States",N270Q,,,,,,Sikorsky,S92,"Sikorsky S-92 A",920270,,,,,,"Sikorsky Aircraft Corporation",,,,,,,0,,,,,,0,0,0,0,0,,,,,,0,0,0,0,0,GEN-S92
31036899,"2026-02-07 18:33:55","2026-02-07 18:33:55",4242B3,Bermuda,Bermuda,VP-BMW,,,,,,Airbus,A320,"Airbus A320 214",2166,,,,,,"Ural Airlines",,,2004,,,,0,,,,,,0,0,0,0,0,,,,,,0,0,0,0,0,SVR
31036533,"2026-02-07 18:29:33","2026-02-07 18:29:33",489707,Poland,Poland,SP-LGG,,,,,,Embraer,E145,"Embraer ERJ-145 MP",145319,,,,,,"LOT Polish Airlines",,,,,,,0,,,,,,0,0,0,0,0,,,,,,0,0,0,0,0,LOT
31035938,"2026-02-07 18:22:57","2026-02-07 18:22:57",402A48,"United Kingdom","United Kingdom",G-MTTA,,,,,,"Solar Wings",ULAC,"Solar Wings Pegasus XL-R",SW-WA-1291,,,,,,Private,,,1988,,,,0,,,,,,0,0,0,0,0,,,,,,0,0,0,0,0,GEN-ULAC
31035261,"2026-02-07 18:15:06","2026-02-07 18:15:06",A9CDED,"United States","United States",N73038,,,,,,Cessna,C172,"Cessna 172M Skyhawk",17267246,,,,,,Private,,,1976,,,,0,,,,,,0,0,0,0,0,,,,,,0,0,0,0,0,GEN-C172
31034208,"2026-02-07 18:03:27","2026-02-07 18:03:27",C0186B,Canada,Canada,C-FJGK,,,,,,Bombardier,GLEX,"Bombardier Global 6000",9718,,,,,,"Bombardier Inc",,,2015,,,,0,,,,,,0,0,0,0,0,,,,,,0,0,0,0,0,GEN-GLEX
31033139,"2026-02-07 17:50:58","2026-02-07 17:50:58",A60D76,"United States","United States",N48978,,,,,,Taylorcraft,TAYD,"Taylorcraft DC-65 Tandem Trainer",4922,,,,,,Private,,,1943,,,,0,,,,,,0,0,0,0,0,,,,,,0,0,0,0,0,GEN-TAYD
31033081,"2026-02-07 17:50:23","2026-02-07 17:50:23",AD82C6,"United States","United States",N97RC,,,,,,Rans,COY2,"Rans Coyote S-5",0407331,,,,,,Private,,,,,,,0,,,,,,0,0,0,0,0,,,,,,0,0,0,0,0,GEN-COY2
31032736,"2026-02-07 17:46:15","2026-02-07 17:46:15",152113,Russia,Russia,RA-74003,,,,,,Antonov,AN72,"Antonov An-74",36547070690,,,,,,"Sakha Aviation School Centre",,,,,,,0,,,,,,0,0,0,0,0,,,,,,0,0,0,0,0,GEN-AN72
31032625,"2026-02-07 17:45:00","2026-02-07 17:45:00",AA5905,"United States","United States",N766NG,,,,,,Pilatus,PC12,"Pilatus PC-XII NG 47E",1766,,,,,,"J R Atkinson Company Inc",,,2017,,,,0,,,,,,0,0,0,0,0,,,,,,0,0,0,0,0,GEN-PC12
31032539,"2026-02-07 17:43:54","2026-02-07 17:43:54",C009A2,Canada,Canada,C-FDQV,,,,,,Airbus,A320,"Airbus A320 211",68,,,,,,"Air Canada",,,1989,,,,0,,,,,,0,0,0,0,0,,,,,,0,0,0,0,0,ACA
31032256,"2026-02-07 17:41:02","2026-02-07 17:41:02",A66C14,"United States","United States",N5126N,,,,,,Striplin,STRA,"Striplin Sky Ranger",83005,,,,,,Private,,,,,,,0,,,,,,0,0,0,0,0,,,,,,0,0,0,0,0,GEN-STRA
31032070,"2026-02-07 17:38:54","2026-02-07 17:38:54",A96989,"United States","United States",N7050R,,,,,,Piper,P28A,"Piper PA-28 140 Cherokee",28-21748,,,,,,Private,,,1966,,,,0,,,,,,0,0,0,0,0,,,,,,0,0,0,0,0,GEN-P28A
31031430,"2026-02-07 17:31:33","2026-02-07 17:31:33",51007B,Belarus,Belarus,EW-378TG,,,,,,Antonov,AN26,"Antonov An-26 B",14004,,,,,,"Vulkan Avia",,,,,,,0,,,,,,0,0,0,0,0,,,,,,0,0,0,0,0,GEN-AN26
31031119,"2026-02-07 17:27:54","2026-02-07 17:27:54",AD3891,"United States","United States",N951CA,,,,,,DAHER-SOCATA,TBM9,"DAHER-SOCATA TBM 930",1167,,,,,,"Transatlantic Deliveries Trust",,,2016,,,,0,,,,,,0,0,0,0,0,,,,,,0,0,0,0,0,GEN-TBM9
31030656,"2026-02-07 17:22:35","2026-02-07 17:22:35",00983F,"South Africa","South Africa",ZS-JEC,,,,,,Piper,PA18,"Piper PA-18 150 Super Cub",18-5327,,,,,,Private,,,,,,,0,,,,,,0,0,0,0,0,,,,,,0,0,0,0,0,GEN-PA18
31029618,"2026-02-07 17:10:58","2026-02-07 17:10:58",A33718,"United States","United States",N306RE,,,,,,Rotec,ULAC,"Rotec Rally 3A",25191,,,,,,Private,,,1983,,,,0,,,,,,0,0,0,0,0,,,,,,0,0,0,0,0,GEN-ULAC
31029588,"2026-02-07 17:10:36","2026-02-07 17:10:36",A9B9D2,"United States","United States",N72597,,,,,,Cessna,C140,"Cessna 140",9769,,,,,,Private,,,1946,,,,0,,,,,,0,0,0,0,0,,,,,,0,0,0,0,0,GEN-C140
31029210,"2026-02-07 17:06:29","2026-02-07 17:06:29",A9DD01,"United States","United States",N7345U,,,,,,Cessna,C411,"Cessna 411",411-0045,,,,,,Private,,,,,,,0,,,,,,0,0,0,0,0,,,,,,0,0,0,0,0,GEN-C411
31028618,"2026-02-07 17:00:15","2026-02-07 17:00:15",A5961A,"United States","United States",N4591V,,,,,,Beech,BE35,"Beech Bonanza 35",D-1105,,,,,,Private,,,,,,,0,,,,,,0,0,0,0,0,,,,,,0,0,0,0,0,GEN-BE35
31028008,"2026-02-07 16:53:47","2026-02-07 16:53:47",A69E9E,"United States","United States",N5255X,,,,,,Cessna,C182,"Cessna 182T Skylane",18282175,,,,,,Private,,,2009,,,,0,,,,,,0,0,0,0,0,,,,,,0,0,0,0,0,GEN-C182
31027783,"2026-02-07 16:51:16","2026-02-07 16:51:16",402D32,"United Kingdom","United Kingdom",G-BPHX,,,,,,Cessna,C140,"Cessna 140",12488,,,,,,Private,,,1947,,,,0,,,,,,0,0,0,0,0,,,,,,0,0,0,0,0,GEN-C140
31027313,"2026-02-07 16:45:59","2026-02-07 16:45:59",A5BBB1,"United States","United States",N469GS,,,,,,Cessna,C421,"Cessna 421B Golden Eagle",421B0201,,,,,,Private,,,1971,,,,0,,,,,,0,0,0,0,0,,,,,,0,0,0,0,0,GEN-C421
31027108,"2026-02-07 16:43:47","2026-02-07 16:43:47",C091BD,Canada,Canada,C-IDEY,,,,,,Birdman,ULAC,"Birdman Chinook WT-11",107,,,,,,Private,,,,,,,0,,,,,,0,0,0,0,0,,,,,,0,0,0,0,0,GEN-ULAC
31026851,"2026-02-07 16:40:45","2026-02-07 16:40:45",A3484D,"United States","United States",N310RE,,,,,,Rotec,ULAC,"Rotec Rally 3",25093,,,,,,Private,,,1983,,,,0,,,,,,0,0,0,0,0,,,,,,0,0,0,0,0,GEN-ULAC
31026754,"2026-02-07 16:39:43","2026-02-07 16:39:43",3E08BA,Germany,Germany,D-HUMS,,,,,,Eurocopter,EC45,"Eurocopter MBB-BK 117 C-2 (EC145)",9021,,,,,,Corporate,,,,,,,0,,,,,,0,0,0,0,0,,,,,,0,0,0,0,0,GEN-EC45
31026592,"2026-02-07 16:37:53","2026-02-07 16:37:53",76070F,Pakistan,Pakistan,AP-AXO,,,,,,Piper,PA25,"Piper PA-25 260 Pawnee D",25-7405590,,,,,,Private,,,1974,,,,0,,,,,,0,0,0,0,0,,,,,,0,0,0,0,0,GEN-PA25
31026398,"2026-02-07 16:35:40","2026-02-07 16:35:40",14DC7D,Russia,Russia,RF-00486,,,,,,Antonov,AN2,"Antonov An-2 R",1G181-29,,,,,,"Operator Unknown",,,,,,,0,,,,,,0,0,0,0,0,,,,,,0,0,0,0,0,GEN-AN2
31026160,"2026-02-07 16:32:50","2026-02-07 16:32:50",A0E73E,"United States","United States",N1575G,,,,,,Cessna,C206,"Cessna 206H Stationair",20608228,,,,,,Private,,,2004,,,,0,,,,,,0,0,0,0,0,,,,,,0,0,0,0,0,GEN-C206
31025587,"2026-02-07 16:26:23","2026-02-07 16:26:23",A21DB7,"United States","United States",N2352F,,,,,,Cessna,C210,"Cessna 210E Centurion",21058552,,,,,,Private,,,1964,,,,0,,,,,,0,0,0,0,0,,,,,,0,0,0,0,0,GEN-C210
31025511,"2026-02-07 16:25:32","2026-02-07 16:25:32",392610,France,France,F-GJQQ,,,,,,Robin,DR40,"Robin DR.400 140B Dauphin 4",1986,,,,,,Private,,,1990,,,,0,,,,,,0,0,0,0,0,,,,,,0,0,0,0,0,GEN-DR40
31024504,"2026-02-07 16:14:14","2026-02-07 16:14:14",A370BA,"United States","United States",N3200T,,,,,,Cessna,C177,"Cessna 177 Cardinal",17700500,,,,,,Private,,,1968,,,,0,,,,,,0,0,0,0,0,,,,,,0,0,0,0,0,GEN-C177
31024469,"2026-02-07 16:13:50","2026-02-07 16:13:50",A11204,"United States","United States",N1682,,,,,,Bowers,FB1A,"Bowers Fly Baby 1A",65-10,,,,,,Private,,,1967,,,,0,,,,,,0,0,0,0,0,,,,,,0,0,0,0,0,GEN-FB1A
31024059,"2026-02-07 16:09:19","2026-02-07 16:09:19",A46519,"United States","United States",N3820J,,,,,,Cessna,C150,"Cessna 150G",15065120,,,,,,Private,,,1966,,,,0,,,,,,0,0,0,0,0,,,,,,0,0,0,0,0,GEN-C150
31023634,"2026-02-07 16:04:51","2026-02-07 16:04:51",0D81CC,Venezuela,Venezuela,YV3184,,,,,,Cessna,C525,"Cessna Citation CJ1",525-0084,,,,,,Corporate,,,1994,,,,0,,,,,,0,0,0,0,0,,,,,,0,0,0,0,0,GEN-C525
31022950,"2026-02-07 15:57:35","2026-02-07 15:57:35",381187,France,France,F-BEMH,,,,,,Nord,N120,"Nord 1203 Norecrin",89,,,,,,Private,,,,,,,0,,,,,,0,0,0,0,0,,,,,,0,0,0,0,0,GEN-N120
31022678,"2026-02-07 15:54:33","2026-02-07 15:54:33",0D0B9E,Mexico,Mexico,XA-OCC,,,,,,Boeing,B38M,"Boeing 737MAX 8",43712,,,,,,"Aeroméxico",,,2019,,,,0,,,,,,0,0,0,0,0,,,,,,0,0,0,0,0,AMX
31022427,"2026-02-07 15:51:46","2026-02-07 15:51:46",AD794D,"United States","United States",N96756,,,,,,Taylorcraft,TAYB,"Taylorcraft BC-12D",9056,,,,,,Private,,,1946,,,,0,,,,,,0,0,0,0,0,,,,,,0,0,0,0,0,GEN-TAYB
31022179,"2026-02-07 15:48:59","2026-02-07 15:48:59",A180EA,"United States","United States",N19604,,,,,,Taylorcraft,TAYA,"Taylorcraft Model A",210,,,,,,Private,,,1937,,,,0,,,,,,0,0,0,0,0,,,,,,0,0,0,0,0,GEN-TAYA
31021285,"2026-02-07 15:38:46","2026-02-07 15:38:46",A3C29B,"United States","United States",N371SF,,,,,,"Textron Aviation",C25B,"Textron Aviation Citation CJ3",525B0519,,,,,,"Esprit Leasing LLC",,,2017,,,,0,,,,,,0,0,0,0,0,,,,,,0,0,0,0,0,GEN-C25B
31020790,"2026-02-07 15:32:58","2026-02-07 15:32:58",A333A2,"United States","United States",N305TV,,,,,,Robinson,R44,"Robinson R44 Raven II",13263,,,,,,"Centaurus Enterprise Inc",,,2012,,,,0,,,,,,0,0,0,0,0,,,,,,0,0,0,0,0,GEN-R44
31018642,"2026-02-07 15:10:26","2026-02-07 15:10:26",A179C5,"United States","United States",N19427,,,,,,Cessna,C150,"Cessna 150L",15074415,,,,,,Private,,,,,,,0,,,,,,0,0,0,0,0,,,,,,0,0,0,0,0,GEN-C150
31018579,"2026-02-07 15:09:52","2026-02-07 15:09:52",A80635,"United States","United States",N616NA,,,,,,Gates,LJ25,"Gates Learjet 25",25-035,,,,,,"Pittsburgh Institute of Aeronautics",,,,,,,0,,,,,,0,0,0,0,0,,,,,,0,0,0,0,0,GEN-LJ25
31018299,"2026-02-07 15:06:43","2026-02-07 15:06:43",70C0A9,Oman,Oman,A4O-BG,,,,,,Boeing,B738,"Boeing 737NG 8FZ/W",29664,,,,,,"Oman Air",,,2009,,,,0,,,,,,0,0,0,0,0,,,,,,0,0,0,0,0,OMA
31017992,"2026-02-07 15:03:26","2026-02-07 15:03:26",A8C41D,"United States","United States",N664LP,,,,,,"British Aerospace",H25B,"British Aerospace 125 800A",258032,,,,,,"SC Aviation Inc",,,,,,,0,,,,,,0,0,0,0,0,,,,,,0,0,0,0,0,COL
31017581,"2026-02-07 14:59:05","2026-02-07 14:59:05",4991E4,"Czech Republic","Czech Republic",OK-DOD,,,,,,Moravan,Z43,"Moravan Zlin Z-43",0016,,,,,,Private,,,,,,,0,,,,,,0,0,0,0,0,,,,,,0,0,0,0,0,GEN-Z43
31017531,"2026-02-07 14:58:33","2026-02-07 14:58:33",A79335,"United States","United States",N58769,,,,,,Cessna,C182,"Cessna 182P Skylane",18262283,,,,,,Private,,,1973,,,,0,,,,,,0,0,0,0,0,,,,,,0,0,0,0,0,GEN-C182
31017224,"2026-02-07 14:55:18","2026-02-07 14:55:18",A86550,"United States","United States",N640AW,,,,,,Airbus,A320,"Airbus A320 232",448,,,,,,"American Airlines",,,1993,,,,0,,,,,,0,0,0,0,0,,,,,,0,0,0,0,0,AAL
31016923,"2026-02-07 14:51:39","2026-02-07 14:51:39",009C10,"South Africa","South Africa",ZS-KPR,,,,,,Pilatus,PC12,"Pilatus PC-XII 47E",1728,,,,,,"Kapama Game Reserve P/L",,,2017,,,,0,,,,,,0,0,0,0,0,,,,,,0,0,0,0,0,GEN-PC12
31016866,"2026-02-07 14:51:00","2026-02-07 14:51:00",478664,Norway,Norway,LN-NFF,,,,,,Cessna,C77R,"Cessna 177 Cardinal RG",177RG1309,,,,,,Private,,,,,,,0,,,,,,0,0,0,0,0,,,,,,0,0,0,0,0,GEN-C77R
31015995,"2026-02-07 14:40:52","2026-02-07 14:40:52",3D0947,Germany,Germany,D-EBTN,,,,,,Piper,PA18,"Piper PA-18 150 Super Cub",18-7909095,,,,,,Private,,,1979,,,,0,,,,,,0,0,0,0,0,,,,,,0,0,0,0,0,GEN-PA18
31015817,"2026-02-07 14:38:59","2026-02-07 14:38:59",760985,Pakistan,Pakistan,AP-BLE,,,,,,Boeing,B733,"Boeing 737 322",24672,,,,,,"Air Indus",,,1990,,,,0,,,,,,0,0,0,0,0,,,,,,0,0,0,0,0,GEN-B733
31014636,"2026-02-07 14:26:20","2026-02-07 14:26:20",ABFE08,"United States","United States",N793WE,,,,,,"Hawker Beechcraft Corp",B350,"Hawker Beechcraft Corp King Air B350",FL-555,,,,,,"Wagner Equipment Co",,,,,,,0,,,,,,0,0,0,0,0,,,,,,0,0,0,0,0,GEN-B350
31014409,"2026-02-07 14:24:07","2026-02-07 14:24:07",A5BF6C,"United States","United States",N47GW,,,,,,Piper,PAY1,"Piper PA-31T1 Cheyenne I",31T-8104030,,,,,,"T-210 Holdings LLC",,,1981,,,,0,,,,,,0,0,0,0,0,,,,,,0,0,0,0,0,GEN-PAY1
31013308,"2026-02-07 14:12:22","2026-02-07 14:12:22",A9A1B2,"United States","United States",N72FB,,,,,,Cessna,C172,"Cessna 172M Skyhawk",17264222,,,,,,Private,,,1974,,,,0,,,,,,0,0,0,0,0,,,,,,0,0,0,0,0,GEN-C172
31012556,"2026-02-07 14:04:10","2026-02-07 14:04:10",AB6350,"United States","United States",N8328Z,,,,,,Cessna,C205,"Cessna 205",205-0328,,,,,,Private,,,1963,,,,0,,,,,,0,0,0,0,0,,,,,,0,0,0,0,0,GEN-C205
31009956,"2026-02-07 13:36:23","2026-02-07 13:36:23",A8A641,"United States","United States",N6566U,,,,,,Mooney,M20P,"Mooney M.20C Mark 21",2386,,,,,,Private,,,,,,,0,,,,,,0,0,0,0,0,,,,,,0,0,0,0,0,GEN-M20P
31009356,"2026-02-07 13:29:40","2026-02-07 13:29:40",A4025C,"United States","United States",N35785,,,,,,Piper,J5,"Piper J-5 Cub Cruiser",5-775,,,,,,Private,,,1941,,,,0,,,,,,0,0,0,0,0,,,,,,0,0,0,0,0,GEN-J5
31009340,"2026-02-07 13:29:35","2026-02-07 13:29:35",405B34,"United Kingdom","United Kingdom",G-VBFM,,,,,,Cameron,BALL,"Cameron Z-375 Hot Air Balloon",11133,,,,,,"Airxcite Ltd",,,2008,,,,0,,,,,,0,0,0,0,0,,,,,,0,0,0,0,0,GEN-BALL
31008676,"2026-02-07 13:22:25","2026-02-07 13:22:25",A5492E,"United States","United States",N44KJ,,,,,,"Gulfstream Aerospace",GLF6,"Gulfstream Aerospace G650 ER",6055,,,,,,NasJet,,,2013,,,,0,,,,,,0,0,0,0,0,,,,,,0,0,0,0,0,GEN-GLF6
31008632,"2026-02-07 13:21:50","2026-02-07 13:21:50",14A124,Russia,Russia,RA-41252,,,,,,Antonov,A140,"Antonov An-140 100",09A014,,,,,,"Yakutia Airlines",,,,,,,0,,,,,,0,0,0,0,0,,,,,,0,0,0,0,0,SYL
31007543,"2026-02-07 13:10:04","2026-02-07 13:10:04",AC56A0,"United States","United States",N8940Z,,,,,,Cessna,C310,"Cessna 310G",310G-0040,,,,,,Private,,,,,,,0,,,,,,0,0,0,0,0,,,,,,0,0,0,0,0,GEN-C310
31006721,"2026-02-07 13:01:13","2026-02-07 13:01:13",3F967B,Germany,Germany,45+23,,,,,,Panavia,TOR,"Panavia Tornado IDS",GS171,,,,,,"German Air Force",,,,,,,0,,,,,,1,0,0,0,0,,,,,,0,0,0,0,0,
31005034,"2026-02-07 12:43:28","2026-02-07 12:43:28",4B4C73,Switzerland,Switzerland,HB-1996,,,,,,Rolladen-Schneider,GLID,"Rolladen-Schneider LS7",7042,,,,,,Private,,,1989,,,,0,,,,,,0,0,0,0,0,,,,,,0,0,0,0,0,GEN-GLID
31004602,"2026-02-07 12:39:00","2026-02-07 12:39:00",780318,China,China,B-6312,,,,,,Airbus,A320,"Airbus A320 214",3131,,,,,,"Shenzhen Airlines",,,2007,,,,0,,,,,,0,0,0,0,0,,,,,,0,0,0,0,0,CSZ
31004565,"2026-02-07 12:38:39","2026-02-07 12:38:39",39A248,France,France,F-HISI,,,,,,Dassault,FA50,"Dassault Falcon 50",169,,,,,,"Isirus SA",,,1986,,,,0,,,,,,0,0,0,0,0,,,,,,0,0,0,0,0,GEN-FA50
31004531,"2026-02-07 12:38:17","2026-02-07 12:38:17",144CA4,Russia,Russia,RA-19620,,,,,,Kamov,KA26,"Kamov Ka-26",7505104,,,,,,"Operator Unknown",,,1975,,,,0,,,,,,0,0,0,0,0,,,,,,0,0,0,0,0,GEN-KA26
31004433,"2026-02-07 12:37:22","2026-02-07 12:37:22",A64F2B,"United States","United States",PK-CAP,,,,,,"Beechcraft Corp",B350,"Beechcraft Corp King Air B350",FL-952,,,,,,Private,,,2014,,,,0,,,,,,0,0,0,0,0,,,,,,0,0,0,0,0,GEN-B350
31003974,"2026-02-07 12:32:43","2026-02-07 12:32:43",A4D0D8,"United States","United States",N4093G,,,,,,"Advanced Aviation",BUCA,"Advanced Aviation Buccaneer",S2A-K004,,,,,,Private,,,,,,,0,,,,,,0,0,0,0,0,,,,,,0,0,0,0,0,GEN-BUCA
31002292,"2026-02-07 12:15:16","2026-02-07 12:15:16",AC3F15,"United States","United States",N8888Z,,,,,,Rotorway,EXEC,"Rotorway Exec 162F",6813,,,,,,Private,,,2003,,,,0,,,,,,0,0,0,0,0,,,,,,0,0,0,0,0,GEN-EXEC
31000924,"2026-02-07 12:00:30","2026-02-07 12:00:30",A6DB99,"United States","United States",N54091,,,,,,Cessna,C172,"Cessna 172P Skyhawk",17274872,,,,,,Private,,,1981,,,,0,,,,,,0,0,0,0,0,,,,,,0,0,0,0,0,GEN-C172
31000731,"2026-02-07 11:58:49","2026-02-07 11:58:49",4073C1,"United Kingdom","United Kingdom",G-CKJO,,,,,,Lindstrand,BALL,"Lindstrand LTL Series 1-17 Hot Air Balloon",LTL-9T-002,,,,,,Private,,,2017,,,,0,,,,,,0,0,0,0,0,,,,,,0,0,0,0,0,GEN-BALL
30999688,"2026-02-07 11:48:18","2026-02-07 11:48:18",A718FA,"United States","United States",N55662,,,,,,Boeing,ST75,"Boeing Stearman A75N1 N2S-4 Kaydet",75-3508,,,,,,Private,,,,,,,0,,,,,,0,0,0,0,0,,,,,,0,0,0,0,0,GEN-ST75
30999669,"2026-02-07 11:48:05","2026-02-07 11:48:05",A2CA7C,"United States","United States",N2791X,,,,,,"Raven Industries",BALL,"Raven Industries Rally RX.7 Hot Air Balloon",RX7-387,,,,,,Private,,,,,,,0,,,,,,0,0,0,0,0,,,,,,0,0,0,0,0,GEN-BALL
30999553,"2026-02-07 11:46:36","2026-02-07 11:46:36",841EE3,Japan,Japan,JA08KZ,,,,,,Boeing,B744,"Boeing 747 4KZF",36135,,,,,,"Nippon Cargo Airlines",,,2008,,,,0,,,,,,0,0,0,0,0,,,,,,0,0,0,0,0,NCA
30999058,"2026-02-07 11:41:57","2026-02-07 11:41:57",AA32AE,"United States","United States",N7560C,,,,,,Forney,ERCO,"Forney Aircoupe F-1",5677,,,,,,Private,,,,,,,0,,,,,,0,0,0,0,0,,,,,,0,0,0,0,0,GEN-ERCO
30999009,"2026-02-07 11:41:30","2026-02-07 11:41:30",A33DC7,"United States","United States",N308HP,,,,,,Bell,B06,"Bell OH-58A Kiowa",41625,,,,,,"North Carolina State Highway Patrol",,,,,,,0,,,,,,0,0,0,0,0,,,,,,0,0,0,0,0,GEN-B06
30999010,"2026-02-07 11:41:30","2026-02-07 11:41:30",3E6F42,Germany,Germany,D-KHIG,,,,,,Schempp-Hirth,GLID,"Schempp-Hirth Janus CM",14/190,,,,,,Private,,,,,,,0,,,,,,0,0,0,0,0,,,,,,0,0,0,0,0,GEN-GLID
30998735,"2026-02-07 11:38:43","2026-02-07 11:38:43",780150,"China Hong Kong","China Hong Kong",B-HUO,,,,,,Boeing,B744,"Boeing 747 467F",32571,,,,,,"Cathay Pacific Airways",,,2001,,,,0,,,,,,0,0,0,0,0,,,,,,0,0,0,0,0,GEN-B744
30997520,"2026-02-07 11:25:46","2026-02-07 11:25:46",3C48C7,Germany,Germany,D-ABFG,,,,,,Airbus,A320,"Airbus A320 214",4291,,,,,,"Air Berlin",,,2010,,,,0,,,,,,0,0,0,0,0,,,,,,0,0,0,0,0,BER
30996552,"2026-02-07 11:15:09","2026-02-07 11:15:09",874227,Japan,Japan,JA9783,,,,,,Aerospatiale,AS50,"Aerospatiale Squirrel AS.350 B",2150,,,,,,Private,,,1988,,,,0,,,,,,0,0,0,0,0,,,,,,0,0,0,0,0,GEN-AS50
30994716,"2026-02-07 10:54:42","2026-02-07 10:54:42",A99D78,"United States","United States",N71897,,,,,,Luscombe,L8,"Luscombe Silvaire 8A",3324,,,,,,Private,,,,,,,0,,,,,,0,0,0,0,0,,,,,,0,0,0,0,0,GEN-L8
30994463,"2026-02-07 10:52:01","2026-02-07 10:52:01",4176E2,"United Kingdom","United Kingdom",002,,,,,,Fokker,F70,"Fokker F70",11576,,,,,,"Myanmar Air Force",,,1996,,,,0,,,https://cdn.jetphotos.com/full/6/57621_1643127467.jpg,https://cdn.jetphotos.com/full/6/24957_1642927484.jpg,https://cdn.jetphotos.com/full/6/38439_1643127210.jpg,1,0,0,0,0,,,,,,0,0,0,0,0,
30993608,"2026-02-07 10:43:01","2026-02-07 10:43:01",A9989C,"United States","United States",N7171U,,,,,,Mooney,M20P,"Mooney M.20C Mark 21",2753,,,,,,Private,,,,,,,0,,,,,,0,0,0,0,0,,,,,,0,0,0,0,0,GEN-M20P
30990620,"2026-02-07 10:11:24","2026-02-07 10:11:24",403E21,"United Kingdom","United Kingdom",G-PRII,,,,,,Hawker,HUNT,"Hawker Hunter PR.11",41H-670690,,,,,,"Hunter Flying Ltd",,,1955,,,,0,,,,,,0,0,0,0,0,,,,,,0,0,0,0,0,GEN-HUNT
30990249,"2026-02-07 10:07:29","2026-02-07 10:07:29",4B1798,Switzerland,Switzerland,HB-IYI,,,,,,SAAB,SB20,"Saab 2000",016,,,,,,"Adria Airways Switzerland",,,1995,,,,0,,,,,,0,0,0,0,0,,,,,,0,0,0,0,0,DWT
30989644,"2026-02-07 10:01:06","2026-02-07 10:01:06",A6FC82,"United States","United States",N54957,,,,,,Piper,PA31,"Piper PA-31 P-425 Pressurised Navajo",31P-7530028,,,,,,Private,,,1975,,,,0,,,,,,0,0,0,0,0,,,,,,0,0,0,0,0,GEN-PA31
30989518,"2026-02-07 09:59:48","2026-02-07 09:59:48",A3F28A,"United States","United States",N35314,,,,,,Cessna,C172,"Cessna 172I Skyhawk",17256707,,,,,,Private,,,1968,,,,0,,,,,,0,0,0,0,0,,,,,,0,0,0,0,0,GEN-C172
30988826,"2026-02-07 09:52:14","2026-02-07 09:52:14",45A858,Denmark,Denmark,OY-JBX,,,,,,Rolladen-Schneider,GLID,"Rolladen-Schneider LS8 a",8408,,,,,,Private,,,2002,,,,0,,,,,,0,0,0,0,0,,,,,,0,0,0,0,0,GEN-GLID
30988164,"2026-02-07 09:45:16","2026-02-07 09:45:16",AE12BB,"United States","United States",69-5828,,,,,,Lockheed,C130,"Lockheed MC-130P Hercules",4377,,,,,,"United States Air Force",,,,,,,0,,,,,,1,0,0,0,0,,,,,,0,0,0,0,0,RCH
30987953,"2026-02-07 09:42:59","2026-02-07 09:42:59",A79866,"United States","United States",N589LW,,,,,,Thorp,T18,"Thorp T-18",589,,,,,,Private,,,1975,,,,0,,,,,,0,0,0,0,0,,,,,,0,0,0,0,0,GEN-T18
30987846,"2026-02-07 09:41:52","2026-02-07 09:41:52",A99DB1,"United States","United States",N719CC,,,,,,"Israel Aircraft Industries",WW24,"Israel Aircraft Industries 1124 Westwind",290,,,,,,"Avalair Aircraft Management LLC",,,1979,,,,0,,,,,,0,0,0,0,0,,,,,,0,0,0,0,0,GEN-WW24
30987571,"2026-02-07 09:38:36","2026-02-07 09:38:36",A9EF27,"United States","United States",N7392Q,,,,,,Cessna,C182,"Cessna 182P Skylane",18261032,,,,,,Private,,,,,,,0,,,,,,0,0,0,0,0,,,,,,0,0,0,0,0,GEN-C182
30987123,"2026-02-07 09:33:48","2026-02-07 09:33:48",A49913,"United States","United States",N396A,,,,,,Mooney,MITE,"Mooney M.18 Mite M.18L",57,,,,,,Private,,,1949,,,,0,,,,,,0,0,0,0,0,,,,,,0,0,0,0,0,GEN-MITE
30986772,"2026-02-07 09:30:16","2026-02-07 09:30:16",AC8919,"United States","United States",N9069R,,,,,,Cessna,C310,"Cessna 310C",35779,,,,,,Private,,,,,,,0,,,,,,0,0,0,0,0,,,,,,0,0,0,0,0,GEN-C310
30986163,"2026-02-07 09:23:40","2026-02-07 09:23:40",A039D6,"United States","United States",N1131C,,,,,,Piper,PA22,"Piper PA-22 Tri-Pacer",22-967,,,,,,Private,,,,,,,0,,,,,,0,0,0,0,0,,,,,,0,0,0,0,0,GEN-PA22
30985659,"2026-02-07 09:18:23","2026-02-07 09:18:23",A31C35,"United States","United States",N3SE,,,,,,Aerotechnik,L13S,"Aerotechnik Vivat L-13SEH",900330,,,,,,Private,,,1990,,,,0,,,,,,0,0,0,0,0,,,,,,0,0,0,0,0,GEN-L13S
30985620,"2026-02-07 09:17:59","2026-02-07 09:17:59",C091D7,Canada,Canada,C-IDFY,,,,,,Rotec,ULAC,"Rotec Rally 3",252821,,,,,,Private,,,,,,,0,,,,,,0,0,0,0,0,,,,,,0,0,0,0,0,GEN-ULAC
30985382,"2026-02-07 09:15:45","2026-02-07 09:15:45",C073B2,Canada,Canada,C-GRVD,,,,,,"Amateur Built",COOT,"Amateur Built Taylor Coot A","RV 1",,,,,,Private,,,,,,,0,,,,,,0,0,0,0,0,,,,,,0,0,0,0,0,GEN-COOT
30985218,"2026-02-07 09:14:04","2026-02-07 09:14:04",A1DF56,"United States","United States",N22GZ,,,,,,Rutan,LGEZ,"Rutan Long-Ez",1081,,,,,,Private,,,1997,,,,0,,,,,,0,0,0,0,0,,,,,,0,0,0,0,0,GEN-LGEZ
30984093,"2026-02-07 09:01:18","2026-02-07 09:01:18",A50C9A,"United States","United States",N424XT,,,,,,Dassault,FA20,"Dassault Falcon 20 F-5",316,,,,,,"Marklyn Jet Parts LLC",,,1974,,,,0,,,,,,0,0,0,0,0,,,,,,0,0,0,0,0,GEN-FA20
30984032,"2026-02-07 09:00:44","2026-02-07 09:00:44",A3AAC2,"United States","United States",N3350H,,,,,,ERCO,ERCO,"Ercoupe 415-C",3975,,,,,,Private,,,1946,,,,0,,,,,,0,0,0,0,0,,,,,,0,0,0,0,0,GEN-ERCO
30983070,"2026-02-07 08:50:20","2026-02-07 08:50:20",A18C89,"United States","United States",N1994L,,,,,,Beech,BE23,"Beech Musketeer A23-B19 Sport 150",MB-805,,,,,,Private,,,1976,,,,0,,,,,,0,0,0,0,0,,,,,,0,0,0,0,0,GEN-BE23
30981790,"2026-02-07 08:35:31","2026-02-07 08:35:31",ABE4E1,"United States","United States",N8658G,,,,,,Cessna,C150,"Cessna 150F",15062758,,,,,,Private,,,1966,,,,0,,,,,,0,0,0,0,0,,,,,,0,0,0,0,0,GEN-C150
30981476,"2026-02-07 08:32:02","2026-02-07 08:32:02",845CBA,Japan,Japan,JA10TG,,,,,,"Quest Aircraft Company",KODI,"Quest Aircraft Company Kodiak 100",100-0225,,,,,,"Setouchi Seaplanes",,,2017,,,,0,,,,,,0,0,0,0,0,,,,,,0,0,0,0,0,SSN
30980807,"2026-02-07 08:23:59","2026-02-07 08:23:59",384E03,France,France,F-BTQD,,,,,,Piper,P28A,"Piper PA-28 140 Cherokee E",28-7225314,,,,,,Private,,,1972,,,,0,,,,,,0,0,0,0,0,,,,,,0,0,0,0,0,GEN-P28A
30980119,"2026-02-07 08:15:39","2026-02-07 08:15:39",A0617D,"United States","United States",N1232H,,,,,,"Quest Aircraft Company",KODI,"Quest Aircraft Company Kodiak 100",100-0053,,,,,,"Aircraft Guaranty Corp Trustee",,,2011,,,,0,,,,,,0,0,0,0,0,,,,,,0,0,0,0,0,GEN-KODI
30979438,"2026-02-07 08:08:03","2026-02-07 08:08:03",A3FA5D,"United States","United States",N35540,,,,,,Cessna,C172,"Cessna 172I Skyhawk",17256821,,,,,,Private,,,1968,,,,0,,,,,,0,0,0,0,0,,,,,,0,0,0,0,0,GEN-C172
11102,"2021-11-08 16:26:52","2026-02-07 08:05:17",C87EE8,"New Zealand","New Zealand","",,,,"",,"",ZZZZ,"","",,,,,,"",,,,,,"",0,,,,,,0,0,0,0,0,Missing,,,"","",0,0,0,0,0,GEN-ZZZZ
766556,"2023-10-30 20:59:55","2026-02-07 08:05:17",43BF96,"United Kingdom","United Kingdom","",,,,"",,"",ZANT,"","",,,,,,"",,,,,,"",0,,,,,,0,0,0,0,0,Missing,,,"","",0,0,0,0,0,ZANT
30979081,"2026-02-07 08:03:55","2026-02-07 08:03:55",A46CA2,"United States","United States",N3841A,,,,,,Schweizer,GLID,"Schweizer SGU 2-22 C",62,,,,,,Private,,,,,,,0,,,,,,0,0,0,0,0,,,,,,0,0,0,0,0,GEN-GLID
30977495,"2026-02-07 07:45:26","2026-02-07 07:45:26",401AD0,"United Kingdom","United Kingdom",G-BBIH,,,,,,Enstrom,EN28,"Enstrom F-28 A-UK",026,,,,,,"Friebe France Aeronautique SARL",,,1968,,,,0,,,,,,0,0,0,0,0,,,,,,0,0,0,0,0,GEN-EN28
30977423,"2026-02-07 07:44:25","2026-02-07 07:44:25",4BB406,Turkey,Turkey,TC-CPF,,,,,,Boeing,B738,"Boeing 737NG 82R/W",40879,,,,,,"Pegasus Airlines",,,2012,,,,0,,,,,,0,0,0,0,0,,,,,,0,0,0,0,0,PGT
30977288,"2026-02-07 07:42:36","2026-02-07 07:42:36",155796,Russia,Russia,RA-87958,,,,,,Yakovlev,YK40,"Yakovlev Yak-40 K",9821957,,,,,,"Vladivostok Air",,,,,,,0,,,,,,0,0,0,0,0,,,,,,0,0,0,0,0,GEN-YK40
30977196,"2026-02-07 07:41:29","2026-02-07 07:41:29",A86429,"United States","United States",N64PB,,,,,,Cessna,C402,"Cessna 402C",402C0528,,,,,,Private,,,1981,,,,0,,,,,,0,0,0,0,0,,,,,,0,0,0,0,0,GEN-C402
30977075,"2026-02-07 07:40:09","2026-02-07 07:40:09",AC824C,"United States","United States",N905FR,,,,,,Airbus,A319,"Airbus A319 111",1583,,,,,,"Frontier Airlines",,,2001,,,,0,,,,,,0,0,0,0,0,,,,,,0,0,0,0,0,GEN-A319
30976569,"2026-02-07 07:33:37","2026-02-07 07:33:37",A2AA34,"United States","United States",N271AA,,,,,,"McDonnell Douglas",MD82,"McDonnell Douglas DC-9 82",49293,,,,,,"American Airlines",,,1985,,,,0,,,,,,0,0,0,0,0,,,,,,0,0,0,0,0,GEN-MD82
30976454,"2026-02-07 07:32:07","2026-02-07 07:32:07",AA0917,"United States","United States",N746CS,,,,,,Airbus,A343,"Airbus A340 313",146,,,,,,Iberia,,,1996,,,,0,,,,,,0,0,0,0,0,,,,,,0,0,0,0,0,GEN-A343
30976205,"2026-02-07 07:29:22","2026-02-07 07:29:22",A84BD2,"United States","United States",N6334N,,,,,,Rans,RS12,"Rans Airaile S-14",1094076,,,,,,Private,,,,,,,0,,,,,,0,0,0,0,0,,,,,,0,0,0,0,0,GEN-RS12
30975749,"2026-02-07 07:24:11","2026-02-07 07:24:11",A09D1D,"United States","United States",N139F,,,,,,Grumman,G44,"Grumman Widgeon G-44",1375,,,,,,"Operator Unknown",,,,,,,0,,,,,,0,0,0,0,0,,,,,,0,0,0,0,0,GEN-G44
30975718,"2026-02-07 07:23:42","2026-02-07 07:23:42",A8BEEE,"United States","United States",N66264,,,,,,Cessna,C150,"Cessna 150M",15075965,,,,,,Private,,,1974,,,,0,,,,,,0,0,0,0,0,,,,,,0,0,0,0,0,GEN-C150
30975599,"2026-02-07 07:22:14","2026-02-07 07:22:14",A90DF4,"United States","United States",N6827B,,,,,,Cessna,C210,"Cessna 210M Centurion",21062841,,,,,,Private,,,1978,,,,0,,,,,,0,0,0,0,0,,,,,,0,0,0,0,0,GEN-C210
30975402,"2026-02-07 07:19:49","2026-02-07 07:19:49",403ACF,"United Kingdom","United Kingdom",G-NIGL,,,,,,"Europa Aviation",EUPA,"Europa Aviation Europa","PFA 247-12775",,,,,,Private,,,1997,,,,0,,,,,,0,0,0,0,0,,,,,,0,0,0,0,0,GEN-EUPA
30975026,"2026-02-07 07:15:16","2026-02-07 07:15:16",ACD676,"United States","United States",N926WP,,,,,,Cessna,C150,"Cessna 150",17941,,,,,,Private,,,1960,,,,0,,,,,,0,0,0,0,0,,,,,,0,0,0,0,0,GEN-C150
30974948,"2026-02-07 07:14:26","2026-02-07 07:14:26",A2CB31,"United States","United States",N27963,,,,,,Rotec,ULAC,"Rotec Rally 3",64629,,,,,,Private,,,1982,,,,0,,,,,,0,0,0,0,0,,,,,,0,0,0,0,0,GEN-ULAC
30974387,"2026-02-07 07:07:53","2026-02-07 07:07:53",A2940E,"United States","United States",N2651C,,,,,,Cessna,C310,"Cessna 310",35051,,,,,,Private,,,,,,,0,,,,,,0,0,0,0,0,,,,,,0,0,0,0,0,GEN-C310
30973820,"2026-02-07 07:01:48","2026-02-07 07:01:48",06421E,Nigeria,Nigeria,5N-BWE,,,,,,Sikorsky,S92,"Sikorsky S-92 A",920288,,,,,,"Bristow Helicopters Nigeria",,,2015,,,,0,,,,,,0,0,0,0,0,,,,,,0,0,0,0,0,BHN
30973687,"2026-02-07 07:00:07","2026-02-07 07:00:07",AB8AD3,"United States","United States",N84283,,,,,,Aeronca,CH7A,"Aeronca Champion 7AC",7AC-2977,,,,,,Private,,,1946,,,,0,,,,,,0,0,0,0,0,,,,,,0,0,0,0,0,GEN-CH7A
30972670,"2026-02-07 06:48:02","2026-02-07 06:48:02",A86C14,"United States","United States",N64152,,,,,,Howard,FA62,"Howard PT-23A M-62C",400HO,,,,,,Private,,,1942,,,,0,,,,,,0,0,0,0,0,,,,,,0,0,0,0,0,GEN-FA62
30972423,"2026-02-07 06:45:05","2026-02-07 06:45:05",ADC1BB,"United States","United States",N986DB,,,,,,Vans,RV6,"Vans RV-6",60150,,,,,,Private,,,1998,,,,0,,,,,,0,0,0,0,0,,,,,,0,0,0,0,0,GEN-RV6
30972135,"2026-02-07 06:41:58","2026-02-07 06:41:58",A25DBE,"United States","United States",N2511P,,,,,,"Textron Aviation",BE58,"Textron Aviation Baron G58",TH-2511,,,,,,Private,,,2018,,,,0,,,,,,0,0,0,0,0,,,,,,0,0,0,0,0,GEN-BE58
30971862,"2026-02-07 06:38:42","2026-02-07 06:38:42",495256,Portugal,Portugal,CS-TRV,,,,,,"Avions de Transport Regional",AT46,"Avions de Transport Regional ATR 42 600",1016,,,,,,"PGA Portugalia Airlines",,,2014,,,,0,,,,,,0,0,0,0,0,,,,,,0,0,0,0,0,PGA
845127,"2023-12-03 13:33:57","2026-02-07 06:32:00",425250,"United Kingdom","United Kingdom","",,,,"",,"",FFLO,"","",,,,,,"",,,,,,"",0,,,,,,0,0,0,0,0,Missing,,,"","",0,0,0,0,0,GEN-FFLO
30971253,"2026-02-07 06:31:39","2026-02-07 06:31:39",AC993F,"United States","United States",N91010,,,,,,Stinson,L5,"Stinson Sentinel L-5",76-749,,,,,,Private,,,1943,,,,0,,,,,,0,0,0,0,0,,,,,,0,0,0,0,0,GEN-L5
30970714,"2026-02-07 06:25:22","2026-02-07 06:25:22",A0F67D,"United States","United States",N161ME,,,,,,Cessna,C172,"Cessna 172S Skyhawk SP",172S8441,,,,,,Private,,,2000,,,,0,,,,,,0,0,0,0,0,,,,,,0,0,0,0,0,GEN-C172
30968464,"2026-02-07 05:57:57","2026-02-07 05:57:57",47887F,Norway,Norway,LN-BSE,,,,,,"Textron Aviation",BE20,"Textron Aviation King Air 200GT",BY-329,,,,,,"Babcock Scandinavian Air Ambulance AS",,,2018,,,,0,,,,,,0,0,0,0,0,,,,,,0,0,0,0,0,GEN-BE20
30968000,"2026-02-07 05:52:34","2026-02-07 05:52:34",C030E9,Canada,Canada,C-FSNO,,,,,,"Amateur Built",ZZZZ,"Amateur Built PGK-1 Hirondelle",594,,,,,,Private,,,,,,,0,,,,,,0,0,0,0,0,,,,,,0,0,0,0,0,GEN-ZZZZ
30967192,"2026-02-07 05:42:33","2026-02-07 05:42:33",A501FE,"United States","United States",N4212K,,,,,,Ryan,NAVI,"Ryan Navion A",NAV-4-1212,,,,,,Private,,,1948,,,,0,,,,,,0,0,0,0,0,,,,,,0,0,0,0,0,GEN-NAVI
30967158,"2026-02-07 05:42:10","2026-02-07 05:42:10",AB838D,"United States","United States",N84098,,,,,,Aeronca,CH7A,"Aeronca Champion 7AC",7AC-2784,,,,,,Private,,,1946,,,,0,,,,,,0,0,0,0,0,,,,,,0,0,0,0,0,GEN-CH7A
30966815,"2026-02-07 05:38:01","2026-02-07 05:38:01",AB5FA7,"United States","United States",N8319C,,,,,,Piper,P28A,"Piper PA-28 181 Archer II",28-7690114,,,,,,Private,,,1975,,,,0,,,,,,0,0,0,0,0,,,,,,0,0,0,0,0,GEN-P28A
30966161,"2026-02-07 05:30:06","2026-02-07 05:30:06",C05779,Canada,Canada,C-GHDG,,,,,,Cessna,C205,"Cessna 205",205-0027,,,,,,Private,,,1962,,,,0,,,,,,0,0,0,0,0,,,,,,0,0,0,0,0,GEN-C205
30964397,"2026-02-07 05:07:27","2026-02-07 05:07:27",896374,"United Arab Emirates","United Arab Emirates",A6-DCC,,,,,,Airbus,A332,"Airbus A330 243F",1414,,,,,,"Etihad Airways",,,2013,,,,0,,,,,,0,0,0,0,0,,,,,,0,0,0,0,0,ETD
30963948,"2026-02-07 05:01:27","2026-02-07 05:01:27",ADE075,"United States","United States",N9932Q,,,,,,Cessna,C172,"Cessna 172M Skyhawk",17265876,,,,,,Private,,,,,,,0,,,,,,0,0,0,0,0,,,,,,0,0,0,0,0,GEN-C172
30963917,"2026-02-07 05:01:01","2026-02-07 05:01:01",4B407C,Switzerland,Switzerland,HB-YKY,,,,,,"Dyn Aero",MCR1,"Dyn Aero MCR-01",50,,,,,,Private,,,,,,,0,,,,,,0,0,0,0,0,,,,,,0,0,0,0,0,GEN-MCR1
30963726,"2026-02-07 04:58:53","2026-02-07 04:58:53",A28A27,"United States","United States",N263AE,,,,,,SAAB,SF34,"SAAB 340 B",263,,,,,,"American Eagle Airlines",,,1991,,,,0,,,,,,0,0,0,0,0,,,,,,0,0,0,0,0,GEN-SF34
30963188,"2026-02-07 04:51:39","2026-02-07 04:51:39",1501C7,Russia,Russia,RF-95951,,,,,,Tupolev,T134,"Tupolev Tu-134 A-3",63845,,,,,,"Russian Air Force",,,,,,,0,,,,,,1,0,0,0,0,,,,,,0,0,0,0,0,
30962894,"2026-02-07 04:47:46","2026-02-07 04:47:46",A7C53F,"United States","United States",N60DP,,,,,,Piccard,BALL,"Piccard AX.6 Hot Air Balloon",778,,,,,,Private,,,1976,,,,0,,,,,,0,0,0,0,0,,,,,,0,0,0,0,0,GEN-BALL
30962868,"2026-02-07 04:47:20","2026-02-07 04:47:20",A33F6A,"United States","United States",N3080H,,,,,,ERCO,ERCO,"Ercoupe 415-C",3705,,,,,,Private,,,,,,,0,,,,,,0,0,0,0,0,,,,,,0,0,0,0,0,GEN-ERCO
30962866,"2026-02-07 04:47:12","2026-02-07 04:47:12",AAB5E4,"United States","United States",N79CF,,,,,,Beech,BE20,"Beech King Air B200",BB-441,,,,,,"Bering Air",,,,,,,0,,,,,,0,0,0,0,0,,,,,,0,0,0,0,0,BRG
30961841,"2026-02-07 04:32:37","2026-02-07 04:32:37",A7E018,"United States","United States",N6061V,,,,,,"MD Helicopters",H500,"MD Helicopters 369 FF",0260FF,,,,,,Private,,,,,,,0,,,,,,0,0,0,0,0,,,,,,0,0,0,0,0,GEN-H500
30960737,"2026-02-07 04:18:14","2026-02-07 04:18:14",3D3261,Germany,Germany,D-ERIF,,,,,,Piper,P28T,"Piper PA-28R T-201T Turbo Arrow IV",28R-8131163,,,,,,Private,,,1981,,,,0,,,,,,0,0,0,0,0,,,,,,0,0,0,0,0,GEN-P28T
30958821,"2026-02-07 03:52:42","2026-02-07 03:52:42",A5E25F,"United States","United States",N47884,,,,,,Taylorcraft,TAYD,"Taylorcraft L-2M Grasshopper",L-6283,,,,,,Private,,,1944,,,,0,,,,,,0,0,0,0,0,,,,,,0,0,0,0,0,GEN-TAYD
30958205,"2026-02-07 03:44:23","2026-02-07 03:44:23",A502C6,"United States","United States",N4218,,,,,,AMD,CH60,"AMD Zenair Zodiac CH 601 XL SLSA",601-068S,,,,,,Private,,,2008,,,,0,,,,,,0,0,0,0,0,,,,,,0,0,0,0,0,GEN-CH60
30957831,"2026-02-07 03:39:38","2026-02-07 03:39:38",401645,"United Kingdom","United Kingdom",G-ATHM,,,,,,"Wallis Autogyros",GYRO,"Wallis Autogyros WA116 F",211,,,,,,Private,,,1965,,,,0,,,,,,0,0,0,0,0,,,,,,0,0,0,0,0,GEN-GYRO
30957443,"2026-02-07 03:34:33","2026-02-07 03:34:33",391850,France,France,F-GGCQ,,,,,,"Sud Aviation",ALO2,"Sud Aviation Alouette Astazou SA.318C",1348,,,,,,Private,,,,,,,0,,,,,,0,0,0,0,0,,,,,,0,0,0,0,0,GEN-ALO2
30956985,"2026-02-07 03:27:47","2026-02-07 03:27:47",A69C61,"United States","United States",N525JZ,,,,,,Cessna,C560,"Cessna Citation Ultra",560-0277,,,,,,"Jetz Service Co Inc",,,,,,,0,,,,,,0,0,0,0,0,,,,,,0,0,0,0,0,GEN-C560
30956912,"2026-02-07 03:26:51","2026-02-07 03:26:51",A4BA24,"United States","United States",N4030F,,,,,,"MD Helicopters",EXPL,"MD Helicopters MD 900 Explorer",900-00133,,,,,,Private,,,,,,,0,,,,,,0,0,0,0,0,,,,,,0,0,0,0,0,GEN-EXPL
30956466,"2026-02-07 03:20:19","2026-02-07 03:20:19",704C22,Myanmar,Myanmar,XY-AMH,,,,,,"Avions de Transport Regional",AT76,"Avions de Transport Regional ATR 72 600",1109,,,,,,"FMI Air",,,2013,,,,0,,,,,,0,0,0,0,0,,,,,,0,0,0,0,0,FMI
30955407,"2026-02-07 03:06:32","2026-02-07 03:06:32",A6B699,"United States","United States",N53104,,,,,,Cessna,C150,"Cessna 150J",15069909,,,,,,Private,,,1968,,,,0,,,,,,0,0,0,0,0,,,,,,0,0,0,0,0,GEN-C150
30955046,"2026-02-07 03:01:16","2026-02-07 03:01:16",403E90,"United Kingdom","United Kingdom",G-BXOT,,,,,,Cameron,BALL,"Cameron C-70 Hot Air Balloon",4200,,,,,,Private,,,1997,,,,0,,,,,,0,0,0,0,0,,,,,,0,0,0,0,0,GEN-BALL
30955038,"2026-02-07 03:01:09","2026-02-07 03:01:09",A6DF0B,"United States","United States",N54172,,,,,,Cessna,C172,"Cessna 172P Skyhawk",17274902,,,,,,Private,,,1981,,,,0,,,,,,0,0,0,0,0,,,,,,0,0,0,0,0,GEN-C172
30954449,"2026-02-07 02:53:18","2026-02-07 02:53:18",C06809,Canada,Canada,C-GNKI,,,,,,Bombardier,GL7T,"Bombardier Global 7500",70061,,,,,,"Bombardier Inc",,,2020,,,,0,,,,,,0,0,0,0,0,,,,,,0,0,0,0,0,GEN-GL7T
30954206,"2026-02-07 02:50:15","2026-02-07 02:50:15",C07B3D,Canada,Canada,C-GURK,,,,,,Dassault,FA7X,"Dassault Falcon 7X",172,,,,,,"Mark Anthony Group Inc",,,2012,,,,0,,,,,,0,0,0,0,0,,,,,,0,0,0,0,0,GEN-FA7X
30953980,"2026-02-07 02:47:18","2026-02-07 02:47:18",AA6712,"United States","United States",N77E,,,,,,Beech,BE35,"Beech Bonanza C35",D-2968,,,,,,Private,,,1951,,,,0,,,,,,0,0,0,0,0,,,,,,0,0,0,0,0,GEN-BE35
30953367,"2026-02-07 02:39:19","2026-02-07 02:39:19",A68F44,"United States","United States",N5212A,,,,,,Cessna,C310,"Cessna 310",35412,,,,,,Private,,,,,,,0,,,,,,0,0,0,0,0,,,,,,0,0,0,0,0,GEN-C310
30952865,"2026-02-07 02:32:30","2026-02-07 02:32:30",4B2B39,Switzerland,Switzerland,HB-QJP,,,,,,"Schroeder Fire Balloons",BALL,"Schroeder Fire Balloons G34/24 Hot Air Balloon",915,,,,,,Private,,,,,,,0,,,,,,0,0,0,0,0,,,,,,0,0,0,0,0,GEN-BALL
30952761,"2026-02-07 02:31:18","2026-02-07 02:31:18",14B665,Russia,Russia,RA-46693,,,,,,Antonov,AN24,"Antonov An-24 RV",47309904,,,,,,"Turukhan Avia",,,,,,,0,,,,,,0,0,0,0,0,,,,,,0,0,0,0,0,GEN-AN24
30952030,"2026-02-07 02:21:45","2026-02-07 02:21:45",4B2199,Switzerland,Switzerland,HB-MSV,,,,,,"Cap Aviation",CP23,"Cap Aviation CAP-231",11,,,,,,Private,,,,,,,0,,,,,,0,0,0,0,0,,,,,,0,0,0,0,0,GEN-CP23
30951327,"2026-02-07 02:12:56","2026-02-07 02:12:56",A1BC3E,"United States","United States",N21025,,,,,,Aeronca,ZZZZ,"Aeronca KCA Chief",KCA-10,,,,,,Private,,,1938,,,,0,,,,,,0,0,0,0,0,,,,,,0,0,0,0,0,GEN-ZZZZ
30951141,"2026-02-07 02:10:32","2026-02-07 02:10:32",C06339,Canada,Canada,C-GLOY,,,,,,Bombardier,GL7T,"Bombardier Global 7500",70054,,,,,,"Bombardier Inc",,,2020,,,,0,,,,,,0,0,0,0,0,,,,,,0,0,0,0,0,GEN-GL7T
30950843,"2026-02-07 02:06:22","2026-02-07 02:06:22",A800BE,"United States","United States",N61454,,,,,,Piper,PA31,"Piper PA-31 350 Navajo Chieftain",31-7405479,,,,,,Private,,,1974,,,,0,,,,,,0,0,0,0,0,,,,,,0,0,0,0,0,GEN-PA31
30950520,"2026-02-07 02:02:08","2026-02-07 02:02:08",402527,"United Kingdom","United Kingdom",G-SEVA,,,,,,"Replica Planes",SE5R,"Replica Planes S.E.5A Scale Replica","PFA 020-10955",,,,,,Private,,,1987,,,,0,,,,,,0,0,0,0,0,,,,,,0,0,0,0,0,GEN-SE5R
30950042,"2026-02-07 01:56:05","2026-02-07 01:56:05",A7A443,"United States","United States",N59155,,,,,,Beech,BE35,"Beech Bonanza V35",D-8120,,,,,,Private,,,,,,,0,,,,,,0,0,0,0,0,,,,,,0,0,0,0,0,GEN-BE35
30948998,"2026-02-07 01:41:52","2026-02-07 01:41:52",A80058,"United States","United States",N61427,,,,,,"Zénith",CH60,"Zénith Zenair Zodiac CH 601 HD",JAW-1,,,,,,Private,,,2002,,,,0,,,,,,0,0,0,0,0,,,,,,0,0,0,0,0,GEN-CH60
30948527,"2026-02-07 01:35:27","2026-02-07 01:35:27",A67722,"United States","United States",N51550,,,,,,"Raven Aerostar",BALL,"Raven Aerostar S-50A Hot Air Balloon",S50A-223,,,,,,Private,,,,,,,0,,,,,,0,0,0,0,0,,,,,,0,0,0,0,0,GEN-BALL
30947525,"2026-02-07 01:21:54","2026-02-07 01:21:54",ACC594,"United States","United States",N92197,,,,,,Cessna,C182,"Cessna 182N Skylane",18260083,,,,,,Private,,,1969,,,,0,,,,,,0,0,0,0,0,,,,,,0,0,0,0,0,GEN-C182
30947377,"2026-02-07 01:19:51","2026-02-07 01:19:51",AB0C56,"United States","United States",N8104X,,,,,,Cessna,C172,"Cessna 172B Skyhawk",48604,,,,,,Private,,,1961,,,,0,,,,,,0,0,0,0,0,,,,,,0,0,0,0,0,GEN-C172
30946066,"2026-02-07 01:02:14","2026-02-07 01:02:14",AB3F8C,"United States","United States",N82383,,,,,,Aeronca,CH7A,"Aeronca Champion 7AC",7AC-1016,,,,,,Private,,,1946,,,,0,,,,,,0,0,0,0,0,,,,,,0,0,0,0,0,GEN-CH7A
30945569,"2026-02-07 00:55:42","2026-02-07 00:55:42",4B51EE,Switzerland,Switzerland,HB-3399,,,,,,Schempp-Hirth,NIMB,"Schempp-Hirth Nimbus 2",60,,,,,,Private,,,1974,,,,0,,,,,,0,0,0,0,0,,,,,,0,0,0,0,0,GEN-NIMB
536058,"2026-02-07 00:50:48","2026-02-07 00:50:48",3EA77F,Germany,Germany,30+80,,,,,,Eurofighter,EUFI,"Eurofighter Typhoon EF2000",,,,,,,"German Air Force",,,,,,"JT: 2026-02-07 00:50:48",0,,,,,,1,0,0,0,0,,,,,,0,0,0,0,0,GAF-EUFI
1058894,"2026-02-07 00:50:48","2026-02-07 00:50:48",3F9DA8,Germany,Germany,63+02,,,,,,Panavia,P8,"",,,,,,,"German Navy",,,,,,"JT: 2026-02-07 00:50:48",0,,,,,,1,0,0,0,0,,,,,,0,0,0,0,0,GNY-P8
28244885,"2026-02-07 00:50:48","2026-02-07 00:50:48",3F45D6,Germany,Germany,75+56,,,,,,,EC45,"Airbus Helicopters H-145M",,,,,,,"German Army",,,,,,"JT: 2026-02-07 00:50:48",0,,,,,,1,0,0,0,0,,,,,,0,0,0,0,0,GAM-EC45
28271043,"2026-02-07 00:50:48","2026-02-07 00:50:48",3F7C94,Germany,Germany,75+02,,,,,,,EC45,"Airbus Helicopters H-145M",,,,,,,"German Army",,,,,,"JT: 2026-02-07 00:50:48",0,,,,,,1,0,0,0,0,,,,,,0,0,0,0,0,GAM-EC45
28271573,"2026-02-07 00:50:48","2026-02-07 00:50:48",3EB91D,Germany,Germany,31+32,,,,,,,EUFI,"Eurofighter Typhoon EF2000",,,,,,,"German Air Force",,,,,,"JT: 2026-02-07 00:50:48",0,,,,,,1,0,0,0,0,,,,,,0,0,0,0,0,GAF-EUFI
28271920,"2026-02-07 00:50:48","2026-02-07 00:50:48",3F91DA,Germany,Germany,31+49,,,,,,,EUFI,"Eurofighter Typhoon EF2000",,,,,,,"German Air Force",,,,,,"JT: 2026-02-07 00:50:48",0,,,,,,1,0,0,0,0,,,,,,0,0,0,0,0,GAF-EUFI
28748637,"2026-02-07 00:50:48","2026-02-07 00:50:48",3E8E2D,Germany,Germany,30+52,,,,,,,EUFI,"Eurofighter Typhoon EF2000",,,,,,,"German Air Force",,,,,,"JT: 2026-02-07 00:50:48",0,,,,,,1,0,0,0,0,,,,,,0,0,0,0,0,GAF-EUFI
28751406,"2026-02-07 00:50:48","2026-02-07 00:50:48",3E80F0,Germany,Germany,31+09,,,,,,,EUFI,"Eurofighter Typhoon EF2000",,,,,,,"German Air Force",,,,,,"JT: 2026-02-07 00:50:48",0,,,,,,1,0,0,0,0,,,,,,0,0,0,0,0,GAF-EUFI
28877722,"2026-02-07 00:50:48","2026-02-07 00:50:48",3F6539,Germany,Germany,76+??,,,,,,,EC45,"Airbus Helicopters H-145M",,,,,,,"German Army",,,,,,"JT: 2026-02-07 00:50:48",0,,,,,,1,0,0,0,0,,,,,,0,0,0,0,0,GAM-EC45
29101664,"2026-02-07 00:50:48","2026-02-07 00:50:48",3F541D,Germany,Germany,79+15,,,,,,,NH90,"NHIndustries NH90-TTH",,,,,,,"German Army",,,,,,"JT: 2026-02-07 00:50:48",0,,,,,,1,0,0,0,0,,,,,,0,0,0,0,0,GAM-NH90
29101678,"2026-02-07 00:50:48","2026-02-07 00:50:48",3F78FB,Germany,Germany,30+96,,,,,,,EUFI,"Eurofighter Typhoon EF2000",,,,,,,"German Air Force",,,,,,"JT: 2026-02-07 00:50:48",0,,,,,,1,0,0,0,0,,,,,,0,0,0,0,0,GAF-EUFI
29487822,"2026-02-07 00:50:48","2026-02-07 00:50:48",3E9644,Germany,Germany,3?+??,,,,,,,EUFI,"Eurofighter Typhoon EF2000",,,,,,,"German Air Force",,,,,,"JT: 2026-02-07 00:50:48",0,,,,,,1,0,0,0,0,,,,,,0,0,0,0,0,GAF-EUFI
29488343,"2026-02-07 00:50:48","2026-02-07 00:50:48",3F8A88,Germany,Germany,45+67,,,,,,,TOR,"Panavia Tornado",,,,,,,"German Air Force",,,,,,"JT: 2026-02-07 00:50:48",0,,,,,,1,0,0,0,0,,,,,,0,0,0,0,0,GAF-TOR
29488396,"2026-02-07 00:50:48","2026-02-07 00:50:48",3E8B22,Germany,Germany,74+??,,,,,,,TIGR,"Eurocopter EC.665 Tiger",,,,,,,"German Army",,,,,,"JT: 2026-02-07 00:50:48",0,,,,,,1,0,0,0,0,,,,,,0,0,0,0,0,GAM-TIGR
29488445,"2026-02-07 00:50:48","2026-02-07 00:50:48",3EB387,Germany,Germany,74+??,,,,,,,TIGR,"Eurocopter EC.665 Tiger",,,,,,,"German Army",,,,,,"JT: 2026-02-07 00:50:48",0,,,,,,1,0,0,0,0,,,,,,0,0,0,0,0,GAM-TIGR
29488602,"2026-02-07 00:50:48","2026-02-07 00:50:48",3FB8CF,Germany,Germany,74+??,,,,,,,TIGR,"Eurocopter EC.665 Tiger",,,,,,,"German Army",,,,,,"JT: 2026-02-07 00:50:48",0,,,,,,1,0,0,0,0,,,,,,0,0,0,0,0,GAM-TIGR
29488663,"2026-02-07 00:50:48","2026-02-07 00:50:48",3EA801,Germany,Germany,76+??,,,,,,,EC45,"Airbus Helicopters H-145M",,,,,,,"German Army",,,,,,"JT: 2026-02-07 00:50:48",0,,,,,,1,0,0,0,0,,,,,,0,0,0,0,0,GAM-EC45
29488805,"2026-02-07 00:50:48","2026-02-07 00:50:48",3F84DA,Germany,Germany,31+03,,,,,,,EUFI,"Eurofighter Typhoon EF2000",,,,,,,"German Air Force",,,,,,"JT: 2026-02-07 00:50:48",0,,,,,,1,0,0,0,0,,,,,,0,0,0,0,0,GAF-EUFI
29488986,"2026-02-07 00:50:48","2026-02-07 00:50:48",3F5569,Germany,Germany,7?+??,,,,,,,NH90,"NHIndustries NH90-TTH",,,,,,,"German Army",,,,,,"JT: 2026-02-07 00:50:48",0,,,,,,1,0,0,0,0,,,,,,0,0,0,0,0,GAM-NH90
29489014,"2026-02-07 00:50:48","2026-02-07 00:50:48",3F6BB7,Germany,Germany,7?+??,,,,,,,NH90,"NHIndustries NH90-TTH",,,,,,,"German Army",,,,,,"JT: 2026-02-07 00:50:48",0,,,,,,1,0,0,0,0,,,,,,0,0,0,0,0,GAM-NH90
29489016,"2026-02-07 00:50:48","2026-02-07 00:50:48",3F6C0A,Germany,Germany,7?+??,,,,,,,NH90,"NHIndustries NH90-TTH",,,,,,,"German Army",,,,,,"JT: 2026-02-07 00:50:48",0,,,,,,1,0,0,0,0,,,,,,0,0,0,0,0,GAM-NH90
29489200,"2026-02-07 00:50:48","2026-02-07 00:50:48",3F6153,Germany,Germany,79+40,,,,,,,NH90,"NHIndustries NH90-TTH",,,,,,,"German Army",,,,,,"JT: 2026-02-07 00:50:48",0,,,,,,1,0,0,0,0,,,,,,0,0,0,0,0,GAM-NH90
29489448,"2026-02-07 00:50:48","2026-02-07 00:50:48",3E8490,Germany,Germany,8?+??,,,,,,,H53,"Sikorsky CH-53GA Stallion",,,,,,,"German Air Force",,,,,,"JT: 2026-02-07 00:50:48",0,,,,,,1,0,0,0,0,,,,,,0,0,0,0,0,GAF-H53
29489778,"2026-02-07 00:50:48","2026-02-07 00:50:48",3F7F91,Germany,Germany,8?+??,,,,,,,H53,"Sikorsky CH-53GA Stallion",,,,,,,"German Air Force",,,,,,"JT: 2026-02-07 00:50:48",0,,,,,,1,0,0,0,0,,,,,,0,0,0,0,0,GAF-H53
29489863,"2026-02-07 00:50:48","2026-02-07 00:50:48",3F9F9F,Germany,Germany,8?+??,,,,,,,H53,"Sikorsky CH-53GA Stallion",,,,,,,"German Air Force",,,,,,"JT: 2026-02-07 00:50:48",0,,,,,,1,0,0,0,0,,,,,,0,0,0,0,0,GAF-H53
29552030,"2026-02-07 00:50:48","2026-02-07 00:50:48",3F642B,Germany,Germany,76+??,,,,,,,EC45,"Airbus Helicopters H-145M",,,,,,,"German Army",,,,,,"JT: 2026-02-07 00:50:48",0,,,,,,1,0,0,0,0,,,,,,0,0,0,0,0,GAM-EC45
29702274,"2026-02-07 00:50:48","2026-02-07 00:50:48",3EB684,Germany,Germany,44+34,,,,,,,TOR,"Panavia Tornado",,,,,,,"German Air Force",,,,,,"JT: 2026-02-07 00:50:48",0,,,,,,1,0,0,0,0,,,,,,0,0,0,0,0,GAF-TOR
29702662,"2026-02-07 00:50:48","2026-02-07 00:50:48",3E8A00,Germany,Germany,8?+??,,,,,,,H53,"Sikorsky CH-53GA Stallion",,,,,,,"German Air Force",,,,,,"JT: 2026-02-07 00:50:48",0,,,,,,1,0,0,0,0,,,,,,0,0,0,0,0,GAF-H53
30942702,"2026-02-07 00:17:01","2026-02-07 00:17:01",A2BB86,"United States","United States",N27506,,,,,,Embraer,E135,"Embraer ERJ-135 ER",145206,,,,,,"Continental Express",,,,,,,0,,,,,,0,0,0,0,0,,,,,,0,0,0,0,0,GEN-E135
30942374,"2026-02-07 00:12:40","2026-02-07 00:12:40",A675F7,"United States","United States",N515WA,,,,,,"Raytheon Aircraft Company",BE40,"Raytheon Aircraft Company 400 A",RK-215,,,,,,"N400LZ Leasing LLC",,,,,,,0,,,,,,0,0,0,0,0,,,,,,0,0,0,0,0,GEN-BE40
30941682,"2026-02-07 00:04:16","2026-02-07 00:04:16",A673A4,"United States","United States",N5147M,,,,,,Galaxy,BALL,"Galaxy 11 Hot Air Balloon",GLX-10211,,,,,,Private,,,1997,,,,0,,,,,,0,0,0,0,0,,,,,,0,0,0,0,0,GEN-BALL
30941462,"2026-02-07 00:01:24","2026-02-07 00:01:24",C07D89,Canada,Canada,C-GVOA,,,,,,Eurocopter,AS50,"Eurocopter Squirrel AS.350 B3",3312,,,,,,"Taiga Helicopters (1993) Ltd",,,,,,,0,,,,,,0,0,0,0,0,,,,,,0,0,0,0,0,GEN-AS50
