AircraftID,FirstCreated,LastModified,ModeS,ModeSCountry,Country,Registration,CurrentRegDate,PreviousID,FirstRegDate,Status,DeRegDate,Manufacturer,ICAOTypeCode,Type,SerialNo,PopularName,GenericName,AircraftClass,Engines,OwnershipStatus,RegisteredOwners,MTOW,TotalHours,YearBuilt,CofACategory,CofAExpiry,UserNotes,Interested,UserTag,InfoURL,PictureURL1,PictureURL2,PictureURL3,UserBool1,UserBool2,UserBool3,UserBool4,UserBool5,UserString1,UserString2,UserString3,UserString4,UserString5,UserInt1,UserInt2,UserInt3,UserInt4,UserInt5,OperatorFlagCode
29038311,"2026-01-21 23:59:59","2026-01-21 23:59:59",AB6AE0,"United States","United States",N8349Y,,,,,,Piper,PA30,"Piper PA-30 160 Twin Comanche B",30-1496,,,,,,Private,,,1967,,,,0,,,,,,0,0,0,0,0,,,,,,0,0,0,0,0,GEN-PA30
29037960,"2026-01-21 23:55:20","2026-01-21 23:55:20",A9AA12,"United States","United States",N7213P,,,,,,Piper,PA24,"Piper PA-24 250 Comanche",24-2383,,,,,,Private,,,,,,,0,,,,,,0,0,0,0,0,,,,,,0,0,0,0,0,GEN-PA24
29037348,"2026-01-21 23:47:07","2026-01-21 23:47:07",4039B0,"United Kingdom","United Kingdom",G-BVUC,,,,,,Colt,BALL,"Colt 56A Hot Air Balloon",2608,,,,,,Private,,,,,,,0,,,,,,0,0,0,0,0,,,,,,0,0,0,0,0,GEN-BALL
29036634,"2026-01-21 23:37:49","2026-01-21 23:37:49",A94D76,"United States","United States",N699PM,,,,,,Bombardier,LJ60,"Bombardier Learjet 60",60-345,,,,,,"Jet Sales of Stuart LLC",,,,,,,0,,,,,,0,0,0,0,0,,,,,,0,0,0,0,0,GEN-LJ60
29035981,"2026-01-21 23:29:01","2026-01-21 23:29:01",A999C3,"United States","United States",N71799,,,,,,Luscombe,L8,"Luscombe Silvaire 8A",3226,,,,,,Private,,,,,,,0,,,,,,0,0,0,0,0,,,,,,0,0,0,0,0,GEN-L8
29035618,"2026-01-21 23:24:05","2026-01-21 23:24:05",06A0E1,Qatar,Qatar,A7-AMB,,,,,,Airbus,A359,"Airbus A350 941",64,,,,,,"Qatar Airways",,,2016,,,,0,,,,,,0,0,0,0,0,,,,,,0,0,0,0,0,QTR
29035340,"2026-01-21 23:20:28","2026-01-21 23:20:28",A62871,"United States","United States",2871,,,,,,Bell,B407,"Bell 407 GX",54319,,,,,,"United Arab Emirates Air Force",,,,,,,0,,,,,,1,0,0,0,0,,,,,,0,0,0,0,0,
29034705,"2026-01-21 23:11:39","2026-01-21 23:11:39",4A348A,Romania,Romania,YR-MDJ,,,,,,"McDonnell Douglas",MD81,"McDonnell Douglas DC-9 81",48053,,,,,,"Jetran Air",,,1981,,,,0,,,,,,0,0,0,0,0,,,,,,0,0,0,0,0,GEN-MD81
29034112,"2026-01-21 23:04:37","2026-01-21 23:04:37",A85691,"United States","United States",N6361R,,,,,,Piper,P28A,"Piper PA-28 140 Cherokee",28-21532,,,,,,Private,,,1966,,,,0,,,,,,0,0,0,0,0,,,,,,0,0,0,0,0,GEN-P28A
29034094,"2026-01-21 23:04:16","2026-01-21 23:04:16",A08656,"United States","United States",N133A,,,,,,"Aero Commander",AC68,"Aero Commander Twin Commander 680FL",680FL-1321-7,,,,,,Private,,,1963,,,,0,,,,,,0,0,0,0,0,,,,,,0,0,0,0,0,GEN-AC68
29033256,"2026-01-21 22:52:57","2026-01-21 22:52:57",4B0CA4,Switzerland,Switzerland,HB-EUM,,,,,,Robin,HR10,"Robin HR.100 210 Safari",174,,,,,,Private,,,1973,,,,0,,,,,,0,0,0,0,0,,,,,,0,0,0,0,0,GEN-HR10
29033241,"2026-01-21 22:52:46","2026-01-21 22:52:46",A91728,"United States","United States",N685Q,,,,,,"Aero Commander",AC68,"Aero Commander Twin Commander 685",685-12038,,,,,,Private,,,,,,,0,,,,,,0,0,0,0,0,,,,,,0,0,0,0,0,GEN-AC68
29032699,"2026-01-21 22:44:57","2026-01-21 22:44:57",AD14AB,"United States","United States",N942AW,,,,,,"Textron Aviation",C56X,"Textron Aviation Citation XLS+",560-6245,,,,,,"Textron Aviation Inc",,,2018,,,,0,,,,,,0,0,0,0,0,,,,,,0,0,0,0,0,GEN-C56X
29032509,"2026-01-21 22:42:09","2026-01-21 22:42:09",A549A8,"United States","United States",N44QF,,,,,,Bombardier,CL60,"Bombardier Challenger 605",5894,,,,,,"Cosmos Air LLC",,,2012,,,,0,,,,,,0,0,0,0,0,,,,,,0,0,0,0,0,GEN-CL60
29031848,"2026-01-21 22:33:21","2026-01-21 22:33:21",A6C9D9,"United States","United States",N53652,,,,,,Cessna,C337,"Cessna 337G Super Skymaster",33701758,,,,,,Private,,,,,,,0,,,,,,0,0,0,0,0,,,,,,0,0,0,0,0,GEN-C337
29031388,"2026-01-21 22:27:42","2026-01-21 22:27:42",AB7CB6,"United States","United States",N8394J,,,,,,Cessna,C150,"Cessna 150G",15066294,,,,,,Private,,,,,,,0,,,,,,0,0,0,0,0,,,,,,0,0,0,0,0,GEN-C150
29030625,"2026-01-21 22:18:06","2026-01-21 22:18:06",A64CE7,"United States","United States",N505E,,,,,,Beech,BE35,"Beech Bonanza M35",D-6551,,,,,,Private,,,,,,,0,,,,,,0,0,0,0,0,,,,,,0,0,0,0,0,GEN-BE35
29030420,"2026-01-21 22:15:33","2026-01-21 22:15:33",A2A0FE,"United States","United States",N269FW,,,,,,Schweizer,H269,"Schweizer 269 C",S1431,,,,,,Private,,,,,,,0,,,,,,0,0,0,0,0,,,,,,0,0,0,0,0,GEN-H269
29030418,"2026-01-21 22:15:28","2026-01-21 22:15:28",AC75CC,"United States","United States",N9014E,,,,,,Aeronca,AR11,"Aeronca Chief 11AC",11AC-645,,,,,,Private,,,1946,,,,0,,,,,,0,0,0,0,0,,,,,,0,0,0,0,0,GEN-AR11
29030377,"2026-01-21 22:15:00","2026-01-21 22:15:00",AA37E0,"United States","United States",N758BF,,,,,,Cessna,C172,"Cessna R172K Hawk XP",R1722959,,,,,,Private,,,1979,,,,0,,,,,,0,0,0,0,0,,,,,,0,0,0,0,0,GEN-C172
29030366,"2026-01-21 22:14:49","2026-01-21 22:14:49",A0A265,"United States","United States",N14XA,,,,,,"Dassault-Breguet Dornier",AJET,"Dassault-Breguet Dornier Alpha Jet",0014,,,,,,"Top Aces Inc",,,,,,,0,,,,,,0,0,0,0,0,,,,,,0,0,0,0,0,GEN-AJET
29030150,"2026-01-21 22:11:59","2026-01-21 22:11:59",A3042A,"United States","United States",N29382,,,,,,Culver,CUCA,"Culver Cadet LCA",171,,,,,,Private,,,,,,,0,,,,,,0,0,0,0,0,,,,,,0,0,0,0,0,GEN-CUCA
29029697,"2026-01-21 22:06:29","2026-01-21 22:06:29",A0984F,"United States","United States",N1375X,,,,,,Bell,B47G,"Bell 47G-5",7840,,,,,,Private,,,,,,,0,,,,,,0,0,0,0,0,,,,,,0,0,0,0,0,GEN-B47G
29028372,"2026-01-21 21:49:49","2026-01-21 21:49:49",0D81CA,Venezuela,Venezuela,YV540T,,,,,,Cessna,C56X,"Cessna Citation Excel",560-5282,,,,,,"Chopper Dynamix Inc",,,,,,,0,,,,,,0,0,0,0,0,,,,,,0,0,0,0,0,GEN-C56X
29028165,"2026-01-21 21:46:39","2026-01-21 21:46:39",448AC6,Belgium,Belgium,OO-BVF,,,,,,Cameron,BALL,"Cameron Z-105 Hot Air Balloon",10410,,,,,,Private,,,,,,,0,,,,,,0,0,0,0,0,,,,,,0,0,0,0,0,GEN-BALL
29027806,"2026-01-21 21:42:23","2026-01-21 21:42:23",A87F3B,"United States","United States",N647,,,,,,Lockheed,T33,"Lockheed T-33A 1-LO",580-6544,,,,,,Private,,,,,,,0,,,,,,0,0,0,0,0,,,,,,0,0,0,0,0,GEN-T33
29027432,"2026-01-21 21:38:07","2026-01-21 21:38:07",AB4217,"United States","United States",N8240H,,,,,,Beech,BE36,"Beech Bonanza A36",E-2657,,,,,,Private,,,1991,,,,0,,,,,,0,0,0,0,0,,,,,,0,0,0,0,0,GEN-BE36
29027059,"2026-01-21 21:34:03","2026-01-21 21:34:03",AD55CC,"United States","United States",N95877,,,,,,Taylorcraft,TAYB,"Taylorcraft BC-12 D",8177,,,,,,Private,,,1946,,,,0,,,,,,0,0,0,0,0,,,,,,0,0,0,0,0,GEN-TAYB
29026836,"2026-01-21 21:30:47","2026-01-21 21:30:47",A751C7,"United States","United States",N5707S,,,,,,Schweizer,GLID,"Schweizer SGS 2-33",54,,,,,,Private,,,1967,,,,0,,,,,,0,0,0,0,0,,,,,,0,0,0,0,0,GEN-GLID
29026400,"2026-01-21 21:25:18","2026-01-21 21:25:18",4B27A8,Switzerland,Switzerland,HB-PAM,,,,,,Piper,P28R,"Piper PA-28R 200 Cherokee Arrow II",28R-7635049,,,,,,Private,,,,,,,0,,,,,,0,0,0,0,0,,,,,,0,0,0,0,0,GEN-P28R
29026308,"2026-01-21 21:24:11","2026-01-21 21:24:11",A98DAA,"United States","United States",N7143,,,,,,Bombardier,CRJ1,"Bombardier CRJ 100ER",7144,,,,,,"ALMA de Mexico",,,,,,,0,,,,,,0,0,0,0,0,,,,,,0,0,0,0,0,GEN-CRJ1
29026160,"2026-01-21 21:22:37","2026-01-21 21:22:37",4B04AC,Switzerland,Switzerland,HB-BUA,,,,,,"Raven Aerostar",BALL,"Raven Aerostar S-49A Hot Air Balloon",S49A-3066,,,,,,Private,,,,,,,0,,,,,,0,0,0,0,0,,,,,,0,0,0,0,0,GEN-BALL
29025103,"2026-01-21 21:09:33","2026-01-21 21:09:33",A3131A,"United States","United States",N2979M,,,,,,Piper,PA12,"Piper PA-12 Super Cruiser",12-1458,,,,,,Private,,,,,,,0,,,,,,0,0,0,0,0,,,,,,0,0,0,0,0,GEN-PA12
29024977,"2026-01-21 21:08:09","2026-01-21 21:08:09",401C31,"United Kingdom","United Kingdom",G-BDWH,,,,,,SOCATA,RALL,"SOCATA Rallye MS.892E 150ST",2697,,,,,,Private,,,1976,,,,0,,,,,,0,0,0,0,0,,,,,,0,0,0,0,0,GEN-RALL
29024698,"2026-01-21 21:04:37","2026-01-21 21:04:37",7C2DEF,Australia,Australia,VH-JCX,,,,,,Bombardier,LJ45,"Bombardier Learjet 45",45-286,,,,,,"Jet City P/L",,,2005,,,,0,,,,,,0,0,0,0,0,,,,,,0,0,0,0,0,GEN-LJ45
29024285,"2026-01-21 20:59:26","2026-01-21 20:59:26",780381,China,China,B-3991,,,,,,"Raytheon Aircraft Company",H25B,"Raytheon Aircraft Company 125 800XP",258470,,,,,,"Hainan Aviation Academy",,,2000,,,,0,,,,,,0,0,0,0,0,,,,,,0,0,0,0,0,GEN-H25B
29023696,"2026-01-21 20:53:07","2026-01-21 20:53:07",A0B934,"United States","United States",N146CH,,,,,,"Cirrus Design",SR22,"Cirrus Design SR22",4515,,,,,,Private,,,2017,,,,0,,,,,,0,0,0,0,0,,,,,,0,0,0,0,0,GEN-SR22
29023531,"2026-01-21 20:51:15","2026-01-21 20:51:15",A1E5DC,"United States","United States",N221MS,,,,,,"North American",T28,"North American T-28B Trojan",200-292,,,,,,Private,,,,,,,0,,,,,,0,0,0,0,0,,,,,,0,0,0,0,0,GEN-T28
29023189,"2026-01-21 20:47:10","2026-01-21 20:47:10",C008EC,Canada,Canada,C-FDJV,,,,,,Republic,RC3,"Republic RC-3 Seabee",45,,,,,,Private,,,1946,,,,0,,,,,,0,0,0,0,0,,,,,,0,0,0,0,0,GEN-RC3
29022537,"2026-01-21 20:38:43","2026-01-21 20:38:43",A12CF4,"United States","United States",N175NH,,,,,,"Gulfstream Aerospace",GLF5,"Gulfstream Aerospace G550",5113,,,,,,"Valhalla14 LLC",,,2006,,,,0,,,,,,0,0,0,0,0,,,,,,0,0,0,0,0,GEN-GLF5
29022511,"2026-01-21 20:38:22","2026-01-21 20:38:22",A77E0F,"United States","United States",N582HK,,,,,,CGS,ULAC,"CGS Hawk Arrow II",HA-II-151-582,,,,,,Private,,,2003,,,,0,,,,,,0,0,0,0,0,,,,,,0,0,0,0,0,GEN-ULAC
29020998,"2026-01-21 20:20:08","2026-01-21 20:20:08",ACE523,"United States","United States",N93US,,,,,,Piccard,BALL,"Piccard AX.6 Hot Air Balloon",693,,,,,,Private,,,1974,,,,0,,,,,,0,0,0,0,0,,,,,,0,0,0,0,0,GEN-BALL
29020920,"2026-01-21 20:19:12","2026-01-21 20:19:12",AC6A27,"United States","United States",N8997Y,,,,,,Piper,PA18,"Piper PA-18 150 Super Cub",18-7409140,,,,,,Private,,,1974,,,,0,,,,,,0,0,0,0,0,,,,,,0,0,0,0,0,GEN-PA18
29020791,"2026-01-21 20:17:50","2026-01-21 20:17:50",AE135A,"United States","United States",162936,,,,,,Grumman,A6,"Grumman EA-6B Prowler",P-119,,,,,,"United States Marine Corps",,,,,,,0,,,,,,1,0,0,0,0,,,,,,0,0,0,0,0,
29020361,"2026-01-21 20:12:30","2026-01-21 20:12:30",A4BB0A,"United States","United States",N40361,,,,,,"Raven Industries",BALL,"Raven Industries Rally RX.7 Hot Air Balloon",RX7-305,,,,,,Private,,,1983,,,,0,,,,,,0,0,0,0,0,,,,,,0,0,0,0,0,GEN-BALL
29018624,"2026-01-21 19:52:50","2026-01-21 19:52:50",A42527,"United States","United States",N3661X,,,,,,"Aero Commander",VO10,"Aero Commander 100 Darter",312,,,,,,Private,,,,,,,0,,,,,,0,0,0,0,0,,,,,,0,0,0,0,0,GEN-VO10
29018580,"2026-01-21 19:52:21","2026-01-21 19:52:21",A42AAF,"United States","United States",N368GW,,,,,,"Gulfstream Aerospace",GLF6,"Gulfstream Aerospace G650",6099,,,,,,"Sino Jet Management",,,2013,,,,0,,,,,,0,0,0,0,0,,,,,,0,0,0,0,0,GEN-GLF6
29018017,"2026-01-21 19:45:52","2026-01-21 19:45:52",A69B4B,"United States","United States",SU-BQX,,,,,,Cessna,C172,"Cessna 172R Skyhawk",17281557,,,,,,Private,,,2009,,,,0,,,,,,0,0,0,0,0,,,,,,0,0,0,0,0,GEN-C172
29017659,"2026-01-21 19:41:10","2026-01-21 19:41:10",40705C,"United Kingdom","United Kingdom",G-GSFS,,,,,,Cessna,C152,"Cessna 152",15284130,,,,,,Private,,,1979,,,,0,,,,,,0,0,0,0,0,,,,,,0,0,0,0,0,GEN-C152
29017566,"2026-01-21 19:39:59","2026-01-21 19:39:59",A02BB0,"United States","United States",N11UV,,,,,,"Diamond Aircraft",DV20,"Diamond Aircraft Katana DA20-A1",10057,,,,,,Private,,,,,,,0,,,,,,0,0,0,0,0,,,,,,0,0,0,0,0,GEN-DV20
29017552,"2026-01-21 19:39:53","2026-01-21 19:39:53",407290,"United Kingdom","United Kingdom",G-FXAR,,,,,,"Raytheon Aircraft Company",BE40,"Raytheon Aircraft Company 400 A",RK-252,,,,,,"Flexjet Ltd",,,,,,,0,,,,,,0,0,0,0,0,,,,,,0,0,0,0,0,GEN-BE40
29017404,"2026-01-21 19:38:24","2026-01-21 19:38:24",ADA4CB,"United States","United States",N97878,,,,,,Cessna,C182,"Cessna 182Q Skylane",18267238,,,,,,Private,,,1979,,,,0,,,,,,0,0,0,0,0,,,,,,0,0,0,0,0,GEN-C182
29016454,"2026-01-21 19:27:06","2026-01-21 19:27:06",4CAB9F,Ireland,Ireland,EI-FZD,,,,,,Boeing,B738,"Boeing 737NG 800/W",44777,,,,,,Ryanair,,,2017,,,,0,,,,,,0,0,0,0,0,,,,,,0,0,0,0,0,RYR
29015559,"2026-01-21 19:16:39","2026-01-21 19:16:39",44D822,Belgium,Belgium,OO-VAB,,,,,,SOCATA,RALL,"SOCATA Rallye MS.880B Rallye Club",879,,,,,,Private,,,1967,,,,0,,,,,,0,0,0,0,0,,,,,,0,0,0,0,0,GEN-RALL
29014725,"2026-01-21 19:07:10","2026-01-21 19:07:10",4078EC,"United Kingdom","United Kingdom",G-CLJG,,,,,,Bombardier,CRJ9,"Bombardier CRJ 900 LR NG",15284,,,,,,"Adria Airways",,,2014,,,,0,,,,,,0,0,0,0,0,,,,,,0,0,0,0,0,ADR
29014336,"2026-01-21 19:03:08","2026-01-21 19:03:08",A90B9B,"United States","United States",N682KW,,,,,,Partenavia,P68,"Partenavia P.68C Victor",294,,,,,,Private,,,1983,,,,0,,,,,,0,0,0,0,0,,,,,,0,0,0,0,0,GEN-P68
29014251,"2026-01-21 19:02:15","2026-01-21 19:02:15",A549F7,"United States","United States",N44TK,,,,,,Vans,RV4,"Vans RV-4",2095,,,,,,Private,,,1992,,,,0,,,,,,0,0,0,0,0,,,,,,0,0,0,0,0,GEN-RV4
29014133,"2026-01-21 19:00:41","2026-01-21 19:00:41",A79C8A,"United States","United States",N59RE,,,,,,Rotec,ULAC,"Rotec Rally 3A",64782,,,,,,Private,,,,,,,0,,,,,,0,0,0,0,0,,,,,,0,0,0,0,0,GEN-ULAC
29013979,"2026-01-21 18:59:10","2026-01-21 18:59:10",A908F0,"United States","United States",N681WP,,,,,,Bombardier,DH8D,"Bombardier DHC-8 402 NG",4543,,,,,,"Island Air",,,2016,,,,0,,,,,,0,0,0,0,0,,,,,,0,0,0,0,0,GEN-DH8D
29013353,"2026-01-21 18:50:58","2026-01-21 18:50:58",3EECC9,Germany,Germany,D-3122,,,,,,Schempp-Hirth,GLID,"Schempp-Hirth Discus 2c",4/8,,,,,,Private,,,,,,,0,,,,,,0,0,0,0,0,,,,,,0,0,0,0,0,GEN-GLID
29013296,"2026-01-21 18:50:24","2026-01-21 18:50:24",3EE4AE,Germany,Germany,D-1047,,,,,,Glasflugel,GLID,"Glasflugel H401 Kestrel",84,,,,,,Private,,,,,,,0,,,,,,0,0,0,0,0,,,,,,0,0,0,0,0,GEN-GLID
29012769,"2026-01-21 18:44:35","2026-01-21 18:44:35",3FDE6F,Germany,Germany,D-OVRB,,,,,,"Schroeder Fire Balloons",BALL,"Schroeder Fire Balloons Hot Air Balloon",987,,,,,,Private,,,,,,,0,,,,,,0,0,0,0,0,,,,,,0,0,0,0,0,GEN-BALL
29012315,"2026-01-21 18:39:10","2026-01-21 18:39:10",406F10,"United Kingdom","United Kingdom",G-CIYB,,,,,,"Amateur Built",DR10,"Amateur Built Jodel DR.1050 M1",946,,,,,,Private,,,2010,,,,0,,,,,,0,0,0,0,0,,,,,,0,0,0,0,0,GEN-DR10
29011663,"2026-01-21 18:31:04","2026-01-21 18:31:04",C0823F,Canada,Canada,C-GXIK,,,,,,Aerospatiale,AS65,"Aerospatiale Dauphin SA.365 N2",6423,,,,,,Private,,,1991,,,,0,,,,,,0,0,0,0,0,,,,,,0,0,0,0,0,GEN-AS65
29011621,"2026-01-21 18:30:35","2026-01-21 18:30:35",407B30,"United Kingdom","United Kingdom",G-CLUF,,,,,,"Raytheon Aircraft Company",TEX2,"Raytheon Aircraft Company T-6C Texan T.1",PM-139,,,,,,"Ministry of Defence",,,2020,,,,0,,,,,,0,0,0,0,0,,,,,,0,0,0,0,0,GEN-TEX2
29011510,"2026-01-21 18:29:30","2026-01-21 18:29:30",C81B59,"New Zealand","New Zealand",ZK-SUK,,,,,,Sukhoi,SU29,"Sukhoi Su-29",75-01,,,,,,Private,,,,,,,0,,,,,,0,0,0,0,0,,,,,,0,0,0,0,0,GEN-SU29
29011283,"2026-01-21 18:26:38","2026-01-21 18:26:38",A3D619,"United States","United States",N3461F,,,,,,Cessna,C182,"Cessna 182J Skylane",18257461,,,,,,Private,,,,,,,0,,,,,,0,0,0,0,0,,,,,,0,0,0,0,0,GEN-C182
29010989,"2026-01-21 18:23:12","2026-01-21 18:23:12",A7F8E5,"United States","United States",N61222,,,,,,Cessna,C150,"Cessna 150J",15070897,,,,,,Private,,,,,,,0,,,,,,0,0,0,0,0,,,,,,0,0,0,0,0,GEN-C150
29010961,"2026-01-21 18:22:54","2026-01-21 18:22:54",A0F4D4,"United States","United States",N16056,,,,,,"McDonnell Douglas Helicopters",H500,"McDonnell Douglas Helicopters 369 E",0353E,,,,,,Private,,,1989,,,,0,,,,,,0,0,0,0,0,,,,,,0,0,0,0,0,GEN-H500
29219,"2022-08-30 09:24:20","2026-01-21 18:22:49",000005,"Not Allocated","Not Allocated","",,,,"",,"",UAV,"","",,,,,,"",,,,,,"",0,,,,,,0,0,0,0,0,Missing,,,"","",0,0,0,0,0,GEN-UAV
29010720,"2026-01-21 18:20:22","2026-01-21 18:20:22",400D80,"United Kingdom","United Kingdom",G-SCII,,,,,,Agusta,A109,"Agusta A.109 C",7628,,,,,,"Plattreid Ltd",,,1990,,,,0,,,,,,0,0,0,0,0,,,,,,0,0,0,0,0,GEN-A109
29010577,"2026-01-21 18:18:53","2026-01-21 18:18:53",43EA50,"Isle of Man","Isle of Man",M-ROIL,,,,,,"Gulfstream Aerospace",G200,"Gulfstream Aerospace G200",237,,,,,,"Mega Jet Flight Services",,,2010,,,,0,,,,,,0,0,0,0,0,,,,,,0,0,0,0,0,GEN-G200
29010192,"2026-01-21 18:14:34","2026-01-21 18:14:34",A80F1D,"United States","United States",N6182J,,,,,,Piper,P28A,"Piper PA-28 140 Cherokee F",28-7625227,,,,,,Private,,,1976,,,,0,,,,,,0,0,0,0,0,,,,,,0,0,0,0,0,GEN-P28A
29009972,"2026-01-21 18:11:30","2026-01-21 18:11:30",4B50F8,Switzerland,Switzerland,HB-3153,,,,,,Schempp-Hirth,GLID,"Schempp-Hirth Duo Discus",14,,,,,,Private,,,1994,,,,0,,,,,,0,0,0,0,0,,,,,,0,0,0,0,0,GEN-GLID
29009924,"2026-01-21 18:11:02","2026-01-21 18:11:02",A4DC62,"United States","United States",N412JM,,,,,,Schweizer-Grumman,G164,"Schweizer-Grumman G-164B Ag-Cat",295B,,,,,,Private,,,1977,,,,0,,,,,,0,0,0,0,0,,,,,,0,0,0,0,0,GEN-G164
29009477,"2026-01-21 18:06:01","2026-01-21 18:06:01",A00A5C,"United States","United States",N101VX,,,,,,"Advanced Aero",ULAC,"Advanced Aero Vortex",0001,,,,,,Private,,,2005,,,,0,,,,,,0,0,0,0,0,,,,,,0,0,0,0,0,GEN-ULAC
29007869,"2026-01-21 17:48:55","2026-01-21 17:48:55",403693,"United Kingdom","United Kingdom",G-FOPP,,,,,,Neico,LNC2,"Neico Lancair 320","PFA 191-12319",,,,,,Private,,,1999,,,,0,,,,,,0,0,0,0,0,,,,,,0,0,0,0,0,GEN-LNC2
29007722,"2026-01-21 17:45:29","2026-01-21 17:45:29",4AA5A5,Sweden,Sweden,SE-IME,,,,,,Malmo,JUNR,"Malmo MFI-9 B Trainer",38,,,,,,Private,,,,,,,0,,,,,,0,0,0,0,0,,,,,,0,0,0,0,0,GEN-JUNR
29007622,"2026-01-21 17:44:21","2026-01-21 17:44:21",A4ACF5,"United States","United States",N400DJ,,,,,,Beech,BE33,"Beech Debonair 33",CD-40,,,,,,Private,,,,,,,0,,,,,,0,0,0,0,0,,,,,,0,0,0,0,0,GEN-BE33
29007603,"2026-01-21 17:44:09","2026-01-21 17:44:09",A7CDC9,"United States","United States",N6013T,,,,,,"Avid Aircraft",AVAM,"Avid Aircraft Avid Catalina",121A,,,,,,Private,,,1996,,,,0,,,,,,0,0,0,0,0,,,,,,0,0,0,0,0,GEN-AVAM
29007355,"2026-01-21 17:41:23","2026-01-21 17:41:23",A2E77D,"United States","United States",N2866P,,,,,,"Raven Industries",BALL,"Raven Industries Rally RX.7 Hot Air Balloon",RX7-449,,,,,,Private,,,1985,,,,0,,,,,,0,0,0,0,0,,,,,,0,0,0,0,0,GEN-BALL
29007223,"2026-01-21 17:40:06","2026-01-21 17:40:06",A454AB,"United States","United States",N37858,,,,,,Porterfield,CP65,"Porterfield CP-65",1005,,,,,,Private,,,1941,,,,0,,,,,,0,0,0,0,0,,,,,,0,0,0,0,0,GEN-CP65
29007203,"2026-01-21 17:39:54","2026-01-21 17:39:54",AAC6AC,"United States","United States",N7938T,,,,,,Cessna,C175,"Cessna 175A Skylark",56638,,,,,,Private,,,1960,,,,0,,,,,,0,0,0,0,0,,,,,,0,0,0,0,0,GEN-C175
29007170,"2026-01-21 17:39:35","2026-01-21 17:39:35",A83AB5,"United States","United States",N6295B,,,,,,"Aero Commander",AC50,"Aero Commander Twin Commander 500",500-657-17,,,,,,Private,,,,,,,0,,,,,,0,0,0,0,0,,,,,,0,0,0,0,0,GEN-AC50
29006389,"2026-01-21 17:31:35","2026-01-21 17:31:35",440A83,Austria,Austria,OE-FMZ,,,,,,"Diamond Aircraft",DA62,"Diamond Aircraft DA62",62.097,,,,,,Private,,,2018,,,,0,,,,,,0,0,0,0,0,,,,,,0,0,0,0,0,GEN-DA62
29005795,"2026-01-21 17:25:27","2026-01-21 17:25:27",A6D65A,"United States","United States",N54J,,,,,,Dassault,F2TH,"Dassault Falcon 2000",141,,,,,,"W W Grainger Inc",,,2001,,,,0,,,,,,0,0,0,0,0,,,,,,0,0,0,0,0,GEN-F2TH
29005526,"2026-01-21 17:22:35","2026-01-21 17:22:35",4786C0,Norway,Norway,LN-LFM,,,,,,SOCATA,RALL,"SOCATA Rallye MS.880B Rallye Club",1522,,,,,,Private,,,,,,,0,,,,,,0,0,0,0,0,,,,,,0,0,0,0,0,GEN-RALL
29005156,"2026-01-21 17:18:32","2026-01-21 17:18:32",A4E9EC,"United States","United States",N4156Q,,,,,,Cessna,C310,"Cessna 310N",310N0056,,,,,,Private,,,1968,,,,0,,,,,,0,0,0,0,0,,,,,,0,0,0,0,0,GEN-C310
29005038,"2026-01-21 17:17:14","2026-01-21 17:17:14",AD0754,"United States","United States",N939CK,,,,,,Dassault,FA20,"Dassault Falcon 20 F",317,,,,,,"Alexa Air Charters LLC",,,1974,,,,0,,,,,,0,0,0,0,0,,,,,,0,0,0,0,0,GEN-FA20
29004622,"2026-01-21 17:11:57","2026-01-21 17:11:57",E492E6,Brazil,Brazil,PR-PHK,,,,,,Embraer,E50P,"Embraer Phenom 100",50000375,,,,,,Embraer,,,2016,,,,0,,,,,,0,0,0,0,0,,,,,,0,0,0,0,0,GEN-E50P
29004338,"2026-01-21 17:08:57","2026-01-21 17:08:57",AB2A25,"United States","United States",N8185K,,,,,,Stinson,S108,"Stinson Voyager 108-1",108-1185,,,,,,Private,,,1946,,,,0,,,,,,0,0,0,0,0,,,,,,0,0,0,0,0,GEN-S108
29004241,"2026-01-21 17:07:49","2026-01-21 17:07:49",46A0EE,Greece,Greece,SX-HGN,,,,,,Bell,B430,"Bell 430",49123,,,,,,Private,,,,,,,0,,,,,,0,0,0,0,0,,,,,,0,0,0,0,0,GEN-B430
29004104,"2026-01-21 17:06:23","2026-01-21 17:06:23",A87297,"United States","United States",N643YS,,,,,,Bell,B407,"Bell 407 GX",54674,,,,,,"Bell Helicopter Textron Inc",,,2016,,,,0,,,,,,0,0,0,0,0,,,,,,0,0,0,0,0,GEN-B407
29003909,"2026-01-21 17:04:26","2026-01-21 17:04:26",40474B,"United Kingdom","United Kingdom",G-CBOF,,,,,,"Europa Aviation",EUPA,"Europa Aviation Europa XS","PFA 247-13462",,,,,,Private,,,2006,,,,0,,,,,,0,0,0,0,0,,,,,,0,0,0,0,0,GEN-EUPA
29003692,"2026-01-21 17:02:21","2026-01-21 17:02:21",A7A19C,"United States","United States",N591FA,,,,,,Robinson,R22,"Robinson R22 Beta II",4359,,,,,,Private,,,,,,,0,,,,,,0,0,0,0,0,,,,,,0,0,0,0,0,GEN-R22
29003233,"2026-01-21 16:57:44","2026-01-21 16:57:44",A4B00E,"United States","United States",N40077,,,,,,Bombardier,LJ75,"Bombardier Learjet 75",45-587,,,,,,"Learjet Inc",,,2019,,,,0,,,,,,0,0,0,0,0,,,,,,0,0,0,0,0,GEN-LJ75
29002629,"2026-01-21 16:50:33","2026-01-21 16:50:33",AD9236,"United States","United States",N97376,,,,,,Stinson,S108,"Stinson Voyager 108",108-376,,,,,,Private,,,1946,,,,0,,,,,,0,0,0,0,0,,,,,,0,0,0,0,0,GEN-S108
29002565,"2026-01-21 16:49:59","2026-01-21 16:49:59",AB4709,"United States","United States",N8259H,,,,,,IMCO,A9,"IMCO Callair A-9",1132,,,,,,Private,,,1965,,,,0,,,,,,0,0,0,0,0,,,,,,0,0,0,0,0,GEN-A9
29002021,"2026-01-21 16:43:57","2026-01-21 16:43:57",AC6B36,"United States","United States",N9HN,,,,,,Pipistrel,PIVI,"Pipistrel Virus 912","149 V 912 0804 KIT49",,,,,,Private,,,2004,,,,0,,,,,,0,0,0,0,0,,,,,,0,0,0,0,0,GEN-PIVI
29001989,"2026-01-21 16:43:23","2026-01-21 16:43:23",ABF23A,"United States","United States",N869W,,,,,,Bell,UH1,"Bell UH-1H Iroquois",10460,,,,,,Private,,,,,,,0,,,,,,0,0,0,0,0,,,,,,0,0,0,0,0,GEN-UH1
29001740,"2026-01-21 16:40:42","2026-01-21 16:40:42",AB263B,"United States","United States",N81734,,,,,,"Quad City",ULAC,"Quad City Challenger II","CH2-0688 R 0334",,,,,,Private,,,1988,,,,0,,,,,,0,0,0,0,0,,,,,,0,0,0,0,0,GEN-ULAC
29001308,"2026-01-21 16:35:53","2026-01-21 16:35:53",3E6742,Germany,Germany,D-KEHM,,,,,,Technoflug,GLID,"Technoflug Piccolo B",004,,,,,,Private,,,,,,,0,,,,,,0,0,0,0,0,,,,,,0,0,0,0,0,GEN-GLID
29001220,"2026-01-21 16:34:52","2026-01-21 16:34:52",A6C068,"United States","United States",N534MM,,,,,,Vans,RV4,"Vans RV-4",MM3756,,,,,,Private,,,1997,,,,0,,,,,,0,0,0,0,0,,,,,,0,0,0,0,0,GEN-RV4
29001005,"2026-01-21 16:32:12","2026-01-21 16:32:12",A948D7,"United States","United States",N698EE,,,,,,Embraer,E35L,"Embraer Legacy 650",14501198,,,,,,"Hamister Group LLC",,,,,,,0,,,,,,0,0,0,0,0,,,,,,0,0,0,0,0,GEN-E35L
29000558,"2026-01-21 16:26:51","2026-01-21 16:26:51",A55EB2,"United States","United States",N445RL,,,,,,Bell,B06,"Bell 206L Long Ranger III",51444,,,,,,"Rotocraft Leasing Co LLC",,,1991,,,,0,,,,,,0,0,0,0,0,,,,,,0,0,0,0,0,GEN-B06
29000293,"2026-01-21 16:24:12","2026-01-21 16:24:12",40735C,"United Kingdom","United Kingdom",G-CKEH,,,,,,Kolb,ULAC,"Kolb Twinstar Mk.III Extra","PFA 205-14273",,,,,,Private,,,2017,,,,0,,,,,,0,0,0,0,0,,,,,,0,0,0,0,0,GEN-ULAC
28999582,"2026-01-21 16:15:19","2026-01-21 16:15:19",3EF828,Germany,Germany,D-6033,,,,,,Schleicher,GLID,"Schleicher Ka 4 Rhonlerche II",84,,,,,,Private,,,,,,,0,,,,,,0,0,0,0,0,,,,,,0,0,0,0,0,GEN-GLID
28999201,"2026-01-21 16:11:20","2026-01-21 16:11:20",AC9585,"United States","United States",N91NG,,,,,,Bombardier,GLEX,"Bombardier Global Express",9114,,,,,,"Global Next Generation LLC",,,2002,,,,0,,,,,,0,0,0,0,0,,,,,,0,0,0,0,0,GEN-GLEX
28999099,"2026-01-21 16:10:12","2026-01-21 16:10:12",ACE8F7,"United States","United States",N9307A,,,,,,Vans,RV3,"Vans RV-3",508,,,,,,Private,,,,,,,0,,,,,,0,0,0,0,0,,,,,,0,0,0,0,0,GEN-RV3
28998621,"2026-01-21 16:05:04","2026-01-21 16:05:04",C0347E,Canada,Canada,C-FTWV,,,,,,"Israel Aircraft Industries",WW24,"Israel Aircraft Industries 1124 Westwind",226,,,,,,"Discovery Air Defence Service Inc",,,1977,,,,0,,,,,,0,0,0,0,0,,,,,,0,0,0,0,0,GEN-WW24
28998110,"2026-01-21 15:59:03","2026-01-21 15:59:03",A9B2D2,"United States","United States",N724EF,,,,,,Bombardier,LJ60,"Bombardier Learjet 60 XR",60-388,,,,,,"Jet Linx Aviation",,,,,,,0,,,,,,0,0,0,0,0,,,,,,0,0,0,0,0,JTL
28998027,"2026-01-21 15:58:10","2026-01-21 15:58:10",AA6766,"United States","United States",N77HJ,,,,,,Vans,RV6,"Vans RV-6",21260,,,,,,Private,,,1996,,,,0,,,,,,0,0,0,0,0,,,,,,0,0,0,0,0,GEN-RV6
28998006,"2026-01-21 15:57:54","2026-01-21 15:57:54",A74D4D,"United States","United States",N57NS,,,,,,Rans,RS12,"Rans Airaile S-14",0393059,,,,,,Private,,,1993,,,,0,,,,,,0,0,0,0,0,,,,,,0,0,0,0,0,GEN-RS12
28997891,"2026-01-21 15:56:38","2026-01-21 15:56:38",49DDE8,"Czech Republic","Czech Republic",OK-WOH,,,,,,Moravan,Z43,"Moravan Zlin Z-43",0101,,,,,,Private,,,,,,,0,,,,,,0,0,0,0,0,,,,,,0,0,0,0,0,GEN-Z43
28997338,"2026-01-21 15:50:18","2026-01-21 15:50:18",A268FE,"United States","United States",N2542F,,,,,,Champion,CH7A,"Champion Citabria 7ECA",164,,,,,,Private,,,1965,,,,0,,,,,,0,0,0,0,0,,,,,,0,0,0,0,0,GEN-CH7A
28996660,"2026-01-21 15:42:19","2026-01-21 15:42:19",39A629,France,France,F-HJRJ,,,,,,DAHER-SOCATA,TBM9,"DAHER-SOCATA TBM 900",1089,,,,,,Altijet,,,2015,,,,0,,,,,,0,0,0,0,0,,,,,,0,0,0,0,0,GEN-TBM9
28996275,"2026-01-21 15:38:02","2026-01-21 15:38:02",A21B6C,"United States","United States",N235DP,,,,,,Stoddard-Hamilton,GLAS,"Stoddard-Hamilton Glasair II-FT",235,,,,,,Private,,,1987,,,,0,,,,,,0,0,0,0,0,,,,,,0,0,0,0,0,GEN-GLAS
28995905,"2026-01-21 15:34:10","2026-01-21 15:34:10",7802C0,China,China,B-6298,,,,,,Airbus,A320,"Airbus A320 214",2975,,,,,,"Juneyao Airlines",,,2006,,,,0,,,,,,0,0,0,0,0,,,,,,0,0,0,0,0,DKH
28995484,"2026-01-21 15:29:25","2026-01-21 15:29:25",AA2872,"United States","United States",N75361,,,,,,Boeing,ST75,"Boeing Stearman A75N1 PT-17 Kaydet",75-4866A,,,,,,Private,,,1942,,,,0,,,,,,0,0,0,0,0,,,,,,0,0,0,0,0,GEN-ST75
28995473,"2026-01-21 15:29:14","2026-01-21 15:29:14",A4D218,"United States","United States",N41DF,,,,,,Grumman,G73T,"Grumman Mallard G-73T",J-3,,,,,,"Coastal Air Inc",,,,,,,0,,,,,,0,0,0,0,0,,,,,,0,0,0,0,0,GEN-G73T
28995275,"2026-01-21 15:26:51","2026-01-21 15:26:51",A2E568,"United States","United States",N286MR,,,,,,Bell,B407,"Bell 407",53087,,,,,,"GM Leasing Co LLC",,,1996,,,,0,,,,,,0,0,0,0,0,,,,,,0,0,0,0,0,GEN-B407
28994798,"2026-01-21 15:21:25","2026-01-21 15:21:25",AD4A69,"United States","United States",N9556E,,,,,,Aeronca,AR11,"Aeronca Chief 11AC",11AC-1194,,,,,,Private,,,1946,,,,0,,,,,,0,0,0,0,0,,,,,,0,0,0,0,0,GEN-AR11
28994322,"2026-01-21 15:16:12","2026-01-21 15:16:12",AC7BC8,"United States","United States",N903R,,,,,,"Hawker Beechcraft Corp",H25B,"Hawker Beechcraft Corp Hawker 900XP",HA-0013,,,,,,"Textron Aviation Inc",,,,,,,0,,,,,,0,0,0,0,0,,,,,,0,0,0,0,0,GEN-H25B
28993998,"2026-01-21 15:12:24","2026-01-21 15:12:24",ACFAA6,"United States","United States",N9350T,,,,,,Piper,PA38,"Piper PA-38 112 Tomahawk",38-78A0062,,,,,,Private,,,,,,,0,,,,,,0,0,0,0,0,,,,,,0,0,0,0,0,GEN-PA38
28993862,"2026-01-21 15:10:55","2026-01-21 15:10:55",473442,Hungary,Hungary,HA-TUO,,,,,,Cessna,C172,"Cessna 172",29004,,,,,,Private,,,1956,,,,0,,,,,,0,0,0,0,0,,,,,,0,0,0,0,0,GEN-C172
28993743,"2026-01-21 15:09:36","2026-01-21 15:09:36",710032,"Saudi Arabia","Saudi Arabia",HZ-FFG,,,,,,"Avions de Transport Regional",AT76,"Avions de Transport Regional ATR 72 600",1311,,,,,,"Nesma Airlines",,,2016,,,,0,,,,,,0,0,0,0,0,,,,,,0,0,0,0,0,NMA
28993153,"2026-01-21 15:03:34","2026-01-21 15:03:34",A2FBBB,"United States","United States",N2911Q,,,,,,Cessna,C206,"Cessna U206F Stationair",U20603020,,,,,,Private,,,1975,,,,0,,,,,,0,0,0,0,0,,,,,,0,0,0,0,0,GEN-C206
28992409,"2026-01-21 14:55:10","2026-01-21 14:55:10",A7236D,"United States","United States",N5591Z,,,,,,Piper,PA22,"Piper PA-22 108 Colt",22-9401,,,,,,Private,,,1962,,,,0,,,,,,0,0,0,0,0,,,,,,0,0,0,0,0,GEN-PA22
28991764,"2026-01-21 14:48:30","2026-01-21 14:48:30",140AD7,Russia,Russia,RA-02775,,,,,,"British Aerospace",H25B,"British Aerospace 125 700A",257058,,,,,,"LUK-Avia Inc",,,,,,,0,,,https://cdn.jetphotos.com/full/5/84159_1518910563.jpg,https://cdn.jetphotos.com/full/5/18470_1518001139.jpg,https://cdn.jetphotos.com/full/6/18706_1493263294.jpg,0,0,0,0,0,,,,,,0,0,0,0,0,GEN-H25B
28991242,"2026-01-21 14:42:49","2026-01-21 14:42:49",AAEDBB,"United States","United States",N241BC,,,,,,Embraer,E145,"Embraer ERJ-145 EP",145077,,,,,,"IBC Airways",,,,,,,0,,,,,,0,0,0,0,0,,,,,,0,0,0,0,0,CSQ
28990958,"2026-01-21 14:39:28","2026-01-21 14:39:28",3D07CB,Germany,Germany,D-EBEX,,,,,,Cessna,C140,"Cessna 140",10300,,,,,,Private,,,1946,,,,0,,,,,,0,0,0,0,0,,,,,,0,0,0,0,0,GEN-C140
28990394,"2026-01-21 14:32:33","2026-01-21 14:32:33",A97AD2,"United States","United States",N71ML,,,,,,"Magni Gyro",MM14,"Magni Gyro M-14 Scout",14-01-1394,,,,,,Private,,,2001,,,,0,,,,,,0,0,0,0,0,,,,,,0,0,0,0,0,GEN-MM14
28990056,"2026-01-21 14:28:14","2026-01-21 14:28:14",4030A3,"United Kingdom","United Kingdom",G-MWEG,,,,,,"Solar Wings",ULAC,"Solar Wings Pegasus XL-Q",SW-WQ-0284,,,,,,Private,,,1990,,,,0,,,,,,0,0,0,0,0,,,,,,0,0,0,0,0,GEN-ULAC
28989005,"2026-01-21 14:17:00","2026-01-21 14:17:00",AACCFB,"United States","United States",N7950L,,,,,,Beech,BE23,"Beech Musketeer A23-19 Sport III",MB-150,,,,,,Private,,,,,,,0,,,,,,0,0,0,0,0,,,,,,0,0,0,0,0,GEN-BE23
28988882,"2026-01-21 14:15:45","2026-01-21 14:15:45",403E44,"United Kingdom","United Kingdom",G-XMHD,,,,,,Hawker,HUNT,"Hawker Hunter T.7",HABL003314,,,,,,"Midair Squadron Ltd",,,1958,,,,0,,,,,,0,0,0,0,0,,,,,,0,0,0,0,0,GEN-HUNT
28988604,"2026-01-21 14:12:36","2026-01-21 14:12:36",C0496B,Canada,Canada,C-GBUW,,,,,,Colt,BALL,"Colt 56A Hot Air Balloon",445,,,,,,Private,,,,,,,0,,,,,,0,0,0,0,0,,,,,,0,0,0,0,0,GEN-BALL
28987764,"2026-01-21 14:03:40","2026-01-21 14:03:40",780499,China,China,B-3083,,,,,,Embraer,E145,"Embraer ERJ-145 LI",14501033,,,,,,"Tianjin Airlines",,,,,,,0,,,,,,0,0,0,0,0,,,,,,0,0,0,0,0,GCR
28986933,"2026-01-21 13:54:20","2026-01-21 13:54:20",AE0E76,"United States","United States",88-26027,,,,,,Sikorsky,H60,"Sikorsky UH-60A(C) Blackhawk",701236,,,,,,"United States Army",,,,,,,0,,,,,,1,0,0,0,0,,,,,,0,0,0,0,0,
28986645,"2026-01-21 13:51:28","2026-01-21 13:51:28",AA6694,"United States","United States",N7699K,,,,,,Piper,PA20,"Piper PA-20 Pacer",20-520,,,,,,Private,,,1950,,,,0,,,,,,0,0,0,0,0,,,,,,0,0,0,0,0,GEN-PA20
28986268,"2026-01-21 13:47:23","2026-01-21 13:47:23",A08E6D,"United States","United States",N135GU,,,,,,"SAAB Fairchild",SF34,"SAAB Fairchild 340 A",135,,,,,,"Air Chathams",,,1988,,,,0,,,,,,0,0,0,0,0,,,,,,0,0,0,0,0,CVA
28984470,"2026-01-21 13:26:58","2026-01-21 13:26:58",A3A0E8,"United States","United States",N3329Z,,,,,,Piper,PA22,"Piper PA-22 160 Tri-Pacer",22-7266,,,,,,Private,,,,,,,0,,,,,,0,0,0,0,0,,,,,,0,0,0,0,0,GEN-PA22
28984389,"2026-01-21 13:25:56","2026-01-21 13:25:56",401540,"United Kingdom","United Kingdom",G-ARHW,,,,,,"De Havilland",DOVE,"De Havilland DH.104 Dove Srs.8",04512,,,,,,"Aviation Heritage",,,,,,,0,,,,,,0,0,0,0,0,,,,,,0,0,0,0,0,GEN-DOVE
28984384,"2026-01-21 13:25:46","2026-01-21 13:25:46",A5EFBD,"United States","United States",N48177,,,,,,Boeing,ST75,"Boeing Stearman A75N1 N2S-1 Kaydet",75-1035,,,,,,Private,,,1941,,,,0,,,,,,0,0,0,0,0,,,,,,0,0,0,0,0,GEN-ST75
28984306,"2026-01-21 13:24:56","2026-01-21 13:24:56",404D9F,"United Kingdom","United Kingdom",G-NIFE,,,,,,SNCAN,SV4,"SNCAN Stampe SV-4 A",156,,,,,,"Tiger Airways",,,1946,,,,0,,,,,,0,0,0,0,0,,,,,,0,0,0,0,0,GEN-SV4
28984243,"2026-01-21 13:24:17","2026-01-21 13:24:17",0D0811,Mexico,Mexico,XA-HTL,,,,,,Cessna,C56X,"Cessna Citation Excel",560-5248,,,,,,"Antair SA de CV",,,2002,,,,0,,,,,,0,0,0,0,0,,,,,,0,0,0,0,0,GEN-C56X
28984201,"2026-01-21 13:23:54","2026-01-21 13:23:54",AD11F6,"United States","United States",N941MD,,,,,,"American Champion",BL8,"American Champion Scout 8GCBC",375-95,,,,,,Private,,,1995,,,,0,,,,,,0,0,0,0,0,,,,,,0,0,0,0,0,GEN-BL8
28982968,"2026-01-21 13:09:58","2026-01-21 13:09:58",A344D6,"United States","United States",N31DU,,,,,,UFM,ULAC,"UFM Easy Riser",ER562,,,,,,Private,,,,,,,0,,,,,,0,0,0,0,0,,,,,,0,0,0,0,0,GEN-ULAC
28982898,"2026-01-21 13:09:15","2026-01-21 13:09:15",A6BEB0,"United States","United States",N5335Y,,,,,,Galaxy,BALL,"Galaxy 8 Hot Air Balloon",GLX-1018,,,,,,Private,,,1990,,,,0,,,,,,0,0,0,0,0,,,,,,0,0,0,0,0,GEN-BALL
28982662,"2026-01-21 13:06:48","2026-01-21 13:06:48",A521A6,"United States","United States",N43K,,,,,,"Aero Commander",AC68,"Aero Commander Twin Commander 680FLP",680FLP-1481-7,,,,,,Private,,,,,,,0,,,,,,0,0,0,0,0,,,,,,0,0,0,0,0,GEN-AC68
28982537,"2026-01-21 13:04:58","2026-01-21 13:04:58",AA8F4C,"United States","United States",N78MM,,,,,,Beech,BE60,"Beech Duke B60",P-359,,,,,,Private,,,1975,,,,0,,,,,,0,0,0,0,0,,,,,,0,0,0,0,0,GEN-BE60
28982192,"2026-01-21 13:01:00","2026-01-21 13:01:00",A3E089,"United States","United States",N349UK,,,,,,Airbus,A333,"Airbus A330 343X",349,,,,,,"Sunclass Airlines",,,2000,,,,0,,,,,,0,0,0,0,0,,,,,,0,0,0,0,0,VKG
28981826,"2026-01-21 12:57:11","2026-01-21 12:57:11",401EC6,"United Kingdom","United Kingdom",G-BIBO,,,,,,Cameron,BALL,"Cameron V-65 Hot Air Balloon",667,,,,,,Private,,,1980,,,,0,,,,,,0,0,0,0,0,,,,,,0,0,0,0,0,GEN-BALL
28981610,"2026-01-21 12:55:03","2026-01-21 12:55:03",8005E3,India,India,VT-RTR,,,,,,"Hawker Beechcraft Corp",PRM1,"Hawker Beechcraft Corp Premier I",RB-192,,,,,,"TVS Motor Company Ltd",,,2007,,,,0,,,,,,0,0,0,0,0,,,,,,0,0,0,0,0,GEN-PRM1
28981222,"2026-01-21 12:51:37","2026-01-21 12:51:37",A6A7C1,"United States","United States",N528MH,,,,,,"Diamond Aircraft",DA40,"Diamond Aircraft Diamond Star DA40 NG",40.N224,,,,,,Private,,,2014,,,,0,,,,,,0,0,0,0,0,,,,,,0,0,0,0,0,GEN-DA40
28981185,"2026-01-21 12:51:04","2026-01-21 12:51:04",ACAB23,"United States","United States",N915VK,,,,,,"Viking Air",DHC6,"Viking Air DHC-6 Twin Otter 400",900,,,,,,"TVPX ARS Inc Trustee",,,2014,,,,0,,,,,,0,0,0,0,0,,,,,,0,0,0,0,0,GEN-DHC6
28980588,"2026-01-21 12:43:57","2026-01-21 12:43:57",A2577D,"United States","United States",N250SA,,,,,,Piper,P46T,"Piper PA-46-500TP",4697004,,,,,,"Tanya Hyjazi Trustee",,,2000,,,,0,,,,,,0,0,0,0,0,,,,,,0,0,0,0,0,GEN-P46T
28979952,"2026-01-21 12:37:00","2026-01-21 12:37:00",440CDF,Austria,Austria,OE-EHB,,,,,,Pilatus,PC12,"Pilatus PC-12",1767,,,,,,Private,,,,,,,0,,,,,,0,0,0,0,0,,,,,,0,0,0,0,0,GEN-PC12
28979494,"2026-01-21 12:31:43","2026-01-21 12:31:43",49B423,"Czech Republic","Czech Republic",OK-MAC,,,,,,AgustaWestland,A119,"AgustaWestland AW.119 MkII",14788,,,,,,"Heli Czech",,,2012,,,,0,,,,,,0,0,0,0,0,,,,,,0,0,0,0,0,GEN-A119
28979465,"2026-01-21 12:31:27","2026-01-21 12:31:27",A4255B,"United States","United States",N3663D,,,,,,Cessna,C310,"Cessna 310",35363,,,,,,Private,,,,,,,0,,,,,,0,0,0,0,0,,,,,,0,0,0,0,0,GEN-C310
28979342,"2026-01-21 12:30:21","2026-01-21 12:30:21",AAF544,"United States","United States",N805JM,,,,,,Cessna,C208,"Cessna 208 B",208B0485,,,,,,"Kenmore Crew Leasing Inc",,,1995,,,,0,,,,,,0,0,0,0,0,,,,,,0,0,0,0,0,GEN-C208
28979083,"2026-01-21 12:27:32","2026-01-21 12:27:32",484849,Netherlands,Netherlands,PH-MKO,,,,,,"Balony Kubicek",BALL,"Balony Kubicek BB 45 Hot Air Balloon",415,,,,,,Private,,,,,,,0,,,,,,0,0,0,0,0,,,,,,0,0,0,0,0,GEN-BALL
28977332,"2026-01-21 12:05:51","2026-01-21 12:05:51",3EFD36,Germany,Germany,D-7327,,,,,,Schleicher,GLID,"Schleicher ASW 19 B",19355,,,,,,Private,,,1982,,,,0,,,,,,0,0,0,0,0,,,,,,0,0,0,0,0,GEN-GLID
28975829,"2026-01-21 11:48:59","2026-01-21 11:48:59",ABD52F,"United States","United States",N8612C,,,,,,Piper,PA20,"Piper PA-20 Pacer",20-1001,,,,,,Private,,,1953,,,,0,,,,,,0,0,0,0,0,,,,,,0,0,0,0,0,GEN-PA20
28975739,"2026-01-21 11:47:57","2026-01-21 11:47:57",A7110C,"United States","United States",N5543D,,,,,,Beech,BE35,"Beech Bonanza H35",D-5098,,,,,,Private,,,,,,,0,,,,,,0,0,0,0,0,,,,,,0,0,0,0,0,GEN-BE35
28975294,"2026-01-21 11:42:52","2026-01-21 11:42:52",A367A5,"United States","United States",N3185W,,,,,,Beech,BE60,"Beech Duke 60",P-71,,,,,,Private,,,,,,,0,,,,,,0,0,0,0,0,,,,,,0,0,0,0,0,GEN-BE60
28974544,"2026-01-21 11:35:02","2026-01-21 11:35:02",010013,Egypt,Egypt,SU-GBC,,,,,,Airbus,A320,"Airbus A320 231",178,,,,,,Egyptair,,,1991,,,,0,,,,,,0,0,0,0,0,,,,,,0,0,0,0,0,MSR
28974373,"2026-01-21 11:32:58","2026-01-21 11:32:58",A571EA,"United States","United States",N45YA,,,,,,Agusta,A109,"Agusta A.109 E Power",11652,,,,,,"Aikawa Medical Management Inc",,,2005,,,,0,,,,,,0,0,0,0,0,,,,,,0,0,0,0,0,GEN-A109
28973974,"2026-01-21 11:28:40","2026-01-21 11:28:40",404305,"United Kingdom","United Kingdom",G-SIIS,,,,,,"Amateur Built",PTS1,"Amateur Built Pitts Special S-1S","PFA 009-13485",,,,,,Private,,,,,,,0,,,,,,0,0,0,0,0,,,,,,0,0,0,0,0,GEN-PTS1
28973812,"2026-01-21 11:26:55","2026-01-21 11:26:55",AC4EAD,"United States","United States",N892VR,,,,,,"Raytheon Aircraft Company",H25B,"Raytheon Aircraft Company 125 800XP",258592,,,,,,"Cessna Aircraft Company",,,,,,,0,,,,,,0,0,0,0,0,,,,,,0,0,0,0,0,GEN-H25B
28973140,"2026-01-21 11:18:57","2026-01-21 11:18:57",4074AE,"United Kingdom","United Kingdom",G-EZRO,,,,,,Airbus,A320,"Airbus A320 214SL",8065,,,,,,easyJet,,,2017,,,,0,,,,,,0,0,0,0,0,,,,,,0,0,0,0,0,EZY
28972980,"2026-01-21 11:17:00","2026-01-21 11:17:00",3D0BCD,Germany,Germany,D-ECSJ,,,,,,Reims/Cessna,C150,"Reims/Cessna F150L",0780,,,,,,Private,,,1972,,,,0,,,,,,0,0,0,0,0,,,,,,0,0,0,0,0,GEN-C150
28972666,"2026-01-21 11:13:17","2026-01-21 11:13:17",E4928C,Brazil,Brazil,PR-CBK,,,,,,"Gulfstream Aerospace",GLF4,"Gulfstream Aerospace G450",4342,,,,,,"Icon Taxi Aereo Ltda",,,2014,,,,0,,,,,,0,0,0,0,0,,,,,,0,0,0,0,0,GEN-GLF4
28972391,"2026-01-21 11:10:08","2026-01-21 11:10:08",A7EBB1,"United States","United States",N60946,,,,,,Cessna,C150,"Cessna 150J",15070687,,,,,,Private,,,,,,,0,,,,,,0,0,0,0,0,,,,,,0,0,0,0,0,GEN-C150
28972057,"2026-01-21 11:06:39","2026-01-21 11:06:39",3C7068,Germany,Germany,D-ALCH,,,,,,"McDonnell Douglas",MD11,"McDonnell Douglas MD-11 F",48801,,,,,,"Lufthansa Cargo Airlines",,,1999,,,,0,,,,,,0,0,0,0,0,,,,,,0,0,0,0,0,GEC
28971926,"2026-01-21 11:05:09","2026-01-21 11:05:09",A3125E,"United States","United States",N29739,,,,,,Taylorcraft,TAYB,"Taylorcraft BC-12 65",2585,,,,,,Private,,,1941,,,,0,,,,,,0,0,0,0,0,,,,,,0,0,0,0,0,GEN-TAYB
28971893,"2026-01-21 11:04:47","2026-01-21 11:04:47",400DFE,"United Kingdom","United Kingdom",G-CDVC,,,,,,Agusta,A109,"Agusta A.109 E Power",11664,,,,,,"Aviation Network ANM AB",,,2006,,,,0,,,,,,0,0,0,0,0,,,,,,0,0,0,0,0,GEN-A109
28971876,"2026-01-21 11:04:36","2026-01-21 11:04:36",384A83,France,France,F-BSUD,,,,,,Cessna,C421,"Cessna 421A",421A0109,,,,,,Private,,,,,,,0,,,,,,0,0,0,0,0,,,,,,0,0,0,0,0,GEN-C421
28971650,"2026-01-21 11:01:32","2026-01-21 11:01:32",4AB30B,Sweden,Sweden,SE-LXK,,,,,,SAAB,SB20,"Saab 2000",2000-056,,,,,,"Braathens Regional Airways",,,1998,,,,0,,,,,,0,0,0,0,0,,,,,,0,0,0,0,0,BRX
28971375,"2026-01-21 10:58:38","2026-01-21 10:58:38",ACC93F,"United States","United States",N9229V,,,,,,Mooney,M20P,"Mooney M.20C Ranger",690055,,,,,,Private,,,1969,,,,0,,,,,,0,0,0,0,0,,,,,,0,0,0,0,0,GEN-M20P
28971133,"2026-01-21 10:55:48","2026-01-21 10:55:48",A7575C,"United States","United States",N572RP,,,,,,Embraer,E145,"Embraer ERJ-145 LR",14500828,,,,,,"Operator Unknown",,,,,,,0,,,,,,0,0,0,0,0,,,,,,0,0,0,0,0,GEN-E145
28971121,"2026-01-21 10:55:42","2026-01-21 10:55:42",A2C705,"United States","United States",N2783R,,,,,,Aerospatiale,PUMA,"Aerospatiale Puma SA.330 J",1592,,,,,,Private,,,1979,,,,0,,,,,,0,0,0,0,0,,,,,,0,0,0,0,0,GEN-PUMA
28970763,"2026-01-21 10:51:58","2026-01-21 10:51:58",A60E4C,"United States","United States",N49FR,,,,,,"Hawker Beechcraft Corp",BE9L,"Hawker Beechcraft Corp King Air C90GT",LJ-1929,,,,,,"Airparts Aircraft Sales LLC",,,,,,,0,,,,,,0,0,0,0,0,,,,,,0,0,0,0,0,GEN-BE9L
28970560,"2026-01-21 10:49:53","2026-01-21 10:49:53",4AA9F9,Sweden,Sweden,SE-JOY,,,,,,Robinson,R44,"Robinson R44 Raven II",11224,,,,,,Private,,,2006,,,,0,,,,,,0,0,0,0,0,,,,,,0,0,0,0,0,GEN-R44
28970437,"2026-01-21 10:48:17","2026-01-21 10:48:17",A0D48C,"United States","United States",N1524L,,,,,,"Firefly Balloons",BALL,"Firefly Balloons Firefly 8B Hot Air Balloon",GLX-1068B,,,,,,Private,,,2003,,,,0,,,,,,0,0,0,0,0,,,,,,0,0,0,0,0,GEN-BALL
28968818,"2026-01-21 10:30:07","2026-01-21 10:30:07",A3BC8D,"United States","United States",N34SH,,,,,,Rutan,VEZE,"Rutan VariEze",1837,,,,,,Private,,,,,,,0,,,,,,0,0,0,0,0,,,,,,0,0,0,0,0,GEN-VEZE
28967916,"2026-01-21 10:20:41","2026-01-21 10:20:41",ACB1F2,"United States","United States",N917PA,,,,,,Piper,P28A,"Piper PA-28 181 Archer III",2843306,,,,,,Private,,,1999,,,,0,,,,,,0,0,0,0,0,,,,,,0,0,0,0,0,GEN-P28A
28967835,"2026-01-21 10:19:44","2026-01-21 10:19:44",A9990A,"United States","United States",N7174Z,,,,,,Piper,PA25,"Piper PA-25 235 Pawnee B",25-3043,,,,,,Private,,,,,,,0,,,,,,0,0,0,0,0,,,,,,0,0,0,0,0,GEN-PA25
28967653,"2026-01-21 10:17:31","2026-01-21 10:17:31",A7E7FC,"United States","United States",N60848,,,,,,"Naval Aircraft Factory",N3N,"Naval Aircraft Factory N3N 3",4358,,,,,,Private,,,1941,,,,0,,,,,,0,0,0,0,0,,,,,,0,0,0,0,0,GEN-N3N
28966585,"2026-01-21 10:05:37","2026-01-21 10:05:37",ABCDC5,"United States","United States",N86PB,,,,,,"Lancair International",LNC4,"Lancair International Lancair IV",LIV-154,,,,,,Private,,,1998,,,,0,,,,,,0,0,0,0,0,,,,,,0,0,0,0,0,GEN-LNC4
28966477,"2026-01-21 10:04:35","2026-01-21 10:04:35",AAAB16,"United States","United States",N787FT,,,,,,Boeing,B788,"Boeing 787 8 BBJ",40694,,,,,,"Boeing Company",,,2010,,,,0,,,,,,0,0,0,0,0,,,,,,0,0,0,0,0,BOE
28966080,"2026-01-21 09:59:41","2026-01-21 09:59:41",44C12B,Belgium,Belgium,OO-PIK,,,,,,Eiri-Avion,PK20,"Eiri-Avion PIK-20 E",20235,,,,,,Private,,,1979,,,,0,,,,,,0,0,0,0,0,,,,,,0,0,0,0,0,GEN-PK20
28965810,"2026-01-21 09:57:05","2026-01-21 09:57:05",C07363,Canada,Canada,C-GRSC,,,,,,Convair,CVLT,"Convair 580",72,,,,,,"Environment Canada",,,1953,,,,0,,,,,,0,0,0,0,0,,,,,,0,0,0,0,0,GEN-CVLT
17912,"2022-02-16 07:49:47","2026-01-21 09:50:48",48421B,Netherlands,Netherlands,,,,,,,,-GND,,,,,,,,,,,,,,,0,,,,,,0,0,0,0,0,Missing,,,,,0,0,0,0,0,GEN--GND
28964617,"2026-01-21 09:43:56","2026-01-21 09:43:56",4B5229,Switzerland,Switzerland,HB-3458,,,,,,Schleicher,AS29,"Schleicher ASG 29 27-18E",29666,,,,,,Private,,,2013,,,,0,,,,,,0,0,0,0,0,,,,,,0,0,0,0,0,GEN-AS29
28964362,"2026-01-21 09:41:03","2026-01-21 09:41:03",A4FD6D,"United States","United States",N420UM,,,,,,Eipper,ULAC,"Eipper Quicksilver Sport 2S",1,,,,,,Private,,,,,,,0,,,,,,0,0,0,0,0,,,,,,0,0,0,0,0,GEN-ULAC
28964227,"2026-01-21 09:39:11","2026-01-21 09:39:11",3EF00C,Germany,Germany,D-3957,,,,,,Grob,GLID,"Grob G 103 Twin Astir",3100,,,,,,Private,,,1978,,,,0,,,,,,0,0,0,0,0,,,,,,0,0,0,0,0,GEN-GLID
28963984,"2026-01-21 09:36:31","2026-01-21 09:36:31",009880,"South Africa","South Africa",ZS-JGP,,,,,,Piper,P28A,"Piper PA-28 151 Cherokee Warrior",28-7415645,,,,,,Private,,,1974,,,,0,,,,,,0,0,0,0,0,,,,,,0,0,0,0,0,GEN-P28A
28963003,"2026-01-21 09:25:24","2026-01-21 09:25:24",A064F0,"United States","United States",N1240K,,,,,,"Textron Aviation",B350,"Textron Aviation King Air B350",FL-1240,,,,,,"Textron Aviation Inc",,,2020,,,,0,,,,,,0,0,0,0,0,,,,,,0,0,0,0,0,GEN-B350
28962636,"2026-01-21 09:21:33","2026-01-21 09:21:33",A9ACB9,"United States","United States",N722TX,,,,,,"Helicopteres Guimbal",G2CA,"Helicopteres Guimbal Cabri G2",1171,,,,,,"American Helicopter Leasing Corp LLC",,,2016,,,,0,,,,,,0,0,0,0,0,,,,,,0,0,0,0,0,GEN-G2CA
28962584,"2026-01-21 09:20:48","2026-01-21 09:20:48",44093B,Austria,Austria,OE-LCK,,,,,,Airbus,A321,"Airbus A321 211",5133,,,,,,Laudamotion,,,2012,,,,0,,,,,,0,0,0,0,0,,,,,,0,0,0,0,0,LDM
28962482,"2026-01-21 09:19:37","2026-01-21 09:19:37",A0CA7D,"United States","United States",N150DC,,,,,,Beagle,BASS,"Beagle B.206 S",B.028,,,,,,Private,,,1967,,,,0,,,,,,0,0,0,0,0,,,,,,0,0,0,0,0,GEN-BASS
28962061,"2026-01-21 09:14:38","2026-01-21 09:14:38",49D460,"Czech Republic","Czech Republic",OK-SWS,,,,,,Boeing,B38M,"Boeing 737MAX 8",62883,,,,,,SmartWings,,,2020,,,,0,,,,,,0,0,0,0,0,,,,,,0,0,0,0,0,TVS
28959007,"2026-01-21 08:40:25","2026-01-21 08:40:25",A51387,"United States","United States",N426SP,,,,,,Cessna,C172,"Cessna 172S Skyhawk SP",172S8353,,,,,,Private,,,,,,,0,,,,,,0,0,0,0,0,,,,,,0,0,0,0,0,GEN-C172
28958597,"2026-01-21 08:35:29","2026-01-21 08:35:29",A4619C,"United States","United States",N38117,,,,,,"Texas Helicopter",M74,"Texas Helicopter M74 Wasp",78-013,,,,,,Private,,,1978,,,,0,,,,,,0,0,0,0,0,,,,,,0,0,0,0,0,GEN-M74
28958155,"2026-01-21 08:30:02","2026-01-21 08:30:02",AB3417,"United States","United States",N8206T,,,,,,Cessna,C175,"Cessna 175B Skylark",17556906,,,,,,Private,,,1960,,,,0,,,,,,0,0,0,0,0,,,,,,0,0,0,0,0,GEN-C175
28956777,"2026-01-21 08:14:23","2026-01-21 08:14:23",403592,"United Kingdom","United Kingdom",G-MWZO,,,,,,"Solar Wings",ULAC,"Solar Wings Pegasus Quasar IITC",SW-WQT-0498,,,,,,Private,,,1992,,,,0,,,,,,0,0,0,0,0,,,,,,0,0,0,0,0,GEN-ULAC
28955875,"2026-01-21 08:03:50","2026-01-21 08:03:50",44C838,Belgium,Belgium,OO-RAX,,,,,,Eurocopter,AS50,"Eurocopter Squirrel AS.350 B2",9012,,,,,,Private,,,2000,,,,0,,,,,,0,0,0,0,0,,,,,,0,0,0,0,0,GEN-AS50
28955811,"2026-01-21 08:03:12","2026-01-21 08:03:12",381533,France,France,F-BFJT,,,,,,Nord,N120,"Nord 1203 Norecrin",188,,,,,,Private,,,,,,,0,,,,,,0,0,0,0,0,,,,,,0,0,0,0,0,GEN-N120
28955812,"2026-01-21 08:03:12","2026-01-21 08:03:12",A54AE0,"United States","United States",N440CS,,,,,,Robinson,R44,"Robinson R44 Raven",1991,,,,,,Private,,,,,,,0,,,,,,0,0,0,0,0,,,,,,0,0,0,0,0,GEN-R44
28955320,"2026-01-21 07:56:41","2026-01-21 07:56:41",5113DA,Estonia,Estonia,"",,,,,,"",-GND,"Ground Vehicle",,,,,,,"Tallinn Airport",,,,,,,0,,,,,,0,0,0,0,0,,,,,,0,0,0,0,0,GEN--GND
11102,"2021-11-08 16:26:52","2026-01-21 07:54:18",C87EE8,"New Zealand","New Zealand","",,,,"",,"",ZZZZ,"","",,,,,,"",,,,,,"",0,,,,,,0,0,0,0,0,Missing,,,"","",0,0,0,0,0,GEN-ZZZZ
766556,"2023-10-30 20:59:55","2026-01-21 07:54:18",43BF96,"United Kingdom","United Kingdom","",,,,"",,"",ZANT,"","",,,,,,"",,,,,,"",0,,,,,,0,0,0,0,0,Missing,,,"","",0,0,0,0,0,ZANT
28955008,"2026-01-21 07:53:18","2026-01-21 07:53:18",4072FA,"United Kingdom","United Kingdom",ZM307,,,,,,Grob,G120,"Grob Prefect TP-A",11122,,,,,,"Ministry of Defence",,,,,,,0,,,,,,0,0,0,0,0,,,,,,0,0,0,0,0,GEN-G120
28954393,"2026-01-21 07:45:48","2026-01-21 07:45:48",A4DAF8,"United States","United States",N41151,,,,,,Ryan,NAVI,"Ryan Navion",NAV-4-1151,,,,,,Private,,,1948,,,,0,,,,,,0,0,0,0,0,,,,,,0,0,0,0,0,GEN-NAVI
28954068,"2026-01-21 07:41:44","2026-01-21 07:41:44",00946D,"South Africa","South Africa",ZS-HSM,,,,,,Robinson,R44,"Robinson R44 Raven II",12882,,,,,,Private,,,2009,,,,0,,,,,,0,0,0,0,0,,,,,,0,0,0,0,0,GEN-R44
28953778,"2026-01-21 07:38:26","2026-01-21 07:38:26",A3C0D6,"United States","United States",N3408Z,,,,,,Piper,PA22,"Piper PA-22 150 Tri-Pacer",22-7320,,,,,,Private,,,,,,,0,,,,,,0,0,0,0,0,,,,,,0,0,0,0,0,GEN-PA22
28953034,"2026-01-21 07:29:26","2026-01-21 07:29:26",4001E3,"Cayman Islands","Cayman Islands",VP-CBS,,,,,,Bombardier,CL60,"Bombardier Challenger 601 3A",5044,,,,,,"Aprilia Holdings Inc",,,1989,,,,0,,,,,,0,0,0,0,0,,,,,,0,0,0,0,0,GEN-CL60
28952646,"2026-01-21 07:25:08","2026-01-21 07:25:08",A0C86C,"United States","United States",N15G,,,,,,"Rand Robinson",KR2,"Rand Robinson KR-2",GD0-1,,,,,,Private,,,1977,,,,0,,,,,,0,0,0,0,0,,,,,,0,0,0,0,0,GEN-KR2
28952085,"2026-01-21 07:18:51","2026-01-21 07:18:51",AA6A1A,"United States","United States",N770M,,,,,,"Amateur Built",ULAC,"Amateur Built Thatcher CX4",192,,,,,,Private,,,,,,,0,,,,,,0,0,0,0,0,,,,,,0,0,0,0,0,GEN-ULAC
28951947,"2026-01-21 07:16:38","2026-01-21 07:16:38",3CD83F,Germany,Germany,D-CJET,,,,,,Cessna,C25B,"Cessna Citation CJ3",525B0349,,,,,,"VistaJet Germany",,,2010,,,,0,,,,,,0,0,0,0,0,,,,,,0,0,0,0,0,VJH
28951917,"2026-01-21 07:16:12","2026-01-21 07:16:12",A3E800,"United States","United States",N3506J,,,,,,Cessna,C150,"Cessna 150E",15061206,,,,,,Private,,,,,,,0,,,,,,0,0,0,0,0,,,,,,0,0,0,0,0,GEN-C150
28951549,"2026-01-21 07:10:40","2026-01-21 07:10:40",A16C49,"United States","United States",N191EC,,,,,,Embraer,E145,"Embraer ERJ-145 LI",14501019,,,,,,Embraer,,,,,,,0,,,,,,0,0,0,0,0,,,,,,0,0,0,0,0,GEN-E145
28950190,"2026-01-21 06:54:02","2026-01-21 06:54:02",A0985E,"United States","United States",N1376B,,,,,,Luscombe,L8,"Luscombe Silvaire 8F",6003,,,,,,Private,,,,,,,0,,,,,,0,0,0,0,0,,,,,,0,0,0,0,0,GEN-L8
28949851,"2026-01-21 06:50:17","2026-01-21 06:50:17",A02771,"United States","United States",HP-2771,,,,,,Beech,BE55,"Beech Baron A55",TC-270,,,,,,Private,,,1962,,,,0,,,,,,0,0,0,0,0,,,,,,0,0,0,0,0,GEN-BE55
26622,"2022-05-03 02:22:35","2026-01-21 06:49:37",4864B4,Netherlands,Netherlands,,,,,,,,RDTST,,,,,,,,,,,,,,,0,,,,,,0,0,0,0,0,Missing,,,,,0,0,0,0,0,TEST
28949665,"2026-01-21 06:47:51","2026-01-21 06:47:51",4030D5,"United Kingdom","United Kingdom",G-BSBR,,,,,,Cameron,BALL,"Cameron V-77 Hot Air Balloon",2247,,,,,,Private,,,1990,,,,0,,,,,,0,0,0,0,0,,,,,,0,0,0,0,0,GEN-BALL
28947305,"2026-01-21 06:18:12","2026-01-21 06:18:12",3E66D5,Germany,Germany,D-KEDH,,,,,,Diamond,DIMO,"Diamond HK 36TTC Super Dimona",,,,,,,Private,,,,,,,0,,,,,,0,0,0,0,0,,,,,,0,0,0,0,0,GEN-DIMO
28946279,"2026-01-21 06:05:29","2026-01-21 06:05:29",393471,France,France,F-GNDR,,,,,,Ultramagic,BALL,"Ultramagic S-90 Hot Air Balloon",90/06,,,,,,Private,,,,,,,0,,,,,,0,0,0,0,0,,,,,,0,0,0,0,0,GEN-BALL
28945835,"2026-01-21 06:00:27","2026-01-21 06:00:27",A03D5F,"United States","United States",N114ZS,,,,,,Reproduction,NPOR,"Reproduction Nieuport 11 Scale Replica",002,,,,,,Private,,,,,,,0,,,,,,0,0,0,0,0,,,,,,0,0,0,0,0,GEN-NPOR
28944303,"2026-01-21 05:39:30","2026-01-21 05:39:30",A654C1,"United States","United States",N507JH,,,,,,"Zénith",CH70,"Zénith Zenair STOL CH 701",74281,,,,,,Private,,,,,,,0,,,,,,0,0,0,0,0,,,,,,0,0,0,0,0,GEN-CH70
28944055,"2026-01-21 05:36:30","2026-01-21 05:36:30",AB955E,"United States","United States",N8454P,,,,,,Cessna,C206,"Cessna T206H Turbo Stationair",T20608820,,,,,,Private,,,2008,,,,0,,,,,,0,0,0,0,0,,,,,,0,0,0,0,0,GEN-C206
28943857,"2026-01-21 05:33:14","2026-01-21 05:33:14",A48FD7,"United States","United States",N500WD,,,,,,Cessna,C25B,"Cessna Citation CJ3",525B0393,,,,,,"N500WD LLC",,,,,,,0,,,,,,0,0,0,0,0,,,,,,0,0,0,0,0,GEN-C25B
28943603,"2026-01-21 05:30:16","2026-01-21 05:30:16",AC48DD,"United States","United States",N89080,,,,,,Bell,B06,"Bell TH-67A Creek",5294,,,,,,"United States Army",,,,,,,0,,,,,,1,0,0,0,0,,,,,,0,0,0,0,0,
28943587,"2026-01-21 05:30:00","2026-01-21 05:30:00",403541,"United Kingdom","United Kingdom",G-BTZS,,,,,,Colt,BALL,"Colt 77B Hot Air Balloon",2088,,,,,,Private,,,1991,,,,0,,,,,,0,0,0,0,0,,,,,,0,0,0,0,0,GEN-BALL
28943015,"2026-01-21 05:22:53","2026-01-21 05:22:53",AD06EB,"United States","United States",N93881,,,,,,ERCO,ERCO,"Ercoupe 415-C",1204,,,,,,Private,,,1946,,,,0,,,,,,0,0,0,0,0,,,,,,0,0,0,0,0,GEN-ERCO
28942684,"2026-01-21 05:18:13","2026-01-21 05:18:13",A3B6DB,"United States","United States",N3387G,,,,,,"North American",YALE,"North American NA-64 Yale Mk.1",64-3029,,,,,,Private,,,,,,,0,,,,,,0,0,0,0,0,,,,,,0,0,0,0,0,GEN-YALE
28942517,"2026-01-21 05:16:06","2026-01-21 05:16:06",A1EEBC,"United States","United States",N22312,,,,,,Aeronca,CH7A,"Aeronca Defender 65-LA",L-3149,,,,,,Private,,,1939,,,,0,,,,,,0,0,0,0,0,,,,,,0,0,0,0,0,GEN-CH7A
28942248,"2026-01-21 05:12:26","2026-01-21 05:12:26",4240A0,Bermuda,Bermuda,VP-BFK,,,,,,Boeing,B735,"Boeing 737 5L9",24928,,,,,,"Kuban Airlines",,,1990,,,,0,,,,,,0,0,0,0,0,,,,,,0,0,0,0,0,GEN-B735
28941789,"2026-01-21 05:06:24","2026-01-21 05:06:24",A4F0EC,"United States","United States",N4173K,,,,,,Piper,P28A,"Piper PA-28 181 Archer III",2843401,,,,,,Private,,,2000,,,,0,,,,,,0,0,0,0,0,,,,,,0,0,0,0,0,GEN-P28A
28941617,"2026-01-21 05:03:37","2026-01-21 05:03:37",ADC8C2,"United States","United States",N9879K,,,,,,Piper,P28A,"Piper PA-28 161 Warrior II",28-7816202,,,,,,Private,,,,,,,0,,,,,,0,0,0,0,0,,,,,,0,0,0,0,0,GEN-P28A
28941297,"2026-01-21 05:00:00","2026-01-21 05:00:00",A4DD44,"United States","United States",N412TN,,,,,,"Cirrus Design",S22T,"Cirrus Design SR22T",1749,,,,,,Private,,,2018,,,,0,,,,,,0,0,0,0,0,,,,,,0,0,0,0,0,GEN-S22T
28941138,"2026-01-21 04:57:41","2026-01-21 04:57:41",A1D47E,"United States","United States",N217LA,,,,,,Eurocopter,AS50,"Eurocopter Squirrel AS.350 B2",3311,,,,,,"Los Angeles Police Department",,,,,,,0,,,,,,0,0,0,0,0,,,,,,0,0,0,0,0,GEN-AS50
28941086,"2026-01-21 04:57:04","2026-01-21 04:57:04",A1F0E2,"United States","United States",N224LL,,,,,,Bell,B222,"Bell 222",47552,,,,,,Private,,,,,,,0,,,,,,0,0,0,0,0,,,,,,0,0,0,0,0,GEN-B222
28938645,"2026-01-21 04:24:58","2026-01-21 04:24:58",A75812,"United States","United States",N604WC,,,,,,Bombardier,LJ60,"Bombardier Learjet 60 XR",60-364,,,,,,"Clay Lacy Aviation Inc",,,,,,,0,,,,,,0,0,0,0,0,,,,,,0,0,0,0,0,CLY
28937990,"2026-01-21 04:16:16","2026-01-21 04:16:16",A2BDEA,"United States","United States",N276MS,,,,,,SOCATA,TRIN,"SOCATA TB21 Trinidad TC",1378,,,,,,Private,,,,,,,0,,,,,,0,0,0,0,0,,,,,,0,0,0,0,0,GEN-TRIN
28937681,"2026-01-21 04:12:21","2026-01-21 04:12:21",AD1077,"United States","United States",N9407B,,,,,,Cessna,C175,"Cessna 175 Skylark",55207,,,,,,Private,,,1958,,,,0,,,,,,0,0,0,0,0,,,,,,0,0,0,0,0,GEN-C175
28937151,"2026-01-21 04:05:00","2026-01-21 04:05:00",A22412,"United States","United States",N237SA,,,,,,Boeing,B752,"Boeing 757 28A/W",33101,,,,,,"SF Airlines",,,2004,,,,0,,,,,,0,0,0,0,0,,,,,,0,0,0,0,0,CSS
28936608,"2026-01-21 03:57:52","2026-01-21 03:57:52",AB28D4,"United States","United States",N818TY,,,,,,Piper,PA44,"Piper PA-44 180 Seminole",4496516,,,,,,Private,,,2020,,,,0,,,,,,0,0,0,0,0,,,,,,0,0,0,0,0,GEN-PA44
28936410,"2026-01-21 03:55:13","2026-01-21 03:55:13",A0725A,"United States","United States",N128KQ,,,,,,"Quest Aircraft Company",KODI,"Quest Aircraft Company Kodiak 100",100-0128,,,,,,Corporate,,,2014,,,,0,,,,,,0,0,0,0,0,,,,,,0,0,0,0,0,GEN-KODI
28936123,"2026-01-21 03:51:21","2026-01-21 03:51:21",AC70A7,"United States","United States",N900RD,,,,,,Beech,BE10,"Beech King Air B100",BE-33,,,,,,"Kidd Aviation LLC",,,,,,,0,,,,,,0,0,0,0,0,,,,,,0,0,0,0,0,GEN-BE10
28935635,"2026-01-21 03:44:02","2026-01-21 03:44:02",E90546,Uruguay,Uruguay,CX-CBS,,,,,,"Hawker Siddeley",H25A,"Hawker Siddeley 125 600A",256067,,,,,,"Government of Uruguay",,,1976,,,,0,,,https://cdn.jetphotos.com/full/1/22663_1239278632.jpg,"","",0,0,0,0,0,,,,,,0,0,0,0,0,GEN-H25A
28935241,"2026-01-21 03:38:52","2026-01-21 03:38:52",42441A,"United Kingdom","United Kingdom",VQ-BGI,,,,,,Airbus,A320,"Airbus A320 232",5055,,,,,,"Ural Airlines",,,2012,,,,0,,,,,,0,0,0,0,0,,,,,,0,0,0,0,0,SVR
28934821,"2026-01-21 03:33:31","2026-01-21 03:33:31",C03720,Canada,Canada,C-FUWT,,,,,,"Amateur Built",ZZZZ,"Amateur Built Loadmaster",97-001,,,,,,Private,,,1997,,,,0,,,,,,0,0,0,0,0,,,,,,0,0,0,0,0,GEN-ZZZZ
28934308,"2026-01-21 03:25:52","2026-01-21 03:25:52",800233,India,India,K2733,,,,,,Antonov,AN32,"Antonov An-32 RE",0709,,,,,,"Indian Air Force",,,,,,,0,,,,,,1,0,0,0,0,,,,,,0,0,0,0,0,IFC
28934218,"2026-01-21 03:24:40","2026-01-21 03:24:40",A0EC0E,"United States","United States",N159EM,,,,,,"Aero Vodochody",L159,"Aero Vodochody L-159 A",156034,,,,,,"Draken International",,,2001,,,,0,,,,,,0,0,0,0,0,,,,,,0,0,0,0,0,GEN-L159
28933764,"2026-01-21 03:18:45","2026-01-21 03:18:45",A62162,"United States","United States",N4940X,,,,,,Ayres,SS2P,"Ayres Thrush S2R-600",5001R,,,,,,Private,,,1975,,,,0,,,,,,0,0,0,0,0,,,,,,0,0,0,0,0,GEN-SS2P
28932640,"2026-01-21 03:02:58","2026-01-21 03:02:58",391B33,France,France,F-GGZT,,,,,,Piper,PA38,"Piper PA-38 112 Tomahawk",38-79A0401,,,,,,Private,,,,,,,0,,,,,,0,0,0,0,0,,,,,,0,0,0,0,0,GEN-PA38
28932327,"2026-01-21 02:58:31","2026-01-21 02:58:31",8A036C,Indonesia,Indonesia,PK-AXZ,,,,,,Airbus,A320,"Airbus A320 216",5420,,,,,,"Indonesia AirAsia",,,2012,,,,0,,,,,,0,0,0,0,0,,,,,,0,0,0,0,0,AWQ
28931887,"2026-01-21 02:52:36","2026-01-21 02:52:36",A69357,"United States","United States",N5224Y,,,,,,Piper,PA27,"Piper PA-23 Aztec 250B",27-2272,,,,,,Private,,,,,,,0,,,,,,0,0,0,0,0,,,,,,0,0,0,0,0,GEN-PA27
28931675,"2026-01-21 02:49:17","2026-01-21 02:49:17",300651,Italy,Italy,I-NHCO,,,,,,Dassault,F2TH,"Dassault Falcon 2000LX S",313,,,,,,"Eurofly Service SpA",,,2015,,,,0,,,,,,0,0,0,0,0,,,,,,0,0,0,0,0,EEU
28931066,"2026-01-21 02:40:59","2026-01-21 02:40:59",C077A4,Canada,Canada,C-GTHZ,,,,,,Bell,B06,"Bell 206L Long Ranger IV",52346,,,,,,"Summit Helicopters",,,2007,,,,0,,,,,,0,0,0,0,0,,,,,,0,0,0,0,0,GEN-B06
28930788,"2026-01-21 02:37:26","2026-01-21 02:37:26",A524F9,"United States","United States",N430V,,,,,,Bell,B430,"Bell 430",49020,,,,,,"49020 Inc Trustee",,,,,,,0,,,,,,0,0,0,0,0,,,,,,0,0,0,0,0,GEN-B430
28929695,"2026-01-21 02:22:43","2026-01-21 02:22:43",A5CCD6,"United States","United States",N473GA,,,,,,"Gulfstream Aerospace",G280,"Gulfstream Aerospace G280",2173,,,,,,"Gulfstream Aerospace LP",,,2019,,,,0,,,,,,0,0,0,0,0,,,,,,0,0,0,0,0,GEN-G280
28928716,"2026-01-21 02:08:45","2026-01-21 02:08:45",A558C8,"United States","United States",N44349,,,,,,Cessna,C402,"Cessna 401B",401B0049,,,,,,Private,,,,,,,0,,,,,,0,0,0,0,0,,,,,,0,0,0,0,0,GEN-C402
28928085,"2026-01-21 01:59:29","2026-01-21 01:59:29",A27104,"United States","United States",N2566T,,,,,,"Velocity Aircraft",VELO,"Velocity Aircraft Velocity",061,,,,,,Private,,,,,,,0,,,,,,0,0,0,0,0,,,,,,0,0,0,0,0,GEN-VELO
28927359,"2026-01-21 01:48:41","2026-01-21 01:48:41",403D7C,"United Kingdom","United Kingdom",G-OJRH,,,,,,Robinson,R44,"Robinson R44 Astro",0321,,,,,,"Startrade Heli Gmbh",,,1997,,,,0,,,,,,0,0,0,0,0,,,,,,0,0,0,0,0,GEN-R44
28927165,"2026-01-21 01:46:16","2026-01-21 01:46:16",A6F874,"United States","United States",N5483Q,,,,,,Cessna,C150,"Cessna 150L",15073383,,,,,,Private,,,,,,,0,,,,,,0,0,0,0,0,,,,,,0,0,0,0,0,GEN-C150
28927135,"2026-01-21 01:45:50","2026-01-21 01:45:50",AB34ED,"United States","United States",N821DR,,,,,,Rans,SAKO,"Rans Sakota S-10",0990115,,,,,,Private,,,,,,,0,,,,,,0,0,0,0,0,,,,,,0,0,0,0,0,GEN-SAKO
28927113,"2026-01-21 01:45:31","2026-01-21 01:45:31",A3828D,"United States","United States",N325TA,,,,,,Piper,PA31,"Piper PA-31 325 Navajo C/R",31-7712019,,,,,,Private,,,1976,,,,0,,,,,,0,0,0,0,0,,,,,,0,0,0,0,0,GEN-PA31
28926473,"2026-01-21 01:37:18","2026-01-21 01:37:18",39160C,France,France,F-GFQM,,,,,,SOCATA,TAMP,"SOCATA TB9 Tampico Club",742,,,,,,Private,,,,,,,0,,,,,,0,0,0,0,0,,,,,,0,0,0,0,0,GEN-TAMP
28926137,"2026-01-21 01:32:03","2026-01-21 01:32:03",AD22E6,"United States","United States",N9456A,,,,,,Stolp,ZZZZ,"Stolp SA.900 V-Star",21,,,,,,Private,,,1978,,,,0,,,,,,0,0,0,0,0,,,,,,0,0,0,0,0,GEN-ZZZZ
28925750,"2026-01-21 01:26:45","2026-01-21 01:26:45",A9A163,"United States","United States",N72BY,,,,,,"Amateur Built",PTS1,"Amateur Built Pitts Special S-1S",001,,,,,,Private,,,2009,,,,0,,,,,,0,0,0,0,0,,,,,,0,0,0,0,0,GEN-PTS1
28925512,"2026-01-21 01:24:00","2026-01-21 01:24:00",A8C58E,"United States","United States",N66408,,,,,,Cessna,C150,"Cessna 150M",15076030,,,,,,Private,,,,,,,0,,,,,,0,0,0,0,0,,,,,,0,0,0,0,0,GEN-C150
28924536,"2026-01-21 01:09:46","2026-01-21 01:09:46",A7502D,"United States","United States",N570UB,,,,,,Bell,B407,"Bell 407 GX",54622,,,,,,"Transair Leasing Inc",,,2015,,,,0,,,,,,0,0,0,0,0,,,,,,0,0,0,0,0,GEN-B407
28924488,"2026-01-21 01:08:58","2026-01-21 01:08:58",A6ACF1,"United States","United States",N52910,,,,,,"Air Command",CMDE,"Air Command 503 Commander",RIG1,,,,,,Private,,,,,,,0,,,,,,0,0,0,0,0,,,,,,0,0,0,0,0,GEN-CMDE
28923657,"2026-01-21 00:56:54","2026-01-21 00:56:54",A03255,"United States","United States",N1110U,,,,,,"Textron Aviation",B350,"Textron Aviation King Air B350",FL-1110,,,,,,"Direct To Aviation LLC",,,2017,,,,0,,,,,,0,0,0,0,0,,,,,,0,0,0,0,0,GEN-B350
28922673,"2026-01-21 00:44:13","2026-01-21 00:44:13",424192,"Cayman Islands","Cayman Islands",VP-CQX,,,,,,Embraer,E190,"Embraer EMB-190 LR",19000233,,,,,,"Air Costa",,,2008,,,,0,,,,,,0,0,0,0,0,,,,,,0,0,0,0,0,LEP
28922330,"2026-01-21 00:35:55","2026-01-21 00:35:55",A76B27,"United States","United States",N57726,,,,,,Taylorcraft,TAYD,"Taylorcraft DC-65 Tandem Trainer",5801,,,,,,Private,,,1943,,,,0,,,,,,0,0,0,0,0,,,,,,0,0,0,0,0,GEN-TAYD
28922002,"2026-01-21 00:31:40","2026-01-21 00:31:40",44F840,Belgium,Belgium,AT-20,,,,,,"Dassault-Breguet Dornier",AJET,"Dassault-Breguet Dornier Alpha Jet 1B+",1076,,,,,,"Belgian Air Component",,,,,,,0,,,https://cdn.jetphotos.com/full/6/43929_1436149701.jpg,https://cdn.jetphotos.com/full/2/24024_1268656432.jpg,https://cdn.jetphotos.com/full/1/51903_1245090562.jpg,1,0,0,0,0,,,,,,0,0,0,0,0,GEN-AJET
28920829,"2026-01-21 00:15:06","2026-01-21 00:15:06",0AC3CF,Colombia,Colombia,HK-5276,,,,,,Airbus,A320,"Airbus A320 214SL",8485,,,,,,"Viva Air Colombia",,,2018,,,,0,,,,,,0,0,0,0,0,,,,,,0,0,0,0,0,VVC
28920460,"2026-01-21 00:09:39","2026-01-21 00:09:39",5113D3,Estonia,Estonia,"",,,,,,"",-GND,"Ground Vehicle",,,,,,,"Tallinn Airport",,,,,,,0,,,,,,0,0,0,0,0,,,,,,0,0,0,0,0,GEN--GND
28920117,"2026-01-21 00:04:46","2026-01-21 00:04:46",E04398,Argentina,Argentina,LV-DNX,,,,,,PZL-Bielsko,GLID,"PZL-Bielsko SZD-48-1 Jantar Standard 2",B-1031,,,,,,Private,,,1980,,,,0,,,,,,0,0,0,0,0,,,,,,0,0,0,0,0,GEN-GLID
28920118,"2026-01-21 00:04:46","2026-01-21 00:04:46",A43FD1,"United States","United States",N373K,,,,,,"Amateur Built",BALL,"Amateur Built AX.8 Hot Air Balloon",RK37,,,,,,Private,,,1985,,,,0,,,,,,0,0,0,0,0,,,,,,0,0,0,0,0,GEN-BALL
28919866,"2026-01-21 00:00:56","2026-01-21 00:00:56",A6F3AC,"United States","United States",N547TX,,,,,,Cessna,C680,"Cessna Citation Sovereign+",680-0547,,,,,,"Textron Aviation Inc",,,2015,,,,0,,,,,,0,0,0,0,0,,,,,,0,0,0,0,0,GEN-C680
