AircraftID,FirstCreated,LastModified,ModeS,ModeSCountry,Country,Registration,CurrentRegDate,PreviousID,FirstRegDate,Status,DeRegDate,Manufacturer,ICAOTypeCode,Type,SerialNo,PopularName,GenericName,AircraftClass,Engines,OwnershipStatus,RegisteredOwners,MTOW,TotalHours,YearBuilt,CofACategory,CofAExpiry,UserNotes,Interested,UserTag,InfoURL,PictureURL1,PictureURL2,PictureURL3,UserBool1,UserBool2,UserBool3,UserBool4,UserBool5,UserString1,UserString2,UserString3,UserString4,UserString5,UserInt1,UserInt2,UserInt3,UserInt4,UserInt5,OperatorFlagCode
29396756,"2026-01-24 23:47:25","2026-01-24 23:47:25",A81366,"United States","United States",N6196Q,,,,,,Cessna,C402,"Cessna 401A",401A0105,,,,,,Private,,,,,,,0,,,,,,0,0,0,0,0,,,,,,0,0,0,0,0,GEN-C402
29396446,"2026-01-24 23:43:26","2026-01-24 23:43:26",AC3E10,"United States","United States",N8881H,,,,,,Schweizer-Grumman,G164,"Schweizer-Grumman G-164A Super Ag-Cat",1559,,,,,,Private,,,1975,,,,0,,,,,,0,0,0,0,0,,,,,,0,0,0,0,0,GEN-G164
29396180,"2026-01-24 23:40:02","2026-01-24 23:40:02",3421DD,Spain,Spain,EC-HMY,,,,,,Embraer,E120,"Embraer EMB-120 ER/F",120009,,,,,,Swiftair,,,1985,,,,0,,,,,,0,0,0,0,0,,,,,,0,0,0,0,0,SWT
29394471,"2026-01-24 23:12:37","2026-01-24 23:12:37",A6F272,"United States","United States",N547FH,,,,,,Fairchild-Hiller,FH11,"Fairchild-Hiller FH-1100",47,,,,,,Private,,,,,,,0,,,,,,0,0,0,0,0,,,,,,0,0,0,0,0,GEN-FH11
29394445,"2026-01-24 23:12:11","2026-01-24 23:12:11",A986C3,"United States","United States",N71265,,,,,,Luscombe,L8,"Luscombe Silvaire 8A",2692,,,,,,Private,,,1946,,,,0,,,,,,0,0,0,0,0,,,,,,0,0,0,0,0,GEN-L8
29393818,"2026-01-24 23:03:34","2026-01-24 23:03:34",4011C6,"United Kingdom","United Kingdom",G-LMBO,,,,,,Robinson,R44,"Robinson R44 Raven",1743,,,,,,"Startrade Heli Gmbh & Co KG",,,2007,,,,0,,,,,,0,0,0,0,0,,,,,,0,0,0,0,0,GEN-R44
29392961,"2026-01-24 22:51:30","2026-01-24 22:51:30",A1BE18,"United States","United States",N211JY,,,,,,SIAI-Marchetti,S211,"SIAI-Marchetti S.211",013,,,,,,Private,,,,,,,0,,,,,,0,0,0,0,0,,,,,,0,0,0,0,0,GEN-S211
29392718,"2026-01-24 22:48:30","2026-01-24 22:48:30",A4BE80,"United States","United States",PT-HZS,,,,,,Eurocopter/Helibras,AS50,"Eurocopter/Helibras Squirrel HB.350 B2",2953,,,,,,"Helisul Taxi Aereo Ltda",,,,,,,0,,,,,,0,0,0,0,0,,,,,,0,0,0,0,0,GEN-AS50
29391578,"2026-01-24 22:33:37","2026-01-24 22:33:37",A12E74,"United States","United States",N1752X,,,,,,Cessna,C210,"Cessna 210L Centurion",21060773,,,,,,Private,,,1975,,,,0,,,,,,0,0,0,0,0,,,,,,0,0,0,0,0,GEN-C210
29391386,"2026-01-24 22:31:24","2026-01-24 22:31:24",AAF19D,"United States","United States",N804KC,,,,,,"Cirrus Design",S22T,"Cirrus Design SR22T",0657,,,,,,Private,,,2013,,,,0,,,,,,0,0,0,0,0,,,,,,0,0,0,0,0,GEN-S22T
29391334,"2026-01-24 22:30:42","2026-01-24 22:30:42",A3A475,"United States","United States",N3338S,,,,,,Cessna,C210,"Cessna 210J Centurion",21059138,,,,,,Private,,,1969,,,,0,,,,,,0,0,0,0,0,,,,,,0,0,0,0,0,GEN-C210
29391162,"2026-01-24 22:28:34","2026-01-24 22:28:34",ABC4AC,"United States","United States",N8577F,,,,,,Piper,P28A,"Piper PA-28 181 Archer II",28-7790260,,,,,,Private,,,,,,,0,,,,,,0,0,0,0,0,,,,,,0,0,0,0,0,GEN-P28A
29390785,"2026-01-24 22:23:56","2026-01-24 22:23:56",75012B,Malaysia,Malaysia,9M-AFO,,,,,,Airbus,A320,"Airbus A320 216",2989,,,,,,AirAsia,,,2006,,,,0,,,,,,0,0,0,0,0,,,,,,0,0,0,0,0,AXM
29390689,"2026-01-24 22:22:37","2026-01-24 22:22:37",A01AFC,"United States","United States",N10599,,,,,,Cessna,C150,"Cessna 150L",15074921,,,,,,Private,,,,,,,0,,,,,,0,0,0,0,0,,,,,,0,0,0,0,0,GEN-C150
29390640,"2026-01-24 22:21:39","2026-01-24 22:21:39",AD37EB,"United States","United States",N95061,,,,,,Taylorcraft,TAYB,"Taylorcraft BC-12 D",9461,,,,,,Private,,,1946,,,,0,,,,,,0,0,0,0,0,,,,,,0,0,0,0,0,GEN-TAYB
29389997,"2026-01-24 22:13:54","2026-01-24 22:13:54",A4CA9D,"United States","United States",N408CT,,,,,,Cessna,C550,"Cessna Citation S/II",S550-0055,,,,,,"Lo Pilato Family Flights Inc",,,,,,,0,,,,,,0,0,0,0,0,,,,,,0,0,0,0,0,GEN-C550
29389435,"2026-01-24 22:06:21","2026-01-24 22:06:21",A6B4C1,"United States","United States",N531GG,,,,,,"Balloon Repair of East Texas",BALL,"Balloon Repair of East Texas 31A Hot Air Balloon",005-31,,,,,,Private,,,2003,,,,0,,,,,,0,0,0,0,0,,,,,,0,0,0,0,0,GEN-BALL
29388958,"2026-01-24 21:59:58","2026-01-24 21:59:58",A0FBE1,"United States","United States",N1623D,,,,,,Piper,PA27,"Piper PA-23 Aztec 250E",27-7554037,,,,,,Private,,,,,,,0,,,,,,0,0,0,0,0,,,,,,0,0,0,0,0,GEN-PA27
29388374,"2026-01-24 21:52:35","2026-01-24 21:52:35",40292F,"United Kingdom","United Kingdom",G-BNPH,,,,,,Percival,PEMB,"Percival Pembroke C.1",41,,,,,,"Horizon Aircraft Services",,,1955,,,,0,,,,,,0,0,0,0,0,,,,,,0,0,0,0,0,GEN-PEMB
29387327,"2026-01-24 21:38:57","2026-01-24 21:38:57",0DE417,Venezuela,Venezuela,91-0359,,,,,,"General Dynamics",F16,"General Dynamics F-16CG Fighting Falcon",CC-57,,,,,,"United States Air Force",,,,,,,0,,,,,,1,0,0,0,0,,,,,,0,0,0,0,0,
29386637,"2026-01-24 21:30:26","2026-01-24 21:30:26",43C4EE,"United Kingdom","United Kingdom",XZ190,,,,,,Westland,LYNX,"Westland Lynx AH.7",082,,,,,,"Army Air Corps",,,1978,,,,0,,,,,,1,0,0,0,0,,,,,,0,0,0,0,0,
29385627,"2026-01-24 21:17:23","2026-01-24 21:17:23",008314,"South Africa","South Africa",ZS-BDR,,,,,,Beech,BE36,"Beech Bonanza A36",E-3539,,,,,,Private,,,2004,,,,0,,,,,,0,0,0,0,0,,,,,,0,0,0,0,0,GEN-BE36
29384260,"2026-01-24 21:00:20","2026-01-24 21:00:20",AA4573,"United States","United States",N761CB,,,,,,Cessna,C210,"Cessna 210M Centurion",21062140,,,,,,Private,,,1977,,,,0,,,,,,0,0,0,0,0,,,,,,0,0,0,0,0,GEN-C210
29384239,"2026-01-24 21:00:04","2026-01-24 21:00:04",4D22D2,Malta,Malta,9H-VMG,,,,,,Bombardier,LJ60,"Bombardier Learjet 60 XR",60-361,,,,,,"Hyperion Aviation",,,2009,,,,0,,,,,,0,0,0,0,0,,,,,,0,0,0,0,0,HYP
29383931,"2026-01-24 20:56:22","2026-01-24 20:56:22",AA5ABD,"United States","United States",N7664G,,,,,,Cessna,C172,"Cessna 172L Skyhawk",17259364,,,,,,Private,,,1970,,,,0,,,,,,0,0,0,0,0,,,,,,0,0,0,0,0,GEN-C172
29383682,"2026-01-24 20:53:34","2026-01-24 20:53:34",A8AB21,"United States","United States",N658H,,,,,,Bell,UH1,"Bell UH-1H Iroquois",9856,,,,,,Private,,,,,,,0,,,,,,0,0,0,0,0,,,,,,0,0,0,0,0,GEN-UH1
29382872,"2026-01-24 20:43:40","2026-01-24 20:43:40",40304C,"United Kingdom","United Kingdom",G-MWCF,,,,,,"Solar Wings",ULAC,"Solar Wings Pegasus XL-Q",SW-WQ-0276,,,,,,Private,,,1990,,,,0,,,,,,0,0,0,0,0,,,,,,0,0,0,0,0,GEN-ULAC
29380826,"2026-01-24 20:19:11","2026-01-24 20:19:11",A88F22,"United States","United States",N6500R,,,,,,Beech,BE24,"Beech Sierra B24R",MC-232,,,,,,Private,,,,,,,0,,,,,,0,0,0,0,0,,,,,,0,0,0,0,0,GEN-BE24
29379867,"2026-01-24 20:07:30","2026-01-24 20:07:30",AA8370,"United States","United States",N777ED,,,,,,Beech,BE36,"Beech Bonanza B36TC",EA-565,,,,,,Private,,,1994,,,,0,,,,,,0,0,0,0,0,,,,,,0,0,0,0,0,GEN-BE36
29379524,"2026-01-24 20:02:42","2026-01-24 20:02:42",46D125,Greece,Greece,SX-TIE,,,,,,Boeing,B742,"Boeing 747 230B SCD",23509,,,,,,"Hellenic Imperial Airways",,,1986,,,,0,,,,,,0,0,0,0,0,,,,,,0,0,0,0,0,GEN-B742
29379492,"2026-01-24 20:02:20","2026-01-24 20:02:20",0CA201,"Antigua and Barbuda","Antigua and Barbuda",V2-LEU,,,,,,Bombardier,DH8C,"Bombardier DHC-8 311",408,,,,,,LIAT,,,1995,,,,0,,,,,,0,0,0,0,0,,,,,,0,0,0,0,0,LIA
29379204,"2026-01-24 19:58:55","2026-01-24 19:58:55",C05F85,Canada,Canada,C-GKEM,,,,,,Bombardier,CRJ2,"Bombardier CRJ 200ER",7277,,,,,,"Air Canada Express",,,,,,,0,,,,,,0,0,0,0,0,,,,,,0,0,0,0,0,GGN
29379019,"2026-01-24 19:56:47","2026-01-24 19:56:47",140FCC,Russia,Russia,RA-04044,,,,,,Eurocopter,AS55,"Eurocopter Twin Squirrel AS.355 NP",5756,,,,,,Private,,,,,,,0,,,,,,0,0,0,0,0,,,,,,0,0,0,0,0,GEN-AS55
29379000,"2026-01-24 19:56:35","2026-01-24 19:56:35",A41004,"United States","United States",N361AA,,,,,,Boeing,B763,"Boeing 767 323ER/W",24042,,,,,,"American Airlines",,,1988,,,,0,,,,,,0,0,0,0,0,,,,,,0,0,0,0,0,GEN-B763
29377309,"2026-01-24 19:34:49","2026-01-24 19:34:49",A17D9F,"United States","United States",N19537,,,,,,"Textron Aviation",C25B,"Textron Aviation Citation CJ3",525B0486,,,,,,"Textron Aviation Inc",,,2016,,,,0,,,,,,0,0,0,0,0,,,,,,0,0,0,0,0,GEN-C25B
29377078,"2026-01-24 19:32:01","2026-01-24 19:32:01",AA3526,"United States","United States",N757MJ,,,,,,Cessna,C152,"Cessna 152",15279846,,,,,,Private,,,1977,,,,0,,,,,,0,0,0,0,0,,,,,,0,0,0,0,0,GEN-C152
29376648,"2026-01-24 19:26:57","2026-01-24 19:26:57",A4B45E,"United States","United States",N402DD,,,,,,Cessna,C402,"Cessna 402B",402B1048,,,,,,Private,,,1976,,,,0,,,,,,0,0,0,0,0,,,,,,0,0,0,0,0,GEN-C402
29376128,"2026-01-24 19:20:44","2026-01-24 19:20:44",ADE8E7,"United States","United States",N99595,,,,,,ERCO,ERCO,"Ercoupe 415-C",2218,,,,,,Private,,,1946,,,,0,,,,,,0,0,0,0,0,,,,,,0,0,0,0,0,GEN-ERCO
29375687,"2026-01-24 19:15:07","2026-01-24 19:15:07",AD2DA3,"United States","United States",N9483B,,,,,,Cessna,C175,"Cessna 175 Skylark",55283,,,,,,Private,,,1958,,,,0,,,,,,0,0,0,0,0,,,,,,0,0,0,0,0,GEN-C175
29375396,"2026-01-24 19:11:46","2026-01-24 19:11:46",A83746,"United States","United States",N6287D,,,,,,"Aero Commander",AC68,"Aero Commander Twin Commander 680 Super",680-591-229,,,,,,Private,,,,,,,0,,,,,,0,0,0,0,0,,,,,,0,0,0,0,0,GEN-AC68
29375105,"2026-01-24 19:08:37","2026-01-24 19:08:37",ADF565,"United States","United States",N999PP,,,,,,Boeing,ST75,"Boeing Stearman A75N1 PT-17 Kaydet",75-2389,,,,,,Private,,,1942,,,,0,,,,,,0,0,0,0,0,,,,,,0,0,0,0,0,GEN-ST75
27212,"2022-05-18 03:27:49","2026-01-24 18:48:59",48425C,Netherlands,Netherlands,"",,,,"",,"",-GND,"","",,,,,,"",,,,,,"",0,,,,,,0,0,0,0,0,Missing,,,"","",0,0,0,0,0,GEN--GND
29373024,"2026-01-24 18:43:14","2026-01-24 18:43:14",A7D927,"United States","United States",N6045E,,,,,,Cameron,BALL,"Cameron V-77 Hot Air Balloon",5496,,,,,,Private,,,,,,,0,,,,,,0,0,0,0,0,,,,,,0,0,0,0,0,GEN-BALL
29372437,"2026-01-24 18:36:25","2026-01-24 18:36:25",A90D9D,"United States","United States",N6824V,,,,,,Mooney,M20P,"Mooney M.20C Ranger 200",20-0004,,,,,,Private,,,,,,,0,,,,,,0,0,0,0,0,,,,,,0,0,0,0,0,GEN-M20P
29372277,"2026-01-24 18:34:16","2026-01-24 18:34:16",402638,"United Kingdom","United Kingdom",G-LZZY,,,,,,Piper,P28T,"Piper PA-28R T-201T Turbo Arrow IV",28R-8031001,,,,,,Private,,,1979,,,,0,,,,,,0,0,0,0,0,,,,,,0,0,0,0,0,GEN-P28T
29372154,"2026-01-24 18:32:46","2026-01-24 18:32:46",AA5E54,"United States","United States",N7673K,,,,,,Sikorsky,S76,"Sikorsky S-76 D",761073,,,,,,"Sikorsky Aircraft Corporation",,,2015,,,,0,,,,,,0,0,0,0,0,,,,,,0,0,0,0,0,GEN-S76
29371719,"2026-01-24 18:27:57","2026-01-24 18:27:57",A11BEB,"United States","United States",N17027,,,,,,Cessna,C150,"Cessna 150L",15073592,,,,,,Private,,,1972,,,,0,,,,,,0,0,0,0,0,,,,,,0,0,0,0,0,GEN-C150
29371516,"2026-01-24 18:25:54","2026-01-24 18:25:54",A020AB,"United States","United States",N107WB,,,,,,Beech,BE50,"Beech Twin Bonanza D50E",DH-332,,,,,,Private,,,,,,,0,,,,,,0,0,0,0,0,,,,,,0,0,0,0,0,GEN-BE50
29371456,"2026-01-24 18:25:17","2026-01-24 18:25:17",3EF839,Germany,Germany,D-6050,,,,,,Schleicher,GLID,"Schleicher K 7 Rhonadler",7064/A,,,,,,Private,,,1962,,,,0,,,,,,0,0,0,0,0,,,,,,0,0,0,0,0,GEN-GLID
29370710,"2026-01-24 18:16:38","2026-01-24 18:16:38",47805A,Norway,Norway,LN-OSS,,,,,,Robinson,R44,"Robinson R44 Raven",1617,,,,,,Private,,,2006,,,,0,,,,,,0,0,0,0,0,,,,,,0,0,0,0,0,GEN-R44
29370508,"2026-01-24 18:14:04","2026-01-24 18:14:04",A38AAC,"United States","United States",N3270C,,,,,,Beech,BE35,"Beech Bonanza E35",D-3936,,,,,,Private,,,1954,,,,0,,,,,,0,0,0,0,0,,,,,,0,0,0,0,0,GEN-BE35
29369907,"2026-01-24 18:07:06","2026-01-24 18:07:06",86E030,Japan,Japan,JA850C,,,,,,Bombardier,DH8D,"Bombardier DHC-8 402",4158,,,,,,"Japan Air Commuter",,,2007,,,,0,,,,,,0,0,0,0,0,,,,,,0,0,0,0,0,JAC
29368753,"2026-01-24 17:52:53","2026-01-24 17:52:53",AD3151,"United States","United States",N94923,,,,,,Taylorcraft,TAYB,"Taylorcraft BC-12D",9323,,,,,,Private,,,1946,,,,0,,,,,,0,0,0,0,0,,,,,,0,0,0,0,0,GEN-TAYB
29368675,"2026-01-24 17:52:04","2026-01-24 17:52:04",A3257E,"United States","United States",N30104,,,,,,"Weaver Aircraft Company",WACF,"Weaver Aircraft Company Waco UPF-7",5501,,,,,,Private,,,1940,,,,0,,,,,,0,0,0,0,0,,,,,,0,0,0,0,0,GEN-WACF
29368463,"2026-01-24 17:49:23","2026-01-24 17:49:23",ABE03D,"United States","United States",N8641Q,,,,,,Cessna,C206,"Cessna U206F Stationair",U20603461,,,,,,Private,,,1976,,,,0,,,,,,0,0,0,0,0,,,,,,0,0,0,0,0,GEN-C206
29368171,"2026-01-24 17:46:00","2026-01-24 17:46:00",AC08A9,"United States","United States",N8748G,,,,,,Cessna,C310,"Cessna 310R",310R-0590,,,,,,Private,,,1975,,,,0,,,,,,0,0,0,0,0,,,,,,0,0,0,0,0,GEN-C310
29368000,"2026-01-24 17:44:15","2026-01-24 17:44:15",4D217B,Malta,Malta,9H-NYC,,,,,,Embraer,E190,"Embraer Lineage 1000",19000243,,,,,,"Air X Charter",,,2008,,,,0,,,,,,0,0,0,0,0,,,,,,0,0,0,0,0,AXY
29367957,"2026-01-24 17:43:41","2026-01-24 17:43:41",49212E,Portugal,Portugal,CS-HIN,,,,,,Eurocopter,EC35,"Eurocopter EC135 P2",0235,,,,,,Private,,,2002,,,,0,,,,,,0,0,0,0,0,,,,,,0,0,0,0,0,GEN-EC35
29367201,"2026-01-24 17:35:05","2026-01-24 17:35:05",A01594,"United States","United States",N104WR,,,,,,Sikorsky,S61,"Sikorsky S-61 SH-3H",61294,,,,,,"United States Department Of State",,,,,,,0,,,,,,0,0,0,0,0,,,,,,0,0,0,0,0,GEN-S61
29367119,"2026-01-24 17:33:41","2026-01-24 17:33:41",A9B709,"United States","United States",N725KJ,,,,,,Corben,SACE,"Corben Ultra Ace",002,,,,,,Private,,,2012,,,,0,,,,,,0,0,0,0,0,,,,,,0,0,0,0,0,GEN-SACE
29366617,"2026-01-24 17:27:38","2026-01-24 17:27:38",A2C05E,"United States","United States",N2769E,,,,,,Aeronca,CH7A,"Aeronca Champion 7AC",7AC-6349,,,,,,Private,,,1946,,,,0,,,,,,0,0,0,0,0,,,,,,0,0,0,0,0,GEN-CH7A
29365852,"2026-01-24 17:19:06","2026-01-24 17:19:06",44DD86,Belgium,Belgium,OO-WLF,,,,,,Grob,G115,"Grob G-115 A",8032,,,,,,Private,,,1988,,,,0,,,,,,0,0,0,0,0,,,,,,0,0,0,0,0,GEN-G115
29365610,"2026-01-24 17:16:31","2026-01-24 17:16:31",A0F6AF,"United States","United States",N161PE,,,,,,Dassault,F900,"Dassault Falcon 900 B",161,,,,,,"Falcone VMT LLC",,,1996,,,,0,,,,,,0,0,0,0,0,,,,,,0,0,0,0,0,GEN-F900
29365207,"2026-01-24 17:11:48","2026-01-24 17:11:48",A8AE25,"United States","United States",N65897,,,,,,Bell,B06,"Bell TH-67A Creek",5284,,,,,,"Indian River County Sheriffs Office",,,2002,,,,0,,,,,,0,0,0,0,0,,,,,,0,0,0,0,0,GEN-B06
29364908,"2026-01-24 17:08:43","2026-01-24 17:08:43",A805D9,"United States","United States",N616JJ,,,,,,Vans,RV10,"Vans RV-10",40853,,,,,,Private,,,2012,,,,0,,,,,,0,0,0,0,0,,,,,,0,0,0,0,0,GEN-RV10
29364909,"2026-01-24 17:08:43","2026-01-24 17:08:43",4844E6,Netherlands,Netherlands,PH-AOH,,,,,,Airbus,A332,"Airbus A330 203",811,,,,,,"KLM Royal Dutch Airlines",,,2006,,,,0,,,,,,0,0,0,0,0,,,,,,0,0,0,0,0,GEN-A332
29364598,"2026-01-24 17:05:05","2026-01-24 17:05:05",C080CA,Canada,Canada,C-GWUB,,,,,,Cessna,C150,"Cessna 150L",15075589,,,,,,Private,,,1974,,,,0,,,,,,0,0,0,0,0,,,,,,0,0,0,0,0,GEN-C150
29364173,"2026-01-24 16:59:49","2026-01-24 16:59:49",3F265F,Germany,Germany,D-OALB,,,,,,"Schroeder Fire Balloons",BALL,"Schroeder Fire Balloons G36/24 Hot Air Balloon",777,,,,,,Private,,,2000,,,,0,,,,,,0,0,0,0,0,,,,,,0,0,0,0,0,GEN-BALL
29364121,"2026-01-24 16:59:21","2026-01-24 16:59:21",4039E6,"United Kingdom","United Kingdom",G-GAII,,,,,,Hawker,HUNT,"Hawker Hunter GA.11",?HABL003028,,,,,,"Hawker Hunter Aviation",,,1955,,,,0,,,,,,0,0,0,0,0,,,,,,0,0,0,0,0,GEN-HUNT
29363673,"2026-01-24 16:54:08","2026-01-24 16:54:08",A1015A,"United States","United States",N164JH,,,,,,Vans,RV6,"Vans RV-6",23054,,,,,,Private,,,2001,,,,0,,,,,,0,0,0,0,0,,,,,,0,0,0,0,0,GEN-RV6
29363143,"2026-01-24 16:47:58","2026-01-24 16:47:58",A7EC2F,"United States","United States",N6098S,,,,,,"Velocity Aircraft",VELO,"Velocity Aircraft Velocity RG","DMO 148",,,,,,Private,,,,,,,0,,,,,,0,0,0,0,0,,,,,,0,0,0,0,0,GEN-VELO
29363144,"2026-01-24 16:47:58","2026-01-24 16:47:58",A88D09,"United States","United States",N650DD,,,,,,Cessna,C650,"Cessna Citation III",650-0114,,,,,,"Helium Aviation LLC",,,,,,,0,,,,,,0,0,0,0,0,,,,,,0,0,0,0,0,GEN-C650
29362918,"2026-01-24 16:45:29","2026-01-24 16:45:29",ACB228,"United States","United States",N917RE,,,,,,Rotec,ULAC,"Rotec Rally 3",25405,,,,,,Private,,,1983,,,,0,,,,,,0,0,0,0,0,,,,,,0,0,0,0,0,GEN-ULAC
29362105,"2026-01-24 16:36:29","2026-01-24 16:36:29",4840A4,"Netherlands Antilles","Netherlands Antilles",PJ-MDE,,,,,,"McDonnell Douglas",MD82,"McDonnell Douglas DC-9 82",49971,,,,,,"Insel Air",,,1990,,,,0,,,,,,0,0,0,0,0,,,,,,0,0,0,0,0,INC
29361930,"2026-01-24 16:34:29","2026-01-24 16:34:29",145FE3,Russia,Russia,RA-24547,,,,,,Mil,MI8,"Mil Mi-8 MTV-1",97521,,,,,,"Mil OKB",,,2020,,,,0,,,,,,0,0,0,0,0,,,,,,0,0,0,0,0,GEN-MI8
29361628,"2026-01-24 16:30:47","2026-01-24 16:30:47",0A9038,"Not Allocated","Not Allocated",ZS-SYS,,,,,,"British Aerospace",H25A,"British Aerospace 125 700B",257040,,,,,,"CSM Mining Supplies",,,1978,,,,0,,,,,,0,0,0,0,0,,,,,,0,0,0,0,0,GEN-H25A
29361299,"2026-01-24 16:26:57","2026-01-24 16:26:57",AE0EB3,"United States","United States",82-23750,,,,,,Sikorsky,H60,"Sikorsky UH-60A Blackhawk",70573,,,,,,"United States Army",,,,,,,0,,,,,,1,0,0,0,0,,,,,,0,0,0,0,0,
29361023,"2026-01-24 16:23:43","2026-01-24 16:23:43",AABABC,"United States","United States",N79020,,,,,,Cessna,C172,"Cessna 172K Skyhawk",17257815,,,,,,Private,,,1968,,,,0,,,,,,0,0,0,0,0,,,,,,0,0,0,0,0,GEN-C172
29360880,"2026-01-24 16:22:05","2026-01-24 16:22:05",A7A954,"United States","United States",N593J,,,,,,"Jabiru Aircraft",JAB4,"Jabiru Aircraft Jabiru J250",413,,,,,,Private,,,,,,,0,,,,,,0,0,0,0,0,,,,,,0,0,0,0,0,GEN-JAB4
29359702,"2026-01-24 16:07:22","2026-01-24 16:07:22",A19D4B,"United States","United States",N203BK,,,,,,"Hawker Beechcraft Corp",BE9L,"Hawker Beechcraft Corp King Air C90GT",LJ-1988,,,,,,"JG Aero LLC",,,,,,,0,,,,,,0,0,0,0,0,,,,,,0,0,0,0,0,GEN-BE9L
29359167,"2026-01-24 16:01:57","2026-01-24 16:01:57",4AC946,Sweden,Sweden,SE-RJF,,,,,,Airbus,A320,"Airbus A320 232",1383,,,,,,"Scandinavian Airlines System",,,2000,,,,0,,,,,,0,0,0,0,0,,,,,,0,0,0,0,0,SAS
29358856,"2026-01-24 15:58:16","2026-01-24 15:58:16",A9EE8C,"United States","United States",N739XE,,,,,,Cessna,C172,"Cessna 172N Skyhawk",17270882,,,,,,Private,,,1978,,,,0,,,,,,0,0,0,0,0,,,,,,0,0,0,0,0,GEN-C172
29358334,"2026-01-24 15:52:46","2026-01-24 15:52:46",C079E8,Canada,Canada,C-GUEH,,,,,,Piper,PA31,"Piper PA-31 Navajo C",31-7712057,,,,,,Private,,,,,,,0,,,,,,0,0,0,0,0,,,,,,0,0,0,0,0,GEN-PA31
29358166,"2026-01-24 15:51:00","2026-01-24 15:51:00",A33F76,"United States","United States",N3080V,,,,,,"Air Tractor",AT5T,"Air Tractor AT-502 B",502B-3033,,,,,,Private,,,,,,,0,,,,,,0,0,0,0,0,,,,,,0,0,0,0,0,GEN-AT5T
29357848,"2026-01-24 15:47:29","2026-01-24 15:47:29",A808B5,"United States","United States",N61691,,,,,,"Quad City",ULAC,"Quad City Challenger I",0399-R-0726,,,,,,Private,,,,,,,0,,,,,,0,0,0,0,0,,,,,,0,0,0,0,0,GEN-ULAC
29357329,"2026-01-24 15:41:10","2026-01-24 15:41:10",394940,France,France,F-GSKA,,,,,,Eurocopter,AS50,"Eurocopter Squirrel AS.350 B3",7764,,,,,,"Zulu Air Ltd",,,2013,,,,0,,,,,,0,0,0,0,0,,,,,,0,0,0,0,0,GEN-AS50
29356697,"2026-01-24 15:34:20","2026-01-24 15:34:20",390498,France,France,F-GBEY,,,,,,Cameron,BALL,"Cameron V-77 Hot Air Balloon",630,,,,,,Private,,,,,,,0,,,,,,0,0,0,0,0,,,,,,0,0,0,0,0,GEN-BALL
29356685,"2026-01-24 15:34:09","2026-01-24 15:34:09",155784,Russia,Russia,RA-87940,,,,,,Yakovlev,YK40,"Yakovlev Yak-40 K",9540445,,,,,,"Aviakompania Skol",,,,,,,0,,,,,,0,0,0,0,0,,,,,,0,0,0,0,0,GEN-YK40
29356536,"2026-01-24 15:32:32","2026-01-24 15:32:32",A509DA,"United States","United States",N4235Q,,,,,,"Raven Industries",BALL,"Raven Industries S-60A Hot Air Balloon",S60A-284,,,,,,Private,,,1984,,,,0,,,,,,0,0,0,0,0,,,,,,0,0,0,0,0,GEN-BALL
29356537,"2026-01-24 15:32:32","2026-01-24 15:32:32",4B432F,Switzerland,Switzerland,HB-ZLN,,,,,,Eurocopter,AS50,"Eurocopter Squirrel AS.350 B3e",7347,,,,,,Private,,,2012,,,,0,,,,,,0,0,0,0,0,,,,,,0,0,0,0,0,GEN-AS50
484861,"2026-01-23 17:17:03","2026-01-24 15:30:51",43C883,"United Kingdom","United Kingdom",WK045,,,,A,,Thales,ZZZZWK45,"Thales Watchkeeper","",,,,,,"British Army",,,,,,"S1: 2026-01-23 17:17:03
c/s: ARMYAIR",0,,,https://cdn.jetphotos.com/full/6/20338_1637226180.jpg,https://cdn.jetphotos.com/full/6/40374_1615320374.jpg,https://cdn.jetphotos.com/full/6/48968_1610357464.jpg,1,0,0,0,0,"",,,M,M,0,0,332409,0,0,AAC-WK45
29355647,"2026-01-24 15:20:21","2026-01-24 15:20:21",7503D7,Malaysia,Malaysia,9M-LNR,,,,,,Boeing,B738,"Boeing 737NG 8GP/W",39863,,,,,,"Malindo Air",,,2015,,,,0,,,,,,0,0,0,0,0,,,,,,0,0,0,0,0,MXD
29355498,"2026-01-24 15:18:34","2026-01-24 15:18:34",AABB3F,"United States","United States",N7906R,,,,,,Beech,BE55,"Beech Baron D55",TE-686,,,,,,Private,,,1969,,,,0,,,,,,0,0,0,0,0,,,,,,0,0,0,0,0,GEN-BE55
29354711,"2026-01-24 15:09:56","2026-01-24 15:09:56",A32572,"United States","United States",N3010S,,,,,,Cameron,BALL,"Cameron N-90 Hot Air Balloon",6048,,,,,,Private,,,,,,,0,,,,,,0,0,0,0,0,,,,,,0,0,0,0,0,GEN-BALL
29354148,"2026-01-24 15:04:00","2026-01-24 15:04:00",4B02E4,Switzerland,Switzerland,HB-BCM,,,,,,"Thunder & Colt",BALL,"Thunder & Colt AX.8-105 Hot Air Balloon",356,,,,,,Private,,,1981,,,,0,,,,,,0,0,0,0,0,,,,,,0,0,0,0,0,GEN-BALL
29353663,"2026-01-24 14:57:57","2026-01-24 14:57:57",0085C4,"South Africa","South Africa",ZS-CED,,,,,,Piper,PA31,"Piper PA-31 325 Navajo C/R",31-7612066,,,,,,Private,,,1976,,,,0,,,,,,0,0,0,0,0,,,,,,0,0,0,0,0,GEN-PA31
29353430,"2026-01-24 14:55:27","2026-01-24 14:55:27",4B451F,Switzerland,Switzerland,HB-120,,,,,,Schneider,GLID,"Schneider Grunau Baby (108-49) II",281,,,,,,Private,,,1934,,,,0,,,,,,0,0,0,0,0,,,,,,0,0,0,0,0,GEN-GLID
29353408,"2026-01-24 14:55:11","2026-01-24 14:55:11",AA58F5,"United States","United States",N766MR,,,,,,Aviat,HUSK,"Aviat Husky A-1C-200",3016,,,,,,Private,,,2008,,,,0,,,,,,0,0,0,0,0,,,,,,0,0,0,0,0,GEN-HUSK
29352173,"2026-01-24 14:41:20","2026-01-24 14:41:20",A42A6D,"United States","United States",N368EE,,,,,,Embraer,E550,"Embraer Legacy 500",55000032,,,,,,"L & G Equipment Leasing LLC",,,2015,,,,0,,,,,,0,0,0,0,0,,,,,,0,0,0,0,0,GEN-E550
29352116,"2026-01-24 14:40:42","2026-01-24 14:40:42",800365,India,India,VT-SMI,,,,,,"Gulfstream Aerospace",GLF5,"Gulfstream Aerospace GV",525,,,,,,"Essar Shipping Ltd",,,1997,,,,0,,,,,,0,0,0,0,0,,,,,,0,0,0,0,0,GEN-GLF5
29351695,"2026-01-24 14:36:13","2026-01-24 14:36:13",4D23D1,Malta,Malta,9H-KAX,,,,,,Cessna,C25M,"Cessna 525 Citation M2",525-1115,,,,,,Luxaviation,,,2022,,,,0,,,,,,0,0,0,0,0,,,,,,0,0,0,0,0,LXA
29350917,"2026-01-24 14:27:03","2026-01-24 14:27:03",E490F2,Brazil,Brazil,PR-OCP,,,,,,Airbus,A320,"Airbus A320 214SL",6651,,,,,,"Avianca Brasil",,,2015,,,,0,,,,,,0,0,0,0,0,,,,,,0,0,0,0,0,ONE
29349643,"2026-01-24 14:11:34","2026-01-24 14:11:34",AB525B,"United States","United States",N829AS,,,,,,Bombardier,CRJ2,"Bombardier CRJ 200ER",7232,,,,,,"Delta Connection",,,,,,,0,,,,,,0,0,0,0,0,,,,,,0,0,0,0,0,GEN-CRJ2
29349563,"2026-01-24 14:10:44","2026-01-24 14:10:44",A0DF79,"United States","United States",N15520,,,,,,Piper,P28A,"Piper PA-28 140 Cherokee F",28-7325087,,,,,,Private,,,1972,,,,0,,,,,,0,0,0,0,0,,,,,,0,0,0,0,0,GEN-P28A
29349400,"2026-01-24 14:08:46","2026-01-24 14:08:46",A39003,"United States","United States",N329CT,,,,,,"Flight Design",FDCT,"Flight Design CT SW",07-01-09,,,,,,Private,,,2007,,,,0,,,,,,0,0,0,0,0,,,,,,0,0,0,0,0,GEN-FDCT
29348080,"2026-01-24 13:53:52","2026-01-24 13:53:52",A3C768,"United States","United States",N3422P,,,,,,Piper,PA23,"Piper PA-23 Apache 160",23-1386,,,,,,Private,,,,,,,0,,,,,,0,0,0,0,0,,,,,,0,0,0,0,0,GEN-PA23
29348048,"2026-01-24 13:53:41","2026-01-24 13:53:41",A98370,"United States","United States",N71190,,,,,,"Balloon Works",BALL,"Balloon Works Firefly 7 Hot Air Balloon",F7-422,,,,,,Private,,,1988,,,,0,,,,,,0,0,0,0,0,,,,,,0,0,0,0,0,GEN-BALL
29347876,"2026-01-24 13:51:56","2026-01-24 13:51:56",A29075,"United States","United States",N26418,,,,,,Stinson,S10,"Stinson Voyager 10A",7614,,,,,,Private,,,1940,,,,0,,,,,,0,0,0,0,0,,,,,,0,0,0,0,0,GEN-S10
29347781,"2026-01-24 13:51:01","2026-01-24 13:51:01",A5C754,"United States","United States",N4711H,,,,,,Cessna,C152,"Cessna 152",15283968,,,,,,Private,,,1979,,,,0,,,,,,0,0,0,0,0,,,,,,0,0,0,0,0,GEN-C152
29346812,"2026-01-24 13:39:54","2026-01-24 13:39:54",AB0221,"United States","United States",N8081S,,,,,,UTVA,UT66,UTVA-66,0873,,,,,,Private,,,1974,,,,0,,,,,,0,0,0,0,0,,,,,,0,0,0,0,0,GEN-UT66
29346366,"2026-01-24 13:34:50","2026-01-24 13:34:50",A37527,"United States","United States",N32150,,,,,,Piper,P28A,"Piper PA-28 180 Cherokee",28-7505029,,,,,,Private,,,1974,,,,0,,,,,,0,0,0,0,0,,,,,,0,0,0,0,0,GEN-P28A
29345913,"2026-01-24 13:29:39","2026-01-24 13:29:39",A67001,"United States","United States",N51377,,,,,,Rotec,ULAC,"Rotec Rally III",25218,,,,,,Private,,,1985,,,,0,,,,,,0,0,0,0,0,,,,,,0,0,0,0,0,GEN-ULAC
29345741,"2026-01-24 13:27:20","2026-01-24 13:27:20",8880A9,Vietnam,Vietnam,VN-A688,,,,,,Airbus,A320,"Airbus A320 214",2712,,,,,,VietJetAir,,,2006,,,,0,,,,,,0,0,0,0,0,,,,,,0,0,0,0,0,VJC
29345674,"2026-01-24 13:26:30","2026-01-24 13:26:30",3ECFE9,Germany,Germany,D-KTRT,,,,,,Schempp-Hirth,VENT,"Schempp-Hirth Ventus 2c xT",111/?,,,,,,Private,,,,,,,0,,,,,,0,0,0,0,0,,,,,,0,0,0,0,0,GEN-VENT
29345595,"2026-01-24 13:25:40","2026-01-24 13:25:40",A52675,"United States","United States",N4307K,,,,,,Ryan,NAVI,"Ryan Navion",NAV-4-1307,,,,,,Private,,,1948,,,,0,,,,,,0,0,0,0,0,,,,,,0,0,0,0,0,GEN-NAVI
29344558,"2026-01-24 13:14:08","2026-01-24 13:14:08",A9189C,"United States","United States",N6853S,,,,,,"Aero Commander",AC68,"Aero Commander Twin Commander 680 Super",680-367-53,,,,,,Private,,,,,,,0,,,,,,0,0,0,0,0,,,,,,0,0,0,0,0,GEN-AC68
29344274,"2026-01-24 13:10:33","2026-01-24 13:10:33",3977DB,France,France,F-WHUS,,,,,,Airbus,A320,"Airbus A320 214SL",7411,,,,,,"Vanilla Air",,,2016,,,,0,,,,,,0,0,0,0,0,,,,,,0,0,0,0,0,GEN-A320
29344243,"2026-01-24 13:10:16","2026-01-24 13:10:16",E483F3,Brazil,Brazil,PT-MAH,,,,,,Embraer,E50P,"Embraer Phenom 100",50000026,,,,,,"Algar Aviation",,,2009,,,,0,,,,,,0,0,0,0,0,,,,,,0,0,0,0,0,GEN-E50P
29343840,"2026-01-24 13:05:55","2026-01-24 13:05:55",A0C70F,"United States","United States",N1494M,,,,,,Cessna,C206,"Cessna U206E Skywagon 206",U20601494,,,,,,Private,,,,,,,0,,,,,,0,0,0,0,0,,,,,,0,0,0,0,0,GEN-C206
29342841,"2026-01-24 12:54:29","2026-01-24 12:54:29",4243DB,"United Kingdom","United Kingdom",VQ-BWO,,,,,,Embraer,E145,"Embraer ERJ-145 LR",14500815,,,,,,KomiAviatrans,,,,,,,0,,,,,,0,0,0,0,0,,,,,,0,0,0,0,0,KMA
29342842,"2026-01-24 12:54:29","2026-01-24 12:54:29",A772E5,"United States","United States",N5795F,,,,,,Piper,P28A,"Piper PA-28 140 Cherokee B",28-25103,,,,,,Private,,,1968,,,,0,,,,,,0,0,0,0,0,,,,,,0,0,0,0,0,GEN-P28A
29342589,"2026-01-24 12:51:44","2026-01-24 12:51:44",A44901,"United States","United States",N3752E,,,,,,"Balloon Works",BALL,"Balloon Works Firefly 7 Hot Air Balloon",F7-135,,,,,,Private,,,1984,,,,0,,,,,,0,0,0,0,0,,,,,,0,0,0,0,0,GEN-BALL
29342280,"2026-01-24 12:48:20","2026-01-24 12:48:20",478468,Norway,Norway,LN-OQE,,,,,,Sikorsky,S92,"Sikorsky S-92 A",920047,,,,,,"CHC Helikopter Service AS",,,2006,,,,0,,,,,,0,0,0,0,0,,,,,,0,0,0,0,0,HKS
29341578,"2026-01-24 12:39:35","2026-01-24 12:39:35",AD6DB9,"United States","United States",N96420,,,,,,Taylorcraft,TAYB,"Taylorcraft BC-12D -85",8720,,,,,,Private,,,1946,,,,0,,,,,,0,0,0,0,0,,,,,,0,0,0,0,0,GEN-TAYB
29341378,"2026-01-24 12:37:16","2026-01-24 12:37:16",424598,Bermuda,Bermuda,VQ-BSU,,,,,,Airbus,A320,"Airbus A320 214SL",6090,,,,,,Aeroflot,,,2014,,,,0,,,,,,0,0,0,0,0,,,,,,0,0,0,0,0,AFL
29340787,"2026-01-24 12:30:18","2026-01-24 12:30:18",A79683,"United States","United States",N58839,,,,,,Cessna,C182,"Cessna 182P Skylane",18262334,,,,,,Private,,,1973,,,,0,,,,,,0,0,0,0,0,,,,,,0,0,0,0,0,GEN-C182
29340371,"2026-01-24 12:25:44","2026-01-24 12:25:44",A5B704,"United States","United States",N46772,,,,,,Fairchild,FA62,"Fairchild PT-19A M-62A",T42-3081,,,,,,Private,,,1942,,,,0,,,,,,0,0,0,0,0,,,,,,0,0,0,0,0,GEN-FA62
29340016,"2026-01-24 12:22:10","2026-01-24 12:22:10",463DB0,Finland,Finland,OH-XJK,,,,,,Powell,ACED,"Powell Acey Deucy P-70",01,,,,,,Private,,,,,,,0,,,,,,0,0,0,0,0,,,,,,0,0,0,0,0,GEN-ACED
29339967,"2026-01-24 12:21:35","2026-01-24 12:21:35",404400,"United Kingdom","United Kingdom",G-BZMS,,,,,,"Mainair Sports",ULAC,"Mainair Sports Mainair Blade",1256-0700-7-W1050,,,,,,Private,,,2000,,,,0,,,,,,0,0,0,0,0,,,,,,0,0,0,0,0,GEN-ULAC
29339905,"2026-01-24 12:20:54","2026-01-24 12:20:54",AC7D63,"United States","United States",N9035L,,,,,,Bellanca,CH7B,"Bellanca Citabria 7GCBC",262-70,,,,,,Private,,,1970,,,,0,,,,,,0,0,0,0,0,,,,,,0,0,0,0,0,GEN-CH7B
29339381,"2026-01-24 12:14:35","2026-01-24 12:14:35",A5F023,"United States","United States",N482BC,,,,,,Dassault,F2TH,"Dassault Falcon 2000",26,,,,,,"Falcon 026 Air Corp",,,1996,,,,0,,,,,,0,0,0,0,0,,,,,,0,0,0,0,0,GEN-F2TH
29338661,"2026-01-24 12:07:44","2026-01-24 12:07:44",3F00C8,Germany,Germany,D-8241,,,,,,Scheibe,GLID,"Scheibe Bergfalke II 55",251,,,,,,Private,,,,,,,0,,,,,,0,0,0,0,0,,,,,,0,0,0,0,0,GEN-GLID
29338578,"2026-01-24 12:06:44","2026-01-24 12:06:44",A77176,"United States","United States",N579SP,,,,,,Bell,B06,"Bell OH-58A Kiowa",40860,,,,,,Private,,,,,,,0,,,,,,0,0,0,0,0,,,,,,0,0,0,0,0,GEN-B06
29337279,"2026-01-24 11:52:52","2026-01-24 11:52:52",A1988C,"United States","United States",N2013S,,,,,,Cessna,C210,"Cessna 210L Centurion",21060981,,,,,,Private,,,1975,,,,0,,,,,,0,0,0,0,0,,,,,,0,0,0,0,0,GEN-C210
29335659,"2026-01-24 11:35:15","2026-01-24 11:35:15",39356B,France,France,F-GNLL,,,,,,Eurocopter,AS50,"Eurocopter Squirrel AS.350 B3",3294,,,,,,"JCE Helicopteres SAS",,,,,,,0,,,,,,0,0,0,0,0,,,,,,0,0,0,0,0,GEN-AS50
29335233,"2026-01-24 11:30:16","2026-01-24 11:30:16",402DCC,"United Kingdom","United Kingdom",G-MVOT,,,,,,"Thruster Aircraft",ULAC,"Thruster Aircraft Thruster TST Mk.1",8029-TST-116,,,,,,Private,,,1989,,,,0,,,,,,0,0,0,0,0,,,,,,0,0,0,0,0,GEN-ULAC
29334942,"2026-01-24 11:27:07","2026-01-24 11:27:07",A20985,"United States","United States",N53KN,,,,,,Cessna,C525,"Cessna Citation CJ1",525-0169,,,,,,Private,,,,,,,0,,,,,,0,0,0,0,0,,,,,,0,0,0,0,0,GEN-C525
29334815,"2026-01-24 11:25:39","2026-01-24 11:25:39",A5F699,"United States","United States",N48331,,,,,,Ryan,PT22,"Ryan Recruit ST3-KR",1821,,,,,,Private,,,1942,,,,0,,,,,,0,0,0,0,0,,,,,,0,0,0,0,0,GEN-PT22
29334105,"2026-01-24 11:17:50","2026-01-24 11:17:50",AD17F3,"United States","United States",N9427R,,,,,,Snow,SS2P,"Snow S-2 A 600",1057A,,,,,,Private,,,1960,,,,0,,,,,,0,0,0,0,0,,,,,,0,0,0,0,0,GEN-SS2P
29334106,"2026-01-24 11:17:50","2026-01-24 11:17:50",A0518D,"United States","United States",N12CB,,,,,,Vans,RV12,"Vans RV-12",120728,,,,,,Private,,,,,,,0,,,,,,0,0,0,0,0,,,,,,0,0,0,0,0,GEN-RV12
29333901,"2026-01-24 11:15:11","2026-01-24 11:15:11",A7E417,"United States","United States",N6073X,,,,,,Mooney,M20P,"Mooney M.20A Mark 20",1669,,,,,,Private,,,,,,,0,,,,,,0,0,0,0,0,,,,,,0,0,0,0,0,GEN-M20P
29333692,"2026-01-24 11:13:10","2026-01-24 11:13:10",A36BC9,"United States","United States",N31980,,,,,,Aeronca,AR65,"Aeronca Super Chief 65-CA",C-12601,,,,,,Private,,,1941,,,,0,,,,,,0,0,0,0,0,,,,,,0,0,0,0,0,GEN-AR65
29333289,"2026-01-24 11:08:54","2026-01-24 11:08:54",440384,Austria,Austria,OE-EKB,,,,,,Pilatus,PC12,"Pilatus PC-XII NG 47E",1742,,,,,,"Kitzbuhel Airways GmbH",,,2017,,,,0,,,,,,0,0,0,0,0,,,,,,0,0,0,0,0,GEN-PC12
29332530,"2026-01-24 10:57:38","2026-01-24 10:57:38",461EAC,Finland,Finland,OH-LQA,,,,,,Airbus,A343,"Airbus A340 311",58,,,,,,Finnair,,,1994,,,,0,,,,,,0,0,0,0,0,,,,,,0,0,0,0,0,GEN-A343
29331975,"2026-01-24 10:50:57","2026-01-24 10:50:57",4CA511,Ireland,Ireland,EI-FIZ,,,,,,Boeing,B738,"Boeing 737NG 8AS/W",44709,,,,,,Ryanair,,,2015,,,,0,,,,,,0,0,0,0,0,,,,,,0,0,0,0,0,RYR
29331789,"2026-01-24 10:48:55","2026-01-24 10:48:55",40397A,"United Kingdom","United Kingdom",G-NDAA,,,,,,MBB,B105,"MBB Bo.105 DBS-4",S-135/914,,,,,,"Babcock MCS Onshore",,,1974,,,,0,,,,,,0,0,0,0,0,,,,,,0,0,0,0,0,RHD
29331582,"2026-01-24 10:45:56","2026-01-24 10:45:56",40326A,"United Kingdom","United Kingdom",G-BSTX,,,,,,Luscombe,L8,"Luscombe Silvaire 8A",3301,,,,,,Private,,,1946,,,,0,,,,,,0,0,0,0,0,,,,,,0,0,0,0,0,GEN-L8
29331460,"2026-01-24 10:44:28","2026-01-24 10:44:28",40282E,"United Kingdom","United Kingdom",G-BNEV,,,,,,Viking,DFLY,"Viking Dragonfly","PFA 139-10935",,,,,,Private,,,,,,,0,,,,,,0,0,0,0,0,,,,,,0,0,0,0,0,GEN-DFLY
29331259,"2026-01-24 10:40:40","2026-01-24 10:40:40",ADC06A,"United States","United States",N9852W,,,,,,Piper,P28A,"Piper PA-28 140 Cherokee",28-23365,,,,,,Private,,,1967,,,,0,,,,,,0,0,0,0,0,,,,,,0,0,0,0,0,GEN-P28A
29329826,"2026-01-24 10:25:09","2026-01-24 10:25:09",AD4768,"United States","United States",N955BW,,,,,,Swearingen,SW4,"Swearingen Metro 23",DC-821B,,,,,,"Presidential Airways",,,1993,,,,0,,,,,,0,0,0,0,0,,,,,,0,0,0,0,0,GEN-SW4
29329466,"2026-01-24 10:21:20","2026-01-24 10:21:20",A3A3B2,"United States","United States",N33327,,,,,,Maule,M7,"Maule MX-7 180B Star Rocket",22041C,,,,,,"Tunisian Air Force",,,,,,,0,,,,,,1,0,0,0,0,,,,,,0,0,0,0,0,
29328919,"2026-01-24 10:14:27","2026-01-24 10:14:27",A520E9,"United States","United States",N43BL,,,,,,Cessna,C550,"Cessna Citation II",550-0118,,,,,,"Cypress Aircraft Sales LLC",,,,,,,0,,,,,,0,0,0,0,0,,,,,,0,0,0,0,0,GEN-C550
29328435,"2026-01-24 10:08:50","2026-01-24 10:08:50",394F2A,France,France,F-GTZK,,,,,,Robin,DR40,"Robin DR.400 120 Dauphin 2+2",2451,,,,,,Private,,,,,,,0,,,,,,0,0,0,0,0,,,,,,0,0,0,0,0,GEN-DR40
29328351,"2026-01-24 10:07:55","2026-01-24 10:07:55",A9CAB7,"United States","United States",N73WS,,,,,,Cessna,C185,"Cessna A185E Skywagon 185",18501645,,,,,,Private,,,1970,,,,0,,,,,,0,0,0,0,0,,,,,,0,0,0,0,0,GEN-C185
29327775,"2026-01-24 10:01:43","2026-01-24 10:01:43",06A198,Qatar,Qatar,A7-TAT,,,,,,Bombardier,GL5T,"Bombardier Global 5000",9379,,,,,,"Qatar Executive",,,2009,,,,0,,,,,,0,0,0,0,0,,,,,,0,0,0,0,0,GEN-GL5T
29326844,"2026-01-24 09:50:26","2026-01-24 09:50:26",AAFE8F,"United States","United States",N8072U,,,,,,Rans,SHEK,"Rans Shekari S-16",0295001,,,,,,Private,,,1995,,,,0,,,,,,0,0,0,0,0,,,,,,0,0,0,0,0,GEN-SHEK
29326520,"2026-01-24 09:46:39","2026-01-24 09:46:39",009F32,"South Africa","South Africa",ZS-LUN,,,,,,Cessna,C210,"Cessna 210N Turbo Centurion",21063646,,,,,,Private,,,1979,,,,0,,,,,,0,0,0,0,0,,,,,,0,0,0,0,0,GEN-C210
29326098,"2026-01-24 09:41:45","2026-01-24 09:41:45",4CAC7C,Ireland,Ireland,EI-GDS,,,,,,Boeing,B738,"Boeing 737NG 800/W",44811,,,,,,Ryanair,,,2017,,,,0,,,,,,0,0,0,0,0,,,,,,0,0,0,0,0,RYR
29325554,"2026-01-24 09:35:39","2026-01-24 09:35:39",451DB3,Bulgaria,Bulgaria,LZ-ACS,,,,,,Jihlavan,KP5,"Jihlavan KP-5 Skyleader 600","6244266 U",,,,,,Private,,,2015,,,,0,,,,,,0,0,0,0,0,,,,,,0,0,0,0,0,GEN-KP5
29325030,"2026-01-24 09:29:40","2026-01-24 09:29:40",0DE420,Venezuela,Venezuela,91-0368,,,,,,"General Dynamics",F16,"General Dynamics F-16CJ Fighting Falcon",CC-66,,,,,,"United States Air Force",,,,,,,0,,,,,,1,0,0,0,0,,,,,,0,0,0,0,0,
29323969,"2026-01-24 09:18:09","2026-01-24 09:18:09",A87C06,"United States","United States",N646FD,,,,,,Denney,FOX,"Denney Kitfox Srs.7",S70202-006,,,,,,Private,,,2004,,,,0,,,,,,0,0,0,0,0,,,,,,0,0,0,0,0,GEN-FOX
29323712,"2026-01-24 09:14:53","2026-01-24 09:14:53",A6E7F6,"United States","United States",N544NB,,,,,,Bell,B429,"Bell 429 Global Ranger",57249,,,,,,"Bell Helicopter Textron Inc",,,,,,,0,,,,,,0,0,0,0,0,,,,,,0,0,0,0,0,GEN-B429
29322351,"2026-01-24 08:58:58","2026-01-24 08:58:58",A60D1F,"United States","United States",N4895R,,,,,,Cessna,C82R,"Cessna R182 Skylane RG",R18200622,,,,,,Private,,,1978,,,,0,,,,,,0,0,0,0,0,,,,,,0,0,0,0,0,GEN-C82R
29321762,"2026-01-24 08:52:06","2026-01-24 08:52:06",686060,"Not Allocated","Not Allocated",ST-OHO,,,,,,Ilyushin,IL62,"Ilyushin IL-62 M",1052128,,,,,,"Fourty Eight States Airline",,,,,,,0,,,,,,0,0,0,0,0,,,,,,0,0,0,0,0,GEN-IL62
29321327,"2026-01-24 08:47:21","2026-01-24 08:47:21",C05B51,Canada,Canada,C-GIPC,,,,,,Beech,B190,"Beech 1900 C-1",UC-110,,,,,,"Pacific Coastal Airlines",,,1990,,,,0,,,,,,0,0,0,0,0,,,,,,0,0,0,0,0,PCO
29321128,"2026-01-24 08:44:42","2026-01-24 08:44:42",A8D9FA,"United States","United States",N67GE,,,,,,Aerospatiale,AS50,"Aerospatiale Squirrel AS.350 B",1604,,,,,,Private,,,,,,,0,,,,,,0,0,0,0,0,,,,,,0,0,0,0,0,GEN-AS50
29321060,"2026-01-24 08:44:02","2026-01-24 08:44:02",A23E78,"United States","United States",N2437G,,,,,,Cessna,C182,"Cessna 182B Skylane",51737,,,,,,Private,,,,,,,0,,,,,,0,0,0,0,0,,,,,,0,0,0,0,0,GEN-C182
29320703,"2026-01-24 08:39:33","2026-01-24 08:39:33",406E43,"United Kingdom","United Kingdom",G-RSIX,,,,,,Robinson,R66,"Robinson R66",0017,,,,,,"Sloane Helicopters",,,2011,,,,0,,,,,,0,0,0,0,0,,,,,,0,0,0,0,0,GEN-R66
29320526,"2026-01-24 08:37:40","2026-01-24 08:37:40",A32E8A,"United States","United States",N304DS,,,,,,Boeing,P8,"Boeing P-8A Poseidon",63194,,,,,,"Boeing Company",,,,,,,0,,,,,,0,0,0,0,0,,,,,,0,0,0,0,0,BOE
29320162,"2026-01-24 08:33:24","2026-01-24 08:33:24",A0AEBA,"United States","United States",N143KD,,,,,,Christen,EAGL,"Christen Eagle II",DEMERS-0001,,,,,,Private,,,1984,,,,0,,,,,,0,0,0,0,0,,,,,,0,0,0,0,0,GEN-EAGL
29319588,"2026-01-24 08:26:02","2026-01-24 08:26:02",A6F517,"United States","United States",N5476,,,,,,Schweizer-Grumman,G164,"Schweizer-Grumman G-164A Super Ag-Cat",1173,,,,,,Private,,,1973,,,,0,,,,,,0,0,0,0,0,,,,,,0,0,0,0,0,GEN-G164
29319047,"2026-01-24 08:19:42","2026-01-24 08:19:42",A28211,"United States","United States",N2605N,,,,,,Cessna,C140,"Cessna 140",12865,,,,,,Private,,,1947,,,,0,,,,,,0,0,0,0,0,,,,,,0,0,0,0,0,GEN-C140
29318546,"2026-01-24 08:13:38","2026-01-24 08:13:38",AA7A9F,"United States","United States",N77425,,,,,,Cessna,C140,"Cessna 140",11866,,,,,,Private,,,1947,,,,0,,,,,,0,0,0,0,0,,,,,,0,0,0,0,0,GEN-C140
29317938,"2026-01-24 08:06:42","2026-01-24 08:06:42",A21792,"United States","United States",N234CD,,,,,,Robinson,R44,"Robinson R44 Cadet",30001,,,,,,"Florida Suncoast Helicopters",,,2015,,,,0,,,,,,0,0,0,0,0,,,,,,0,0,0,0,0,GEN-R44
29317740,"2026-01-24 08:04:02","2026-01-24 08:04:02",44EB24,Belgium,Belgium,OO-ZYD,,,,,,Rolladen-Schneider,GLID,"Rolladen-Schneider LS1 d",110,,,,,,Private,,,1972,,,,0,,,,,,0,0,0,0,0,,,,,,0,0,0,0,0,GEN-GLID
29317658,"2026-01-24 08:03:07","2026-01-24 08:03:07",A86384,"United States","United States",N64GM,,,,,,Beech,BE95,"Beech Travel Air D95A",TD-592,,,,,,Private,,,,,,,0,,,,,,0,0,0,0,0,,,,,,0,0,0,0,0,GEN-BE95
29317431,"2026-01-24 07:59:47","2026-01-24 07:59:47",40369A,"United Kingdom","United Kingdom",G-CLUE,,,,,,Piper,PA34,"Piper PA-34 200T Seneca II",34-7970502,,,,,,Private,,,1979,,,,0,,,,,,0,0,0,0,0,,,,,,0,0,0,0,0,GEN-PA34
29317289,"2026-01-24 07:57:56","2026-01-24 07:57:56",404EFA,"United Kingdom","United Kingdom",G-CDVO,,,,,,"P & M Aviation",ULAC,"P & M Aviation Pegasus Quik",8147,,,,,,Private,,,2005,,,,0,,,,,,0,0,0,0,0,,,,,,0,0,0,0,0,GEN-ULAC
11102,"2021-11-08 16:26:52","2026-01-24 07:55:45",C87EE8,"New Zealand","New Zealand","",,,,"",,"",ZZZZ,"","",,,,,,"",,,,,,"",0,,,,,,0,0,0,0,0,Missing,,,"","",0,0,0,0,0,GEN-ZZZZ
766556,"2023-10-30 20:59:55","2026-01-24 07:55:45",43BF96,"United Kingdom","United Kingdom","",,,,"",,"",ZANT,"","",,,,,,"",,,,,,"",0,,,,,,0,0,0,0,0,Missing,,,"","",0,0,0,0,0,ZANT
29317112,"2026-01-24 07:55:39","2026-01-24 07:55:39",0DE430,Venezuela,Venezuela,91-0384,,,,,,"General Dynamics",F16,"General Dynamics F-16CG Fighting Falcon",CC-82,,,,,,"United States Air Force",,,,,,,0,,,,,,1,0,0,0,0,,,,,,0,0,0,0,0,
29316920,"2026-01-24 07:53:02","2026-01-24 07:53:02",3D4959,Germany,Germany,D-FAAJ,,,,,,Cessna,C208,"Cessna 208 B",208B2003,,,,,,"Air Alliance Express GmbH",,,2008,,,,0,,,,,,0,0,0,0,0,,,,,,0,0,0,0,0,AYY
29316361,"2026-01-24 07:47:00","2026-01-24 07:47:00",750118,Malaysia,Malaysia,9M-HMN,,,,,,Diamond,DA40,"Diamond DA40D Diamond Star",D4.138,,,,,,"HM Aerospace",,,2004,,,,0,,,,,,0,0,0,0,0,,,,,,0,0,0,0,0,GEN-DA40
29316340,"2026-01-24 07:46:49","2026-01-24 07:46:49",A5B6B1,"United States","United States",N4675P,,,,,,Piper,PA23,"Piper PA-23 U-11A",27-204,,,,,,Private,,,,,,,0,,,,,,0,0,0,0,0,,,,,,0,0,0,0,0,GEN-PA23
29316074,"2026-01-24 07:43:06","2026-01-24 07:43:06",A09936,"United States","United States",N138DB,,,,,,Vans,RV6,"Vans RV-6",21487DB,,,,,,Private,,,1992,,,,0,,,,,,0,0,0,0,0,,,,,,0,0,0,0,0,GEN-RV6
29315417,"2026-01-24 07:35:21","2026-01-24 07:35:21",A16E8F,"United States","United States",N1912Q,,,,,,Cessna,C77R,"Cessna 177 Cardinal RG",177RG0312,,,,,,Private,,,1972,,,,0,,,,,,0,0,0,0,0,,,,,,0,0,0,0,0,GEN-C77R
29315325,"2026-01-24 07:34:14","2026-01-24 07:34:14",A3CDB1,"United States","United States",N344RR,,,,,,Robinson,R44,"Robinson R44",2255,,,,,,Private,,,2012,,,,0,,,,,,0,0,0,0,0,,,,,,0,0,0,0,0,GEN-R44
29314149,"2026-01-24 07:20:06","2026-01-24 07:20:06",A331B8,"United States","United States",N30481,,,,,,Maule,M7,"Maule M-7 235C Orion",25112C,,,,,,Private,,,,,,,0,,,,,,0,0,0,0,0,,,,,,0,0,0,0,0,GEN-M7
29313463,"2026-01-24 07:11:47","2026-01-24 07:11:47",A4E61E,"United States","United States",N41452,,,,,,Piper,PA32,"Piper PA-32 260 Cherokee Six",32-7400031,,,,,,Private,,,1974,,,,0,,,,,,0,0,0,0,0,,,,,,0,0,0,0,0,GEN-PA32
29313348,"2026-01-24 07:10:17","2026-01-24 07:10:17",A9CB06,"United States","United States",N73ZW,,,,,,Aerospatiale,ALO2,"Aerospatiale Alouette Astazou SA.318C",2092,,,,,,"Fly 4 Less LLC",,,,,,,0,,,,,,0,0,0,0,0,,,,,,0,0,0,0,0,GEN-ALO2
29312898,"2026-01-24 07:04:18","2026-01-24 07:04:18",AB7DBB,"United States","United States",N84CJ,,,,,,Rutan,LGEZ,"Rutan Long-Ez",1037,,,,,,Private,,,1996,,,,0,,,,,,0,0,0,0,0,,,,,,0,0,0,0,0,GEN-LGEZ
29312515,"2026-01-24 06:59:41","2026-01-24 06:59:41",A68334,"United States","United States",N519DL,,,,,,Canadair,T33,"Canadair T-33 Silver Star",T-33-119,,,,,,Private,,,,,,,0,,,,,,0,0,0,0,0,,,,,,0,0,0,0,0,GEN-T33
29312445,"2026-01-24 06:58:51","2026-01-24 06:58:51",A28D9B,"United States","United States",N2638J,,,,,,Cessna,C150,"Cessna 150G",15065638,,,,,,Private,,,1966,,,,0,,,,,,0,0,0,0,0,,,,,,0,0,0,0,0,GEN-C150
29311712,"2026-01-24 06:50:59","2026-01-24 06:50:59",AC80A9,"United States","United States",N9042C,,,,,,Cessna,C180,"Cessna 180",31090,,,,,,Private,,,1954,,,,0,,,,,,0,0,0,0,0,,,,,,0,0,0,0,0,GEN-C180
29311666,"2026-01-24 06:50:32","2026-01-24 06:50:32",3EE56E,Germany,Germany,D-1239,,,,,,Schleicher,GLID,"Schleicher Ka 6 CR Rhonsegler",6496,,,,,,Private,,,1966,,,,0,,,,,,0,0,0,0,0,,,,,,0,0,0,0,0,GEN-GLID
29309855,"2026-01-24 06:28:24","2026-01-24 06:28:24",A65B01,"United States","United States",N5087M,,,,,,Taylorcraft,TAYB,"Taylorcraft BC-12D",10387,,,,,,Private,,,1946,,,,0,,,,,,0,0,0,0,0,,,,,,0,0,0,0,0,GEN-TAYB
29309815,"2026-01-24 06:28:00","2026-01-24 06:28:00",404112,"United Kingdom","United Kingdom",G-RUGS,,,,,,Campbell,GYRO,"Campbell Cricket Mk.4","PFA G/03-1307",,,,,,Private,,,1999,,,,0,,,,,,0,0,0,0,0,,,,,,0,0,0,0,0,GEN-GYRO
29309512,"2026-01-24 06:24:39","2026-01-24 06:24:39",A6A1F2,"United States","United States",N52623,,,,,,"Textron Aviation",C68A,"Textron Aviation Citation Latitude",680A-0115,,,,,,"Textron Aviation Inc",,,2017,,,,0,,,,,,0,0,0,0,0,,,,,,0,0,0,0,0,GEN-C68A
29308925,"2026-01-24 06:17:37","2026-01-24 06:17:37",C81309,"New Zealand","New Zealand",ZK-HNR,,,,,,Aerospatiale,AS50,"Aerospatiale Squirrel AS.350 B",2486,,,,,,"HNZ New Zealand Ltd",,,,,,,0,,,,,,0,0,0,0,0,,,,,,0,0,0,0,0,GEN-AS50
29308228,"2026-01-24 06:08:53","2026-01-24 06:08:53",A5AB78,"United States","United States",N46444,,,,,,Taylorcraft,TAYD,"Taylorcraft L-2M Grasshopper",L-6311,,,,,,Private,,,1944,,,,0,,,,,,0,0,0,0,0,,,,,,0,0,0,0,0,GEN-TAYD
29307076,"2026-01-24 05:54:06","2026-01-24 05:54:06",45D190,Denmark,Denmark,OY-TLP,,,,,,Piaggio,P180,"Piaggio P-180 Avanti",1060,,,,,,Private,,,,,,,0,,,,,,0,0,0,0,0,,,,,,0,0,0,0,0,GEN-P180
29305935,"2026-01-24 05:39:28","2026-01-24 05:39:28",A7446D,"United States","United States",N5678T,,,,,,"Raven Aerostar",BALL,"Raven Aerostar S-55A Hot Air Balloon",S55A-486,,,,,,Private,,,,,,,0,,,,,,0,0,0,0,0,,,,,,0,0,0,0,0,GEN-BALL
29305435,"2026-01-24 05:32:28","2026-01-24 05:32:28",385D0A,France,France,F-BXIK,,,,,,Reims/Cessna,C172,"Reims/Cessna F172M",1235,,,,,,Private,,,1975,,,,0,,,,,,0,0,0,0,0,,,,,,0,0,0,0,0,GEN-C172
29305022,"2026-01-24 05:26:42","2026-01-24 05:26:42",AA5F14,"United States","United States",N76782,,,,,,Cessna,C120,"Cessna 120",11214,,,,,,Private,,,1946,,,,0,,,,,,0,0,0,0,0,,,,,,0,0,0,0,0,GEN-C120
29304606,"2026-01-24 05:21:33","2026-01-24 05:21:33",A6E713,"United States","United States",N544D,,,,,,"Amateur Built",ACR2,"Amateur Built Acrosport II",1,,,,,,Private,,,,,,,0,,,,,,0,0,0,0,0,,,,,,0,0,0,0,0,GEN-ACR2
29303397,"2026-01-24 05:05:28","2026-01-24 05:05:28",009905,"South Africa","South Africa",ZS-JLS,,,,,,Piper,PA32,"Piper PA-32 300 Cherokee Six",32-7440090,,,,,,Private,,,1974,,,,0,,,,,,0,0,0,0,0,,,,,,0,0,0,0,0,GEN-PA32
29301802,"2026-01-24 04:44:30","2026-01-24 04:44:30",86EF8B,Japan,Japan,JA8987,,,,,,Boeing,B763,"Boeing 767 346",28553,,,,,,"Japan Airlines",,,1998,,,,0,,,,,,0,0,0,0,0,,,,,,0,0,0,0,0,JAL
29301297,"2026-01-24 04:36:59","2026-01-24 04:36:59",A88625,"United States","United States",N6486H,,,,,,"Raven Aerostar",BALL,"Raven Aerostar Rally RX.7 Hot Air Balloon",RX7-3102,,,,,,Private,,,,,,,0,,,,,,0,0,0,0,0,,,,,,0,0,0,0,0,GEN-BALL
29300361,"2026-01-24 04:24:15","2026-01-24 04:24:15",A63D77,"United States","United States",N5008Y,,,,,,Piper,PA27,"Piper PA-23 Aztec 250B",27-2008,,,,,,Private,,,1962,,,,0,,,,,,0,0,0,0,0,,,,,,0,0,0,0,0,GEN-PA27
29299305,"2026-01-24 04:09:34","2026-01-24 04:09:34",3D2D4D,Germany,Germany,D-EPKF,,,,,,Denney,FOX,"Denney Kitfox Mk.IV",1768/FCU055,,,,,,Private,,,,,,,0,,,,,,0,0,0,0,0,,,,,,0,0,0,0,0,GEN-FOX
29298709,"2026-01-24 04:01:37","2026-01-24 04:01:37",448844,Belgium,Belgium,OO-BBD,,,,,,Cameron,BALL,"Cameron N-90 Hot Air Balloon",2607,,,,,,Private,,,,,,,0,,,,,,0,0,0,0,0,,,,,,0,0,0,0,0,GEN-BALL
29297518,"2026-01-24 03:45:00","2026-01-24 03:45:00",A6AD1A,"United States","United States",N52926,,,,,,Cessna,C77R,"Cessna 177 Cardinal RG",177RG1311,,,,,,Private,,,1978,,,,0,,,,,,0,0,0,0,0,,,,,,0,0,0,0,0,GEN-C77R
29297253,"2026-01-24 03:41:08","2026-01-24 03:41:08",A61316,"United States","United States",N49041,,,,,,Cessna,C152,"Cessna 152",15281116,,,,,,Private,,,1977,,,,0,,,,,,0,0,0,0,0,,,,,,0,0,0,0,0,GEN-C152
29297143,"2026-01-24 03:39:40","2026-01-24 03:39:40",71BD08,"South Korea","South Korea",HL7508,,,,,,Boeing,B734,"Boeing 737 48E",25772,,,,,,"Air Busan",,,1996,,,,0,,,,,,0,0,0,0,0,,,,,,0,0,0,0,0,ABL
29297137,"2026-01-24 03:39:35","2026-01-24 03:39:35",ACACCD,"United States","United States",N91586,,,,,,"North American",NAVI,"North American Navion",NAV-4-363,,,,,,Private,,,1946,,,,0,,,,,,0,0,0,0,0,,,,,,0,0,0,0,0,GEN-NAVI
29297138,"2026-01-24 03:39:35","2026-01-24 03:39:35",AA0A6A,"United States","United States",N746SF,,,,,,"Raytheon Aircraft Company",H25B,"Raytheon Aircraft Company 125 850XP",258784,,,,,,"Bartin Logistics LLC",,,2006,,,,0,,,,,,0,0,0,0,0,,,,,,0,0,0,0,0,GEN-H25B
29295438,"2026-01-24 03:15:36","2026-01-24 03:15:36",A6EDC9,"United States","United States",N54567,,,,,,Laister-Kauffman,GLID,"Laister-Kauffman LK-10A TG-4A",136,,,,,,Private,,,1943,,,,0,,,,,,0,0,0,0,0,,,,,,0,0,0,0,0,GEN-GLID
29294299,"2026-01-24 02:59:20","2026-01-24 02:59:20",ACC99F,"United States","United States",N923DE,,,,,,Vans,RV8,"Vans RV-8 A",80810,,,,,,Private,,,,,,,0,,,,,,0,0,0,0,0,,,,,,0,0,0,0,0,GEN-RV8
29294202,"2026-01-24 02:57:37","2026-01-24 02:57:37",AC96DD,"United States","United States",N910C,,,,,,Stinson,S108,"Stinson Voyager 108-3",108-3910,,,,,,Private,,,1947,,,,0,,,,,,0,0,0,0,0,,,,,,0,0,0,0,0,GEN-S108
29293651,"2026-01-24 02:50:12","2026-01-24 02:50:12",A53172,"United States","United States",N4336E,,,,,,Piper,PA38,"Piper PA-38 112 Tomahawk",38-78A0561,,,,,,Private,,,,,,,0,,,,,,0,0,0,0,0,,,,,,0,0,0,0,0,GEN-PA38
29293395,"2026-01-24 02:46:46","2026-01-24 02:46:46",ACBBE8,"United States","United States",N92AY,,,,,,"Textron Aviation",C206,"Textron Aviation T206H Turbo Stationair",T20609550,,,,,,Private,,,2018,,,,0,,,,,,0,0,0,0,0,,,,,,0,0,0,0,0,GEN-C206
29293133,"2026-01-24 02:43:04","2026-01-24 02:43:04",A0362A,"United States","United States",N1121P,,,,,,Piper,PA23,"Piper PA-23 Apache 150",23-131,,,,,,Private,,,1955,,,,0,,,,,,0,0,0,0,0,,,,,,0,0,0,0,0,GEN-PA23
29292810,"2026-01-24 02:37:42","2026-01-24 02:37:42",702059,Bangladesh,Bangladesh,S2-AHK,,,,,,Boeing,B772,"Boeing 777 266ER",32629,,,,,,"Biman Bangladesh Airlines",,,2001,,,,0,,,,,,0,0,0,0,0,,,,,,0,0,0,0,0,BBC
29292382,"2026-01-24 02:30:24","2026-01-24 02:30:24",A93330,"United States","United States",N692LT,,,,,,"ICON Aircraft",A5,"ICON Aircraft A5",00050,,,,,,Private,,,2018,,,,0,,,,,,0,0,0,0,0,,,,,,0,0,0,0,0,GEN-A5
29291579,"2026-01-24 02:19:00","2026-01-24 02:19:00",A9F20F,"United States","United States",N74VC,,,,,,Rockwell,SBR1,"Rockwell Sabreliner 65",465-17,,,,,,"Jet Harbor Inc",,,1980,,,,0,,,,,,0,0,0,0,0,,,,,,0,0,0,0,0,GEN-SBR1
29291272,"2026-01-24 02:14:38","2026-01-24 02:14:38",C05B75,Canada,Canada,C-GIQM,,,,,,Schweizer-Grumman,G164,"Schweizer-Grumman G-164A Super Ag-Cat",1019,,,,,,Private,,,,,,,0,,,,,,0,0,0,0,0,,,,,,0,0,0,0,0,GEN-G164
29290714,"2026-01-24 02:07:20","2026-01-24 02:07:20",C808C9,"New Zealand","New Zealand",ZK-GTC,,,,,,Schleicher,GLID,"Schleicher ASW 20 C",20825,,,,,,Private,,,1985,,,,0,,,,,,0,0,0,0,0,,,,,,0,0,0,0,0,GEN-GLID
29290007,"2026-01-24 01:57:18","2026-01-24 01:57:18",4B02EC,Switzerland,Switzerland,HB-BCU,,,,,,"Raven Industries",BALL,"Raven Industries Rally RX.7 Hot Air Balloon",RX7-281,,,,,,Private,,,,,,,0,,,,,,0,0,0,0,0,,,,,,0,0,0,0,0,GEN-BALL
29289769,"2026-01-24 01:54:15","2026-01-24 01:54:15",A68CC2,"United States","United States",N521BD,,,,,,Cessna,C182,"Cessna T182T Turbo Skylane",T18208271,,,,,,Private,,,2004,,,,0,,,,,,0,0,0,0,0,,,,,,0,0,0,0,0,GEN-C182
29289268,"2026-01-24 01:47:08","2026-01-24 01:47:08",A5674A,"United States","United States",N4472P,,,,,,Piper,PA23,"Piper PA-23 Apache 160G",23-1994,,,,,,Private,,,1961,,,,0,,,,,,0,0,0,0,0,,,,,,0,0,0,0,0,GEN-PA23
29288268,"2026-01-24 01:33:36","2026-01-24 01:33:36",A9C54F,"United States","United States",N729DJ,,,,,,"Velocity Aircraft",VELO,"Velocity Aircraft Velocity RG Elite","3FG 032",,,,,,Private,,,,,,,0,,,,,,0,0,0,0,0,,,,,,0,0,0,0,0,GEN-VELO
29286902,"2026-01-24 01:15:31","2026-01-24 01:15:31",A773F9,"United States","United States",N58EF,,,,,,"Amateur Built",PTS1,"Amateur Built Pitts Special S-1C",1,,,,,,Private,,,,,,,0,,,,,,0,0,0,0,0,,,,,,0,0,0,0,0,GEN-PTS1
29286198,"2026-01-24 01:06:12","2026-01-24 01:06:12",A17ABE,"United States","United States",N195A,,,,,,Cessna,C195,"Cessna 195B",7650,,,,,,Private,,,1951,,,,0,,,,,,0,0,0,0,0,,,,,,0,0,0,0,0,GEN-C195
29285922,"2026-01-24 01:02:27","2026-01-24 01:02:27",A01D6A,"United States","United States",N1060V,,,,,,"Textron Aviation",B350,"Textron Aviation King Air B350",FL-1060,,,,,,"Rioco Corp",,,2016,,,,0,,,,,,0,0,0,0,0,,,,,,0,0,0,0,0,GEN-B350
29285770,"2026-01-24 01:00:12","2026-01-24 01:00:12",A87F7F,"United States","United States",N647CS,,,,,,Boeing,B734,"Boeing 737 4H6",27352,,,,,,"Turpial Airlines",,,1994,,,,0,,,,,,0,0,0,0,0,,,,,,0,0,0,0,0,GEN-B734
29284037,"2026-01-24 00:38:03","2026-01-24 00:38:03",4033FD,"United Kingdom","United Kingdom",G-BTIL,,,,,,Piper,PA38,"Piper PA-38 112 Tomahawk",38-80A0004,,,,,,Private,,,1980,,,,0,,,,,,0,0,0,0,0,,,,,,0,0,0,0,0,GEN-PA38
29283946,"2026-01-24 00:36:45","2026-01-24 00:36:45",A52DA0,"United States","United States",N4325N,,,,,,Wag-Aero,PA18,"Wag-Aero Super CUBy",966,,,,,,Private,,,,,,,0,,,,,,0,0,0,0,0,,,,,,0,0,0,0,0,GEN-PA18
29283042,"2026-01-24 00:24:23","2026-01-24 00:24:23",A5B74E,"United States","United States",N46796,,,,,,Schreder,GLID,"Schreder HP-14",14-96,,,,,,Private,,,,,,,0,,,,,,0,0,0,0,0,,,,,,0,0,0,0,0,GEN-GLID
29282851,"2026-01-24 00:21:32","2026-01-24 00:21:32",AB6E1A,"United States","United States",N8356C,,,,,,Robinson,R44,"Robinson R44 Raven",0365,,,,,,Private,,,,,,,0,,,,,,0,0,0,0,0,,,,,,0,0,0,0,0,GEN-R44
29282574,"2026-01-24 00:17:09","2026-01-24 00:17:09",C81AC4,"New Zealand","New Zealand",ZK-HQV,,,,,,Robinson,R44,"Robinson R44 Raven II",11684,,,,,,"Campbell Copters",,,2007,,,,0,,,,,,0,0,0,0,0,,,,,,0,0,0,0,0,GEN-R44
29282264,"2026-01-24 00:12:48","2026-01-24 00:12:48",00A860,"South Africa","South Africa",ZS-PGX,,,,,,Pilatus,PC12,"Pilatus PC-XII 45",560,,,,,,"The SA Red Cross Mercy Service",,,2004,,,,0,,,,,,0,0,0,0,0,,,,,,0,0,0,0,0,GEN-PC12
29281829,"2026-01-24 00:06:50","2026-01-24 00:06:50",A0D8A5,"United States","United States",N1537D,,,,,,"Balloon Works",BALL,"Balloon Works Firefly 7 Hot Air Balloon",10182,,,,,,Private,,,1980,,,,0,,,,,,0,0,0,0,0,,,,,,0,0,0,0,0,GEN-BALL
