AircraftID,FirstCreated,LastModified,ModeS,ModeSCountry,Country,Registration,CurrentRegDate,PreviousID,FirstRegDate,Status,DeRegDate,Manufacturer,ICAOTypeCode,Type,SerialNo,PopularName,GenericName,AircraftClass,Engines,OwnershipStatus,RegisteredOwners,MTOW,TotalHours,YearBuilt,CofACategory,CofAExpiry,UserNotes,Interested,UserTag,InfoURL,PictureURL1,PictureURL2,PictureURL3,UserBool1,UserBool2,UserBool3,UserBool4,UserBool5,UserString1,UserString2,UserString3,UserString4,UserString5,UserInt1,UserInt2,UserInt3,UserInt4,UserInt5,OperatorFlagCode
28803150,"2026-01-19 23:58:31","2026-01-19 23:58:31",C0670B,Canada,Canada,C-GNAO,,,,,,Beech,BE20,"Beech King Air B200C",BL-67,,,,,,"Northern Air Charter (PR) Inc",,,,,,,0,,,,,,0,0,0,0,0,,,,,,0,0,0,0,0,GEN-BE20
28803061,"2026-01-19 23:57:19","2026-01-19 23:57:19",C80611,"New Zealand","New Zealand",ZK-FLP,,,,,,"Thruster Aircraft",ULAC,"Thruster Aircraft Thruster",MAANZ/341,,,,,,Private,,,,,,,0,,,,,,0,0,0,0,0,,,,,,0,0,0,0,0,GEN-ULAC
28802884,"2026-01-19 23:54:25","2026-01-19 23:54:25",A5EB5E,"United States","United States",N4803D,,,,,,Cessna,C182,"Cessna 182A Skylane",34903,,,,,,Private,,,,,,,0,,,,,,0,0,0,0,0,,,,,,0,0,0,0,0,GEN-C182
28802747,"2026-01-19 23:52:28","2026-01-19 23:52:28",A9442E,"United States","United States",N6966D,,,,,,Piper,PA18,"Piper PA-18 A-150 Super Cub",18-5547,,,,,,Private,,,1957,,,,0,,,,,,0,0,0,0,0,,,,,,0,0,0,0,0,GEN-PA18
28802265,"2026-01-19 23:44:31","2026-01-19 23:44:31",ACB479,"United States","United States",N918AX,,,,,,Boeing,B772,"Boeing 777 222ER",26935,,,,,,"Omni Air International",,,1997,,,,0,,,,,,0,0,0,0,0,,,,,,0,0,0,0,0,OAE
28801838,"2026-01-19 23:38:13","2026-01-19 23:38:13",A4ED48,"United States","United States",N41634,,,,,,Culver,CUCA,"Culver Cadet LCA",393,,,,,,Private,,,,,,,0,,,,,,0,0,0,0,0,,,,,,0,0,0,0,0,GEN-CUCA
28801683,"2026-01-19 23:36:12","2026-01-19 23:36:12",A003AB,"United States","United States",N10PL,,,,,,"Textron Aviation",B350,"Textron Aviation King Air B350",FL-1056,,,,,,"Sheets Aviation Inc",,,2016,,,,0,,,,,,0,0,0,0,0,,,,,,0,0,0,0,0,GEN-B350
28801673,"2026-01-19 23:36:01","2026-01-19 23:36:01",A65A59,"United States","United States",N5082U,,,,,,Cessna,C72R,"Cessna 172RG Cutlass RG",172RG0220,,,,,,Private,,,1979,,,,0,,,,,,0,0,0,0,0,,,,,,0,0,0,0,0,GEN-C72R
28800920,"2026-01-19 23:23:53","2026-01-19 23:23:53",A6D559,"United States","United States",N5398N,,,,,,Convair,L13,"Convair L-13B",213,,,,,,Private,,,,,,,0,,,,,,0,0,0,0,0,,,,,,0,0,0,0,0,GEN-L13
28797551,"2026-01-19 22:38:25","2026-01-19 22:38:25",ACAF99,"United States","United States",N9162F,,,,,,Hughes,H500,"Hughes 369 HS",83-0512S,,,,,,Private,,,1973,,,,0,,,,,,0,0,0,0,0,,,,,,0,0,0,0,0,GEN-H500
28796756,"2026-01-19 22:28:45","2026-01-19 22:28:45",A2A0E6,"United States","United States",N269EX,,,,,,"Textron Aviation",C208,"Textron Aviation 208 EX",208B-5269,,,,,,"Thumb Aviation",,,2015,,,,0,,,,,,0,0,0,0,0,,,,,,0,0,0,0,0,GEN-C208
28796564,"2026-01-19 22:25:46","2026-01-19 22:25:46",AAE8DE,"United States","United States",N80167,,,,,,Cessna,C172,"Cessna 172M Skyhawk",17266415,,,,,,Private,,,,,,,0,,,,,,0,0,0,0,0,,,,,,0,0,0,0,0,GEN-C172
28796315,"2026-01-19 22:22:59","2026-01-19 22:22:59",A18146,"United States","United States",N1963R,,,,,,Glasair,GLST,"Glasair GlaStar GS-1",5035,,,,,,Private,,,,,,,0,,,,,,0,0,0,0,0,,,,,,0,0,0,0,0,GEN-GLST
28795834,"2026-01-19 22:17:20","2026-01-19 22:17:20",A2B9F8,"United States","United States",N275KH,,,,,,"Raytheon Aircraft Company",BE40,"Raytheon Aircraft Company 400 A",RK-280,,,,,,"75 Express Inc",,,2000,,,,0,,,,,,0,0,0,0,0,,,,,,0,0,0,0,0,GEN-BE40
28794032,"2026-01-19 21:54:36","2026-01-19 21:54:36",A772B0,"United States","United States",N5793Y,,,,,,Piper,PA27,"Piper PA-23 Aztec 250C",27-2923,,,,,,Private,,,,,,,0,,,,,,0,0,0,0,0,,,,,,0,0,0,0,0,GEN-PA27
28793524,"2026-01-19 21:48:04","2026-01-19 21:48:04",A298B5,"United States","United States",N26678,,,,,,Taylorcraft,TAYB,"Taylorcraft BL -65",2020,,,,,,Private,,,1940,,,,0,,,,,,0,0,0,0,0,,,,,,0,0,0,0,0,GEN-TAYB
28793487,"2026-01-19 21:47:40","2026-01-19 21:47:40",424962,Bermuda,Bermuda,VQ-BFN,,,,,,Dassault,FA7X,"Dassault Falcon 7X",27,,,,,,"Squadron Aviation Services",,,,,,,0,,,,,,0,0,0,0,0,,,,,,0,0,0,0,0,GEN-FA7X
28793488,"2026-01-19 21:47:40","2026-01-19 21:47:40",71D463,"South Korea","South Korea",HL9463,,,,,,Eurocopter,AS65,"Eurocopter Dauphin AS.365 N3",6727,,,,,,Private,,,,,,,0,,,,,,0,0,0,0,0,,,,,,0,0,0,0,0,GEN-AS65
28793414,"2026-01-19 21:46:33","2026-01-19 21:46:33",A5F286,"United States","United States",N4821D,,,,,,"MD Helicopters",H500,"MD Helicopters 369 E",0591E,,,,,,Private,,,2009,,,,0,,,,,,0,0,0,0,0,,,,,,0,0,0,0,0,GEN-H500
28793324,"2026-01-19 21:45:32","2026-01-19 21:45:32",E84055,Ecuador,Ecuador,HC-CKP,,,,,,Airbus,A319,"Airbus A319 112",2126,,,,,,"Avianca Ecuador",,,2003,,,,0,,,,,,0,0,0,0,0,,,,,,0,0,0,0,0,GLG
28793163,"2026-01-19 21:43:30","2026-01-19 21:43:30",495249,Portugal,Portugal,CS-TRI,,,,,,Airbus,A333,"Airbus A330 322",127,,,,,,"XL Airways France",,,1995,,,,0,,,,,,0,0,0,0,0,,,,,,0,0,0,0,0,XLF
28793008,"2026-01-19 21:41:33","2026-01-19 21:41:33",45E206,Denmark,Denmark,OY-XPF,,,,,,Schleicher,GLID,"Schleicher ASW 20 CL",20862,,,,,,Private,,,1987,,,,0,,,,,,0,0,0,0,0,,,,,,0,0,0,0,0,GEN-GLID
28792963,"2026-01-19 21:40:52","2026-01-19 21:40:52",A4ADB8,"United States","United States",N400MD,,,,,,Cessna,C421,"Cessna 421A",421A0141,,,,,,Private,,,,,,,0,,,,,,0,0,0,0,0,,,,,,0,0,0,0,0,GEN-C421
28792876,"2026-01-19 21:39:36","2026-01-19 21:39:36",AA8412,"United States","United States",N777LR,,,,,,Schleicher,GLID,"Schleicher ASW 20",20269,,,,,,Private,,,,,,,0,,,,,,0,0,0,0,0,,,,,,0,0,0,0,0,GEN-GLID
28792834,"2026-01-19 21:39:02","2026-01-19 21:39:02",AC96C1,"United States","United States",N910AX,,,,,,Daher,TBM9,"DAHER TBM 910",1280,,,,,,"AXL 1280 LLC",,,2019,,,,0,,,,,,0,0,0,0,0,,,,,,0,0,0,0,0,GEN-TBM9
28792427,"2026-01-19 21:34:16","2026-01-19 21:34:16",780883,China,China,B-8126,,,,,,"Gulfstream Aerospace",GLF5,"Gulfstream Aerospace G550",5349,,,,,,"Deer Jet Beijing",,,2011,,,,0,,,,,,0,0,0,0,0,,,,,,0,0,0,0,0,BDJ
28791459,"2026-01-19 21:22:32","2026-01-19 21:22:32",A51182,"United States","United States",N4257C,,,,,,Maule,M7,"Maule MXT-7 180A Comet",21070C,,,,,,Private,,,,,,,0,,,,,,0,0,0,0,0,,,,,,0,0,0,0,0,GEN-M7
28791328,"2026-01-19 21:21:14","2026-01-19 21:21:14",A4E9C3,"United States","United States",N4155J,,,,,,Piper,P28A,"Piper PA-28 140 Cherokee",28-22751,,,,,,Private,,,1967,,,,0,,,,,,0,0,0,0,0,,,,,,0,0,0,0,0,GEN-P28A
28789966,"2026-01-19 21:03:06","2026-01-19 21:03:06",880969,Thailand,Thailand,HS-BKI,,,,,,Boeing,B763,"Boeing 767 346",23965,,,,,,"Orient Thai Airlines",,,1987,,,,0,,,,,,0,0,0,0,0,,,,,,0,0,0,0,0,OEA
28789777,"2026-01-19 21:01:06","2026-01-19 21:01:06",AC953F,"United States","United States",N91KM,,,,,,"Raytheon Aircraft",BE36,"Raytheon Aircraft Bonanza G36",E-4003,,,,,,Private,,,2013,,,,0,,,,,,0,0,0,0,0,,,,,,0,0,0,0,0,GEN-BE36
28789756,"2026-01-19 21:00:54","2026-01-19 21:00:54",A2A42A,"United States","United States",N27AG,,,,,,Beech,BE77,"Beech Skipper 77",WA-137,,,,,,Private,,,,,,,0,,,,,,0,0,0,0,0,,,,,,0,0,0,0,0,GEN-BE77
28789644,"2026-01-19 20:59:40","2026-01-19 20:59:40",AB081B,"United States","United States",N81ME,,,,,,Christen,EAGL,"Christen Eagle II",0001,,,,,,Private,,,,,,,0,,,,,,0,0,0,0,0,,,,,,0,0,0,0,0,GEN-EAGL
28789583,"2026-01-19 20:58:33","2026-01-19 20:58:33",AD87F4,"United States","United States",N971GB,,,,,,"Game Composites",ZZZZ,"Game Composites Gamebird GB1",0008,,,,,,Private,,,,,,,0,,,,,,0,0,0,0,0,,,,,,0,0,0,0,0,GEN-ZZZZ
28789271,"2026-01-19 20:54:19","2026-01-19 20:54:19",A48CB5,"United States","United States",N3921C,,,,,,Pietenpol,CAMP,"Pietenpol Aircamper",01977-84,,,,,,Private,,,1988,,,,0,,,,,,0,0,0,0,0,,,,,,0,0,0,0,0,GEN-CAMP
28788915,"2026-01-19 20:48:20","2026-01-19 20:48:20",8962C1,"United Arab Emirates","United Arab Emirates",A6-FDV,,,,,,Boeing,B738,"Boeing 737NG 8KN/W",40248,,,,,,Flydubai,,,2011,,,,0,,,,,,0,0,0,0,0,,,,,,0,0,0,0,0,FDB
28788741,"2026-01-19 20:46:24","2026-01-19 20:46:24",AB1BAD,"United States","United States",N8148E,,,,,,Kolb,ULAC,"Kolb Mk.III",M3-199,,,,,,Private,,,1997,,,,0,,,,,,0,0,0,0,0,,,,,,0,0,0,0,0,GEN-ULAC
28788722,"2026-01-19 20:46:12","2026-01-19 20:46:12",A13355,"United States","United States",N177BP,,,,,,Cessna,C177,"Cessna 177 Cardinal",17700863,,,,,,Private,,,1968,,,,0,,,,,,0,0,0,0,0,,,,,,0,0,0,0,0,GEN-C177
28787776,"2026-01-19 20:33:34","2026-01-19 20:33:34",E200E8,Argentina,Argentina,LV-X862,,,,,,"BRM Aero",NG5,"BRM Aero Bristell",,,,,,,Private,,,,,,,0,,,,,,0,0,0,0,0,,,,,,0,0,0,0,0,GEN-NG5
28787569,"2026-01-19 20:30:40","2026-01-19 20:30:40",A4E9E9,"United States","United States",N4156M,,,,,,Piper,PA12,"Piper PA-12 Super Cruiser",12-3055,,,,,,Private,,,1947,,,,0,,,,,,0,0,0,0,0,,,,,,0,0,0,0,0,GEN-PA12
28787474,"2026-01-19 20:29:32","2026-01-19 20:29:32",A70819,"United States","United States",N552NV,,,,,,"Flying Legend",ZZZZ,"Flying Legend Replica Tucano",1404,,,,,,Private,,,,,,,0,,,,,,0,0,0,0,0,,,,,,0,0,0,0,0,GEN-ZZZZ
28786300,"2026-01-19 20:14:49","2026-01-19 20:14:49",A6D5D9,"United States","United States",N54CV,,,,,,Vans,RV4,"Vans RV-4",CV-001,,,,,,Private,,,,,,,0,,,,,,0,0,0,0,0,,,,,,0,0,0,0,0,GEN-RV4
28784534,"2026-01-19 19:52:22","2026-01-19 19:52:22",A88F88,"United States","United States",N6503N,,,,,,Bellanca,B14A,"Bellanca Cruisair Senior 14-13-3",1620,,,,,,Private,,,1949,,,,0,,,,,,0,0,0,0,0,,,,,,0,0,0,0,0,GEN-B14A
28784108,"2026-01-19 19:46:29","2026-01-19 19:46:29",A4A485,"United States","United States",N399DB,,,,,,Christen,PTS2,"Christen Pitts Special S-2B",5137,,,,,,Private,,,,,,,0,,,,,,0,0,0,0,0,,,,,,0,0,0,0,0,GEN-PTS2
28783926,"2026-01-19 19:44:30","2026-01-19 19:44:30",800B75,India,India,VT-ITD,,,,,,Airbus,A20N,"Airbus A320 271NSL",6819,,,,,,"IndiGo Airlines",,,2015,,,,0,,,,,,0,0,0,0,0,,,,,,0,0,0,0,0,IGO
28783181,"2026-01-19 19:34:42","2026-01-19 19:34:42",A88658,"United States","United States",N6487Z,,,,,,Cessna,C206,"Cessna U206G Stationair 6",U20606291,,,,,,Private,,,1981,,,,0,,,,,,0,0,0,0,0,,,,,,0,0,0,0,0,GEN-C206
28783016,"2026-01-19 19:32:52","2026-01-19 19:32:52",E08556,Argentina,Argentina,LV-HUV,,,,,,Embraer,E145,"Embraer ERJ-145 LR",14500856,,,,,,"LASA Lineas Aereas",,,,,,,0,,,,,,0,0,0,0,0,,,,,,0,0,0,0,0,GEN-E145
28782883,"2026-01-19 19:31:32","2026-01-19 19:31:32",A3045E,"United States","United States",N294AH,,,,,,"Airbus Helicopters",EC45,"Airbus Helicopters UH-72A Lakota",9747,,,,,,"Airbus Helicopters Inc",,,2016,,,,0,,,,,,0,0,0,0,0,,,,,,0,0,0,0,0,GEN-EC45
28782341,"2026-01-19 19:25:13","2026-01-19 19:25:13",A8FFE0,"United States","United States",N67922,,,,,,Cessna,C152,"Cessna 152",15282100,,,,,,Private,,,1978,,,,0,,,,,,0,0,0,0,0,,,,,,0,0,0,0,0,GEN-C152
28782133,"2026-01-19 19:22:38","2026-01-19 19:22:38",AD19CD,"United States","United States",N943RJ,,,,,,"Amateur built",ZZZZ,"Amateur built Miglet",41,,,,,,Private,,,2014,,,,0,,,,,,0,0,0,0,0,,,,,,0,0,0,0,0,GEN-ZZZZ
28781695,"2026-01-19 19:17:19","2026-01-19 19:17:19",A929A1,"United States","United States",N69NZ,,,,,,"Eagle R & D",UHEL,"Eagle R & D Helicycle",6-15,,,,,,Private,,,,,,,0,,,,,,0,0,0,0,0,,,,,,0,0,0,0,0,GEN-UHEL
28781429,"2026-01-19 19:14:20","2026-01-19 19:14:20",42416F,"Cayman Islands","Cayman Islands",VP-CXW,,,,,,Airbus,A320,"Airbus A320 214",3475,,,,,,Flynas,,,2008,,,,0,,,,,,0,0,0,0,0,,,,,,0,0,0,0,0,KNE
28779855,"2026-01-19 18:57:18","2026-01-19 18:57:18",A8C23E,"United States","United States",N66336,,,,,,Beech,BE24,"Beech Sierra C24R",MC-684,,,,,,Private,,,,,,,0,,,,,,0,0,0,0,0,,,,,,0,0,0,0,0,GEN-BE24
28779444,"2026-01-19 18:52:42","2026-01-19 18:52:42",3904A1,France,France,F-GBFB,,,,,,Reims/Cessna,C152,"Reims/Cessna F152",1491,,,,,,Private,,,,,,,0,,,,,,0,0,0,0,0,,,,,,0,0,0,0,0,GEN-C152
28778643,"2026-01-19 18:43:51","2026-01-19 18:43:51",C01C2B,Canada,Canada,C-FKRI,,,,,,"Rand Robinson",KR2,"Rand Robinson KR-2",7123,,,,,,Private,,,,,,,0,,,,,,0,0,0,0,0,,,,,,0,0,0,0,0,GEN-KR2
28777286,"2026-01-19 18:28:06","2026-01-19 18:28:06",A39537,"United States","United States",N33TZ,,,,,,Cessna,C172,"Cessna 172S Skyhawk SP",172S11404,,,,,,Private,,,2013,,,,0,,,,,,0,0,0,0,0,,,,,,0,0,0,0,0,GEN-C172
28776961,"2026-01-19 18:24:24","2026-01-19 18:24:24",A55D8C,"United States","United States",N445DS,,,,,,"Diamond Aircraft",DA40,"Diamond Aircraft Diamond Star DA40",40.045,,,,,,Private,,,2001,,,,0,,,,,,0,0,0,0,0,,,,,,0,0,0,0,0,GEN-DA40
28776863,"2026-01-19 18:23:15","2026-01-19 18:23:15",A6B43A,"United States","United States",N531AX,,,,,,Douglas,DC10,"Douglas DC-10 30ER",48316,,,,,,"Omni Air International",,,1988,,,,0,,,,,,0,0,0,0,0,,,,,,0,0,0,0,0,GEN-DC10
28775988,"2026-01-19 18:13:04","2026-01-19 18:13:04",A358CA,"United States","United States",N3145X,,,,,,Lockheed,P38,"Lockheed P-38J Lightning",422-2054,,,,,,"The Fighter Collection",,,,,,,0,,,,,,0,0,0,0,0,,,,,,0,0,0,0,0,GEN-P38
28775957,"2026-01-19 18:12:48","2026-01-19 18:12:48",AB5667,"United States","United States",N83EB,,,,,,Beech,BE55,"Beech Baron B55",TC-2404,,,,,,Private,,,1981,,,,0,,,,,,0,0,0,0,0,,,,,,0,0,0,0,0,GEN-BE55
28775113,"2026-01-19 18:02:59","2026-01-19 18:02:59",C02336,Canada,Canada,C-FNIR,,,,,,Bombardier,GLEX,"Bombardier Global 6000",9759,,,,,,"Bombardier Inc",,,2016,,,,0,,,,,,0,0,0,0,0,,,,,,0,0,0,0,0,GEN-GLEX
26622,"2022-05-03 02:22:35","2026-01-19 18:01:34",4864B4,Netherlands,Netherlands,,,,,,,,RDTST,,,,,,,,,,,,,,,0,,,,,,0,0,0,0,0,Missing,,,,,0,0,0,0,0,TEST
28774575,"2026-01-19 17:56:49","2026-01-19 17:56:49",A569A6,"United States","United States",N448PM,,,,,,"Sonex Aircraft",SONX,"Sonex Aircraft Sonex",1340,,,,,,Private,,,,,,,0,,,,,,0,0,0,0,0,,,,,,0,0,0,0,0,GEN-SONX
28774556,"2026-01-19 17:56:10","2026-01-19 17:56:10",3424C2,Spain,Spain,EC-JXF,,,,,,"Avions de Transport Regional",AT73,"Avions de Transport Regional ATR 72 211F",150,,,,,,Swiftair,,,1990,,,,0,,,,,,0,0,0,0,0,,,,,,0,0,0,0,0,SWT
28774489,"2026-01-19 17:55:36","2026-01-19 17:55:36",A10FDA,"United States","United States",N168ER,,,,,,"Amateur Built",CH7A,"Amateur Built Champion 7AC Replica",273,,,,,,Private,,,,,,,0,,,,,,0,0,0,0,0,,,,,,0,0,0,0,0,GEN-CH7A
28774403,"2026-01-19 17:54:44","2026-01-19 17:54:44",3E5D8B,Germany,Germany,D-KAPV,,,,,,Schempp-Hirth,VENT,"Schempp-Hirth Ventus 2c M",72/148,,,,,,Private,,,1999,,,,0,,,,,,0,0,0,0,0,,,,,,0,0,0,0,0,GEN-VENT
28774404,"2026-01-19 17:54:44","2026-01-19 17:54:44",489C06,Poland,Poland,SP-HAG,,,,,,Airbus,A320,"Airbus A320 232",1723,,,,,,"Small Planet Airlines Polska",,,2001,,,,0,,,,,,0,0,0,0,0,,,,,,0,0,0,0,0,LLP
28774262,"2026-01-19 17:52:43","2026-01-19 17:52:43",A94B74,"United States","United States",N69849,,,,,,Fleet,FA62,"Fleet PT-23 M-62C",FE-65,,,,,,Private,,,,,,,0,,,,,,0,0,0,0,0,,,,,,0,0,0,0,0,GEN-FA62
28773852,"2026-01-19 17:48:27","2026-01-19 17:48:27",A66824,"United States","United States",N51141,,,,,,Vultee,VALI,"Vultee BT-13A Valiant",2899,,,,,,Private,,,1941,,,,0,,,,,,0,0,0,0,0,,,,,,0,0,0,0,0,GEN-VALI
28772873,"2026-01-19 17:37:43","2026-01-19 17:37:43",A40621,"United States","United States",N3589J,,,,,,"Raven Aerostar",BALL,"Raven Aerostar S-60A Hot Air Balloon",S60A-3095,,,,,,Private,,,,,,,0,,,,,,0,0,0,0,0,,,,,,0,0,0,0,0,GEN-BALL
28772787,"2026-01-19 17:36:46","2026-01-19 17:36:46",0DE429,Venezuela,Venezuela,91-0377,,,,,,"General Dynamics",F16,"General Dynamics F-16CG Fighting Falcon",CC-75,,,,,,"United States Air Force",,,,,,,0,,,,,,1,0,0,0,0,,,,,,0,0,0,0,0,
28772260,"2026-01-19 17:31:38","2026-01-19 17:31:38",44D1E6,Belgium,Belgium,OO-TOF,,,,,,Robinson,R44,"Robinson R44 Raven II",12578,,,,,,Private,,,,,,,0,,,,,,0,0,0,0,0,,,,,,0,0,0,0,0,GEN-R44
28771696,"2026-01-19 17:24:42","2026-01-19 17:24:42",89604F,"United Arab Emirates","United Arab Emirates",A6-EML,,,,,,Boeing,B772,"Boeing 777 21HER",29325,,,,,,"Emirates Airline",,,1998,,,,0,,,,,,0,0,0,0,0,,,,,,0,0,0,0,0,GEN-B772
28771504,"2026-01-19 17:22:18","2026-01-19 17:22:18",06A197,Qatar,Qatar,A7-AAR,,,,,,Cessna,COL4,"Cessna 400 LC41-550FG",411086,,,,,,Private,,,2008,,,,0,,,,,,0,0,0,0,0,,,,,,0,0,0,0,0,GEN-COL4
28771091,"2026-01-19 17:17:46","2026-01-19 17:17:46",881045,Thailand,Thailand,HS-DBE,,,,,,Boeing,B738,"Boeing 737NG 83N/W",32577,,,,,,"Nok Air",,,2001,,,,0,,,,,,0,0,0,0,0,,,,,,0,0,0,0,0,NOK
28770513,"2026-01-19 17:10:56","2026-01-19 17:10:56",40137F,"United Kingdom","United Kingdom",G-SACY,,,,,,Aero,AAT3,"Aero AT-3 R100",AT3-029,,,,,,"Sherburn Aero Club",,,,,,,0,,,,,,0,0,0,0,0,,,,,,0,0,0,0,0,GEN-AAT3
28770472,"2026-01-19 17:10:23","2026-01-19 17:10:23",AD6D98,"United States","United States",N96412,,,,,,Cessna,C172,"Cessna T-41B Mescalero",R1720073,,,,,,Private,,,1967,,,,0,,,,,,0,0,0,0,0,,,,,,0,0,0,0,0,GEN-C172
28766935,"2026-01-19 16:23:10","2026-01-19 16:23:10",C07C84,Canada,Canada,C-GVDZ,,,,,,Monnett,SRAI,"Monnett Sonerai II",78,,,,,,Private,,,,,,,0,,,,,,0,0,0,0,0,,,,,,0,0,0,0,0,GEN-SRAI
28766464,"2026-01-19 16:18:12","2026-01-19 16:18:12",43C1D7,"United Kingdom","United Kingdom",ZA473,,,,,,Panavia,TOR,"Panavia Tornado GR.4",BS103,,,,,,"Royal Air Force",,,1983,,,,0,,,,,,1,0,0,0,0,,,,,,0,0,0,0,0,
28765787,"2026-01-19 16:10:55","2026-01-19 16:10:55",3EE78C,Germany,Germany,D-1781,,,,,,Schleicher,GLID,"Schleicher K 7 Rhonadler",1095,,,,,,Private,,,,,,,0,,,,,,0,0,0,0,0,,,,,,0,0,0,0,0,GEN-GLID
28765689,"2026-01-19 16:09:34","2026-01-19 16:09:34",AA0CB6,"United States","United States",N747BT,,,,,,Rutan,LGEZ,"Rutan Long-Ez",1117,,,,,,Private,,,,,,,0,,,,,,0,0,0,0,0,,,,,,0,0,0,0,0,GEN-LGEZ
28765690,"2026-01-19 16:09:34","2026-01-19 16:09:34",A6ACD2,"United States","United States",N52904,,,,,,Stinson,RELI,"Stinson Reliant V-77",77-336,,,,,,Private,,,1943,,,,0,,,,,,0,0,0,0,0,,,,,,0,0,0,0,0,GEN-RELI
28765591,"2026-01-19 16:07:58","2026-01-19 16:07:58",0DE431,Venezuela,Venezuela,91-0385,,,,,,"General Dynamics",F16,"General Dynamics F-16CG Fighting Falcon",CC-83,,,,,,"United States Air Force",,,,,,,0,,,,,,1,0,0,0,0,,,,,,0,0,0,0,0,
28765436,"2026-01-19 16:06:26","2026-01-19 16:06:26",A91250,"United States","United States",N684CL,,,,,,Cessna,C68A,"Cessna Citation Latitude",680A-0004,,,,,,"Lat4 LLC",,,2015,,,,0,,,,,,0,0,0,0,0,,,,,,0,0,0,0,0,GEN-C68A
28764645,"2026-01-19 15:57:22","2026-01-19 15:57:22",AB38C5,"United States","United States",N822EZ,,,,,,Rutan,LGEZ,"Rutan Long-Ez",0001,,,,,,Private,,,,,,,0,,,,,,0,0,0,0,0,,,,,,0,0,0,0,0,GEN-LGEZ
28764569,"2026-01-19 15:56:37","2026-01-19 15:56:37",AD80FF,"United States","United States",N96974,,,,,,Cessna,C182,"Cessna 182Q Skylane",18266920,,,,,,Private,,,1979,,,,0,,,,,,0,0,0,0,0,,,,,,0,0,0,0,0,GEN-C182
28763373,"2026-01-19 15:42:37","2026-01-19 15:42:37",AC7586,"United States","United States",N9012E,,,,,,Aeronca,AR11,"Aeronca Chief 11AC",11AC-643,,,,,,Private,,,1946,,,,0,,,,,,0,0,0,0,0,,,,,,0,0,0,0,0,GEN-AR11
28763230,"2026-01-19 15:41:03","2026-01-19 15:41:03",A4D1B5,"United States","United States",N4099T,,,,,,"Raven Industries",BALL,"Raven Industries Rally RX.7 Hot Air Balloon",RX7-328,,,,,,Private,,,,,,,0,,,,,,0,0,0,0,0,,,,,,0,0,0,0,0,GEN-BALL
28763020,"2026-01-19 15:38:55","2026-01-19 15:38:55",399571,France,France,F-HFLR,,,,,,Robinson,R44,"Robinson R44 Clipper II",12242,,,,,,Private,,,,,,,0,,,,,,0,0,0,0,0,,,,,,0,0,0,0,0,GEN-R44
28762952,"2026-01-19 15:37:41","2026-01-19 15:37:41",A4E5C9,"United States","United States",N4143M,,,,,,Piper,PA12,"Piper PA-12 Super Cruiser",12-3042,,,,,,Private,,,1947,,,,0,,,,,,0,0,0,0,0,,,,,,0,0,0,0,0,GEN-PA12
28761929,"2026-01-19 15:25:52","2026-01-19 15:25:52",AD6610,"United States","United States",N9621A,,,,,,"McDonnell Douglas",MD83,"McDonnell Douglas DC-9 83",53592,,,,,,"American Airlines",,,1998,,,,0,,,,,,0,0,0,0,0,,,,,,0,0,0,0,0,AAL
28761859,"2026-01-19 15:25:08","2026-01-19 15:25:08",A66B79,"United States","United States",N51218,,,,,,Cessna,C150,"Cessna 150J",15069844,,,,,,Private,,,1968,,,,0,,,,,,0,0,0,0,0,,,,,,0,0,0,0,0,GEN-C150
28761116,"2026-01-19 15:16:44","2026-01-19 15:16:44",A7129D,"United States","United States",N555GJ,,,,,,Eurocopter,EC20,"Eurocopter EC120B Colibri",1629,,,,,,Private,,,2010,,,,0,,,,,,0,0,0,0,0,,,,,,0,0,0,0,0,GEN-EC20
28760778,"2026-01-19 15:13:29","2026-01-19 15:13:29",A0412E,"United States","United States",N1150R,,,,,,Enstrom,EN28,"Enstrom F-28 A",006,,,,,,Private,,,,,,,0,,,,,,0,0,0,0,0,,,,,,0,0,0,0,0,GEN-EN28
28760232,"2026-01-19 15:07:15","2026-01-19 15:07:15",AD8F89,"United States","United States",N973HR,,,,,,Bombardier,LJ60,"Bombardier Learjet 60",60-260,,,,,,"Northeastern Aviation",,,,,,,0,,,,,,0,0,0,0,0,,,,,,0,0,0,0,0,GEN-LJ60
28759292,"2026-01-19 14:57:47","2026-01-19 14:57:47",A387F3,"United States","United States",N3267M,,,,,,Piper,PA12,"Piper PA-12 Super Cruiser",12-2125,,,,,,Private,,,1947,,,,0,,,,,,0,0,0,0,0,,,,,,0,0,0,0,0,GEN-PA12
28759030,"2026-01-19 14:54:54","2026-01-19 14:54:54",44D077,Belgium,Belgium,OO-TCW,,,,,,Airbus,A320,"Airbus A320 214",1954,,,,,,"Thomas Cook Airlines Belgium",,,2003,,,,0,,,,,,0,0,0,0,0,,,,,,0,0,0,0,0,TCW
28758925,"2026-01-19 14:53:42","2026-01-19 14:53:42",3C6303,Germany,Germany,D-AHXC,,,,,,Boeing,B737,"Boeing 737NG 7K5/W",34693,,,,,,"Air Berlin",,,2007,,,,0,,,,,,0,0,0,0,0,,,,,,0,0,0,0,0,BER
28758346,"2026-01-19 14:47:00","2026-01-19 14:47:00",750033,Malaysia,Malaysia,9M-FYE,,,,,,"Avions de Transport Regional",AT75,"Avions de Transport Regional ATR 72 500",840,,,,,,Firefly,,,2008,,,,0,,,,,,0,0,0,0,0,,,,,,0,0,0,0,0,FFM
28757798,"2026-01-19 14:41:05","2026-01-19 14:41:05",3FD39B,Germany,Germany,D-OROL,,,,,,"Schroeder Fire Balloons",BALL,"Schroeder Fire Balloons G Hot Air Balloon",1413,,,,,,Private,,,2010,,,,0,,,,,,0,0,0,0,0,,,,,,0,0,0,0,0,GEN-BALL
28756800,"2026-01-19 14:30:11","2026-01-19 14:30:11",A2271A,"United States","United States",N238KA,,,,,,"Beechcraft Corp",BE20,"Beechcraft Corp King Air 200GT",BY-238,,,,,,"Aerodynamics Worldwide Inc",,,2015,,,,0,,,,,,0,0,0,0,0,,,,,,0,0,0,0,0,GEN-BE20
28756568,"2026-01-19 14:27:31","2026-01-19 14:27:31",A8EB5C,"United States","United States",N674J,,,,,,"Jabiru Aircraft",JAB4,"Jabiru Aircraft Jabiru J230 SP",586,,,,,,Private,,,,,,,0,,,,,,0,0,0,0,0,,,,,,0,0,0,0,0,GEN-JAB4
28755868,"2026-01-19 14:19:55","2026-01-19 14:19:55",AC998C,"United States","United States",N91037,,,,,,Stinson,RELI,"Stinson Reliant V-77",77-379,,,,,,Private,,,1944,,,,0,,,,,,0,0,0,0,0,,,,,,0,0,0,0,0,GEN-RELI
28753761,"2026-01-19 13:57:22","2026-01-19 13:57:22",407700,"United Kingdom","United Kingdom",G-DGUN,,,,,,AgustaWestland,A109,"AgustaWestland AW.109 SP Grand New",22222,,,,,,"Orchard Holdings Ltd",,,2010,,,,0,,,,,,0,0,0,0,0,,,,,,0,0,0,0,0,GEN-A109
28753646,"2026-01-19 13:55:54","2026-01-19 13:55:54",AC99A1,"United States","United States",N9104T,,,,,,Cessna,C180,"Cessna 180B",50604,,,,,,Private,,,1959,,,,0,,,,,,0,0,0,0,0,,,,,,0,0,0,0,0,GEN-C180
28752972,"2026-01-19 13:48:24","2026-01-19 13:48:24",468663,Greece,Greece,SX-ASC,,,,,,Boeing,B742,"Boeing 747 21AC SCD",23652,,,,,,"Aerospace One",,,1987,,,,0,,,,,,0,0,0,0,0,,,,,,0,0,0,0,0,GEN-B742
28752353,"2026-01-19 13:41:05","2026-01-19 13:41:05",ACF847,"United States","United States",N935AL,,,,,,Eurocopter,EC35,"Eurocopter EC135 P2+",0817,,,,,,"Metro Aviation",,,2009,,,,0,,,,,,0,0,0,0,0,,,,,,0,0,0,0,0,GEN-EC35
28752235,"2026-01-19 13:39:57","2026-01-19 13:39:57",E05213,Argentina,Argentina,LV-EHS,,,,,,Schleicher,GLID,"Schleicher K 7 Rhonadler",7195,,,,,,Private,,,,,,,0,,,,,,0,0,0,0,0,,,,,,0,0,0,0,0,GEN-GLID
28750604,"2026-01-19 13:21:46","2026-01-19 13:21:46",A43A5A,"United States","United States",N3713Y,,,,,,Beech,BE77,"Beech Skipper 77",WA-182,,,,,,Private,,,,,,,0,,,,,,0,0,0,0,0,,,,,,0,0,0,0,0,GEN-BE77
28750560,"2026-01-19 13:21:20","2026-01-19 13:21:20",A51EC3,"United States","United States",XA-VDY,,,,,,"Raytheon Aircraft Company",H25B,"Raytheon Aircraft Company 125 800XPi",258767,,,,,,Corporate,,,,,,,0,,,,,,0,0,0,0,0,,,,,,0,0,0,0,0,GEN-H25B
28749894,"2026-01-19 13:14:32","2026-01-19 13:14:32",385489,France,France,F-BVEJ,,,,,,Aerotek,PTS2,"Aerotek Pitts Special S-2A",2067,,,,,,Private,,,,,,,0,,,,,,0,0,0,0,0,,,,,,0,0,0,0,0,GEN-PTS2
28749513,"2026-01-19 13:10:12","2026-01-19 13:10:12",AA4326,"United States","United States",N760SP,,,,,,"Lancair International",LNP4,"Lancair International Lancair IV P",LIV-579,,,,,,Private,,,2004,,,,0,,,,,,0,0,0,0,0,,,,,,0,0,0,0,0,GEN-LNP4
28749187,"2026-01-19 13:06:29","2026-01-19 13:06:29",AC3748,"United States","United States",N88659,,,,,,Cessna,C404,"Cessna 404 Titan",404-0208,,,,,,Private,,,,,,,0,,,,,,0,0,0,0,0,,,,,,0,0,0,0,0,GEN-C404
28748193,"2026-01-19 12:56:05","2026-01-19 12:56:05",A8CE32,"United States","United States",N66693,,,,,,Stinson,L5,"Stinson Sentinel L-5",76-183,,,,,,Private,,,1943,,,,0,,,,,,0,0,0,0,0,,,,,,0,0,0,0,0,GEN-L5
28747782,"2026-01-19 12:51:09","2026-01-19 12:51:09",800435,India,India,VT-WAF,,,,,,Airbus,A320,"Airbus A320 214",3306,,,,,,"Go Air",,,2007,,,,0,,,,,,0,0,0,0,0,,,,,,0,0,0,0,0,GOW
28747711,"2026-01-19 12:50:14","2026-01-19 12:50:14",A36734,"United States","United States",N3182N,,,,,,Cessna,C140,"Cessna 140",13440,,,,,,Private,,,1947,,,,0,,,,,,0,0,0,0,0,,,,,,0,0,0,0,0,GEN-C140
28747537,"2026-01-19 12:48:13","2026-01-19 12:48:13",3EE507,Germany,Germany,D-1136,,,,,,Scheibe,GLID,"Scheibe Bergfalke II",163,,,,,,Private,,,1953,,,,0,,,,,,0,0,0,0,0,,,,,,0,0,0,0,0,GEN-GLID
28747163,"2026-01-19 12:44:08","2026-01-19 12:44:08",AD7CD5,"United States","United States",N9684U,,,,,,"Grumman American",AA5,"Grumman American AA-5A Cheetah",AA5A-0050,,,,,,Private,,,,,,,0,,,,,,0,0,0,0,0,,,,,,0,0,0,0,0,GEN-AA5
28746820,"2026-01-19 12:40:23","2026-01-19 12:40:23",A49677,"United States","United States",N395MH,,,,,,Bombardier,CL60,"Bombardier Challenger 604",5644,,,,,,"DVCO Enterprises LLC",,,2006,,,,0,,,,,,0,0,0,0,0,,,,,,0,0,0,0,0,GEN-CL60
28746118,"2026-01-19 12:30:44","2026-01-19 12:30:44",ABE8A6,"United States","United States",N8668W,,,,,,Piper,P28B,"Piper PA-28 235 Cherokee",28-10195,,,,,,Private,,,1963,,,,0,,,,,,0,0,0,0,0,,,,,,0,0,0,0,0,GEN-P28B
28745873,"2026-01-19 12:28:14","2026-01-19 12:28:14",A9C7C2,"United States","United States",N7293F,,,,,,Piper,P28A,"Piper PA-28 140 Cherokee B",28-25208,,,,,,Private,,,1968,,,,0,,,,,,0,0,0,0,0,,,,,,0,0,0,0,0,GEN-P28A
28745810,"2026-01-19 12:27:25","2026-01-19 12:27:25",485305,Netherlands,Netherlands,PH-GUX,,,,,,Boeing,B738,"Boeing 737NG 8EH/W",39611,,,,,,Transavia,,,2013,,,,0,,,,,,0,0,0,0,0,,,,,,0,0,0,0,0,TRA
28745057,"2026-01-19 12:15:11","2026-01-19 12:15:11",A5494C,"United States","United States",N44LP,,,,,,Cessna,C402,"Cessna 402C",402C0323,,,,,,Private,,,,,,,0,,,,,,0,0,0,0,0,,,,,,0,0,0,0,0,GEN-C402
28744741,"2026-01-19 12:11:43","2026-01-19 12:11:43",403E51,"United Kingdom","United Kingdom",G-WARA,,,,,,Piper,P28A,"Piper PA-28 161 Warrior III",2842021,,,,,,Private,,,1997,,,,0,,,,,,0,0,0,0,0,,,,,,0,0,0,0,0,GEN-P28A
28744706,"2026-01-19 12:11:27","2026-01-19 12:11:27",AA24BA,"United States","United States",N75260,,,,,,Boeing,ST75,"Boeing Stearman A75N1 N2S-4 Kaydet",75-3562,,,,,,Private,,,,,,,0,,,,,,0,0,0,0,0,,,,,,0,0,0,0,0,GEN-ST75
28744544,"2026-01-19 12:09:46","2026-01-19 12:09:46",488803,Poland,Poland,SP-CAD,,,,,,Moravan,Z42,"Moravan Zlin Z-242 L",0789,,,,,,Private,,,,,,,0,,,,,,0,0,0,0,0,,,,,,0,0,0,0,0,GEN-Z42
28744265,"2026-01-19 12:04:58","2026-01-19 12:04:58",C04D49,Canada,Canada,C-GDGY,,,,,,Bell,B407,"Bell 407 GX",54815,,,,,,"Bell Helicopter Textron Canada",,,2018,,,,0,,,,,,0,0,0,0,0,,,,,,0,0,0,0,0,GEN-B407
28743928,"2026-01-19 12:01:35","2026-01-19 12:01:35",A4C6F4,"United States","United States",N407DG,,,,,,Bell,B407,"Bell 407",53697,,,,,,Private,,,,,,,0,,,,,,0,0,0,0,0,,,,,,0,0,0,0,0,GEN-B407
28743897,"2026-01-19 12:01:08","2026-01-19 12:01:08",A229B8,"United States","United States",N2388R,,,,,,Rotec,ULAC,"Rotec Rally 3",3BR,,,,,,Private,,,,,,,0,,,,,,0,0,0,0,0,,,,,,0,0,0,0,0,GEN-ULAC
28743104,"2026-01-19 11:52:47","2026-01-19 11:52:47",898028,"Papua New Guinea","Papua New Guinea",P2-MCQ,,,,,,"De Havilland Canada",DH8A,"De Havilland Canada DHC-8 103A",243,,,,,,"PNG Air",,,1990,,,,0,,,,,,0,0,0,0,0,,,,,,0,0,0,0,0,GEN-DH8A
28742527,"2026-01-19 11:46:14","2026-01-19 11:46:14",AAAD41,"United States","United States",N78723,,,,,,Cessna,C172,"Cessna 172K Skyhawk",17257734,,,,,,Private,,,1968,,,,0,,,,,,0,0,0,0,0,,,,,,0,0,0,0,0,GEN-C172
28739548,"2026-01-19 11:14:29","2026-01-19 11:14:29",A16207,"United States","United States",N1889R,,,,,,"Raven Aerostar",BALL,"Raven Aerostar S-55A Hot Air Balloon",S55A-378,,,,,,Private,,,,,,,0,,,,,,0,0,0,0,0,,,,,,0,0,0,0,0,GEN-BALL
28739136,"2026-01-19 11:09:56","2026-01-19 11:09:56",C07FCD,Canada,Canada,C-GWKI,,,,,,Cessna,C152,"Cessna 152",15281321,,,,,,Private,,,1978,,,,0,,,,,,0,0,0,0,0,,,,,,0,0,0,0,0,GEN-C152
28738817,"2026-01-19 11:07:00","2026-01-19 11:07:00",89406C,Bahrain,Bahrain,A9C-JNC,,,,,,Boeing,B733,"Boeing 737 3G7F",24710,,,,,,"Mena Aerospace",,,1990,,,,0,,,,,,0,0,0,0,0,,,,,,0,0,0,0,0,GEN-B733
28738419,"2026-01-19 11:02:19","2026-01-19 11:02:19",3988E6,France,France,F-HCHG,,,,,,Robinson,R44,"Robinson R44 Raven",1186,,,,,,Private,,,2002,,,,0,,,,,,0,0,0,0,0,,,,,,0,0,0,0,0,GEN-R44
28738411,"2026-01-19 11:02:14","2026-01-19 11:02:14",403BB3,"United Kingdom","United Kingdom",G-CVIX,,,,,,"de Havilland",VIXN,"de Havilland Sea Vixen D.3",10125,,,,,,"Royal Navy Historic Flight",,,1963,,,,0,,,,,,1,0,0,0,0,,,,,,0,0,0,0,0,
28738120,"2026-01-19 10:59:05","2026-01-19 10:59:05",383193,France,France,F-BMMT,,,,,,Morane-Saulnier,MS73,"Morane-Saulnier Alcyon MS.733",106,,,,,,Private,,,,,,,0,,,,,,0,0,0,0,0,,,,,,0,0,0,0,0,GEN-MS73
28737261,"2026-01-19 10:50:12","2026-01-19 10:50:12",3C5553,Germany,Germany,D-AEJS,,,,,,BAe,B463,"BAe 146 300",E3183,,,,,,"German Airways",,,1990,,,,0,,,,,,0,0,0,0,0,,,,,,0,0,0,0,0,WDL
28736793,"2026-01-19 10:45:29","2026-01-19 10:45:29",4AD519,Sweden,Sweden,SE-UHY,,,,,,Grob,GLID,"Grob G 103 Twin Astir Trainer",3118-T-11,,,,,,Private,,,1978,,,,0,,,,,,0,0,0,0,0,,,,,,0,0,0,0,0,GEN-GLID
28736345,"2026-01-19 10:40:33","2026-01-19 10:40:33",C0130C,Canada,Canada,C-FHFN,,,,,,Schleicher,GLID,"Schleicher K 7 Rhonadler",441,,,,,,Private,,,,,,,0,,,,,,0,0,0,0,0,,,,,,0,0,0,0,0,GEN-GLID
28735705,"2026-01-19 10:33:09","2026-01-19 10:33:09",390DC5,France,France,F-GDOF,,,,,,Reims/Cessna,C152,"Reims/Cessna F152",1913,,,,,,Private,,,1982,,,,0,,,,,,0,0,0,0,0,,,,,,0,0,0,0,0,GEN-C152
29219,"2022-08-30 09:24:20","2026-01-19 10:31:03",000005,"Not Allocated","Not Allocated","",,,,"",,"",UAV,"","",,,,,,"",,,,,,"",0,,,,,,0,0,0,0,0,Missing,,,"","",0,0,0,0,0,GEN-UAV
28734929,"2026-01-19 10:25:15","2026-01-19 10:25:15",3C630A,Germany,Germany,D-AHXJ,,,,,,Boeing,B737,"Boeing 737NG 7K5/W",35277,,,,,,"Wings of Lebanon",,,2008,,,,0,,,,,,0,0,0,0,0,,,,,,0,0,0,0,0,WLB
28734439,"2026-01-19 10:19:35","2026-01-19 10:19:35",3D8540,Germany,Germany,D-FWSE,,,,,,Focke-Wulf,FW90,"Focke-Wulf FW 190 A-8/N",739137,,,,,,Private,,,,,,,0,,,,,,0,0,0,0,0,,,,,,0,0,0,0,0,GEN-FW90
28733935,"2026-01-19 10:13:44","2026-01-19 10:13:44",A1AED3,"United States","United States",N2073P,,,,,,Piper,PA23,"Piper PA-23 Apache 150",23-660,,,,,,Private,,,1956,,,,0,,,,,,0,0,0,0,0,,,,,,0,0,0,0,0,GEN-PA23
28733909,"2026-01-19 10:13:33","2026-01-19 10:13:33",A31BD3,"United States","United States",N3NG,,,,,,Cessna,C210,"Cessna T210M Turbo Centurion",21062203,,,,,,Private,,,1977,,,,0,,,,,,0,0,0,0,0,,,,,,0,0,0,0,0,GEN-C210
28733827,"2026-01-19 10:12:46","2026-01-19 10:12:46",4CAF87,Ireland,Ireland,EI-GEW,,,,,,Airbus,A332,"Airbus A330 203",472,,,,,,I-Fly,,,2002,,,,0,,,,,,0,0,0,0,0,,,,,,0,0,0,0,0,RSY
28733308,"2026-01-19 10:07:44","2026-01-19 10:07:44",3CF7E9,Germany,Germany,D-CVEN,,,,,,RUAG,D228,"RUAG Do 228 212 NG",8305,,,,,,"Venezuelan Air Force",,,,,,,0,,,,,,1,0,0,0,0,,,,,,0,0,0,0,0,
28732432,"2026-01-19 09:57:50","2026-01-19 09:57:50",A6B32C,"United States","United States",N53028,,,,,,Cameron,BALL,"Cameron N-90 Hot Air Balloon",6149,,,,,,Private,,,,,,,0,,,,,,0,0,0,0,0,,,,,,0,0,0,0,0,GEN-BALL
28731858,"2026-01-19 09:51:44","2026-01-19 09:51:44",80068D,India,India,VT-IEV,,,,,,Airbus,A320,"Airbus A320 232",5080,,,,,,"IndiGo Airlines",,,2012,,,,0,,,,,,0,0,0,0,0,,,,,,0,0,0,0,0,IGO
28730664,"2026-01-19 09:38:54","2026-01-19 09:38:54",7C4419,Australia,Australia,VH-NQJ,,,,,,Vans,RV3,"Vans RV-3",11047,,,,,,Private,,,,,,,0,,,,,,0,0,0,0,0,,,,,,0,0,0,0,0,GEN-RV3
28730121,"2026-01-19 09:32:52","2026-01-19 09:32:52",A490B1,"United States","United States",N3933B,,,,,,Boeing,ST75,"Boeing Stearman 75",AR-30,,,,,,Private,,,,,,,0,,,,,,0,0,0,0,0,,,,,,0,0,0,0,0,GEN-ST75
28728956,"2026-01-19 09:20:27","2026-01-19 09:20:27",4063EC,"United Kingdom","United Kingdom",G-BWLW,,,,,,"Light Aero",AVID,"Light Aero Avid Flyer Speedwing","PFA 189-12763",,,,,,Private,,,1996,,,,0,,,,,,0,0,0,0,0,,,,,,0,0,0,0,0,GEN-AVID
28728386,"2026-01-19 09:14:16","2026-01-19 09:14:16",A94FA9,"United States","United States",N6998V,,,,,,Mooney,M20P,"Mooney M.20F Executive",22-1360,,,,,,Private,,,,,,,0,,,,,,0,0,0,0,0,,,,,,0,0,0,0,0,GEN-M20P
28727825,"2026-01-19 09:08:32","2026-01-19 09:08:32",4CA648,Ireland,Ireland,EI-DYF,,,,,,Boeing,B738,"Boeing 737NG 8AS/W",36569,,,,,,Ryanair,,,2008,,,,0,,,,,,0,0,0,0,0,,,,,,0,0,0,0,0,RYR
28727769,"2026-01-19 09:07:51","2026-01-19 09:07:51",A7F15E,"United States","United States",N6102B,,,,,,Cameron,BALL,"Cameron N-65 Hot Air Balloon",5524,,,,,,Private,,,,,,,0,,,,,,0,0,0,0,0,,,,,,0,0,0,0,0,GEN-BALL
28727499,"2026-01-19 09:04:18","2026-01-19 09:04:18",A012A3,"United States","United States",N1033J,,,,,,"Thunder Development",ZZZZ,"Thunder Development Spitfire Replica Mk.IX",PSM9-01-1A,,,,,,Private,,,,,,,0,,,,,,0,0,0,0,0,,,,,,0,0,0,0,0,GEN-ZZZZ
28726863,"2026-01-19 08:57:54","2026-01-19 08:57:54",43C629,"United Kingdom","United Kingdom",XZ597,,,,,,Westland,S61,"Westland Sea King HAR.3",WA863,,,,,,Private,,,1978,,,,0,,,,,,1,0,0,0,0,,,,,,0,0,0,0,0,
28726636,"2026-01-19 08:55:26","2026-01-19 08:55:26",458DF7,Denmark,Denmark,OY-COW,,,,,,"Thunder & Colt",BALL,"Thunder & Colt 77A Hot Air Balloon",1980,,,,,,Private,,,,,,,0,,,,,,0,0,0,0,0,,,,,,0,0,0,0,0,GEN-BALL
28725761,"2026-01-19 08:45:51","2026-01-19 08:45:51",AD49AF,"United States","United States",N95504,,,,,,Cessna,C182,"Cessna 182Q Skylane",18266561,,,,,,Private,,,,,,,0,,,,,,0,0,0,0,0,,,,,,0,0,0,0,0,GEN-C182
28725753,"2026-01-19 08:45:46","2026-01-19 08:45:46",4844A8,Aruba,Aruba,P4-BSA,,,,,,Cessna,C560,"Cessna Citation Encore+",560-0793,,,,,,"Med Avia",,,2008,,,,0,,,,,,0,0,0,0,0,,,,,,0,0,0,0,0,MDM
28724593,"2026-01-19 08:32:53","2026-01-19 08:32:53",A7301B,"United States","United States",N562UA,,,,,,Boeing,B752,"Boeing 757 222",26664,,,,,,"United Airlines",,,1992,,,,0,,,,,,0,0,0,0,0,,,,,,0,0,0,0,0,GEN-B752
28723583,"2026-01-19 08:22:00","2026-01-19 08:22:00",AB62E0,"United States","United States",N8325S,,,,,,Piper,P28A,"Piper PA-28 161 Warrior II",28-8116133,,,,,,Private,,,1980,,,,0,,,,,,0,0,0,0,0,,,,,,0,0,0,0,0,GEN-P28A
28723401,"2026-01-19 08:20:17","2026-01-19 08:20:17",A3BFEE,"United States","United States",N3402B,,,,,,"Amateur Built",ZZZZ,"Amateur Built Floyd Bert BF5",5,,,,,,Private,,,,,,,0,,,,,,0,0,0,0,0,,,,,,0,0,0,0,0,GEN-ZZZZ
28723075,"2026-01-19 08:16:22","2026-01-19 08:16:22",C00788,Canada,Canada,C-FCWD,,,,,,Cessna,C172,"Cessna 172",28478,,,,,,Private,,,1956,,,,0,,,,,,0,0,0,0,0,,,,,,0,0,0,0,0,GEN-C172
28723045,"2026-01-19 08:16:01","2026-01-19 08:16:01",146814,Russia,Russia,RA-26644,,,,,,Antonov,AN26,"Antonov An-26",7407,,,,,,"United Nations",,,,,,,0,,,,,,0,0,0,0,0,,,,,,0,0,0,0,0,GEN-AN26
28722022,"2026-01-19 08:03:32","2026-01-19 08:03:32",A3B604,"United States","United States",N3381B,,,,,,Piper,PA22,"Piper PA-22 135 Tri-Pacer",22-2180,,,,,,Private,,,,,,,0,,,,,,0,0,0,0,0,,,,,,0,0,0,0,0,GEN-PA22
28721634,"2026-01-19 07:59:31","2026-01-19 07:59:31",A22EBD,"United States","United States",N24MD,,,,,,Cessna,C207,"Cessna 207 Sky Wagon",20700111,,,,,,Private,,,1969,,,,0,,,,,,0,0,0,0,0,,,,,,0,0,0,0,0,GEN-C207
28721403,"2026-01-19 07:56:18","2026-01-19 07:56:18",AD7CDA,"United States","United States",N9684Z,,,,,,"Air Command",CMDE,"Air Command 532 Elite",RK-001,,,,,,Private,,,,,,,0,,,,,,0,0,0,0,0,,,,,,0,0,0,0,0,GEN-CMDE
28721318,"2026-01-19 07:55:33","2026-01-19 07:55:33",70E04A,Cambodia,Cambodia,XU-714,,,,,,Airbus,A320,"Airbus A320 233",902,,,,,,"Avion Express",,,1998,,,,0,,,,,,0,0,0,0,0,,,,,,0,0,0,0,0,GEN-A320
28721228,"2026-01-19 07:54:16","2026-01-19 07:54:16",A33C5C,"United States","United States",N3075B,,,,,,Piper,PA44,"Piper PA-44 180 Seminole",44-7995115,,,,,,Private,,,1978,,,,0,,,,,,0,0,0,0,0,,,,,,0,0,0,0,0,GEN-PA44
11102,"2021-11-08 16:26:52","2026-01-19 07:53:14",C87EE8,"New Zealand","New Zealand","",,,,"",,"",ZZZZ,"","",,,,,,"",,,,,,"",0,,,,,,0,0,0,0,0,Missing,,,"","",0,0,0,0,0,GEN-ZZZZ
766556,"2023-10-30 20:59:55","2026-01-19 07:53:14",43BF96,"United Kingdom","United Kingdom","",,,,"",,"",ZANT,"","",,,,,,"",,,,,,"",0,,,,,,0,0,0,0,0,Missing,,,"","",0,0,0,0,0,ZANT
28720987,"2026-01-19 07:51:45","2026-01-19 07:51:45",A9CD04,"United States","United States",N730WE,,,,,,Boeing,B763,"Boeing 767 319ERBDSF/W",26912,,,,,,"Operator Unknown",,,1993,,,,0,,,,,,0,0,0,0,0,,,,,,0,0,0,0,0,GEN-B763
28720906,"2026-01-19 07:50:54","2026-01-19 07:50:54",AB1282,"United States","United States",N812TQ,,,,,,"Zénith",CH60,"Zénith Zenair Zodiac CH 601 HDS",64076,,,,,,Private,,,,,,,0,,,,,,0,0,0,0,0,,,,,,0,0,0,0,0,GEN-CH60
28719631,"2026-01-19 07:36:05","2026-01-19 07:36:05",AC0459,"United States","United States",N87334,,,,,,Cessna,C310,"Cessna 310R",310R-0517,,,,,,Private,,,,,,,0,,,,,,0,0,0,0,0,,,,,,0,0,0,0,0,GEN-C310
28719506,"2026-01-19 07:34:48","2026-01-19 07:34:48",3007ED,Italy,Italy,I-AWTW,,,,,,AgustaWestland,A139,"AgustaWestland AW.139",31269,,,,,,"Leonardo Helicopters",,,2010,,,,0,,,,,,0,0,0,0,0,,,,,,0,0,0,0,0,GEN-A139
28718963,"2026-01-19 07:28:12","2026-01-19 07:28:12",47837A,Norway,Norway,LN-RRS,,,,,,Boeing,B738,"Boeing 737NG 883",28325,,,,,,"Scandinavian Airlines System",,,2001,,,,0,,,,,,0,0,0,0,0,,,,,,0,0,0,0,0,SAS
28718672,"2026-01-19 07:24:53","2026-01-19 07:24:53",A76736,"United States","United States",N5761H,,,,,,Piper,PA16,"Piper PA-16 Clipper",16-373,,,,,,Private,,,1949,,,,0,,,,,,0,0,0,0,0,,,,,,0,0,0,0,0,GEN-PA16
28718382,"2026-01-19 07:21:44","2026-01-19 07:21:44",A67AE7,"United States","United States",N5166D,,,,,,Cessna,C182,"Cessna 182A Skylane",51266,,,,,,Private,,,1958,,,,0,,,,,,0,0,0,0,0,,,,,,0,0,0,0,0,GEN-C182
28717344,"2026-01-19 07:09:58","2026-01-19 07:09:58",A10141,"United States","United States",N164HH,,,,,,"Ted Smith",AEST,"Ted Smith Aerostar 600",60-0012-16,,,,,,Private,,,1969,,,,0,,,,,,0,0,0,0,0,,,,,,0,0,0,0,0,GEN-AEST
28716481,"2026-01-19 07:00:07","2026-01-19 07:00:07",3C488B,Germany,Germany,D-ABDK,,,,,,Airbus,A320,"Airbus A320 214",2968,,,,,,"Air Berlin",,,2006,,,,0,,,,,,0,0,0,0,0,,,,,,0,0,0,0,0,BER
28716060,"2026-01-19 06:55:17","2026-01-19 06:55:17",A394E4,"United States","United States",N33QR,,,,,,QAC,QIC2,"QAC Quickie Q.200",928,,,,,,Private,,,,,,,0,,,,,,0,0,0,0,0,,,,,,0,0,0,0,0,GEN-QIC2
28716036,"2026-01-19 06:54:53","2026-01-19 06:54:53",A86CF9,"United States","United States",N642DE,,,,,,Bowers,FB1A,"Bowers Fly Baby 1",88-3,,,,,,Private,,,1991,,,,0,,,,,,0,0,0,0,0,,,,,,0,0,0,0,0,GEN-FB1A
28715537,"2026-01-19 06:49:25","2026-01-19 06:49:25",43C630,"United Kingdom","United Kingdom",ZE370,,,,,,Westland,S61,"Westland Sea King HAR.3",WA949,,,,,,"Royal Norwegian Air Force",,,1985,,,,0,,,,,,1,0,0,0,0,,,,,,0,0,0,0,0,
28715509,"2026-01-19 06:49:09","2026-01-19 06:49:09",A422A2,"United States","United States",N366AM,,,,,,AMD,CH2T,"AMD CH 2000 Alarus",20-1060,,,,,,Private,,,2005,,,,0,,,,,,0,0,0,0,0,,,,,,0,0,0,0,0,GEN-CH2T
28715279,"2026-01-19 06:46:08","2026-01-19 06:46:08",AB5AC0,"United States","United States",N8300P,,,,,,Piper,PA24,"Piper PA-24 250 Comanche",24-3549,,,,,,Private,,,1963,,,,0,,,,,,0,0,0,0,0,,,,,,0,0,0,0,0,GEN-PA24
28714706,"2026-01-19 06:39:57","2026-01-19 06:39:57",AC7A1E,"United States","United States",N9028V,,,,,,Beech,BE55,"Beech Baron E55",TE-864,,,,,,Private,,,1972,,,,0,,,,,,0,0,0,0,0,,,,,,0,0,0,0,0,GEN-BE55
28714656,"2026-01-19 06:39:23","2026-01-19 06:39:23",ADD5CE,"United States","United States",N9906A,,,,,,Cessna,C170,"Cessna 170B",19266,,,,,,Private,,,1950,,,,0,,,,,,0,0,0,0,0,,,,,,0,0,0,0,0,GEN-C170
28714443,"2026-01-19 06:37:05","2026-01-19 06:37:05",43EC29,Guernsey,Guernsey,2-RPDI,,,,,,"Avions de Transport Regional",AT76,"Avions de Transport Regional ATR 72 600",1059,,,,,,"Air Nostrum",,,2012,,,,0,,,,,,0,0,0,0,0,,,,,,0,0,0,0,0,ANE
28714255,"2026-01-19 06:35:07","2026-01-19 06:35:07",C02A28,Canada,Canada,C-FPZB,,,,,,Boeing,B738,"Boeing 737NG 8K5/W",35131,,,,,,"Sunwing Airlines",,,2007,,,,0,,,,,,0,0,0,0,0,,,,,,0,0,0,0,0,SWG
28714247,"2026-01-19 06:35:02","2026-01-19 06:35:02",394409,France,France,F-GRAJ,,,,,,Pilatus,PC12,"Pilatus PC-XII 45",406,,,,,,"Laval Distribution SA",,,2001,,,,0,,,,,,0,0,0,0,0,,,,,,0,0,0,0,0,GEN-PC12
28713602,"2026-01-19 06:27:43","2026-01-19 06:27:43",A7BECA,"United States","United States",N5989Z,,,,,,Piper,PA18,"Piper PA-18 150 Super Cub",18-8247,,,,,,Private,,,1965,,,,0,,,,,,0,0,0,0,0,,,,,,0,0,0,0,0,GEN-PA18
28713341,"2026-01-19 06:24:56","2026-01-19 06:24:56",A511D6,"United States","United States",N4259S,,,,,,"Zénith",CH70,"Zénith Zenair STOL CH 701",001,,,,,,Private,,,,,,,0,,,,,,0,0,0,0,0,,,,,,0,0,0,0,0,GEN-CH70
28713103,"2026-01-19 06:22:39","2026-01-19 06:22:39",AC62E8,"United States","United States",N8979,,,,,,Kolb,ULAC,"Kolb Mk.III",M-1072,,,,,,Private,,,1999,,,,0,,,,,,0,0,0,0,0,,,,,,0,0,0,0,0,GEN-ULAC
28712057,"2026-01-19 06:11:33","2026-01-19 06:11:33",A3BD4E,"United States","United States",N340A,,,,,,Cessna,C340,"Cessna 340A",340A0014,,,,,,Private,,,1975,,,,0,,,,,,0,0,0,0,0,,,,,,0,0,0,0,0,GEN-C340
28711800,"2026-01-19 06:08:51","2026-01-19 06:08:51",A3BCE0,"United States","United States",N34VR,,,,,,Cessna,C750,"Cessna Citation X",750-0034,,,,,,Private,,,,,,,0,,,,,,0,0,0,0,0,,,,,,0,0,0,0,0,GEN-C750
28711707,"2026-01-19 06:07:39","2026-01-19 06:07:39",3A1854,French_Overseas,French_Overseas,F-OGCU,,,,,,Cessna,C206,"Cessna U206A Super Skywagon",U206-0492,,,,,,Private,,,,,,,0,,,,,,0,0,0,0,0,,,,,,0,0,0,0,0,GEN-C206
28710548,"2026-01-19 05:53:44","2026-01-19 05:53:44",A9CECC,"United States","United States",N731AK,,,,,,Cessna,C188,"Cessna 188B Agwagon",18802742,,,,,,Private,,,,,,,0,,,,,,0,0,0,0,0,,,,,,0,0,0,0,0,GEN-C188
28710216,"2026-01-19 05:49:40","2026-01-19 05:49:40",AB871B,"United States","United States",N84182,,,,,,Aeronca,CH7A,"Aeronca Champion 7AC",7AC-2870,,,,,,Private,,,1946,,,,0,,,,,,0,0,0,0,0,,,,,,0,0,0,0,0,GEN-CH7A
28709849,"2026-01-19 05:44:40","2026-01-19 05:44:40",3F2AFB,Germany,Germany,D-OCEL,,,,,,"Raven Europe",BALL,"Raven Europe FS.57A Hot Air Balloon",E-153,,,,,,Private,,,1990,,,,0,,,,,,0,0,0,0,0,,,,,,0,0,0,0,0,GEN-BALL
28709810,"2026-01-19 05:44:08","2026-01-19 05:44:08",A7B390,"United States","United States",N5959C,,,,,,Beech,BE35,"Beech Bonanza C35",D-3320,,,,,,Private,,,,,,,0,,,,,,0,0,0,0,0,,,,,,0,0,0,0,0,GEN-BE35
28709445,"2026-01-19 05:39:53","2026-01-19 05:39:53",A51934,"United States","United States",N4279A,,,,,,Schempp-Hirth,GLID,"Schempp-Hirth Standard Austria SH-1",60,,,,,,Private,,,1964,,,,0,,,,,,0,0,0,0,0,,,,,,0,0,0,0,0,GEN-GLID
28709365,"2026-01-19 05:39:09","2026-01-19 05:39:09",A7FD26,"United States","United States",N61360,,,,,,Cessna,C150,"Cessna 150J",15070988,,,,,,Private,,,1969,,,,0,,,,,,0,0,0,0,0,,,,,,0,0,0,0,0,GEN-C150
28709252,"2026-01-19 05:37:57","2026-01-19 05:37:57",A0F3A2,"United States","United States",N160W,,,,,,"North American",SBR1,"North American Sabreliner 40 A",282-101,,,,,,"Northrop Grumman Systems Corp",,,,,,,0,,,,,,0,0,0,0,0,,,,,,0,0,0,0,0,GEN-SBR1
28707213,"2026-01-19 05:12:03","2026-01-19 05:12:03",ABADB5,"United States","United States",N8512H,,,,,,Schweizer-Grumman,G164,"Schweizer-Grumman G-164A Super Ag-Cat",1389,,,,,,Private,,,1974,,,,0,,,,,,0,0,0,0,0,,,,,,0,0,0,0,0,GEN-G164
28707171,"2026-01-19 05:11:31","2026-01-19 05:11:31",A8737F,"United States","United States",N6435Z,,,,,,Piper,PA25,"Piper PA-25 150 Pawnee",25-591,,,,,,Private,,,1961,,,,0,,,,,,0,0,0,0,0,,,,,,0,0,0,0,0,GEN-PA25
28706583,"2026-01-19 05:04:13","2026-01-19 05:04:13",AADE94,"United States","United States",N8QL,,,,,,"Amateur Built",SPHA,"Amateur Built Sparrow Hawk",SH20030006K,,,,,,Private,,,2012,,,,0,,,,,,0,0,0,0,0,,,,,,0,0,0,0,0,GEN-SPHA
28706138,"2026-01-19 04:58:28","2026-01-19 04:58:28",A50A31,"United States","United States",N42377,,,,,,"Quad City",ULAC,"Quad City Challenger II Clipped Wing",CH2-1190CW0595,,,,,,Private,,,1991,,,,0,,,,,,0,0,0,0,0,,,,,,0,0,0,0,0,GEN-ULAC
28704794,"2026-01-19 04:40:57","2026-01-19 04:40:57",43C4A4,"United Kingdom","United Kingdom",ZJ930,,,,,,Eurofighter,EUFI,"Eurofighter Typhoon FGR4",BS021,,,,,,"Royal Air Force",,,2006,,,,0,,,,,,1,0,0,0,0,,,,,,0,0,0,0,0,
28704259,"2026-01-19 04:34:27","2026-01-19 04:34:27",A63C55,"United States","United States",N5000N,,,,,,Hughes,H500,"Hughes 369 D",41-0934D,,,,,,Private,,,1981,,,,0,,,,,,0,0,0,0,0,,,,,,0,0,0,0,0,GEN-H500
28704076,"2026-01-19 04:31:47","2026-01-19 04:31:47",A99144,"United States","United States",N7152F,,,,,,Cessna,C150,"Cessna 150F",15063752,,,,,,Private,,,1966,,,,0,,,,,,0,0,0,0,0,,,,,,0,0,0,0,0,GEN-C150
28703720,"2026-01-19 04:27:18","2026-01-19 04:27:18",A8A9C4,"United States","United States",N6575B,,,,,,Mooney,M20P,"Mooney M.20A Mark 20",1245,,,,,,Private,,,1958,,,,0,,,,,,0,0,0,0,0,,,,,,0,0,0,0,0,GEN-M20P
28703599,"2026-01-19 04:25:41","2026-01-19 04:25:41",AC3534,"United States","United States",N886MB,,,,,,"Airdrome Aeroplanes",ULAC,"Airdrome Aeroplanes Fokker Dr I Scale Replica",403,,,,,,Private,,,,,,,0,,,,,,0,0,0,0,0,,,,,,0,0,0,0,0,GEN-ULAC
28703600,"2026-01-19 04:25:41","2026-01-19 04:25:41",A86E58,"United States","United States",N642TF,,,,,,Beech,BE20,"Beech King Air B200",BB-363,,,,,,"Luke Ready Air LLC",,,,,,,0,,,,,,0,0,0,0,0,,,,,,0,0,0,0,0,GEN-BE20
28702414,"2026-01-19 04:10:37","2026-01-19 04:10:37",A63C16,"United States","United States",N500Y,,,,,,Hughes,H500,"Hughes 369 D",37-0099D,,,,,,Private,,,1977,,,,0,,,,,,0,0,0,0,0,,,,,,0,0,0,0,0,GEN-H500
28702017,"2026-01-19 04:05:41","2026-01-19 04:05:41",06A037,Qatar,Qatar,A7-AAM,,,,,,Bombardier,GLEX,"Bombardier Global Express",9126,,,,,,"Qatar Amiri Flight",,,2002,,,,0,,,https://cdn.jetphotos.com/full/5/69628_1622057734.jpg,https://cdn.jetphotos.com/full/5/37434_1608656418.jpg,https://cdn.jetphotos.com/full/6/41729_1605452771.jpg,0,0,0,0,0,,,,,,0,0,0,0,0,QAF
28700675,"2026-01-19 03:47:09","2026-01-19 03:47:09",AD85A2,"United States","United States",N970WJ,,,,,,Gates,LJ25,"Gates Learjet 25 D",25D-324,,,,,,"Saljet LLC",,,,,,,0,,,,,,0,0,0,0,0,,,,,,0,0,0,0,0,GEN-LJ25
28700459,"2026-01-19 03:44:27","2026-01-19 03:44:27",A80FA6,"United States","United States",N6186F,,,,,,Cessna,C150,"Cessna A150L Aerobat",A1500440,,,,,,Private,,,1973,,,,0,,,,,,0,0,0,0,0,,,,,,0,0,0,0,0,GEN-C150
28699789,"2026-01-19 03:35:43","2026-01-19 03:35:43",406E16,"United Kingdom","United Kingdom",G-EOMP,,,,,,Piper,P28A,"Piper PA-28 181 Archer II",28-7890124,,,,,,Private,,,1978,,,,0,,,,,,0,0,0,0,0,,,,,,0,0,0,0,0,GEN-P28A
28699580,"2026-01-19 03:32:56","2026-01-19 03:32:56",A43ECA,"United States","United States",XB-RLL,,,,,,Cessna,C414,"Cessna 414A Chancellor",414A0259,,,,,,Private,,,1979,,,,0,,,,,,0,0,0,0,0,,,,,,0,0,0,0,0,GEN-C414
28698712,"2026-01-19 03:21:01","2026-01-19 03:21:01",A1AF49,"United States","United States",N20762,,,,,,"Textron Aviation",C56X,"Textron Aviation Citation XLS+",560-6223,,,,,,Corporate,,,2016,,,,0,,,,,,0,0,0,0,0,,,,,,0,0,0,0,0,GEN-C56X
28698660,"2026-01-19 03:20:16","2026-01-19 03:20:16",A247C3,"United States","United States",N246RC,,,,,,Beech,BE55,"Beech Baron B55",TC-801,,,,,,Private,,,1964,,,,0,,,,,,0,0,0,0,0,,,,,,0,0,0,0,0,GEN-BE55
28698649,"2026-01-19 03:20:11","2026-01-19 03:20:11",3D7B70,Germany,Germany,D-FSZO,,,,,,Pilatus,PC6T,"Pilatus PC-6 B2-H4",735,,,,,,Private,,,1970,,,,0,,,,,,0,0,0,0,0,,,,,,0,0,0,0,0,GEN-PC6T
28697487,"2026-01-19 03:04:17","2026-01-19 03:04:17",AD4A64,"United States","United States",N9556,,,,,,Enstrom,EN28,"Enstrom F-28 A",066,,,,,,Private,,,,,,,0,,,,,,0,0,0,0,0,,,,,,0,0,0,0,0,GEN-EN28
28696913,"2026-01-19 02:55:33","2026-01-19 02:55:33",404E62,"United Kingdom","United Kingdom",G-IKES,,,,,,Glasair,GLST,"Glasair GlaStar GS-1",5763,,,,,,Private,,,2003,,,,0,,,,,,0,0,0,0,0,,,,,,0,0,0,0,0,GEN-GLST
28696862,"2026-01-19 02:54:47","2026-01-19 02:54:47",3F0527,Germany,Germany,D-9360,,,,,,Scheibe,GLID,"Scheibe Bergfalke III",5557,,,,,,Private,,,,,,,0,,,,,,0,0,0,0,0,,,,,,0,0,0,0,0,GEN-GLID
28696653,"2026-01-19 02:52:04","2026-01-19 02:52:04",A3AB11,"United States","United States",N3352S,,,,,,Vertical-Aviation,S52,"Vertical-Aviation S-52 Hummingbird 260L",727,,,,,,"Wings on Safari LLC",,,,,,,0,,,,,,0,0,0,0,0,,,,,,0,0,0,0,0,GEN-S52
28695783,"2026-01-19 02:39:16","2026-01-19 02:39:16",A819CB,"United States","United States",N62085,,,,,,Cessna,C172,"Cessna 172P Skyhawk",17275209,,,,,,Private,,,1981,,,,0,,,,,,0,0,0,0,0,,,,,,0,0,0,0,0,GEN-C172
28695689,"2026-01-19 02:37:54","2026-01-19 02:37:54",A832E0,"United States","United States",N6272D,,,,,,Cessna,C172,"Cessna 172N Skyhawk",17272683,,,,,,Private,,,1979,,,,0,,,,,,0,0,0,0,0,,,,,,0,0,0,0,0,GEN-C172
28694693,"2026-01-19 02:24:21","2026-01-19 02:24:21",A43B6C,"United States","United States",N372CA,,,,,,Aerospatiale,AS55,"Aerospatiale Twin Squirrel AS.355 F1",5028,,,,,,"CSB Inc",,,1981,,,,0,,,,,,0,0,0,0,0,,,,,,0,0,0,0,0,GEN-AS55
28694312,"2026-01-19 02:19:00","2026-01-19 02:19:00",A241D3,"United States","United States",N2444V,,,,,,Cessna,C140,"Cessna 140",14806,,,,,,Private,,,1948,,,,0,,,,,,0,0,0,0,0,,,,,,0,0,0,0,0,GEN-C140
19751,"2022-03-24 23:33:54","2026-01-19 02:13:17",484A12,Netherlands,Netherlands,,,,,,,,-TWR,,,,,,,,,,,,,,,0,,,,,,0,0,0,0,0,Missing,,,,,0,0,0,0,0,GEN--TWR
28693744,"2026-01-19 02:10:45","2026-01-19 02:10:45",A4A47C,"United States","United States",N399CT,,,,,,"Flight Design",FDCT,"Flight Design CT SW",06-05-02,,,,,,Private,,,2006,,,,0,,,,,,0,0,0,0,0,,,,,,0,0,0,0,0,GEN-FDCT
28693154,"2026-01-19 02:02:39","2026-01-19 02:02:39",A51CA8,"United States","United States",N4287D,,,,,,Beech,BE35,"Beech Bonanza G35",D-4500,,,,,,Private,,,,,,,0,,,,,,0,0,0,0,0,,,,,,0,0,0,0,0,GEN-BE35
28693085,"2026-01-19 02:01:11","2026-01-19 02:01:11",391B04,France,France,F-GGYE,,,,,,Mudry,CP10,"Mudry CAP-10 B",237,,,,,,Private,,,,,,,0,,,,,,0,0,0,0,0,,,,,,0,0,0,0,0,GEN-CP10
28692546,"2026-01-19 01:52:19","2026-01-19 01:52:19",A351E8,"United States","United States",N3129X,,,,,,Piper,P46T,"Piper PA-46-500TP",4697246,,,,,,"JFC Aviation LLC",,,2006,,,,0,,,,,,0,0,0,0,0,,,,,,0,0,0,0,0,GEN-P46T
28691568,"2026-01-19 01:38:58","2026-01-19 01:38:58",E47F6D,Brazil,Brazil,PT-LJL,,,,,,Cessna,C550,"Cessna Citation S/II",S550-0084,,,,,,"Empresa Baiana de Taxi Aereo Ltda",,,,,,,0,,,,,,0,0,0,0,0,,,,,,0,0,0,0,0,GEN-C550
28691497,"2026-01-19 01:38:06","2026-01-19 01:38:06",1505D6,Russia,Russia,RA-67030,,,,,,Let,L410,"Let L-410 UVP-E20",2809,,,,,,Orenburzhye,,,,,,,0,,,,,,0,0,0,0,0,,,,,,0,0,0,0,0,GEN-L410
28691461,"2026-01-19 01:37:40","2026-01-19 01:37:40",60100C,Kyrgyzstan,Kyrgyzstan,EX-85718,,,,,,Tupolev,T154,"Tupolev Tu-154 M",91A900,,,,,,"Altyn Air",,,,,,,0,,,,,,0,0,0,0,0,,,,,,0,0,0,0,0,LYN
28691360,"2026-01-19 01:36:26","2026-01-19 01:36:26",A181A4,"United States","United States",N1966E,,,,,,Aeronca,CH7A,"Aeronca Champion 7AC",7AC-5533,,,,,,Private,,,1946,,,,0,,,,,,0,0,0,0,0,,,,,,0,0,0,0,0,GEN-CH7A
28690626,"2026-01-19 01:26:56","2026-01-19 01:26:56",A4B335,"United States","United States",N40133,,,,,,Stinson,S108,"Stinson Voyager 108",108-63,,,,,,Private,,,1946,,,,0,,,,,,0,0,0,0,0,,,,,,0,0,0,0,0,GEN-S108
28690415,"2026-01-19 01:23:48","2026-01-19 01:23:48",852777,Japan,Japan,JA3783,,,,,,Rockwell,AC11,"Rockwell Commander 112 A",477,,,,,,Private,,,1976,,,,0,,,,,,0,0,0,0,0,,,,,,0,0,0,0,0,GEN-AC11
28690249,"2026-01-19 01:21:32","2026-01-19 01:21:32",A12240,"United States","United States",N172SW,,,,,,Cessna,C72R,"Cessna 172RG Cutlass RG",172RG0280,,,,,,Private,,,1980,,,,0,,,,,,0,0,0,0,0,,,,,,0,0,0,0,0,GEN-C72R
28690073,"2026-01-19 01:19:11","2026-01-19 01:19:11",14B5E3,Russia,Russia,RA-46563,,,,,,Antonov,AN24,"Antonov An-24 B",87304702,,,,,,"Daghestan Airlines",,,,,,,0,,,,,,0,0,0,0,0,,,,,,0,0,0,0,0,GEN-AN24
28689576,"2026-01-19 01:12:46","2026-01-19 01:12:46",A290FA,"United States","United States",N26451,,,,,,Schleicher,GLID,"Schleicher ASW 20",20486,,,,,,Private,,,,,,,0,,,,,,0,0,0,0,0,,,,,,0,0,0,0,0,GEN-GLID
28689412,"2026-01-19 01:10:16","2026-01-19 01:10:16",39B063,France,France,F-HMDD,,,,,,Dassault,F2TH,"Dassault Falcon 2000",154,,,,,,Dassault,,,2001,,,,0,,,,,,0,0,0,0,0,,,,,,0,0,0,0,0,GEN-F2TH
28689081,"2026-01-19 01:06:00","2026-01-19 01:06:00",A01E3A,"United States","United States",N1066T,,,,,,"Textron Aviation",C172,"Textron Aviation 172S Skyhawk SP",172S12311,,,,,,Private,,,,,,,0,,,,,,0,0,0,0,0,,,,,,0,0,0,0,0,GEN-C172
28688988,"2026-01-19 01:04:41","2026-01-19 01:04:41",AD2FBC,"United States","United States",N949MT,,,,,,"Textron Aviation",C25M,"Textron Aviation Citation M2",525-0949,,,,,,Corporate,,,2017,,,,0,,,,,,0,0,0,0,0,,,,,,0,0,0,0,0,GEN-C25M
28688962,"2026-01-19 01:04:20","2026-01-19 01:04:20",4CA7A8,Ireland,Ireland,EI-EFR,,,,,,Boeing,B738,"Boeing 737NG 8AS/W",37541,,,,,,Ryanair,,,2009,,,,0,,,,,,0,0,0,0,0,,,,,,0,0,0,0,0,GEN-B738
28688510,"2026-01-19 00:56:17","2026-01-19 00:56:17",4B3122,Switzerland,Switzerland,HB-SPU,,,,,,SIPA,S900,"SIPA S.903",76,,,,,,Private,,,,,,,0,,,,,,0,0,0,0,0,,,,,,0,0,0,0,0,GEN-S900
28688185,"2026-01-19 00:51:57","2026-01-19 00:51:57",71C377,"South Korea","South Korea",HL8377,,,,,,Boeing,B738,"Boeing 737NG 8JP/W",39017,,,,,,"Fly Gangwon",,,2012,,,,0,,,,,,0,0,0,0,0,,,,,,0,0,0,0,0,FGW
28688017,"2026-01-19 00:49:50","2026-01-19 00:49:50",141875,Russia,Russia,RA-06261,,,,,,Mil,MI26,"Mil Mi-26 T",34001212097,,,,,,"United Nations",,,,,,,0,,,,,,0,0,0,0,0,,,,,,0,0,0,0,0,GEN-MI26
28687979,"2026-01-19 00:49:28","2026-01-19 00:49:28",A93D8D,"United States","United States",N695CT,,,,,,Rockwell,AC95,"Rockwell Turbo Commander 695A",96096,,,,,,"Eagle Creek Aviation Services Inc",,,1985,,,,0,,,,,,0,0,0,0,0,,,,,,0,0,0,0,0,GEN-AC95
28687823,"2026-01-19 00:47:24","2026-01-19 00:47:24",AAD8FD,"United States","United States",N7986X,,,,,,Cessna,C172,"Cessna 172B Skyhawk",48486,,,,,,Private,,,1961,,,,0,,,,,,0,0,0,0,0,,,,,,0,0,0,0,0,GEN-C172
28686997,"2026-01-19 00:35:59","2026-01-19 00:35:59",A0B60F,"United States","United States",N145JD,,,,,,Kolb,ULAC,"Kolb Twinstar",TS-0145,,,,,,Private,,,,,,,0,,,,,,0,0,0,0,0,,,,,,0,0,0,0,0,GEN-ULAC
28686913,"2026-01-19 00:34:40","2026-01-19 00:34:40",AD8A36,"United States","United States",N97130,,,,,,Stinson,S108,"Stinson Voyager 108",108-0130,,,,,,Private,,,1946,,,,0,,,,,,0,0,0,0,0,,,,,,0,0,0,0,0,GEN-S108
28686494,"2026-01-19 00:28:34","2026-01-19 00:28:34",E495C9,Brazil,Brazil,PR-GZJ,,,,,,Boeing,B738,"Boeing 737NG 800/W",62577,,,,,,GOL,,,2018,,,,0,,,,,,0,0,0,0,0,,,,,,0,0,0,0,0,GLO
28685972,"2026-01-19 00:21:53","2026-01-19 00:21:53",A32D86,"United States","United States",N3035H,,,,,,ERCO,ERCO,"Ercoupe 415-C",3660,,,,,,Private,,,1946,,,,0,,,,,,0,0,0,0,0,,,,,,0,0,0,0,0,GEN-ERCO
28685612,"2026-01-19 00:17:06","2026-01-19 00:17:06",3EF332,Germany,Germany,D-4763,,,,,,Scheibe,GLID,"Scheibe Bergfalke III",AB5653,,,,,,Private,,,1970,,,,0,,,,,,0,0,0,0,0,,,,,,0,0,0,0,0,GEN-GLID
28684987,"2026-01-19 00:09:02","2026-01-19 00:09:02",730661,Iran,Iran,EP-ASA,,,,,,Boeing,B722,"Boeing 727 228",22081,,,,,,"Iran Aseman Airlines",,,1980,,,,0,,,,,,0,0,0,0,0,,,,,,0,0,0,0,0,IRC
28684858,"2026-01-19 00:07:00","2026-01-19 00:07:00",3D13C6,Germany,Germany,D-EFSW,,,,,,Piper,PA18,"Piper PA-18 L-18C Super Cub",18-3437,,,,,,Private,,,1954,,,,0,,,,,,0,0,0,0,0,,,,,,0,0,0,0,0,GEN-PA18
