AircraftID,FirstCreated,LastModified,ModeS,ModeSCountry,Country,Registration,CurrentRegDate,PreviousID,FirstRegDate,Status,DeRegDate,Manufacturer,ICAOTypeCode,Type,SerialNo,PopularName,GenericName,AircraftClass,Engines,OwnershipStatus,RegisteredOwners,MTOW,TotalHours,YearBuilt,CofACategory,CofAExpiry,UserNotes,Interested,UserTag,InfoURL,PictureURL1,PictureURL2,PictureURL3,UserBool1,UserBool2,UserBool3,UserBool4,UserBool5,UserString1,UserString2,UserString3,UserString4,UserString5,UserInt1,UserInt2,UserInt3,UserInt4,UserInt5,OperatorFlagCode
32158061,"2026-02-16 23:50:50","2026-02-16 23:50:50",C08A3B,Canada,Canada,C-IAJA,,,,,,Birdman,ULAC,"Birdman Atlas 3A",TC1101,,,,,,Private,,,,,,,0,,,,,,0,0,0,0,0,,,,,,0,0,0,0,0,GEN-ULAC
32157006,"2026-02-16 23:35:41","2026-02-16 23:35:41",A63DED,"United States","United States",N501CV,,,,,,"Gulfstream Aerospace",GLF5,"Gulfstream Aerospace GV",639,,,,,,"Red Line Air LLC",,,2001,,,,0,,,,,,0,0,0,0,0,,,,,,0,0,0,0,0,GEN-GLF5
32156767,"2026-02-16 23:32:17","2026-02-16 23:32:17",A558FA,"United States","United States",N4436P,,,,,,"Hunting Percival",JPRO,"Hunting Percival Jet Provost T.3A",PAC/W/12739,,,,,,Private,,,,,,,0,,,,,,0,0,0,0,0,,,,,,0,0,0,0,0,GEN-JPRO
32156746,"2026-02-16 23:32:00","2026-02-16 23:32:00",A35479,"United States","United States",N3131H,,,,,,ERCO,ERCO,"Ercoupe 415-C",3756,,,,,,Private,,,1946,,,,0,,,,,,0,0,0,0,0,,,,,,0,0,0,0,0,GEN-ERCO
32156747,"2026-02-16 23:32:00","2026-02-16 23:32:00",A92066,"United States","United States",N6876D,,,,,,"De Havilland",VAMP,"De Havilland Vampire F.3",EEP42401,,,,,,Private,,,,,,,0,,,,,,0,0,0,0,0,,,,,,0,0,0,0,0,GEN-VAMP
32155318,"2026-02-16 23:13:41","2026-02-16 23:13:41",A1DB65,"United States","United States",N219ER,,,,,,Rans,CRER,"Rans Courier S-7",S786002,,,,,,Private,,,,,,,0,,,,,,0,0,0,0,0,,,,,,0,0,0,0,0,GEN-CRER
32153854,"2026-02-16 22:54:05","2026-02-16 22:54:05",A742F0,"United States","United States",N567WS,,,,,,Thorp,T18,"Thorp T-18",952,,,,,,Private,,,,,,,0,,,,,,0,0,0,0,0,,,,,,0,0,0,0,0,GEN-T18
32153654,"2026-02-16 22:51:40","2026-02-16 22:51:40",A673D1,"United States","United States",N5148X,,,,,,Champion,CH7A,"Champion Citabria 7ECA",674,,,,,,Private,,,1969,,,,0,,,,,,0,0,0,0,0,,,,,,0,0,0,0,0,GEN-CH7A
32153004,"2026-02-16 22:43:15","2026-02-16 22:43:15",498481,"Czech Republic","Czech Republic",OK-ADA,,,,,,Cessna,C152,"Cessna 152",15282182,,,,,,Private,,,1978,,,,0,,,,,,1,0,0,0,0,,,,,,0,0,0,0,0,
32150049,"2026-02-16 22:05:39","2026-02-16 22:05:39",A1ED6E,"United States","United States",N223PC,,,,,,Eurocopter,AS50,"Eurocopter Squirrel AS.350 BA",2822,,,,,,Private,,,1994,,,,0,,,,,,0,0,0,0,0,,,,,,0,0,0,0,0,GEN-AS50
32149624,"2026-02-16 22:00:07","2026-02-16 22:00:07",A73186,"United States","United States",N5626D,,,,,,Beech,BE36,"Beech Bonanza A36",E-2547,,,,,,Private,,,,,,,0,,,,,,0,0,0,0,0,,,,,,0,0,0,0,0,GEN-BE36
32148260,"2026-02-16 21:43:37","2026-02-16 21:43:37",728831,Iraq,Iraq,YI-BAK,,,,,,Bombardier,CRJ2,"Bombardier CRJ 200LR",7973,,,,,,"Iraq Gate",,,,,,,0,,,,,,0,0,0,0,0,,,,,,0,0,0,0,0,GEN-CRJ2
32148094,"2026-02-16 21:41:41","2026-02-16 21:41:41",392166,France,France,F-GILG,,,,,,Cameron,BALL,"Cameron O-105 Hot Air Balloon",2188,,,,,,Private,,,,,,,0,,,,,,0,0,0,0,0,,,,,,0,0,0,0,0,GEN-BALL
32147658,"2026-02-16 21:36:21","2026-02-16 21:36:21",A8483F,"United States","United States",N6325P,,,,,,Piper,PA24,"Piper PA-24 180 Comanche",24-1434,,,,,,Private,,,1959,,,,0,,,,,,0,0,0,0,0,,,,,,0,0,0,0,0,GEN-PA24
32147383,"2026-02-16 21:32:59","2026-02-16 21:32:59",A15165,"United States","United States",N184VB,,,,,,Cessna,C441,"Cessna 441 Conquest II",441-0184,,,,,,"MN Designs Inc",,,,,,,0,,,,,,0,0,0,0,0,,,,,,0,0,0,0,0,GEN-C441
32146708,"2026-02-16 21:25:03","2026-02-16 21:25:03",AC842B,"United States","United States",N9050V,,,,,,"Raven Aerostar",BALL,"Raven Aerostar RX.8 Hot Air Balloon",RX8-3155,,,,,,Private,,,1992,,,,0,,,,,,0,0,0,0,0,,,,,,0,0,0,0,0,GEN-BALL
32146241,"2026-02-16 21:19:44","2026-02-16 21:19:44",459112,Denmark,Denmark,OY-DHR,,,,,,Reims/Cessna,C172,"Reims/Cessna FR172F Rocket",0093,,,,,,Private,,,1969,,,,0,,,,,,0,0,0,0,0,,,,,,0,0,0,0,0,GEN-C172
32146221,"2026-02-16 21:19:30","2026-02-16 21:19:30",ADC535,"United States","United States",N987AR,,,,,,"McDonnell Douglas",MD11,"McDonnell Douglas MD-11 F",48427,,,,,,"Centurion Air Cargo",,,1991,,,,0,,,,,,0,0,0,0,0,,,,,,0,0,0,0,0,CWC
32145488,"2026-02-16 21:10:40","2026-02-16 21:10:40",AC43AA,"United States","United States",N89H,,,,,,Sikorsky,S76,"Sikorsky S-76 C",760406,,,,,,"Arrow Aviation Company LLC",,,1994,,,,0,,,,,,0,0,0,0,0,,,,,,0,0,0,0,0,GEN-S76
32145178,"2026-02-16 21:07:14","2026-02-16 21:07:14",ABC521,"United States","United States",N858AS,,,,,,Bombardier,CRJ2,"Bombardier CRJ 200SF",7417,,,,,,"AlHaya Airlines",,,,,,,0,,,,,,0,0,0,0,0,,,,,,0,0,0,0,0,GEN-CRJ2
32144616,"2026-02-16 21:00:49","2026-02-16 21:00:49",33FFA0,Italy,Italy,MM7173,,,,,,Aeritalia,AMX,"Aeritalia AMX ACOL",IX085,,,,,,"Italian Air Force",,,,,,,0,,,,,,1,0,0,0,0,,,,,,0,0,0,0,0,
32142943,"2026-02-16 20:41:00","2026-02-16 20:41:00",A38810,"United States","United States",N3268F,,,,,,Mooney,M20P,"Mooney M.20E Super 21",670061,,,,,,Private,,,1967,,,,0,,,,,,0,0,0,0,0,,,,,,0,0,0,0,0,GEN-M20P
32142019,"2026-02-16 20:29:59","2026-02-16 20:29:59",A114D4,"United States","United States",N169TP,,,,,,SAAB,SB35,"SAAB Draken TF-35",351157,,,,,,"National Test Pilots School",,,,,,,0,,,,,,0,0,0,0,0,,,,,,0,0,0,0,0,GEN-SB35
32141931,"2026-02-16 20:28:52","2026-02-16 20:28:52",C05D22,Canada,Canada,C-GJGZ,,,,,,Cessna,C185,"Cessna A185F Skywagon 185",18503856,,,,,,Private,,,1979,,,,0,,,,,,0,0,0,0,0,,,,,,0,0,0,0,0,GEN-C185
32141389,"2026-02-16 20:22:27","2026-02-16 20:22:27",AC93AC,"United States","United States",N9095K,,,,,,Piper,PA46,"Piper PA-46 310P Malibu",4608023,,,,,,Private,,,1986,,,,0,,,,,,0,0,0,0,0,,,,,,0,0,0,0,0,GEN-PA46
32139907,"2026-02-16 20:04:36","2026-02-16 20:04:36",800555,India,India,VT-JBN,,,,,,Boeing,B738,"Boeing 737NG 86N/W",36818,,,,,,"Jet Airways",,,2009,,,,0,,,,,,0,0,0,0,0,,,,,,0,0,0,0,0,JAI
32138505,"2026-02-16 19:46:37","2026-02-16 19:46:37",A536FE,"United States","United States",N435PH,,,,,,Bell,B407,"Bell 407",53891,,,,,,Private,,,2008,,,,0,,,,,,0,0,0,0,0,,,,,,0,0,0,0,0,GEN-B407
32138146,"2026-02-16 19:41:55","2026-02-16 19:41:55",A38F1F,"United States","United States",N3285R,,,,,,Cessna,C411,"Cessna 411A",411-0285,,,,,,Private,,,,,,,0,,,,,,0,0,0,0,0,,,,,,0,0,0,0,0,GEN-C411
32138147,"2026-02-16 19:41:55","2026-02-16 19:41:55",43E860,"Isle of Man","Isle of Man",M-KPCO,,,,,,Embraer,E35L,"Embraer Legacy 600",14500973,,,,,,"National Legacy Aircraft Management",,,,,,,0,,,,,,0,0,0,0,0,,,,,,0,0,0,0,0,GEN-E35L
32138127,"2026-02-16 19:41:41","2026-02-16 19:41:41",A34C0A,"United States","United States",N311RL,,,,,,Bell,B407,"Bell 407",53069,,,,,,"Bell Helicopter Textron Inc",,,,,,,0,,,,,,0,0,0,0,0,,,,,,0,0,0,0,0,GEN-B407
32137596,"2026-02-16 19:36:01","2026-02-16 19:36:01",40509C,"United Kingdom","United Kingdom",G-CEER,,,,,,"ELA Aviación",ELA7,"ELA Aviación ELA 07 Gyrocopter R","0404 042 0712",,,,,,Private,,,2004,,,,0,,,,,,0,0,0,0,0,,,,,,0,0,0,0,0,GEN-ELA7
32137432,"2026-02-16 19:34:01","2026-02-16 19:34:01",478B6F,Norway,Norway,"",,,,,,"",-GND,"Ground Vehicle",,,,,,,"Stavanger Airport",,,,,,,0,,,,,,0,0,0,0,0,,,,,,0,0,0,0,0,GEN--GND
32136609,"2026-02-16 19:24:54","2026-02-16 19:24:54",A4807C,"United States","United States",N39AM,,,,,,Rutan,LGEZ,"Rutan Long-Ez",1637,,,,,,Private,,,1997,,,,0,,,,,,0,0,0,0,0,,,,,,0,0,0,0,0,GEN-LGEZ
32135882,"2026-02-16 19:15:58","2026-02-16 19:15:58",AC216D,"United States","United States",N8809E,,,,,,"Eagle Aircraft Company",DW1,"Eagle Aircraft Company Eagle DW.1",DW-1-0054-82,,,,,,Private,,,,,,,0,,,,,,0,0,0,0,0,,,,,,0,0,0,0,0,GEN-DW1
32134261,"2026-02-16 18:56:37","2026-02-16 18:56:37",A927A5,"United States","United States",N68942,,,,,,Boeing,ST75,"Boeing Stearman B75N1 N2S-3 Kaydet",75-7850,,,,,,Private,,,,,,,0,,,,,,0,0,0,0,0,,,,,,0,0,0,0,0,GEN-ST75
32133454,"2026-02-16 18:47:12","2026-02-16 18:47:12",ADA846,"United States","United States",N9796H,,,,,,Cessna,C182,"Cessna 182R Skylane",18268030,,,,,,Private,,,1981,,,,0,,,,,,0,0,0,0,0,,,,,,0,0,0,0,0,GEN-C182
32133145,"2026-02-16 18:43:04","2026-02-16 18:43:04",50011C,"San Marino","San Marino",T7-TAL,,,,,,"Avions de Transport Regional",AT43,"Avions de Transport Regional ATR 42 300",051,,,,,,"Colombian National Police",,,1987,,,,0,,,,,,0,0,0,0,0,,,,,,0,0,0,0,0,GEN-AT43
32132963,"2026-02-16 18:40:55","2026-02-16 18:40:55",A0E413,"United States","United States",N1569G,,,,,,Beech,BE58,"Beech Baron 58",TH-1558,,,,,,Private,,,1989,,,,0,,,,,,0,0,0,0,0,,,,,,0,0,0,0,0,GEN-BE58
32132911,"2026-02-16 18:40:20","2026-02-16 18:40:20",AAB4DA,"United States","United States",N7894A,,,,,,Cessna,C180,"Cessna 180A",32791,,,,,,Private,,,1957,,,,0,,,,,,0,0,0,0,0,,,,,,0,0,0,0,0,GEN-C180
32132039,"2026-02-16 18:30:00","2026-02-16 18:30:00",AA4C36,"United States","United States",N7626X,,,,,,Cessna,C172,"Cessna 172B Skyhawk",48126,,,,,,Private,,,1960,,,,0,,,,,,0,0,0,0,0,,,,,,0,0,0,0,0,GEN-C172
32131912,"2026-02-16 18:28:14","2026-02-16 18:28:14",AAACFF,"United States","United States",N78707,,,,,,Piper,PA12,"Piper PA-12 Super Cruiser",12-3983,,,,,,Private,,,1947,,,,0,,,,,,0,0,0,0,0,,,,,,0,0,0,0,0,GEN-PA12
32131694,"2026-02-16 18:25:55","2026-02-16 18:25:55",4A81C5,Sweden,Sweden,SE-JHB,,,,,,Eurocopter,EC20,"Eurocopter EC120B Colibri",1214,,,,,,"Kallax Flyg",,,2001,,,,0,,,,,,0,0,0,0,0,,,,,,0,0,0,0,0,GEN-EC20
32131221,"2026-02-16 18:20:43","2026-02-16 18:20:43",C016D4,Canada,Canada,C-FIQT,,,,,,Bombardier,DH8C,"Bombardier DHC-8 314",395,,,,,,"Voyageur Airways",,,1995,,,,0,,,,,,0,0,0,0,0,,,,,,0,0,0,0,0,VAL
32130410,"2026-02-16 18:11:46","2026-02-16 18:11:46",4249E6,Bermuda,Bermuda,VQ-BLC,,,,,,"Avions de Transport Regional",AT75,"Avions de Transport Regional ATR 72 500",942,,,,,,"UT air Express",,,2011,,,,0,,,,,,0,0,0,0,0,,,,,,0,0,0,0,0,UTX
32130289,"2026-02-16 18:10:28","2026-02-16 18:10:28",AE1960,"United States","United States",80-0185,,,,,,Fairchild,A10,"Fairchild A-10C Thunderbolt II",A10-0535,,,,,,"United States Air Force",,,,,,,0,,,https://cdn.jetphotos.com/full/1/59233_1059173112.jpg,"","",1,0,0,0,0,,,,,,0,0,0,0,0,
32129740,"2026-02-16 18:03:59","2026-02-16 18:03:59",A6F0FC,"United States","United States",N5463E,,,,,,Helio,COUR,"Helio Courier H.250",2519,,,,,,Private,,,1965,,,,0,,,,,,0,0,0,0,0,,,,,,0,0,0,0,0,GEN-COUR
32129312,"2026-02-16 17:59:15","2026-02-16 17:59:15",4B3C88,Switzerland,Switzerland,HB-WYA,,,,,,"Flight Design",FDCT,"Flight Design CT LS ELA",F-09-03-06,,,,,,Private,,,2009,,,,0,,,,,,0,0,0,0,0,,,,,,0,0,0,0,0,GEN-FDCT
32128971,"2026-02-16 17:55:34","2026-02-16 17:55:34",A30BC3,"United States","United States",N296,,,,,,Beech,BE36,"Beech Bonanza A36",E-2095,,,,,,Private,,,1983,,,,0,,,,,,0,0,0,0,0,,,,,,0,0,0,0,0,GEN-BE36
32128335,"2026-02-16 17:48:11","2026-02-16 17:48:11",A4718A,"United States","United States",N38591,,,,,,Piper,J5,"Piper J-5 A Cub Cruiser",5-1011,,,,,,Private,,,1941,,,,0,,,,,,0,0,0,0,0,,,,,,0,0,0,0,0,GEN-J5
32127700,"2026-02-16 17:41:00","2026-02-16 17:41:00",A909C9,"United States","United States",N68131,,,,,,Fleet,FA62,"Fleet M-62A-3 Cornell II",FV138,,,,,,Private,,,1943,,,,0,,,,,,0,0,0,0,0,,,,,,0,0,0,0,0,GEN-FA62
32127489,"2026-02-16 17:38:32","2026-02-16 17:38:32",A29D2F,"United States","United States",N268EX,,,,,,"Textron Aviation",C208,"Textron Aviation 208 EX",208B-5268,,,,,,"Textron Aviation Inc",,,2015,,,,0,,,,,,0,0,0,0,0,,,,,,0,0,0,0,0,GEN-C208
32127353,"2026-02-16 17:37:07","2026-02-16 17:37:07",0D0BB1,Mexico,Mexico,XA-BIG,,,,,,Airbus,A320,"Airbus A320 214",3631,,,,,,Interjet,,,2008,,,,0,,,,,,0,0,0,0,0,,,,,,0,0,0,0,0,AIJ
32127135,"2026-02-16 17:34:45","2026-02-16 17:34:45",A71CD6,"United States","United States",N55774,,,,,,Piper,P28B,"Piper PA-28 235 Cherokee C",28-7310157,,,,,,Private,,,1973,,,,0,,,,,,0,0,0,0,0,,,,,,0,0,0,0,0,GEN-P28B
32127091,"2026-02-16 17:34:14","2026-02-16 17:34:14",AB4A2E,"United States","United States",N8265B,,,,,,Cessna,C172,"Cessna 172",36065,,,,,,Private,,,,,,,0,,,,,,0,0,0,0,0,,,,,,0,0,0,0,0,GEN-C172
32125693,"2026-02-16 17:18:21","2026-02-16 17:18:21",A995A8,"United States","United States",N7167D,,,,,,"Light Aero",AVID,"Light Aero Avid Flyer",ATG-9087,,,,,,Private,,,1990,,,,0,,,,,,0,0,0,0,0,,,,,,0,0,0,0,0,GEN-AVID
32125576,"2026-02-16 17:16:51","2026-02-16 17:16:51",AABADB,"United States","United States",N7903W,,,,,,Piper,P28A,"Piper PA-28 180 Cherokee C",28-1933,,,,,,Private,,,1964,,,,0,,,,,,0,0,0,0,0,,,,,,0,0,0,0,0,GEN-P28A
32124612,"2026-02-16 17:06:04","2026-02-16 17:06:04",A148D0,"United States","United States",N182HG,,,,,,Cessna,C182,"Cessna 182Q Skylane",18267094,,,,,,Private,,,,,,,0,,,,,,0,0,0,0,0,,,,,,0,0,0,0,0,GEN-C182
32123962,"2026-02-16 16:58:52","2026-02-16 16:58:52",A6FED4,"United States","United States",N55U,,,,,,Beech,BE35,"Beech Bonanza D35",D-3486,,,,,,Private,,,,,,,0,,,,,,0,0,0,0,0,,,,,,0,0,0,0,0,GEN-BE35
32122679,"2026-02-16 16:43:55","2026-02-16 16:43:55",AB5623,"United States","United States",N83BJ,,,,,,Stoddard-Hamilton,GLAS,"Stoddard-Hamilton Glasair",488,,,,,,Private,,,,,,,0,,,,,,0,0,0,0,0,,,,,,0,0,0,0,0,GEN-GLAS
32121677,"2026-02-16 16:31:32","2026-02-16 16:31:32",A6020E,"United States","United States",N4866A,,,,,,Piper,PA22,"Piper PA-22 150 Tri-Pacer",22-4025,,,,,,Private,,,1956,,,,0,,,,,,0,0,0,0,0,,,,,,0,0,0,0,0,GEN-PA22
32121016,"2026-02-16 16:23:58","2026-02-16 16:23:58",ACCC5B,"United States","United States",N9235E,,,,,,Maule,M5,"Maule M-5 235C Lunar Rocket",7104C,,,,,,Private,,,1977,,,,0,,,,,,0,0,0,0,0,,,,,,0,0,0,0,0,GEN-M5
32119567,"2026-02-16 16:07:08","2026-02-16 16:07:08",3EEB89,Germany,Germany,D-2802,,,,,,PZL-Bielsko,GLID,"PZL-Bielsko SZD-51-1 Junior",B-1844,,,,,,Private,,,,,,,0,,,,,,0,0,0,0,0,,,,,,0,0,0,0,0,GEN-GLID
32119350,"2026-02-16 16:04:46","2026-02-16 16:04:46",A034A7,"United States","United States",N112LM,,,,,,Enstrom,EN28,"Enstrom F-28 C",402,,,,,,Private,,,,,,,0,,,,,,0,0,0,0,0,,,,,,0,0,0,0,0,GEN-EN28
32118244,"2026-02-16 15:51:43","2026-02-16 15:51:43",780E0A,China,China,B-3280,,,,,,Embraer,E35L,"Embraer Legacy 650",14501210,,,,,,"Sino Jet (Beijing) Company",,,2015,,,,0,,,,,,0,0,0,0,0,,,,,,0,0,0,0,0,JBE
32118168,"2026-02-16 15:50:58","2026-02-16 15:50:58",ADB694,"United States","United States",N983D,,,,,,Stinson,S108,"Stinson Voyager 108-2",108-2983,,,,,,Private,,,1947,,,,0,,,,,,0,0,0,0,0,,,,,,0,0,0,0,0,GEN-S108
32117601,"2026-02-16 15:45:19","2026-02-16 15:45:19",A227CC,"United States","United States",N238SD,,,,,,Bell,UH1,"Bell UH-1H Iroquois",12884,,,,,,"United States Department Of State",,,,,,,0,,,,,,0,0,0,0,0,,,,,,0,0,0,0,0,GEN-UH1
32117282,"2026-02-16 15:41:43","2026-02-16 15:41:43",A119FD,"United States","United States",N170JH,,,,,,Piper,PA22,"Piper PA-22 135 Tri-Pacer",22-1645,,,,,,Private,,,1953,,,,0,,,,,,0,0,0,0,0,,,,,,0,0,0,0,0,GEN-PA22
32116509,"2026-02-16 15:33:03","2026-02-16 15:33:03",852AE8,Japan,Japan,JA3872,,,,,,Cessna,C206,"Cessna U206G Turbo Stationair 6",U20605605,,,,,,Private,,,,,,,0,,,,,,0,0,0,0,0,,,,,,0,0,0,0,0,GEN-C206
32116214,"2026-02-16 15:29:25","2026-02-16 15:29:25",4785E3,Norway,Norway,LN-NON,,,,,,Boeing,B738,"Boeing 737NG 86N/W",28620,,,,,,Norwegian,,,2000,,,,0,,,,,,0,0,0,0,0,,,,,,0,0,0,0,0,NOZ
32115756,"2026-02-16 15:24:13","2026-02-16 15:24:13",A053D8,"United States","United States",N120BN,,,,,,Eurocopter,EC20,"Eurocopter EC120B Colibri",1177,,,,,,"Hover Air LLC",,,2001,,,,0,,,,,,0,0,0,0,0,,,,,,0,0,0,0,0,GEN-EC20
32115652,"2026-02-16 15:23:04","2026-02-16 15:23:04",AD7D92,"United States","United States",N96898,,,,,,Taylorcraft,TAYB,"Taylorcraft BC-12 D",9198,,,,,,Private,,,1946,,,,0,,,,,,0,0,0,0,0,,,,,,0,0,0,0,0,GEN-TAYB
32115567,"2026-02-16 15:22:15","2026-02-16 15:22:15",3D9C76,Germany,Germany,D-GFMS,,,,,,Piper,PA44,"Piper PA-44 180 Seminole",4496136,,,,,,Private,,,2002,,,,0,,,,,,0,0,0,0,0,,,,,,0,0,0,0,0,GEN-PA44
32115134,"2026-02-16 15:17:16","2026-02-16 15:17:16",A6C837,"United States","United States",N536RJ,,,,,,"Textron Aviation",C208,"Textron Aviation 208 EX",208B-5346,,,,,,"Textron Aviation Inc",,,2017,,,,0,,,,,,0,0,0,0,0,,,,,,0,0,0,0,0,GEN-C208
32115087,"2026-02-16 15:16:50","2026-02-16 15:16:50",A63068,"United States","United States",N49814,,,,,,Fairchild,FA62,"Fairchild PT-19A M-62A",T42-3590,,,,,,Private,,,1942,,,,0,,,,,,0,0,0,0,0,,,,,,0,0,0,0,0,GEN-FA62
32115054,"2026-02-16 15:16:29","2026-02-16 15:16:29",AC6E31,"United States","United States",N90Q,,,,,,Aerospatiale,AS50,"Aerospatiale Squirrel AS.350 D",2324,,,,,,Private,,,1990,,,,0,,,,,,0,0,0,0,0,,,,,,0,0,0,0,0,GEN-AS50
32114621,"2026-02-16 15:11:57","2026-02-16 15:11:57",4891A1,Poland,Poland,SP-ENB,,,,,,Boeing,B734,"Boeing 737 4Q8",26299,,,,,,"Enter Air",,,1994,,,,0,,,,,,0,0,0,0,0,,,,,,0,0,0,0,0,GEN-B734
32114553,"2026-02-16 15:11:11","2026-02-16 15:11:11",A28E23,"United States","United States",N264CZ,,,,,,"Cirrus Design",SR20,"Cirrus Design SR20",2646,,,,,,Private,,,2020,,,,0,,,,,,0,0,0,0,0,,,,,,0,0,0,0,0,GEN-SR20
32114390,"2026-02-16 15:09:32","2026-02-16 15:09:32",0900AD,Angola,Angola,D2-EEA,,,,,,Bombardier,DH8D,"Bombardier DHC-8 402",4294,,,,,,"Government of Angola",,,2009,,,,0,,,,,,0,0,0,0,0,,,,,,0,0,0,0,0,GEN-DH8D
32114044,"2026-02-16 15:05:46","2026-02-16 15:05:46",AAAA18,"United States","United States",N78665,,,,,,Piper,PA11,"Piper PA-11 Cub Special",11-1426,,,,,,Private,,,1947,,,,0,,,,,,0,0,0,0,0,,,,,,0,0,0,0,0,GEN-PA11
32111331,"2026-02-16 14:35:48","2026-02-16 14:35:48",A62684,"United States","United States",N496BJ,,,,,,Bell,B407,"Bell 407 GX",54439,,,,,,Private,,,2013,,,,0,,,,,,0,0,0,0,0,,,,,,0,0,0,0,0,GEN-B407
32111264,"2026-02-16 14:35:03","2026-02-16 14:35:03",C0112E,Canada,Canada,C-FGND,,,,,,Vans,RV9,"Vans RV-9 A",91396,,,,,,Private,,,,,,,0,,,,,,0,0,0,0,0,,,,,,0,0,0,0,0,GEN-RV9
32109843,"2026-02-16 14:19:04","2026-02-16 14:19:04",C028C2,Canada,Canada,C-FPLH,,,,,,Robinson,R44,"Robinson R44 Clipper II",12796,,,,,,Private,,,2010,,,,0,,,,,,0,0,0,0,0,,,,,,0,0,0,0,0,GEN-R44
32109631,"2026-02-16 14:16:42","2026-02-16 14:16:42",ACC26E,"United States","United States",N921FR,,,,,,Airbus,A319,"Airbus A319 111",2010,,,,,,"Frontier Airlines",,,2003,,,,0,,,,,,0,0,0,0,0,,,,,,0,0,0,0,0,GEN-A319
32109285,"2026-02-16 14:12:44","2026-02-16 14:12:44",47ABF4,Norway,Norway,LN-FTR,,,,,,"Diamond Aircraft",DA40,"Diamond Aircraft Diamond Star DA40 NG",40.N305,,,,,,"Pilot Flyskole",,,,,,,0,,,,,,0,0,0,0,0,,,,,,0,0,0,0,0,GEN-DA40
32107999,"2026-02-16 13:58:03","2026-02-16 13:58:03",71CA52,"South Korea","South Korea",HL9252,,,,,,Sikorsky,S76,"Sikorsky S-76 C",760457,,,,,,"LG Electronics Inc",,,,,,,0,,,,,,0,0,0,0,0,,,,,,0,0,0,0,0,GEN-S76
32107538,"2026-02-16 13:52:33","2026-02-16 13:52:33",1511FD,Russia,Russia,RA-70141,,,,,,Antonov,AN2,"Antonov An-2 TP",1G137-15,,,,,,"Ulyanovsk Higher Aviation School",,,,,,,0,,,,,,0,0,0,0,0,,,,,,0,0,0,0,0,GEN-AN2
32107097,"2026-02-16 13:47:27","2026-02-16 13:47:27",A55D1E,"United States","United States",N4449T,,,,,,Piper,P28A,"Piper PA-28 140 Cherokee E",28-7225139,,,,,,Private,,,1971,,,,0,,,,,,0,0,0,0,0,,,,,,0,0,0,0,0,GEN-P28A
32106917,"2026-02-16 13:45:41","2026-02-16 13:45:41",402825,"United Kingdom","United Kingdom",G-ARFI,,,,,,Cessna,C150,"Cessna 150A",15059100,,,,,,Private,,,1960,,,,0,,,,,,0,0,0,0,0,,,,,,0,0,0,0,0,GEN-C150
32106445,"2026-02-16 13:40:27","2026-02-16 13:40:27",AE134C,"United States","United States",161775,,,,,,Grumman,A6,"Grumman EA-6B Prowler",P-98,,,,,,"United States Navy",,,,,,,0,,,,,,1,0,0,0,0,,,,,,0,0,0,0,0,CNV
32106120,"2026-02-16 13:36:54","2026-02-16 13:36:54",A0B745,"United States","United States",N145WP,,,,,,Beech,BE35,"Beech Bonanza G35",D-4440,,,,,,Private,,,1955,,,,0,,,,,,0,0,0,0,0,,,,,,0,0,0,0,0,GEN-BE35
32105619,"2026-02-16 13:31:25","2026-02-16 13:31:25",468895,Greece,Greece,SX-BDU,,,,,,Boeing,B733,"Boeing 737 33R",28873,,,,,,"Express Airways",,,1997,,,,0,,,,,,0,0,0,0,0,,,,,,0,0,0,0,0,GEN-B733
32105528,"2026-02-16 13:30:18","2026-02-16 13:30:18",A6F12A,"United States","United States",N5464R,,,,,,"De Havilland Canada",DHC2,"De Havilland Canada DHC-2 Beaver U-6A",918,,,,,,Private,,,1956,,,,0,,,,,,0,0,0,0,0,,,,,,0,0,0,0,0,GEN-DHC2
32104173,"2026-02-16 13:15:12","2026-02-16 13:15:12",A1C36A,"United States","United States",N21209,,,,,,Taylor-Young,TAYA,"Taylor-Young Model A",621,,,,,,Private,,,1938,,,,0,,,,,,0,0,0,0,0,,,,,,0,0,0,0,0,GEN-TAYA
32103288,"2026-02-16 13:05:01","2026-02-16 13:05:01",3DA096,Germany,Germany,D-GHBI,,,,,,Piper,PA34,"Piper PA-34 220T Seneca III",34-8133248,,,,,,Private,,,1981,,,,0,,,,,,0,0,0,0,0,,,,,,0,0,0,0,0,GEN-PA34
32102829,"2026-02-16 13:00:07","2026-02-16 13:00:07",A7C78B,"United States","United States",N600DA,,,,,,Piper,PA31,"Piper PA-31 350 Navajo Chieftain",31-8152085,,,,,,Private,,,1981,,,,0,,,,,,0,0,0,0,0,,,,,,0,0,0,0,0,GEN-PA31
32102709,"2026-02-16 12:58:43","2026-02-16 12:58:43",A17576,"United States","United States",N193Y,,,,,,Kolb,ULAC,"Kolb Mk.II",CW011370,,,,,,Private,,,2007,,,,0,,,,,,0,0,0,0,0,,,,,,0,0,0,0,0,GEN-ULAC
27212,"2022-05-18 03:27:49","2026-02-16 12:50:16",48425C,Netherlands,Netherlands,"",,,,"",,"",-GND,"","",,,,,,"",,,,,,"",0,,,,,,0,0,0,0,0,Missing,,,"","",0,0,0,0,0,GEN--GND
32101089,"2026-02-16 12:40:41","2026-02-16 12:40:41",401A9A,"United Kingdom","United Kingdom",G-BAZT,,,,,,Reims/Cessna,C172,"Reims/Cessna F172M",0996,,,,,,"Cornelis International Airways B.V.",,,,,,,0,,,,,,0,0,0,0,0,,,,,,0,0,0,0,0,GEN-C172
32100996,"2026-02-16 12:39:40","2026-02-16 12:39:40",A8F145,"United States","United States",N6754X,,,,,,Cessna,C310,"Cessna 310F",310-0054,,,,,,Private,,,,,,,0,,,,,,0,0,0,0,0,,,,,,0,0,0,0,0,GEN-C310
32100161,"2026-02-16 12:30:34","2026-02-16 12:30:34",A66790,"United States","United States",N5110T,,,,,,Champion,CH7A,"Champion Citabria 7ECA",443,,,,,,Private,,,1966,,,,0,,,,,,0,0,0,0,0,,,,,,0,0,0,0,0,GEN-CH7A
32099399,"2026-02-16 12:22:45","2026-02-16 12:22:45",A1EAF3,"United States","United States",N2221J,,,,,,Cessna,C150,"Cessna 150G",15065421,,,,,,Private,,,,,,,0,,,,,,0,0,0,0,0,,,,,,0,0,0,0,0,GEN-C150
32099338,"2026-02-16 12:21:56","2026-02-16 12:21:56",A71258,"United States","United States",N555DQ,,,,,,DAHER-SOCATA,TBM8,"DAHER-SOCATA TBM 850",611,,,,,,"Juliet Whiskey Aviation LLC",,,2012,,,,0,,,,,,0,0,0,0,0,,,,,,0,0,0,0,0,GEN-TBM8
32099290,"2026-02-16 12:21:28","2026-02-16 12:21:28",A43660,"United States","United States",N37011,,,,,,"Balloon Works",BALL,"Balloon Works Firefly 8B Hot Air Balloon",F8B-006,,,,,,Private,,,1984,,,,0,,,,,,0,0,0,0,0,,,,,,0,0,0,0,0,GEN-BALL
32099100,"2026-02-16 12:19:19","2026-02-16 12:19:19",A7F5CC,"United States","United States",N6117K,,,,,,Cessna,C150,"Cessna 150M",15077534,,,,,,Private,,,,,,,0,,,,,,0,0,0,0,0,,,,,,0,0,0,0,0,GEN-C150
32098424,"2026-02-16 12:11:43","2026-02-16 12:11:43",A609F3,"United States","United States",N4889Q,,,,,,Cessna,C188,"Cessna 188B",18802625,,,,,,Private,,,1976,,,,0,,,,,,0,0,0,0,0,,,,,,0,0,0,0,0,GEN-C188
32096076,"2026-02-16 11:45:34","2026-02-16 11:45:34",AC9D92,"United States","United States",N9116F,,,,,,Hughes,H500,"Hughes 369 HS",72-0396S,,,,,,Private,,,1972,,,,0,,,,,,0,0,0,0,0,,,,,,0,0,0,0,0,GEN-H500
32095901,"2026-02-16 11:43:28","2026-02-16 11:43:28",A19584,"United States","United States",N2008S,,,,,,Weatherly,W201,"Weatherly 620 B",1559,,,,,,Private,,,1993,,,,0,,,,,,0,0,0,0,0,,,,,,0,0,0,0,0,GEN-W201
32095599,"2026-02-16 11:40:18","2026-02-16 11:40:18",A0DAB5,"United States","United States",N154TA,,,,,,Cessna,COL4,"Cessna 400 LC41-550FG",411065,,,,,,Private,,,2008,,,,0,,,,,,0,0,0,0,0,,,,,,0,0,0,0,0,GEN-COL4
32095003,"2026-02-16 11:34:05","2026-02-16 11:34:05",3EFAD1,Germany,Germany,D-6714,,,,,,Schleicher,GLID,"Schleicher ASW 19 B",19045,,,,,,Private,,,1976,,,,0,,,,,,0,0,0,0,0,,,,,,0,0,0,0,0,GEN-GLID
32094387,"2026-02-16 11:27:03","2026-02-16 11:27:03",A37740,"United States","United States",N322RL,,,,,,Bell,B06,"Bell 206L Long Ranger IV",52322,,,,,,Private,,,,,,,0,,,,,,0,0,0,0,0,,,,,,0,0,0,0,0,GEN-B06
32094308,"2026-02-16 11:26:06","2026-02-16 11:26:06",A95220,"United States","United States",N7ZE,,,,,,"Velocity Aircraft",VELO,"Velocity Aircraft Velocity XL RG","3RX 025",,,,,,Private,,,2003,,,,0,,,,,,0,0,0,0,0,,,,,,0,0,0,0,0,GEN-VELO
32094287,"2026-02-16 11:25:56","2026-02-16 11:25:56",A6C58C,"United States","United States",N5351S,,,,,,Cessna,C337,"Cessna 337A Super Skymaster",33700451,,,,,,Private,,,1966,,,,0,,,,,,0,0,0,0,0,,,,,,0,0,0,0,0,GEN-C337
32093646,"2026-02-16 11:19:05","2026-02-16 11:19:05",3DED13,Germany,Germany,D-HKAL,,,,,,"MD Helicopters",MD60,"MD Helicopters MD 600N",RN073,,,,,,Private,,,,,,,0,,,,,,0,0,0,0,0,,,,,,0,0,0,0,0,GEN-MD60
32093571,"2026-02-16 11:18:09","2026-02-16 11:18:09",A9D9DF,"United States","United States",N73393,,,,,,Stinson,RELI,"Stinson Reliant V-77",77-276,,,,,,Private,,,1944,,,,0,,,,,,0,0,0,0,0,,,,,,0,0,0,0,0,GEN-RELI
32092638,"2026-02-16 11:07:36","2026-02-16 11:07:36",A8C5D8,"United States","United States",N6643B,,,,,,Cessna,C310,"Cessna 310B",35743,,,,,,Private,,,,,,,0,,,,,,0,0,0,0,0,,,,,,0,0,0,0,0,GEN-C310
32090013,"2026-02-16 10:40:03","2026-02-16 10:40:03",A216E6,"United States","United States",N2336Y,,,,,,Cessna,C177,"Cessna 177 Cardinal",17700136,,,,,,Private,,,1967,,,,0,,,,,,0,0,0,0,0,,,,,,0,0,0,0,0,GEN-C177
32090014,"2026-02-16 10:40:03","2026-02-16 10:40:03",A1A5E4,"United States","United States",N205PJ,,,,,,Bell,UH1,"Bell UH-1H Iroquois",4324,,,,,,"American Patriot Helicopters",,,,,,,0,,,,,,0,0,0,0,0,,,,,,0,0,0,0,0,GEN-UH1
32088995,"2026-02-16 10:28:57","2026-02-16 10:28:57",A454AE,"United States","United States",N3786A,,,,,,Smyth,SIDE,"Smyth Sidewinder",212581,,,,,,Private,,,,,,,0,,,,,,0,0,0,0,0,,,,,,0,0,0,0,0,GEN-SIDE
32088611,"2026-02-16 10:24:43","2026-02-16 10:24:43",406E55,"United Kingdom","United Kingdom",G-GILB,,,,,,Cessna,C510,"Cessna Citation Mustang",510-0241,,,,,,Catreus,,,2009,,,,0,,,,,,0,0,0,0,0,,,,,,0,0,0,0,0,VCG
32087176,"2026-02-16 10:08:43","2026-02-16 10:08:43",A1EFBE,"United States","United States",N2239E,,,,,,Aeronca,CH7A,"Aeronca Champion 7AC",7AC-5813,,,,,,Private,,,1946,,,,0,,,,,,0,0,0,0,0,,,,,,0,0,0,0,0,GEN-CH7A
32084153,"2026-02-16 09:36:09","2026-02-16 09:36:09",392023,France,France,F-GIBD,,,,,,Robin,HR10,"Robin HR.100 210 Safari",154,,,,,,Private,,,1973,,,,0,,,,,,0,0,0,0,0,,,,,,0,0,0,0,0,GEN-HR10
32083522,"2026-02-16 09:29:22","2026-02-16 09:29:22",A5B631,"United States","United States",N46711,,,,,,Fairchild,FA62,"Fairchild PT-19A M-62A",T42-1881,,,,,,Private,,,1942,,,,0,,,,,,0,0,0,0,0,,,,,,0,0,0,0,0,GEN-FA62
32083011,"2026-02-16 09:23:43","2026-02-16 09:23:43",A676A6,"United States","United States",N5152F,,,,,,Cessna,C172,"Cessna T-41A Mescalero",17252996,,,,,,Private,,,1965,,,,0,,,,,,0,0,0,0,0,,,,,,0,0,0,0,0,GEN-C172
32082885,"2026-02-16 09:22:32","2026-02-16 09:22:32",45E1C4,Denmark,Denmark,OY-XND,,,,,,Grob,G109,"Grob G 109B",6286,,,,,,Private,,,1984,,,,0,,,,,,0,0,0,0,0,,,,,,0,0,0,0,0,GEN-G109
32081693,"2026-02-16 09:08:28","2026-02-16 09:08:28",402660,"United Kingdom","United Kingdom",G-BMJX,,,,,,"Wallis Autogyros",GYRO,"Wallis Autogyros WA116 Series 1",K219X,,,,,,Private,,,1985,,,,0,,,,,,0,0,0,0,0,,,,,,0,0,0,0,0,GEN-GYRO
32081454,"2026-02-16 09:05:56","2026-02-16 09:05:56",C0349C,Canada,Canada,C-FTXZ,,,,,,Airbus,A321,"Airbus A321 211SL",6548,,,,,,"Air Transat",,,2015,,,,0,,,,,,0,0,0,0,0,,,,,,0,0,0,0,0,TSC
32081038,"2026-02-16 09:01:19","2026-02-16 09:01:19",71D450,"South Korea","South Korea",HL9450,,,,,,"MBB Kawasaki",BK17,"MBB Kawasaki BK.117",1113,,,,,,Private,,,,,,,0,,,,,,0,0,0,0,0,,,,,,0,0,0,0,0,GEN-BK17
32079778,"2026-02-16 08:46:57","2026-02-16 08:46:57",A2B185,"United States","United States",N2729H,,,,,,ERCO,ERCO,"Ercoupe 415-C",3354,,,,,,Private,,,1946,,,,0,,,,,,0,0,0,0,0,,,,,,0,0,0,0,0,GEN-ERCO
32079679,"2026-02-16 08:45:55","2026-02-16 08:45:55",489C08,Poland,Poland,SP-HAI,,,,,,Airbus,A320,"Airbus A320 233",1007,,,,,,"Small Planet Airlines Polska",,,1999,,,,0,,,,,,0,0,0,0,0,,,,,,0,0,0,0,0,LLP
32079431,"2026-02-16 08:43:02","2026-02-16 08:43:02",39E443,France,France,F-HZCD,,,,,,CZAW,CRUZ,"CZAW PS-28 Cruiser",C0589,,,,,,Private,,,,,,,0,,,,,,0,0,0,0,0,,,,,,0,0,0,0,0,GEN-CRUZ
32079401,"2026-02-16 08:42:40","2026-02-16 08:42:40",758226,Philippines,Philippines,RP-C3265,,,,,,Airbus,A320,"Airbus A320 214",4861,,,,,,"Cebu Pacific Air",,,2011,,,,0,,,,,,0,0,0,0,0,,,,,,0,0,0,0,0,CEB
32079283,"2026-02-16 08:41:27","2026-02-16 08:41:27",45CDAC,Denmark,Denmark,OY-SML,,,,,,Cessna,C525,"Cessna Citation CJ1",525-0258,,,,,,"Skan Service Aps",,,,,,,0,,,,,,0,0,0,0,0,,,,,,0,0,0,0,0,GEN-C525
32077976,"2026-02-16 08:26:54","2026-02-16 08:26:54",A82606,"United States","United States",N624KM,,,,,,"Israel Aircraft Industries",WW24,"Israel Aircraft Industries 1124 Westwind",227,,,,,,"MM Loft LLC",,,1977,,,,0,,,,,,0,0,0,0,0,,,,,,0,0,0,0,0,GEN-WW24
32077947,"2026-02-16 08:26:33","2026-02-16 08:26:33",01002A,Egypt,Egypt,SU-GBS,,,,,,Boeing,B772,"Boeing 777 266ER",28425,,,,,,Egyptair,,,1997,,,,0,,,,,,0,0,0,0,0,,,,,,0,0,0,0,0,MSR
32077613,"2026-02-16 08:22:55","2026-02-16 08:22:55",A8825E,"United States","United States",N64752,,,,,,Boeing,ST75,"Boeing Stearman A75N1 PT-17 Kaydet",75-2293,,,,,,Private,,,1942,,,,0,,,,,,0,0,0,0,0,,,,,,0,0,0,0,0,GEN-ST75
32077428,"2026-02-16 08:20:53","2026-02-16 08:20:53",A914BB,"United States","United States",N6842K,,,,,,Piper,PA16,"Piper PA-16 Clipper",16-690,,,,,,Private,,,1949,,,,0,,,,,,0,0,0,0,0,,,,,,0,0,0,0,0,GEN-PA16
11102,"2021-11-08 16:26:52","2026-02-16 08:11:00",C87EE8,"New Zealand","New Zealand","",,,,"",,"",ZZZZ,"","",,,,,,"",,,,,,"",0,,,,,,0,0,0,0,0,Missing,,,"","",0,0,0,0,0,GEN-ZZZZ
766556,"2023-10-30 20:59:55","2026-02-16 08:11:00",43BF96,"United Kingdom","United Kingdom","",,,,"",,"",ZANT,"","",,,,,,"",,,,,,"",0,,,,,,0,0,0,0,0,Missing,,,"","",0,0,0,0,0,ZANT
32075202,"2026-02-16 07:55:16","2026-02-16 07:55:16",A5246D,"United States","United States",N430PK,,,,,,"Light Aero",AVID,"Light Aero Avid Flyer Mk.IV",4302001,,,,,,Private,,,2006,,,,0,,,,,,0,0,0,0,0,,,,,,0,0,0,0,0,GEN-AVID
32075056,"2026-02-16 07:53:28","2026-02-16 07:53:28",47BDCD,Norway,Norway,LN-RGG,,,,,,Boeing,B738,"Boeing 737NG 86N/W",38039,,,,,,"Scandinavian Airlines System",,,2013,,,,0,,,,,,0,0,0,0,0,,,,,,0,0,0,0,0,SAS
32074785,"2026-02-16 07:50:05","2026-02-16 07:50:05",84D32D,Japan,Japan,JA28TT,,,,,,"DG Flugzeugbau",DG80,"DG Flugzeugbau DG-800B",8-241B155,,,,,,Private,,,2001,,,,0,,,,,,0,0,0,0,0,,,,,,0,0,0,0,0,GEN-DG80
32074381,"2026-02-16 07:45:03","2026-02-16 07:45:03",A5BB02,"United States","United States",N46893,,,,,,Aeronca,AR6T,"Aeronca O-58B (L-3B) Grasshopper",O58B-2692,,,,,,Private,,,1942,,,,0,,,,,,0,0,0,0,0,,,,,,0,0,0,0,0,GEN-AR6T
32074301,"2026-02-16 07:44:12","2026-02-16 07:44:12",A67E39,"United States","United States",N5173H,,,,,,Piper,PA14,"Piper PA-14 Family Cruiser",14-186,,,,,,Private,,,1948,,,,0,,,,,,0,0,0,0,0,,,,,,0,0,0,0,0,GEN-PA14
32074274,"2026-02-16 07:43:51","2026-02-16 07:43:51",AAED72,"United States","United States",N803EM,,,,,,"Cirrus Design",SR22,"Cirrus Design SR22",0457,,,,,,Private,,,2003,,,,0,,,,,,0,0,0,0,0,,,,,,0,0,0,0,0,GEN-SR22
32072431,"2026-02-16 07:21:33","2026-02-16 07:21:33",449023,Belgium,Belgium,OO-DAC,,,,,,Schweizer,GLID,"Schweizer SGU 2-22",19,,,,,,Private,,,1946,,,,0,,,,,,0,0,0,0,0,,,,,,0,0,0,0,0,GEN-GLID
32071986,"2026-02-16 07:16:06","2026-02-16 07:16:06",A4DAA9,"United States","United States",N4113S,,,,,,"Diamond Aircraft",DV20,"Diamond Aircraft Katana DA20-C1",C0473,,,,,,Private,,,2007,,,,0,,,,,,0,0,0,0,0,,,,,,0,0,0,0,0,GEN-DV20
32071490,"2026-02-16 07:09:46","2026-02-16 07:09:46",A1EC48,"United States","United States",N223BJ,,,,,,"Light Aero",AVID,"Light Aero Avid Flyer Mk.IV",1245D,,,,,,Private,,,1999,,,,0,,,,,,0,0,0,0,0,,,,,,0,0,0,0,0,GEN-AVID
32069951,"2026-02-16 06:51:12","2026-02-16 06:51:12",A55D32,"United States","United States",N445AB,,,,,,Robinson,R44,"Robinson R44 Raven II",10761,,,,,,Private,,,,,,,0,,,,,,0,0,0,0,0,,,,,,0,0,0,0,0,GEN-R44
32069827,"2026-02-16 06:49:38","2026-02-16 06:49:38",A7BE4B,"United States","United States",N5986B,,,,,,Beech,BE35,"Beech Bonanza D35",D-3496,,,,,,Private,,,,,,,0,,,,,,0,0,0,0,0,,,,,,0,0,0,0,0,GEN-BE35
32069813,"2026-02-16 06:49:30","2026-02-16 06:49:30",A1A3F2,"United States","United States",N2045M,,,,,,Piper,J3,"Piper J-3 C-65 Cub",20814,,,,,,Private,,,1947,,,,0,,,,,,0,0,0,0,0,,,,,,0,0,0,0,0,GEN-J3
32069353,"2026-02-16 06:44:21","2026-02-16 06:44:21",AA97E0,"United States","United States",N7819R,,,,,,Beech,BE35,"Beech Bonanza V35A",D-8865,,,,,,Private,,,1968,,,,0,,,,,,0,0,0,0,0,,,,,,0,0,0,0,0,GEN-BE35
32069163,"2026-02-16 06:42:23","2026-02-16 06:42:23",A990E2,"United States","United States",N715ZC,,,,,,Vans,RV3,"Vans RV-3 A",10381,,,,,,Private,,,,,,,0,,,,,,0,0,0,0,0,,,,,,0,0,0,0,0,GEN-RV3
32068888,"2026-02-16 06:39:00","2026-02-16 06:39:00",4041BD,"United Kingdom","United Kingdom",G-BYLX,,,,,,Lindstrand,BALL,"Lindstrand LBL.105A Hot Air Balloon",614,,,,,,Private,,,1999,,,,0,,,,,,0,0,0,0,0,,,,,,0,0,0,0,0,GEN-BALL
32067615,"2026-02-16 06:23:36","2026-02-16 06:23:36",AC0538,"United States","United States",N874AF,,,,,,Pilatus,PC12,"Pilatus PC-XII 47",874,,,,,,Planesense,,,2007,,,,0,,,,,,0,0,0,0,0,,,,,,0,0,0,0,0,CNS
32066253,"2026-02-16 06:05:14","2026-02-16 06:05:14",A46CE0,"United States","United States",N38423,,,,,,Piper,J5,"Piper J-5 Cub Cruiser",5-973,,,,,,Private,,,1941,,,,0,,,,,,0,0,0,0,0,,,,,,0,0,0,0,0,GEN-J5
32065169,"2026-02-16 05:51:38","2026-02-16 05:51:38",A64613,"United States","United States",N503LD,,,,,,"Quad City",ULAC,"Quad City Challenger II Special",CH2-0990CW0563,,,,,,Private,,,1993,,,,0,,,,,,0,0,0,0,0,,,,,,0,0,0,0,0,GEN-ULAC
32065122,"2026-02-16 05:50:53","2026-02-16 05:50:53",A2B0DC,"United States","United States",N2724P,,,,,,Piper,PA22,"Piper PA-22 150 Tri-Pacer",22-3030,,,,,,Private,,,,,,,0,,,,,,0,0,0,0,0,,,,,,0,0,0,0,0,GEN-PA22
32063306,"2026-02-16 05:27:21","2026-02-16 05:27:21",ADA5F6,"United States","United States",N979KA,,,,,,"Beechcraft Corp",B350,"Beechcraft Corp King Air B350",FL-979,,,,,,"Textron Aviation Inc",,,2014,,,,0,,,,,,0,0,0,0,0,,,,,,0,0,0,0,0,GEN-B350
32060679,"2026-02-16 04:52:28","2026-02-16 04:52:28",A1017A,"United States","United States",N164KQ,,,,,,"Quest Aircraft Company",KODI,"Quest Aircraft Company Kodiak 100",100-0164,,,,,,"Pilot International Inc",,,2015,,,,0,,,,,,0,0,0,0,0,,,,,,0,0,0,0,0,GEN-KODI
32059642,"2026-02-16 04:38:13","2026-02-16 04:38:13",403C13,"United Kingdom","United Kingdom",G-CUCU,,,,,,Colt,BALL,"Colt 180A Hot Air Balloon",3869,,,,,,"Spoon Service Multimedia SAS",,,1996,,,,0,,,,,,0,0,0,0,0,,,,,,0,0,0,0,0,GEN-BALL
32059511,"2026-02-16 04:36:21","2026-02-16 04:36:21",C053E9,Canada,Canada,C-GFUE,,,,,,Viking,DFLY,"Viking Dragonfly",86,,,,,,Private,,,,,,,0,,,,,,0,0,0,0,0,,,,,,0,0,0,0,0,GEN-DFLY
32059287,"2026-02-16 04:33:32","2026-02-16 04:33:32",A7C294,"United States","United States",N6AG,,,,,,Piper,PA27,"Piper PA-23 Aztec 250C",27-2894,,,,,,Private,,,,,,,0,,,,,,0,0,0,0,0,,,,,,0,0,0,0,0,GEN-PA27
32059005,"2026-02-16 04:29:25","2026-02-16 04:29:25",A740B5,"United States","United States",N5668S,,,,,,Beech,BE23,"Beech Musketeer A23-19 Sport III",MB-107,,,,,,Private,,,1966,,,,0,,,,,,0,0,0,0,0,,,,,,0,0,0,0,0,GEN-BE23
32058895,"2026-02-16 04:27:56","2026-02-16 04:27:56",AA239D,"United States","United States",N752Y,,,,,,"Amateur Built",ULAC,"Amateur Built Heath Parasol LNB-4",154,,,,,,Private,,,,,,,0,,,,,,0,0,0,0,0,,,,,,0,0,0,0,0,GEN-ULAC
32057899,"2026-02-16 04:14:00","2026-02-16 04:14:00",A66548,"United States","United States",N511BJ,,,,,,Boeing,B77W,"Boeing 777 300ER",62440,,,,,,"Japanese Air Self Defence Force",,,2016,,,,0,,,,,,0,0,0,0,0,,,,,,0,0,0,0,0,GEN-B77W
32057550,"2026-02-16 04:08:48","2026-02-16 04:08:48",A7ACB2,"United States","United States",N594EL,,,,,,Airbus,A318,"Airbus A318 111",2377,,,,,,Avianca,,,2004,,,,0,,,,,,0,0,0,0,0,,,,,,0,0,0,0,0,AVA
32057061,"2026-02-16 04:02:08","2026-02-16 04:02:08",A1EF17,"United States","United States",N2234N,,,,,,Cessna,C140,"Cessna 140",12470,,,,,,Private,,,1947,,,,0,,,,,,0,0,0,0,0,,,,,,0,0,0,0,0,GEN-C140
32056901,"2026-02-16 04:00:01","2026-02-16 04:00:01",A97F72,"United States","United States",N7107Z,,,,,,Robinson,R44,"Robinson R44 Raven II",13526,,,,,,"Old City Helicopter Sales Inc",,,2013,,,,0,,,,,,0,0,0,0,0,,,,,,0,0,0,0,0,GEN-R44
32056583,"2026-02-16 03:55:41","2026-02-16 03:55:41",AC08C6,"United States","United States",N8749A,,,,,,Beech,BE35,"Beech Bonanza A35",D-2171,,,,,,Private,,,1949,,,,0,,,,,,0,0,0,0,0,,,,,,0,0,0,0,0,GEN-BE35
32056095,"2026-02-16 03:48:18","2026-02-16 03:48:18",A34CEE,"United States","United States",N3110P,,,,,,Hispano,SATA,"Hispano Super Saeta HA-220D",22/100,,,,,,Private,,,,,,,0,,,,,,0,0,0,0,0,,,,,,0,0,0,0,0,GEN-SATA
32055414,"2026-02-16 03:38:10","2026-02-16 03:38:10",A53C7D,"United States","United States",N4365P,,,,,,Piper,PA23,"Piper PA-23 Apache 160",23-1865,,,,,,Private,,,,,,,0,,,,,,0,0,0,0,0,,,,,,0,0,0,0,0,GEN-PA23
32055175,"2026-02-16 03:34:33","2026-02-16 03:34:33",A86F91,"United States","United States",N6424D,,,,,,Stinson,S108,"Stinson Voyager 108-3",108-4424,,,,,,Private,,,1948,,,,0,,,,,,0,0,0,0,0,,,,,,0,0,0,0,0,GEN-S108
32055047,"2026-02-16 03:32:08","2026-02-16 03:32:08",14177B,Russia,Russia,RA-06011,,,,,,Mil,MI26,"Mil Mi-26 T",34001212168,,,,,,"United Nations",,,,,,,0,,,,,,0,0,0,0,0,,,,,,0,0,0,0,0,GEN-MI26
32054072,"2026-02-16 03:17:21","2026-02-16 03:17:21",AB28DF,"United States","United States",N818UJ,,,,,,Cessna,C421,"Cessna 421B Golden Eagle",421B0003,,,,,,Private,,,,,,,0,,,,,,0,0,0,0,0,,,,,,0,0,0,0,0,GEN-C421
32053809,"2026-02-16 03:13:42","2026-02-16 03:13:42",ACB4FA,"United States","United States",N918GA,,,,,,"Gulfstream Aerospace",G280,"Gulfstream Aerospace G280",2118,,,,,,"Gulfstream Aerospace LP",,,2017,,,,0,,,,,,0,0,0,0,0,,,,,,0,0,0,0,0,GEN-G280
32053770,"2026-02-16 03:13:07","2026-02-16 03:13:07",A26596,"United States","United States",N2534Q,,,,,,Rans,RS12,"Rans Airaile S-12XL",07990885,,,,,,Private,,,1999,,,,0,,,,,,0,0,0,0,0,,,,,,0,0,0,0,0,GEN-RS12
32053155,"2026-02-16 03:04:31","2026-02-16 03:04:31",C02F89,Canada,Canada,C-FSAA,,,,,,Helio,COUR,"Helio Super Courier H.395",520,,,,,,Private,,,,,,,0,,,,,,0,0,0,0,0,,,,,,0,0,0,0,0,GEN-COUR
32050221,"2026-02-16 02:25:06","2026-02-16 02:25:06",A76007,"United States","United States",N5743A,,,,,,Cessna,C172,"Cessna 172",28343,,,,,,Private,,,1956,,,,0,,,,,,0,0,0,0,0,,,,,,0,0,0,0,0,GEN-C172
32050157,"2026-02-16 02:24:10","2026-02-16 02:24:10",396093,France,France,F-GYET,,,,,,Eurocopter,AS55,"Eurocopter Twin Squirrel AS.355 N",5525,,,,,,Private,,,1992,,,,0,,,,,,0,0,0,0,0,,,,,,0,0,0,0,0,GEN-AS55
32048013,"2026-02-16 01:52:55","2026-02-16 01:52:55",A0E349,"United States","United States",N1563Q,,,,,,Cessna,C150,"Cessna 150L",15072863,,,,,,Private,,,1971,,,,0,,,,,,0,0,0,0,0,,,,,,0,0,0,0,0,GEN-C150
32047553,"2026-02-16 01:46:48","2026-02-16 01:46:48",1F7AF2,Russia,Russia,XA-LME,,,,,,Sukhoi,SU95,"Sukhoi Superjet 100 95 B",95045,,,,,,Interjet,,,2013,,,,0,,,,,,0,0,0,0,0,,,,,,0,0,0,0,0,AIJ
32046235,"2026-02-16 01:27:45","2026-02-16 01:27:45",AADEAB,"United States","United States",N8RJ,,,,,,Piper,P28A,"Piper PA-28 180 Cherokee",28-7305528,,,,,,Private,,,1973,,,,0,,,,,,0,0,0,0,0,,,,,,0,0,0,0,0,GEN-P28A
32044117,"2026-02-16 00:59:11","2026-02-16 00:59:11",A329BF,"United States","United States",N30242,,,,,,Robinson,R44,"Robinson R44 Raven II",11784,,,,,,Private,,,2007,,,,0,,,,,,0,0,0,0,0,,,,,,0,0,0,0,0,GEN-R44
32043383,"2026-02-16 00:51:59","2026-02-16 00:51:59",A56850,"United States","United States",N44796,,,,,,Piper,P28A,"Piper PA-28 151 Cherokee Warrior",28-7515034,,,,,,Private,,,1974,,,,0,,,,,,0,0,0,0,0,,,,,,0,0,0,0,0,GEN-P28A
32043384,"2026-02-16 00:51:59","2026-02-16 00:51:59",AC3D87,"United States","United States",N888WF,,,,,,Maule,M7,"Maule MX-7 160 Sportplane",19024C,,,,,,Private,,,1994,,,,0,,,,,,0,0,0,0,0,,,,,,0,0,0,0,0,GEN-M7
32042662,"2026-02-16 00:39:38","2026-02-16 00:39:38",A0A0A9,"United States","United States",N14DG,,,,,,Cessna,C680,"Cessna Citation Sovereign",680-0161,,,,,,"Solairus Aviation",,,2007,,,,0,,,,,,0,0,0,0,0,,,,,,0,0,0,0,0,TWY
32042467,"2026-02-16 00:36:45","2026-02-16 00:36:45",A8A629,"United States","United States",N65655,,,,,,"Quad City",ULAC,"Quad City Challenger II",CH2-0406-2730,,,,,,Private,,,,,,,0,,,,,,0,0,0,0,0,,,,,,0,0,0,0,0,GEN-ULAC
32042174,"2026-02-16 00:33:04","2026-02-16 00:33:04",A6E9C4,"United States","United States",N5444Z,,,,,,Piper,PA22,"Piper PA-22 108 Colt",22-9221,,,,,,Private,,,1961,,,,0,,,,,,0,0,0,0,0,,,,,,0,0,0,0,0,GEN-PA22
32041816,"2026-02-16 00:27:53","2026-02-16 00:27:53",A4CAE4,"United States","United States",N408FP,,,,,,"Diamond Aircraft",DA40,"Diamond Aircraft Diamond Star DA40F",40.FC008,,,,,,Private,,,2006,,,,0,,,,,,0,0,0,0,0,,,,,,0,0,0,0,0,GEN-DA40
32041658,"2026-02-16 00:25:52","2026-02-16 00:25:52",A25781,"United States","United States",N250AC,,,,,,Piper,PA31,"Piper PA-31 Navajo C",31-7612040,,,,,,Private,,,1976,,,,0,,,,,,0,0,0,0,0,,,,,,0,0,0,0,0,GEN-PA31
32041554,"2026-02-16 00:24:25","2026-02-16 00:24:25",AB6631,"United States","United States",N8332V,,,,,,Champion,CH7B,"Champion Citabria 7GCAA",86,,,,,,Private,,,1966,,,,0,,,,,,0,0,0,0,0,,,,,,0,0,0,0,0,GEN-CH7B
32041250,"2026-02-16 00:20:04","2026-02-16 00:20:04",A3393D,"United States","United States",N3069P,,,,,,Piper,PA23,"Piper PA-23 Apache 150",23-987,,,,,,Private,,,1957,,,,0,,,,,,0,0,0,0,0,,,,,,0,0,0,0,0,GEN-PA23
32040861,"2026-02-16 00:14:39","2026-02-16 00:14:39",4AA770,Sweden,Sweden,SE-JAP,,,,,,Schweizer,H269,"Schweizer 269 C",S1333,,,,,,"Dala Helikopter DH AB",,,1988,,,,0,,,,,,0,0,0,0,0,,,,,,0,0,0,0,0,GEN-H269
32039806,"2026-02-16 00:00:17","2026-02-16 00:00:17",84B747,Japan,Japan,JA2111,,,,,,Mita,GLID,"Mita Type 3 Series 1",69-20,,,,,,Private,,,1969,,,,0,,,,,,0,0,0,0,0,,,,,,0,0,0,0,0,GEN-GLID
