AircraftID,FirstCreated,LastModified,ModeS,ModeSCountry,Country,Registration,CurrentRegDate,PreviousID,FirstRegDate,Status,DeRegDate,Manufacturer,ICAOTypeCode,Type,SerialNo,PopularName,GenericName,AircraftClass,Engines,OwnershipStatus,RegisteredOwners,MTOW,TotalHours,YearBuilt,CofACategory,CofAExpiry,UserNotes,Interested,UserTag,InfoURL,PictureURL1,PictureURL2,PictureURL3,UserBool1,UserBool2,UserBool3,UserBool4,UserBool5,UserString1,UserString2,UserString3,UserString4,UserString5,UserInt1,UserInt2,UserInt3,UserInt4,UserInt5,OperatorFlagCode
31309948,"2026-02-09 23:52:24","2026-02-09 23:52:24",A710B8,"United States","United States",N55400,,,,,,Fairchild,FA62,"Fairchild PT-19A M-62A",T41-887,,,,,,Private,,,1941,,,,0,,,,,,0,0,0,0,0,,,,,,0,0,0,0,0,GEN-FA62
31309863,"2026-02-09 23:51:24","2026-02-09 23:51:24",A3E2FD,"United States","United States",N35FM,,,,,,"Raytheon Aircraft Company",BE20,"Raytheon Aircraft Company King Air B200",BB-1941,,,,,,"Dynamic Avlease Inc",,,,,,,0,,,,,,0,0,0,0,0,,,,,,0,0,0,0,0,GEN-BE20
31309737,"2026-02-09 23:49:43","2026-02-09 23:49:43",3FCDC6,Germany,Germany,D-OPJA,,,,,,"Schroeder Fire Balloons",BALL,"Schroeder Fire Balloons Hot Air Balloon",1097,,,,,,Private,,,,,,,0,,,,,,0,0,0,0,0,,,,,,0,0,0,0,0,GEN-BALL
31309738,"2026-02-09 23:49:43","2026-02-09 23:49:43",7BB033,China,China,B-2955,,,,,,Boeing,B733,"Boeing 737 33A",27453,,,,,,"China Eastern Airlines",,,1995,,,,0,,,,,,0,0,0,0,0,,,,,,0,0,0,0,0,GEN-B733
31309424,"2026-02-09 23:45:22","2026-02-09 23:45:22",781379,China,China,B-1070,,,,,,Airbus,A359,"Airbus A350 941",112,,,,,,"Hainan Airlines",,,2016,,,,0,,,,,,0,0,0,0,0,,,,,,0,0,0,0,0,CHH
31308733,"2026-02-09 23:36:00","2026-02-09 23:36:00",A4FC53,"United States","United States",N420HE,,,,,,"Honda Aircraft Company",HDJT,"Honda Aircraft Company Honda Jet HA-420",42000017,,,,,,"Rheinland Air Service",,,2015,,,,0,,,,,,0,0,0,0,0,,,,,,0,0,0,0,0,GEN-HDJT
31308349,"2026-02-09 23:31:00","2026-02-09 23:31:00",A68B8D,"United States","United States",N5202A,,,,,,Cessna,C310,"Cessna 310",35402,,,,,,Private,,,,,,,0,,,,,,0,0,0,0,0,,,,,,0,0,0,0,0,GEN-C310
31308295,"2026-02-09 23:30:13","2026-02-09 23:30:13",A34E17,"United States","United States",N31186,,,,,,"Head Balloons",BALL,"Head Balloons AX.8-105 Hot Air Balloon",318,,,,,,Private,,,2002,,,,0,,,,,,0,0,0,0,0,,,,,,0,0,0,0,0,GEN-BALL
31308023,"2026-02-09 23:26:42","2026-02-09 23:26:42",4603CF,Finland,Finland,OH-BLN,,,,,,Boeing,B712,"Boeing 717 2K9",55053,,,,,,"QANTAS Link",,,1999,,,,0,,,,,,0,0,0,0,0,,,,,,0,0,0,0,0,GEN-B712
31306884,"2026-02-09 23:11:56","2026-02-09 23:11:56",AAFC7D,"United States","United States",N807GJ,,,,,,Robinson,R22,"Robinson R22 Beta",1807,,,,,,Private,,,,,,,0,,,,,,0,0,0,0,0,,,,,,0,0,0,0,0,GEN-R22
31306182,"2026-02-09 23:02:20","2026-02-09 23:02:20",C058EE,Canada,Canada,C-GHRP,,,,,,Cessna,C182,"Cessna 182P Skylane",18262311,,,,,,Private,,,1973,,,,0,,,,,,0,0,0,0,0,,,,,,0,0,0,0,0,GEN-C182
31303745,"2026-02-09 22:31:22","2026-02-09 22:31:22",AB572E,"United States","United States",N83NA,,,,,,Eurocopter,AS50,"Eurocopter Squirrel AS.350 B2",3208,,,,,,Private,,,,,,,0,,,,,,0,0,0,0,0,,,,,,0,0,0,0,0,GEN-AS50
31303691,"2026-02-09 22:30:40","2026-02-09 22:30:40",44C109,Belgium,Belgium,OO-PHI,,,,,,Cessna,C525,"Cessna Citation CJ1",525-0115,,,,,,"Flying Service nv",,,1995,,,,0,,,,,,0,0,0,0,0,,,,,,0,0,0,0,0,FYG
31302665,"2026-02-09 22:17:52","2026-02-09 22:17:52",AA2C5F,"United States","United States",N7548K,,,,,,Piper,PA18,"Piper PA-18 Super Cub",18-264,,,,,,Private,,,1950,,,,0,,,,,,0,0,0,0,0,,,,,,0,0,0,0,0,GEN-PA18
31302629,"2026-02-09 22:17:25","2026-02-09 22:17:25",800505,India,India,VT-JBJ,,,,,,Boeing,B738,"Boeing 737NG 85R/W",36551,,,,,,"Jet Airways",,,2009,,,,0,,,,,,0,0,0,0,0,,,,,,0,0,0,0,0,JAI
31301993,"2026-02-09 22:09:34","2026-02-09 22:09:34",43C71C,"United Kingdom","United Kingdom",ZJ269,,,,,,Eurocopter,AS50,"Eurocopter Squirrel AS.350 HT.1",2999,,,,,,"Royal Air Force",,,,,,,0,,,,,,1,0,0,0,0,,,,,,0,0,0,0,0,
31301976,"2026-02-09 22:09:28","2026-02-09 22:09:28",402652,"United Kingdom","United Kingdom",G-MNJX,,,,,,"Medway Microlights",ULAC,"Medway Microlights Hybred 44XL",15885/14,,,,,,Private,,,1985,,,,0,,,,,,0,0,0,0,0,,,,,,0,0,0,0,0,GEN-ULAC
31301195,"2026-02-09 21:59:17","2026-02-09 21:59:17",3423CF,Spain,Spain,6V-AIP,,,,,,Embraer,E120,"Embraer EMB-120 RT/F",120103,,,,,,Transair,,,1988,,,,0,,,,,,0,0,0,0,0,,,,,,0,0,0,0,0,GEN-E120
31300813,"2026-02-09 21:54:22","2026-02-09 21:54:22",AD2B6D,"United States","United States",N948FR,,,,,,Airbus,A319,"Airbus A319 112",2836,,,,,,"Frontier Airlines",,,2006,,,,0,,,,,,0,0,0,0,0,,,,,,0,0,0,0,0,FFT
31300601,"2026-02-09 21:51:37","2026-02-09 21:51:37",A3418D,"United States","United States",N309JD,,,,,,Vans,RV8,"Vans RV-8",82287,,,,,,Private,,,2007,,,,0,,,,,,0,0,0,0,0,,,,,,0,0,0,0,0,GEN-RV8
31300523,"2026-02-09 21:50:43","2026-02-09 21:50:43",508162,Ukraine,Ukraine,UR-WOG,,,,,,Dornier,J328,"Dornier Do 328 Jet 300QC",3118,,,,,,Aerostar,,,1999,,,,0,,,,,,0,0,0,0,0,,,,,,0,0,0,0,0,UAR
31298373,"2026-02-09 21:25:19","2026-02-09 21:25:19",0DE415,Venezuela,Venezuela,91-0357,,,,,,"General Dynamics",F16,"General Dynamics F-16CJ Fighting Falcon",CC-55,,,,,,"United States Air Force",,,,,,,0,,,,,,1,0,0,0,0,,,,,,0,0,0,0,0,
31297994,"2026-02-09 21:21:02","2026-02-09 21:21:02",3A2258,"French Overseas","French Overseas",F-OISY,,,,,,Eurocopter,AS3B,"Eurocopter Super Puma AS.332 L2",2664,,,,,,Private,,,,,,,0,,,,,,0,0,0,0,0,,,,,,0,0,0,0,0,GEN-AS3B
31296964,"2026-02-09 21:08:41","2026-02-09 21:08:41",A934C1,"United States","United States",N69219,,,,,,Cessna,C152,"Cessna 152",15285350,,,,,,Private,,,1981,,,,0,,,,,,0,0,0,0,0,,,,,,0,0,0,0,0,GEN-C152
31296804,"2026-02-09 21:06:54","2026-02-09 21:06:54",A3CB21,"United States","United States",N3432R,,,,,,Cessna,C182,"Cessna 182L Skylane",18258732,,,,,,Private,,,1968,,,,0,,,,,,0,0,0,0,0,,,,,,0,0,0,0,0,GEN-C182
31294692,"2026-02-09 20:42:33","2026-02-09 20:42:33",C04AAD,Canada,Canada,C-GCHG,,,,,,Bombardier,GLEX,"Bombardier Global 6000",9837,,,,,,"London Air Services Ltd",,,2018,,,,0,,,,,,0,0,0,0,0,,,,,,0,0,0,0,0,GEN-GLEX
31294405,"2026-02-09 20:39:01","2026-02-09 20:39:01",A7DAA3,"United States","United States",N605JJ,,,,,,Boeing,B738,"Boeing 737NG 84P",30475,,,,,,"Grand China Air",,,2000,,,,0,,,,,,0,0,0,0,0,,,,,,0,0,0,0,0,GDC
31294258,"2026-02-09 20:37:23","2026-02-09 20:37:23",A190E4,"United States","United States",N20NP,,,,,,Beech,BE80,"Beech Queen Air 65-B80",LD-433,,,,,,Private,,,,,,,0,,,,,,0,0,0,0,0,,,,,,0,0,0,0,0,GEN-BE80
31294143,"2026-02-09 20:36:12","2026-02-09 20:36:12",3EEE81,Germany,Germany,D-3562,,,,,,Schleicher,GLID,"Schleicher ASW 20 C",20750,,,,,,Private,,,1984,,,,0,,,,,,0,0,0,0,0,,,,,,0,0,0,0,0,GEN-GLID
31293313,"2026-02-09 20:27:01","2026-02-09 20:27:01",ACD3AA,"United States","United States",N9254J,,,,,,Piper,P28A,"Piper PA-28 180 Cherokee C",28-3329,,,,,,Private,,,1966,,,,0,,,,,,0,0,0,0,0,,,,,,0,0,0,0,0,GEN-P28A
31293243,"2026-02-09 20:26:18","2026-02-09 20:26:18",730472,Iran,Iran,EP-ACR,,,,,,ERCO,ERCO,"Ercoupe 415-G",5006,,,,,,Private,,,1949,,,,0,,,,,,0,0,0,0,0,,,,,,0,0,0,0,0,GEN-ERCO
31292686,"2026-02-09 20:19:54","2026-02-09 20:19:54",A4C859,"United States","United States",N407TP,,,,,,Bell,B407,"Bell 407",53654,,,,,,"Federal Bureau of Investigation",,,,,,,0,,,https://www.airport-data.com/images/aircraft/001/267/001267109.jpg,"","",0,0,0,0,0,,,,,,0,0,0,0,0,GEN-B407
31292043,"2026-02-09 20:12:39","2026-02-09 20:12:39",0D8078,Venezuela,Venezuela,YV1192,,,,,,Cessna,C550,"Cessna Citation II",550-0683,,,,,,"Valores Menmac CA",,,,,,,0,,,,,,0,0,0,0,0,,,,,,0,0,0,0,0,GEN-C550
31291999,"2026-02-09 20:12:15","2026-02-09 20:12:15",AA52DF,"United States","United States",N7641,,,,,,Briegleb,GLID,"Briegleb BG-12 BD",179,,,,,,Private,,,1972,,,,0,,,,,,0,0,0,0,0,,,,,,0,0,0,0,0,GEN-GLID
31291931,"2026-02-09 20:11:24","2026-02-09 20:11:24",43E75A,"Isle of Man","Isle of Man",M-LEFB,,,,,,Cessna,C550,"Cessna Citation II",550-0172,,,,,,"Patagonia Assets Ltd",,,1980,,,,0,,,,,,0,0,0,0,0,,,,,,0,0,0,0,0,GEN-C550
31291511,"2026-02-09 20:06:29","2026-02-09 20:06:29",3FA47C,Germany,Germany,73+24,,,,,,Dornier,UH1,"Dornier UH-1D Iroquois",8444,,,,,,"German Army",,,,,,,0,,,,,,1,0,0,0,0,,,,,,0,0,0,0,0,
31290414,"2026-02-09 19:53:25","2026-02-09 19:53:25",A69E53,"United States","United States",N5253S,,,,,,"Textron Aviation",C25C,"Textron Aviation Citation CJ4",525C0344,,,,,,"Textron Aviation Inc",,,2020,,,,0,,,,,,0,0,0,0,0,,,,,,0,0,0,0,0,GEN-C25C
31290347,"2026-02-09 19:52:31","2026-02-09 19:52:31",341203,Spain,Spain,T.17-3,,,,,,Boeing,B703,"Boeing 707 368C",21367,,,,,,"Spanish Air Force",,,,,,,0,,,,,,1,0,0,0,0,,,,,,0,0,0,0,0,AME
31290027,"2026-02-09 19:49:03","2026-02-09 19:49:03",ABA264,"United States","United States",N849MJ,,,,,,Embraer,E145,"Embraer ERJ-145 LR",145534,,,,,,"Delta Connection",,,,,,,0,,,,,,0,0,0,0,0,,,,,,0,0,0,0,0,GEN-E145
31289845,"2026-02-09 19:47:02","2026-02-09 19:47:02",14680C,Russia,Russia,RA-26636,,,,,,Antonov,AN26,"Antonov An-26 100",6306,,,,,,SevAvia,,,,,,,0,,,,,,0,0,0,0,0,,,,,,0,0,0,0,0,GEN-AN26
31289383,"2026-02-09 19:42:14","2026-02-09 19:42:14",4B2A56,Switzerland,Switzerland,HB-QAW,,,,,,Ultramagic,BALL,"Ultramagic M-145 Hot Air Balloon",145/03,,,,,,Private,,,1996,,,,0,,,,,,0,0,0,0,0,,,,,,0,0,0,0,0,GEN-BALL
31289067,"2026-02-09 19:38:37","2026-02-09 19:38:37",A1360B,"United States","United States",N17733,,,,,,"Weaver Aircraft Company",WACC,"Weaver Aircraft Company Waco ZGC-7",4581,,,,,,Private,,,1937,,,,0,,,,,,0,0,0,0,0,,,,,,0,0,0,0,0,GEN-WACC
18416,"2022-02-24 15:35:39","2026-02-09 19:37:06",3C424B,Germany,Germany,,,,,,,,-GND,,,,,,,,,,,,,,,0,,,,,,0,0,0,0,0,Missing,,,,,0,0,0,0,0,"BERLIN AIRPORT"
31288563,"2026-02-09 19:32:59","2026-02-09 19:32:59",A4BE31,"United States","United States",N4042X,,,,,,"Aero Commander",VO10,"Aero Commander 100 180 Lark",5142,,,,,,Private,,,,,,,0,,,,,,0,0,0,0,0,,,,,,0,0,0,0,0,GEN-VO10
31288198,"2026-02-09 19:28:59","2026-02-09 19:28:59",A2A94E,"United States","United States",N2703S,,,,,,Cessna,C150,"Cessna 150G",15066603,,,,,,Private,,,,,,,0,,,,,,0,0,0,0,0,,,,,,0,0,0,0,0,GEN-C150
31287244,"2026-02-09 19:18:08","2026-02-09 19:18:08",402BAF,"United Kingdom","United Kingdom",G-MVBT,,,,,,"Thruster Aircraft",ULAC,"Thruster Aircraft Thruster TST Mk.1",8068-TST-083,,,,,,Private,,,,,,,0,,,,,,0,0,0,0,0,,,,,,0,0,0,0,0,GEN-ULAC
31285951,"2026-02-09 19:03:51","2026-02-09 19:03:51",A4693D,"United States","United States",N3833N,,,,,,Beech,BE35,"Beech Bonanza 35",D-1070,,,,,,Private,,,,,,,0,,,,,,0,0,0,0,0,,,,,,0,0,0,0,0,GEN-BE35
31285312,"2026-02-09 18:56:51","2026-02-09 18:56:51",710037,"Saudi Arabia","Saudi Arabia",HZ-AKE,,,,,,Boeing,B772,"Boeing 777 268ER",28348,,,,,,"Saudi Arabian Airlines",,,1997,,,,0,,,,,,0,0,0,0,0,,,,,,0,0,0,0,0,SVA
31284744,"2026-02-09 18:50:38","2026-02-09 18:50:38",403632,"United Kingdom","United Kingdom",G-MYCS,,,,,,"Mainair Sports",ULAC,"Mainair Sports Gemini Flash IIA",911-0592-7-W710,,,,,,Private,,,1992,,,,0,,,,,,0,0,0,0,0,,,,,,0,0,0,0,0,GEN-ULAC
31284416,"2026-02-09 18:46:40","2026-02-09 18:46:40",84B3A0,Japan,Japan,JA200G,,,,,,Bell,B412,"Bell 412 EP",36132,,,,,,Private,,,,,,,0,,,,,,0,0,0,0,0,,,,,,0,0,0,0,0,GEN-B412
31284391,"2026-02-09 18:46:21","2026-02-09 18:46:21",AD4809,"United States","United States",N955JG,,,,,,Bombardier,CL60,"Bombardier Challenger 605",5955,,,,,,Corporate,,,2013,,,,0,,,,,,0,0,0,0,0,,,,,,0,0,0,0,0,GEN-CL60
31283616,"2026-02-09 18:37:59","2026-02-09 18:37:59",50010D,"San Marino","San Marino",T7-FTW,,,,,,"Cirrus Design",SR22,"Cirrus Design SR22 GTS G3",2709,,,,,,Private,,,2007,,,,0,,,,,,0,0,0,0,0,,,,,,0,0,0,0,0,GEN-SR22
31283087,"2026-02-09 18:31:47","2026-02-09 18:31:47",A80FF1,"United States","United States",N6188L,,,,,,"American Aviation",AA1,"American Aviation AA-1 Yankee",AA1-0388,,,,,,Private,,,,,,,0,,,,,,0,0,0,0,0,,,,,,0,0,0,0,0,GEN-AA1
31282987,"2026-02-09 18:30:52","2026-02-09 18:30:52",A5848B,"United States","United States",N4549,,,,,,"Amateur Built",GYRO,"Amateur Built Bensen Gyrocopter B.8M",342942,,,,,,Private,,,1973,,,,0,,,,,,0,0,0,0,0,,,,,,0,0,0,0,0,GEN-GYRO
31282058,"2026-02-09 18:19:50","2026-02-09 18:19:50",44C242,Belgium,Belgium,OO-PRB,,,,,,Robinson,R22,"Robinson R22 Beta II",2937,,,,,,Private,,,1999,,,,0,,,,,,0,0,0,0,0,,,,,,0,0,0,0,0,GEN-R22
31281784,"2026-02-09 18:17:02","2026-02-09 18:17:02",A91856,"United States","United States",N6851S,,,,,,"Aero Commander",AC68,"Aero Commander Twin Commander 680 Super",680-364-51,,,,,,Private,,,,,,,0,,,,,,0,0,0,0,0,,,,,,0,0,0,0,0,GEN-AC68
31281308,"2026-02-09 18:12:17","2026-02-09 18:12:17",A1898C,"United States","United States",N1989X,,,,,,"Cirrus Design",S22T,"Cirrus Design SR22T",1993,,,,,,Private,,,,,,,0,,,,,,0,0,0,0,0,,,,,,0,0,0,0,0,GEN-S22T
31281258,"2026-02-09 18:11:53","2026-02-09 18:11:53",7608D5,Pakistan,Pakistan,AP-BFU,,,,,,Boeing,B743,"Boeing 747 367",23392,,,,,,"Pakistan International Airlines",,,1986,,,,0,,,,,,0,0,0,0,0,,,,,,0,0,0,0,0,PIA
31280964,"2026-02-09 18:08:27","2026-02-09 18:08:27",A41825,"United States","United States",N363HE,,,,,,Piper,P28A,"Piper PA-28 161 Warrior II",28-7916293,,,,,,Private,,,1979,,,,0,,,,,,0,0,0,0,0,,,,,,0,0,0,0,0,GEN-P28A
31280929,"2026-02-09 18:08:00","2026-02-09 18:08:00",A3B40F,"United States","United States",N338FL,,,,,,Embraer,E55P,"Embraer Phenom 300",50500139,,,,,,"Flight Options",,,,,,,0,,,,,,0,0,0,0,0,,,,,,0,0,0,0,0,OPT
31280881,"2026-02-09 18:07:26","2026-02-09 18:07:26",A132E9,"United States","United States",N1768B,,,,,,Beech,BE95,"Beech Travel Air D95A",TD-636,,,,,,Private,,,,,,,0,,,,,,0,0,0,0,0,,,,,,0,0,0,0,0,GEN-BE95
31280695,"2026-02-09 18:05:08","2026-02-09 18:05:08",A62087,"United States","United States",N494SC,,,,,,Piper,PA31,"Piper PA-31 350 Navajo Chieftain",31-7752099,,,,,,Private,,,1977,,,,0,,,,,,0,0,0,0,0,,,,,,0,0,0,0,0,GEN-PA31
31279409,"2026-02-09 17:51:25","2026-02-09 17:51:25",A5FD0F,"United States","United States",N485VH,,,,,,Bell,B407,"Bell 407 GX",54381,,,,,,Private,,,2012,,,,0,,,,,,0,0,0,0,0,,,,,,0,0,0,0,0,GEN-B407
31279357,"2026-02-09 17:50:42","2026-02-09 17:50:42",A7C25D,"United States","United States",N5998Y,,,,,,Piper,PA27,"Piper PA-23 Aztec 250C",27-3172,,,,,,Private,,,,,,,0,,,,,,0,0,0,0,0,,,,,,0,0,0,0,0,GEN-PA27
31277650,"2026-02-09 17:32:21","2026-02-09 17:32:21",C050DD,Canada,Canada,C-GEQE,,,,,,"De Havilland Canada",S2P,"De Havilland Canada CS-2F Tracker",DH-92,,,,,,"Province of Saskatchewan",,,,,,,0,,,,,,0,0,0,0,0,,,,,,0,0,0,0,0,GEN-S2P
31277292,"2026-02-09 17:28:43","2026-02-09 17:28:43",3D1CAC,Germany,Germany,D-EJCM,,,,,,Cessna,C210,"Cessna 210L Turbo Centurion",21061215,,,,,,Private,,,1976,,,,0,,,,,,0,0,0,0,0,,,,,,0,0,0,0,0,GEN-C210
31277135,"2026-02-09 17:26:58","2026-02-09 17:26:58",A2CEBF,"United States","United States",N280HW,,,,,,Enstrom,EN28,"Enstrom Shark 280 C",1028,,,,,,Private,,,1976,,,,0,,,,,,0,0,0,0,0,,,,,,0,0,0,0,0,GEN-EN28
31276939,"2026-02-09 17:25:06","2026-02-09 17:25:06",A89EC4,"United States","United States",N6546D,,,,,,"Amateur Built",GYRO,"Amateur Built Bensen Gyrocopter B.8M",723566,,,,,,Private,,,1966,,,,0,,,,,,0,0,0,0,0,,,,,,0,0,0,0,0,GEN-GYRO
31276420,"2026-02-09 17:19:25","2026-02-09 17:19:25",A0E825,"United States","United States",N158CM,,,,,,Hughes,H500,"Hughes OH-6A Cayuse",70-1430,,,,,,Private,,,,,,,0,,,,,,0,0,0,0,0,,,,,,0,0,0,0,0,GEN-H500
31275896,"2026-02-09 17:14:01","2026-02-09 17:14:01",A6454A,"United States","United States",N503CC,,,,,,Cessna,C500,"Cessna Citation I",500-0003,,,,,,"Jetplus LLC",,,,,,,0,,,,,,0,0,0,0,0,,,,,,0,0,0,0,0,GEN-C500
31275601,"2026-02-09 17:11:04","2026-02-09 17:11:04",A311EE,"United States","United States",N29702,,,,,,"Amateur Built",GYRO,"Amateur Built Humphries B-8-L",7684-2,,,,,,Private,,,1977,,,,0,,,,,,0,0,0,0,0,,,,,,0,0,0,0,0,GEN-GYRO
31274052,"2026-02-09 16:54:24","2026-02-09 16:54:24",E48048,Brazil,Brazil,PT-OVZ,,,,,,Bombardier,LJ31,"Bombardier Learjet 31 A",31A-037,,,,,,"Via Facil Veiculos Ltda",,,,,,,0,,,,,,0,0,0,0,0,,,,,,0,0,0,0,0,GEN-LJ31
31273411,"2026-02-09 16:47:29","2026-02-09 16:47:29",A4656A,"United States","United States",N3822V,,,,,,Cessna,C170,"Cessna 170",18680,,,,,,Private,,,1948,,,,0,,,,,,0,0,0,0,0,,,,,,0,0,0,0,0,GEN-C170
31272997,"2026-02-09 16:42:46","2026-02-09 16:42:46",A9EE7B,"United States","United States",N739WN,,,,,,Cessna,C172,"Cessna 172N Skyhawk",17270866,,,,,,Private,,,1978,,,,0,,,,,,0,0,0,0,0,,,,,,0,0,0,0,0,GEN-C172
31272379,"2026-02-09 16:35:37","2026-02-09 16:35:37",A01FBC,"United States","United States",N107LN,,,,,,Bell,B407,"Bell 407",53483,,,,,,Private,,,,,,,0,,,,,,0,0,0,0,0,,,,,,0,0,0,0,0,GEN-B407
31271422,"2026-02-09 16:24:55","2026-02-09 16:24:55",C026E4,Canada,Canada,C-FOSX,,,,,,Bombardier,DH8D,"Bombardier DHC-8 402 NG",4534,,,,,,"Bombardier Inc",,,2016,,,,0,,,,,,0,0,0,0,0,,,,,,0,0,0,0,0,GEN-DH8D
31271418,"2026-02-09 16:24:49","2026-02-09 16:24:49",A72F44,"United States","United States",N562KL,,,,,,"Allstar PZL",GLID,"Allstar PZL SZD-56-2 Diana 2",562.107.006,,,,,,Private,,,2007,,,,0,,,,,,0,0,0,0,0,,,,,,0,0,0,0,0,GEN-GLID
31270923,"2026-02-09 16:19:20","2026-02-09 16:19:20",A521E5,"United States","United States",N43MN,,,,,,Piper,P46T,"Piper PA-46-500TP",4697205,,,,,,Corporate,,,2005,,,,0,,,,,,0,0,0,0,0,,,,,,0,0,0,0,0,GEN-P46T
31270710,"2026-02-09 16:16:57","2026-02-09 16:16:57",E20019,Argentina,Argentina,T-82,,,,,,"De Havilland Canada",DHC6,"De Havilland Canada DHC-6 Twin Otter 200",167,,,,,,"Argentine Air Force",,,1968,,,,0,,,,,,1,0,0,0,0,,,,,,0,0,0,0,0,FAG
31270669,"2026-02-09 16:16:30","2026-02-09 16:16:30",0D03CC,Mexico,Mexico,XA-TLI,,,,,,Embraer,E145,"Embraer ERJ-145 LU",145601,,,,,,"AeroMexico Connect",,,,,,,0,,,,,,0,0,0,0,0,,,,,,0,0,0,0,0,GEN-E145
31270313,"2026-02-09 16:12:29","2026-02-09 16:12:29",0D0499,Mexico,Mexico,N205ZZ,,,,,,Dassault,FA20,"Dassault Falcon 20 F-5",379,,,,,,"Falcon Flyer 379 LLC",,,1978,,,,0,,,,,,0,0,0,0,0,,,,,,0,0,0,0,0,GEN-FA20
31270216,"2026-02-09 16:11:31","2026-02-09 16:11:31",71D228,"South Korea","South Korea",HL9228,,,,,,Bell,B412,"Bell 412 EP",36129,,,,,,Private,,,,,,,0,,,,,,0,0,0,0,0,,,,,,0,0,0,0,0,GEN-B412
509766,"2023-05-23 01:48:05","2026-02-09 16:07:41",344043,Spain,Spain,"",,,,"",,"",ZANT,"","",,,,,,"",,,,,,"",0,,,,,,0,0,0,0,0,Missing,,,"","",0,0,0,0,0,ZANT
31269336,"2026-02-09 16:01:54","2026-02-09 16:01:54",3FC397,Germany,Germany,D-OLMT,,,,,,Lindstrand,BALL,"Lindstrand LBL.150A Hot Air Balloon",694,,,,,,Private,,,,,,,0,,,,,,0,0,0,0,0,,,,,,0,0,0,0,0,GEN-BALL
31268791,"2026-02-09 15:55:25","2026-02-09 15:55:25",C8147A,"New Zealand","New Zealand",ZK-GZN,,,,,,Rolladen-Schneider,GLID,"Rolladen-Schneider LS8 18",8277,,,,,,Private,,,1999,,,,0,,,,,,0,0,0,0,0,,,,,,0,0,0,0,0,GEN-GLID
31268532,"2026-02-09 15:52:37","2026-02-09 15:52:37",80016E,India,India,VT-SJA,,,,,,Boeing,B737,"Boeing 737NG 7BK",33026,,,,,,JetKonnect,,,2005,,,,0,,,,,,0,0,0,0,0,,,,,,0,0,0,0,0,JLL
31268352,"2026-02-09 15:50:51","2026-02-09 15:50:51",A7AC48,"United States","United States",N594AE,,,,,,Eurocopter,EC45,"Eurocopter EC145 C-2",9620,,,,,,Private,,,2013,,,,0,,,,,,0,0,0,0,0,,,,,,0,0,0,0,0,GEN-EC45
31265945,"2026-02-09 15:24:36","2026-02-09 15:24:36",00415C,Zimbabwe,Zimbabwe,Z-WPE,,,,,,Boeing,B762,"Boeing 767 2N0ER",24713,,,,,,"Air Zimbabwe",,,1989,,,,0,,,https://cdn.jetphotos.com/full/5/47273_1608456625.jpg,https://cdn.jetphotos.com/full/5/60436_1561488204.jpg,https://cdn.jetphotos.com/full/6/48358_1558161196.jpg,0,0,0,0,0,,,,,,0,0,0,0,0,AZW
31264892,"2026-02-09 15:12:58","2026-02-09 15:12:58",396583,France,France,F-GZMD,,,,,,Lindstrand,BALL,"Lindstrand LBL.77A Hot Air Balloon",666,,,,,,Private,,,,,,,0,,,,,,0,0,0,0,0,,,,,,0,0,0,0,0,GEN-BALL
31264742,"2026-02-09 15:11:28","2026-02-09 15:11:28",A86268,"United States","United States",N6396U,,,,,,"Aero Commander",AC68,"Aero Commander Twin Commander 680FL",680FL-1445-78,,,,,,Private,,,1964,,,,0,,,,,,0,0,0,0,0,,,,,,0,0,0,0,0,GEN-AC68
31264532,"2026-02-09 15:09:14","2026-02-09 15:09:14",A436FB,"United States","United States",N3706F,,,,,,"Balloon Works",BALL,"Balloon Works Firefly 7B Hot Air Balloon",F7B-115,,,,,,Private,,,,,,,0,,,,,,0,0,0,0,0,,,,,,0,0,0,0,0,GEN-BALL
31263359,"2026-02-09 14:56:42","2026-02-09 14:56:42",AB0435,"United States","United States",N809KH,,,,,,"Thrush Aircraft",SS2T,"Thrush Aircraft Turbo Thrush S2R-T660",T660P-109DC,,,,,,"United Arab Emirates Air Force",,,,,,,0,,,,,,1,0,0,0,0,,,,,,0,0,0,0,0,
31263079,"2026-02-09 14:53:31","2026-02-09 14:53:31",A60178,"United States","United States",N48611,,,,,,Schweizer-Grumman,G164,"Schweizer-Grumman G-164B Ag-Cat",91B,,,,,,Private,,,1976,,,,0,,,,,,0,0,0,0,0,,,,,,0,0,0,0,0,GEN-G164
31262920,"2026-02-09 14:51:46","2026-02-09 14:51:46",A5CB11,"United States","United States",N4721P,,,,,,Cessna,P210,"Cessna P210N Pressurized Centurion",P21000091,,,,,,Private,,,1978,,,,0,,,,,,0,0,0,0,0,,,,,,0,0,0,0,0,GEN-P210
31262652,"2026-02-09 14:49:12","2026-02-09 14:49:12",A35897,"United States","United States",N3144F,,,,,,Cessna,C182,"Cessna 182J Skylane",18257244,,,,,,Private,,,,,,,0,,,,,,0,0,0,0,0,,,,,,0,0,0,0,0,GEN-C182
31261304,"2026-02-09 14:34:53","2026-02-09 14:34:53",A349E4,"United States","United States",N3105M,,,,,,Nanchang,CJ6,"Nanchang CJ-6 A",1532006,,,,,,Private,,,,,,,0,,,,,,0,0,0,0,0,,,,,,0,0,0,0,0,GEN-CJ6
31261246,"2026-02-09 14:34:17","2026-02-09 14:34:17",A95861,"United States","United States",N701BC,,,,,,Piper,P28A,"Piper PA-28 140 Cherokee F",28-7325390,,,,,,Private,,,1973,,,,0,,,,,,0,0,0,0,0,,,,,,0,0,0,0,0,GEN-P28A
31259311,"2026-02-09 14:13:28","2026-02-09 14:13:28",35964F,Spain,Spain,HE.26-03,,,,,,Eurocopter,EC35,"Eurocopter EC135 T2",0377,,,,,,"Spanish Army",,,2005,,,,0,,,,,,1,0,0,0,0,,,,,,0,0,0,0,0,
31259124,"2026-02-09 14:11:16","2026-02-09 14:11:16",A07B96,"United States","United States",N130EA,,,,,,"Zénith",CH70,"Zénith Zenair STOL CH 701",74492,,,,,,Private,,,2005,,,,0,,,,,,0,0,0,0,0,,,,,,0,0,0,0,0,GEN-CH70
31258619,"2026-02-09 14:05:34","2026-02-09 14:05:34",3F04F6,Germany,Germany,D-9311,,,,,,Schleicher,GLID,"Schleicher Ka 6 CR Rhonsegler",6397,,,,,,Private,,,1965,,,,0,,,,,,0,0,0,0,0,,,,,,0,0,0,0,0,GEN-GLID
31258547,"2026-02-09 14:04:43","2026-02-09 14:04:43",155873,Russia,Russia,RA-88179,,,,,,Yakovlev,YK40,"Yakovlev Yak-40 K",9621947,,,,,,"Novosibirsk Avia",,,,,,,0,,,,,,0,0,0,0,0,,,,,,0,0,0,0,0,GEN-YK40
31258123,"2026-02-09 13:59:56","2026-02-09 13:59:56",A584BA,"United States","United States",N455AL,,,,,,Beech,BE9L,"Beech King Air C90A",LJ-1268,,,,,,"Team Health Inc",,,,,,,0,,,,,,0,0,0,0,0,,,,,,0,0,0,0,0,GEN-BE9L
31258094,"2026-02-09 13:59:33","2026-02-09 13:59:33",ADDB68,"United States","United States",N992PT,,,,,,Beech,BE18,"Beech 18 E / S",BA-442,,,,,,"Taylor Energy Company",,,,,,,0,,,,,,0,0,0,0,0,,,,,,0,0,0,0,0,GEN-BE18
31257492,"2026-02-09 13:52:51","2026-02-09 13:52:51",A49929,"United States","United States",N396AX,,,,,,Boeing,B763,"Boeing 767 319ERBDSF",26264,,,,,,"Omni Air International",,,1994,,,,0,,,,,,0,0,0,0,0,,,,,,0,0,0,0,0,GEN-B763
31256419,"2026-02-09 13:40:52","2026-02-09 13:40:52",A984B9,"United States","United States",N712NT,,,,,,"Zénith",CH75,"Zénith Zenair CH 750 STOL Cruzer",C75-10580,,,,,,Private,,,,,,,0,,,,,,0,0,0,0,0,,,,,,0,0,0,0,0,GEN-CH75
31255280,"2026-02-09 13:28:38","2026-02-09 13:28:38",AC93A2,"United States","United States",N9095,,,,,,Cessna,CAW,"Cessna AW",155,,,,,,Private,,,1929,,,,0,,,,,,0,0,0,0,0,,,,,,0,0,0,0,0,GEN-CAW
31255271,"2026-02-09 13:28:33","2026-02-09 13:28:33",A4E202,"United States","United States",N41326,,,,,,Piper,PA27,"Piper PA-23 Aztec 250E",27-7305212,,,,,,Private,,,,,,,0,,,,,,0,0,0,0,0,,,,,,0,0,0,0,0,GEN-PA27
31254280,"2026-02-09 13:17:21","2026-02-09 13:17:21",A87718,"United States","United States",N64444,,,,,,Stinson,RELI,"Stinson Reliant V-77",77-413,,,,,,Private,,,1944,,,,0,,,,,,0,0,0,0,0,,,,,,0,0,0,0,0,GEN-RELI
31253591,"2026-02-09 13:09:45","2026-02-09 13:09:45",A1C01C,"United States","United States",N21139,,,,,,"Firefly Balloons",BALL,"Firefly Balloons Firefly 8B-15 Hot Air Balloon",F8B-2086,,,,,,Private,,,2006,,,,0,,,,,,0,0,0,0,0,,,,,,0,0,0,0,0,GEN-BALL
31253279,"2026-02-09 13:06:35","2026-02-09 13:06:35",E011C9,Argentina,Argentina,LV-AGI,,,,,,"Victory Aircraft",ANSN,"Victory Aircraft Anson I",MDF314,,,,,,Private,,,,,,,0,,,,,,0,0,0,0,0,,,,,,0,0,0,0,0,GEN-ANSN
31252876,"2026-02-09 13:02:31","2026-02-09 13:02:31",393002,France,France,F-GMAC,,,,,,Cameron,BALL,"Cameron C-60 Hot Air Balloon",3058,,,,,,Private,,,,,,,0,,,,,,0,0,0,0,0,,,,,,0,0,0,0,0,GEN-BALL
31251530,"2026-02-09 12:47:08","2026-02-09 12:47:08",3D5FF6,Germany,Germany,D-FIPA,,,,,,Piper,P46T,"Piper PA-46-500TP Malibu Meridian",4697579,,,,,,"Globe Aero",,,2014,,,,0,,,,,,0,0,0,0,0,,,,,,0,0,0,0,0,GEN-P46T
31251117,"2026-02-09 12:42:31","2026-02-09 12:42:31",3EF6FB,Germany,Germany,D-5732,,,,,,Schleicher,GLID,"Schleicher K 8 B",8023/SH/A,,,,,,Private,,,,,,,0,,,,,,0,0,0,0,0,,,,,,0,0,0,0,0,GEN-GLID
31250158,"2026-02-09 12:32:09","2026-02-09 12:32:09",40417A,"United Kingdom","United Kingdom",G-BYLO,,,,,,"Avions Fairey",NIPR,"Avions Fairey Tipsy Nipper T.66 Srs.1",4,,,,,,Private,,,1959,,,,0,,,,,,0,0,0,0,0,,,,,,0,0,0,0,0,GEN-NIPR
31249695,"2026-02-09 12:27:20","2026-02-09 12:27:20",4B8263,Turkey,Turkey,69-035,,,,,,VFW,C160,"VFW Transall C-160D",35,,,,,,"Turkish Air Force",,,,,,,0,,,,,,1,0,0,0,0,,,,,,0,0,0,0,0,
31248583,"2026-02-09 12:16:00","2026-02-09 12:16:00",C823B1,"New Zealand","New Zealand",ZK-IEM,,,,,,"Airbus Helicopters",EC30,"Airbus Helicopters EC130 T2",8226,,,,,,"North Shore Helicopters Ltd",,,2016,,,,0,,,,,,0,0,0,0,0,,,,,,0,0,0,0,0,GEN-EC30
31248265,"2026-02-09 12:12:38","2026-02-09 12:12:38",3EFB9A,Germany,Germany,D-6915,,,,,,Schleicher,GLID,"Schleicher ASW 15",15025,,,,,,Private,,,1969,,,,0,,,,,,0,0,0,0,0,,,,,,0,0,0,0,0,GEN-GLID
31248161,"2026-02-09 12:11:30","2026-02-09 12:11:30",ACD07E,"United States","United States",N9248H,,,,,,Piper,P28A,"Piper PA-28 161 Cadet",2841256,,,,,,Private,,,1989,,,,0,,,,,,0,0,0,0,0,,,,,,0,0,0,0,0,GEN-P28A
31248074,"2026-02-09 12:10:42","2026-02-09 12:10:42",405393,"United Kingdom","United Kingdom",G-DDRM,,,,,,Schleicher,GLID,"Schleicher K 7 Rhonadler",7017,,,,,,Private,,,1962,,,,0,,,,,,0,0,0,0,0,,,,,,0,0,0,0,0,GEN-GLID
31247920,"2026-02-09 12:09:07","2026-02-09 12:09:07",A00F84,"United States","United States",N1027W,,,,,,"Raven Industries",BALL,"Raven Industries S-50A Hot Air Balloon",S50A-193,,,,,,Private,,,1972,,,,0,,,,,,0,0,0,0,0,,,,,,0,0,0,0,0,GEN-BALL
29219,"2022-08-30 09:24:20","2026-02-09 12:02:49",000005,"Not Allocated","Not Allocated","",,,,"",,"",UAV,"","",,,,,,"",,,,,,"",0,,,,,,0,0,0,0,0,Missing,,,"","",0,0,0,0,0,GEN-UAV
31247237,"2026-02-09 12:01:32","2026-02-09 12:01:32",781206,China,China,B-8850,,,,,,Airbus,A320,"Airbus A320 214",5260,,,,,,"GX Airlines",,,2012,,,,0,,,,,,0,0,0,0,0,,,,,,0,0,0,0,0,CBG
31246489,"2026-02-09 11:53:23","2026-02-09 11:53:23",39466C,France,France,F-GRTM,,,,,,Eurocopter,AS55,"Eurocopter Twin Squirrel AS.355 FN",5633,,,,,,Private,,,1997,,,,0,,,,,,0,0,0,0,0,,,,,,0,0,0,0,0,GEN-AS55
31246377,"2026-02-09 11:52:04","2026-02-09 11:52:04",AC57B2,"United States","United States",N8948T,,,,,,Cessna,C182,"Cessna 182C Skylane",52848,,,,,,Private,,,,,,,0,,,,,,0,0,0,0,0,,,,,,0,0,0,0,0,GEN-C182
31246367,"2026-02-09 11:51:58","2026-02-09 11:51:58",A734A1,"United States","United States",N5631Y,,,,,,Piper,PA27,"Piper PA-23 Aztec 250C",27-2744,,,,,,Private,,,,,,,0,,,,,,0,0,0,0,0,,,,,,0,0,0,0,0,GEN-PA27
31246162,"2026-02-09 11:49:41","2026-02-09 11:49:41",A05B18,"United States","United States",N12193,,,,,,Cessna,C172,"Cessna 172M Skyhawk",17261874,,,,,,Private,,,1973,,,,0,,,,,,0,0,0,0,0,,,,,,0,0,0,0,0,GEN-C172
31245924,"2026-02-09 11:47:04","2026-02-09 11:47:04",A46207,"United States","United States",N38149,,,,,,Piper,J5,"Piper J-5 Cub Cruiser",5-896,,,,,,Private,,,1941,,,,0,,,,,,0,0,0,0,0,,,,,,0,0,0,0,0,GEN-J5
31245659,"2026-02-09 11:44:13","2026-02-09 11:44:13",A67FCF,"United States","United States",N518GT,,,,,,"Israel Aircraft Industries",WW24,"Israel Aircraft Industries 1124 Westwind",190,,,,,,"Southwest Associates LLC",,,1976,,,,0,,,,,,0,0,0,0,0,,,,,,0,0,0,0,0,GEN-WW24
31244405,"2026-02-09 11:30:43","2026-02-09 11:30:43",43C71E,"United Kingdom","United Kingdom",ZJ267,,,,,,Eurocopter,AS50,"Eurocopter Squirrel AS.350 HT.1",2996,,,,,,"Royal Air Force",,,1997,,,,0,,,https://cdn.jetphotos.com/full/6/46788_1442929599.jpg,https://cdn.jetphotos.com/full/5/15325_1432158197.jpg,https://cdn.jetphotos.com/full/4/58582_1370016851.jpg,1,0,0,0,0,,,,,,0,0,0,0,0,
31243390,"2026-02-09 11:20:17","2026-02-09 11:20:17",A5BF63,"United States","United States",N47GM,,,,,,Piper,PA34,"Piper PA-34 200 Seneca",34-7350224,,,,,,Private,,,1973,,,,0,,,,,,0,0,0,0,0,,,,,,0,0,0,0,0,GEN-PA34
31243339,"2026-02-09 11:19:50","2026-02-09 11:19:50",A710B1,"United States","United States",N5540T,,,,,,Beech,BE58,"Beech Baron 58",TH-1571,,,,,,Private,,,1989,,,,0,,,,,,0,0,0,0,0,,,,,,0,0,0,0,0,GEN-BE58
31242760,"2026-02-09 11:13:35","2026-02-09 11:13:35",A53955,"United States","United States",N4359S,,,,,,"Air Tractor",AT3P,"Air Tractor AT-301",301-0039,,,,,,Private,,,1976,,,,0,,,,,,0,0,0,0,0,,,,,,0,0,0,0,0,GEN-AT3P
31241883,"2026-02-09 11:03:56","2026-02-09 11:03:56",71CC53,"South Korea","South Korea",HL9453,,,,,,"MBB Kawasaki",BK17,"MBB Kawasaki BK.117",1060,,,,,,Private,,,,,,,0,,,,,,0,0,0,0,0,,,,,,0,0,0,0,0,GEN-BK17
31241328,"2026-02-09 10:57:49","2026-02-09 10:57:49",A901F1,"United States","United States",N68M,,,,,,Rutan,VEZE,"Rutan VariEze",320,,,,,,Private,,,1978,,,,0,,,,,,0,0,0,0,0,,,,,,0,0,0,0,0,GEN-VEZE
31240854,"2026-02-09 10:52:51","2026-02-09 10:52:51",40450E,"United Kingdom","United Kingdom",G-OBAX,,,,,,"Thruster Air Services",ULAC,"Thruster Air Services Thruster T600N 450 Jab",0051-T600N-053,,,,,,Private,,,2001,,,,0,,,,,,0,0,0,0,0,,,,,,0,0,0,0,0,GEN-ULAC
31240513,"2026-02-09 10:48:51","2026-02-09 10:48:51",A662BC,"United States","United States",N510PH,,,,,,"Textron Aviation",C172,"Textron Aviation 172S Skyhawk SP",172S12610,,,,,,Private,,,,,,,0,,,,,,0,0,0,0,0,,,,,,0,0,0,0,0,GEN-C172
31240211,"2026-02-09 10:45:33","2026-02-09 10:45:33",A4BDD4,"United States","United States",N404ZZ,,,,,,Fisher,ULAC,"Fisher FP-404",0001,,,,,,Private,,,,,,,0,,,,,,0,0,0,0,0,,,,,,0,0,0,0,0,GEN-ULAC
31239826,"2026-02-09 10:41:12","2026-02-09 10:41:12",C004DF,Canada,Canada,C-FBVY,,,,,,Hughes,H500,"Hughes 369 D",57-0143D,,,,,,Private,,,1977,,,,0,,,,,,0,0,0,0,0,,,,,,0,0,0,0,0,GEN-H500
31239062,"2026-02-09 10:33:21","2026-02-09 10:33:21",401DDE,"United Kingdom","United Kingdom",G-BGRX,,,,,,Piper,PA38,"Piper PA-38 112 Tomahawk",38-79A0609,,,,,,Private,,,1979,,,,0,,,,,,0,0,0,0,0,,,,,,0,0,0,0,0,GEN-PA38
31239023,"2026-02-09 10:32:54","2026-02-09 10:32:54",AC9721,"United States","United States",N910ET,,,,,,DAHER-SOCATA,TBM9,"DAHER-SOCATA TBM 910",1214,,,,,,"Umeris Aerospace LLC",,,2017,,,,0,,,,,,0,0,0,0,0,,,,,,0,0,0,0,0,GEN-TBM9
31237749,"2026-02-09 10:18:54","2026-02-09 10:18:54",8A05B2,Indonesia,Indonesia,PK-LPQ,,,,,,Boeing,B738,"Boeing 737NG 8GP/W",39877,,,,,,"Lion Air",,,2015,,,,0,,,,,,0,0,0,0,0,,,,,,0,0,0,0,0,LNI
31237184,"2026-02-09 10:13:22","2026-02-09 10:13:22",ACD383,"United States","United States",N9253E,,,,,,Aeronca,AR11,"Aeronca Chief 11AC",11AC-887,,,,,,Private,,,1946,,,,0,,,,,,0,0,0,0,0,,,,,,0,0,0,0,0,GEN-AR11
31236463,"2026-02-09 10:05:41","2026-02-09 10:05:41",490677,Portugal,Portugal,CS-ASW,,,,,,Piper,PA36,"Piper PA-36 285 Pawnee Brave",36-7660003,,,,,,Private,,,,,,,0,,,,,,0,0,0,0,0,,,,,,0,0,0,0,0,GEN-PA36
31236439,"2026-02-09 10:05:30","2026-02-09 10:05:30",AD4002,"United States","United States",N953CD,,,,,,"Cirrus Design",SR22,"Cirrus Design SR22",1766,,,,,,Private,,,2005,,,,0,,,,,,0,0,0,0,0,,,,,,0,0,0,0,0,GEN-SR22
31235786,"2026-02-09 09:58:17","2026-02-09 09:58:17",402D86,"United Kingdom","United Kingdom",G-IIIT,,,,,,Aerotek,PTS2,"Aerotek Pitts Special S-2A",2222,,,,,,Private,,,1980,,,,0,,,,,,0,0,0,0,0,,,,,,0,0,0,0,0,GEN-PTS2
31235613,"2026-02-09 09:56:20","2026-02-09 09:56:20",A3E11F,"United States","United States",N3490K,,,,,,Piper,J3,"Piper J-3 C-65 Cub",22178,,,,,,Private,,,1947,,,,0,,,,,,0,0,0,0,0,,,,,,0,0,0,0,0,GEN-J3
31234504,"2026-02-09 09:43:22","2026-02-09 09:43:22",A3411D,"United States","United States",N309DS,,,,,,"Diamond Aircraft",DA40,"Diamond Aircraft Diamond Star DA40",40.1049,,,,,,Private,,,2009,,,,0,,,,,,0,0,0,0,0,,,,,,0,0,0,0,0,GEN-DA40
31233279,"2026-02-09 09:30:10","2026-02-09 09:30:10",A60D8E,"United States","United States",N4898X,,,,,,Rockwell,SS2P,"Rockwell Thrush Commander S2R-600",1898R,,,,,,Private,,,1974,,,,0,,,,,,0,0,0,0,0,,,,,,0,0,0,0,0,GEN-SS2P
31232372,"2026-02-09 09:20:29","2026-02-09 09:20:29",AC4149,"United States","United States",N889WS,,,,,,Dassault,F2TH,"Dassault Falcon 2000",29,,,,,,"Avant Aerospace LLC",,,1996,,,,0,,,,,,0,0,0,0,0,,,,,,0,0,0,0,0,GEN-F2TH
31231913,"2026-02-09 09:15:45","2026-02-09 09:15:45",A5AF58,"United States","United States",N4656,,,,,,"Amateur Built",GYRO,"Amateur Built Bensen Gyrocopter B.8M",C002,,,,,,Private,,,1972,,,,0,,,,,,0,0,0,0,0,,,,,,0,0,0,0,0,GEN-GYRO
31231009,"2026-02-09 09:06:12","2026-02-09 09:06:12",AB714A,"United States","United States",N8362H,,,,,,Aeronca,CH7A,"Aeronca Defender 7BCM",7BCM-126,,,,,,Private,,,1947,,,,0,,,,,,0,0,0,0,0,,,,,,0,0,0,0,0,GEN-CH7A
31230835,"2026-02-09 09:04:15","2026-02-09 09:04:15",A22CF7,"United States","United States",N2395A,,,,,,Piper,PA22,"Piper PA-22 135 Tri-Pacer",22-760,,,,,,Private,,,1953,,,,0,,,,,,0,0,0,0,0,,,,,,0,0,0,0,0,GEN-PA22
31230303,"2026-02-09 08:58:36","2026-02-09 08:58:36",A21AE8,"United States","United States",N23483,,,,,,Cessna,C150,"Cessna 150H",15068982,,,,,,Private,,,1968,,,,0,,,,,,0,0,0,0,0,,,,,,0,0,0,0,0,GEN-C150
31230149,"2026-02-09 08:56:51","2026-02-09 08:56:51",A68C3A,"United States","United States",N52069,,,,,,Cessna,C172,"Cessna T-41A Mescalero",17253203,,,,,,Private,,,1965,,,,0,,,,,,0,0,0,0,0,,,,,,0,0,0,0,0,GEN-C172
31229050,"2026-02-09 08:44:35","2026-02-09 08:44:35",06A1A1,Qatar,Qatar,A7-AFF,,,,,,Airbus,A332,"Airbus A330 243F",1578,,,,,,"Qatar Airways",,,2014,,,,0,,,,,,0,0,0,0,0,,,,,,0,0,0,0,0,QTR
31228376,"2026-02-09 08:37:44","2026-02-09 08:37:44",A1AD07,"United States","United States",N207LJ,,,,,,Bombardier,LJ60,"Bombardier Learjet 60",60-207,,,,,,"Spectra Jet Inc",,,2000,,,,0,,,,,,0,0,0,0,0,,,,,,0,0,0,0,0,GEN-LJ60
31226997,"2026-02-09 08:22:18","2026-02-09 08:22:18",A9ACF5,"United States","United States",N722WG,,,,,,"Amateur Built",CUB2,"Amateur Built Cuby",07-02-92,,,,,,Private,,,1993,,,,0,,,,,,0,0,0,0,0,,,,,,0,0,0,0,0,GEN-CUB2
31226941,"2026-02-09 08:21:40","2026-02-09 08:21:40",AAF403,"United States","United States",N80467,,,,,,Piper,PA44,"Piper PA-44 180 Seminole",4496466,,,,,,Private,,,2019,,,,0,,,,,,0,0,0,0,0,,,,,,0,0,0,0,0,GEN-PA44
31226803,"2026-02-09 08:20:10","2026-02-09 08:20:10",A97348,"United States","United States",N708LH,,,,,,Aerospatiale,AS32,"Aerospatiale Super Puma AS.332 L1",2201,,,,,,"Bank of Utah Trustee",,,1987,,,,0,,,,,,0,0,0,0,0,,,,,,0,0,0,0,0,GEN-AS32
17912,"2022-02-16 07:49:47","2026-02-09 08:17:25",48421B,Netherlands,Netherlands,,,,,,,,-GND,,,,,,,,,,,,,,,0,,,,,,0,0,0,0,0,Missing,,,,,0,0,0,0,0,GEN--GND
31226421,"2026-02-09 08:16:00","2026-02-09 08:16:00",ACCAD7,"United States","United States",N923RS,,,,,,Piper,PA44,"Piper PA-44 180 Seminole",44-7995196,,,,,,Private,,,1979,,,,0,,,,,,0,0,0,0,0,,,,,,0,0,0,0,0,GEN-PA44
31225839,"2026-02-09 08:09:37","2026-02-09 08:09:37",AD625E,"United States","United States",N9611F,,,,,,Hughes,H269,"Hughes 269 C",70-0018,,,,,,Private,,,1970,,,,0,,,,,,0,0,0,0,0,,,,,,0,0,0,0,0,GEN-H269
11102,"2021-11-08 16:26:52","2026-02-09 08:06:37",C87EE8,"New Zealand","New Zealand","",,,,"",,"",ZZZZ,"","",,,,,,"",,,,,,"",0,,,,,,0,0,0,0,0,Missing,,,"","",0,0,0,0,0,GEN-ZZZZ
766556,"2023-10-30 20:59:55","2026-02-09 08:06:37",43BF96,"United Kingdom","United Kingdom","",,,,"",,"",ZANT,"","",,,,,,"",,,,,,"",0,,,,,,0,0,0,0,0,Missing,,,"","",0,0,0,0,0,ZANT
31225172,"2026-02-09 08:02:16","2026-02-09 08:02:16",A339FE,"United States","United States",N307GW,,,,,,"Rand Robinson",KR2,"Rand Robinson KR-2",B3078,,,,,,Private,,,1989,,,,0,,,,,,0,0,0,0,0,,,,,,0,0,0,0,0,GEN-KR2
31224725,"2026-02-09 07:56:58","2026-02-09 07:56:58",ABEF41,"United States","United States",N8682V,,,,,,Bellanca,CH7A,"Bellanca Citabria 7ECA",1094-75,,,,,,Private,,,1975,,,,0,,,,,,0,0,0,0,0,,,,,,0,0,0,0,0,GEN-CH7A
31224479,"2026-02-09 07:53:51","2026-02-09 07:53:51",A306B1,"United States","United States",N2940C,,,,,,Cessna,C180,"Cessna 180",30840,,,,,,Private,,,1954,,,,0,,,,,,0,0,0,0,0,,,,,,0,0,0,0,0,GEN-C180
31223631,"2026-02-09 07:44:00","2026-02-09 07:44:00",45C848,Denmark,Denmark,OY-RBH,,,,,,"Diamond Aircraft",DA40,"Diamond Aircraft Diamond Star DA40D",D4.312,,,,,,Private,,,2007,,,,0,,,,,,0,0,0,0,0,,,,,,0,0,0,0,0,GEN-DA40
31222453,"2026-02-09 07:30:13","2026-02-09 07:30:13",A2EFB1,"United States","United States",N289CW,,,,,,Cessna,C303,"Cessna T303 Crusader",T303-00032,,,,,,Private,,,,,,,0,,,,,,0,0,0,0,0,,,,,,0,0,0,0,0,GEN-C303
31219517,"2026-02-09 06:56:42","2026-02-09 06:56:42",E48CEE,Brazil,Brazil,PP-PRP,,,,,,Embraer,E55P,"Embraer Phenom 300",50500126,,,,,,"Preservar Participacoes SA",,,2012,,,,0,,,,,,0,0,0,0,0,,,,,,0,0,0,0,0,GEN-E55P
31219185,"2026-02-09 06:53:26","2026-02-09 06:53:26",45B104,Denmark,Denmark,OY-LHD,,,,,,Airbus,A320,"Airbus A320 231",113,,,,,,"Danish Air Transport",,,1990,,,,0,,,,,,0,0,0,0,0,,,,,,0,0,0,0,0,DTR
31218398,"2026-02-09 06:44:23","2026-02-09 06:44:23",3F039D,Germany,Germany,D-8966,,,,,,Rolladen-Schneider,GLID,"Rolladen-Schneider LS4",4250,,,,,,Private,,,1982,,,,0,,,,,,0,0,0,0,0,,,,,,0,0,0,0,0,GEN-GLID
31218322,"2026-02-09 06:43:34","2026-02-09 06:43:34",395319,France,France,F-GUYZ,,,,,,Piper,PA46,"Piper PA-46 350P Malibu Mirage",4636590,,,,,,Private,,,2013,,,,0,,,,,,0,0,0,0,0,,,,,,0,0,0,0,0,GEN-PA46
31217791,"2026-02-09 06:37:44","2026-02-09 06:37:44",A169EA,"United States","United States",N190TX,,,,,,"Textron Aviation",C208,"Textron Aviation 208",208-00580,,,,,,"Textron Aviation Inc",,,2016,,,,0,,,,,,0,0,0,0,0,,,,,,0,0,0,0,0,GEN-C208
31217641,"2026-02-09 06:35:41","2026-02-09 06:35:41",A3C02B,"United States","United States",N34033,,,,,,Taylorcraft,TAYB,"Taylorcraft BC-12 -65",2884,,,,,,Private,,,1941,,,,0,,,,,,0,0,0,0,0,,,,,,0,0,0,0,0,GEN-TAYB
31217563,"2026-02-09 06:34:46","2026-02-09 06:34:46",AC9E36,"United States","United States",N912BD,,,,,,Bombardier,LJ75,"Bombardier Learjet 75",45-517,,,,,,"Dillard Department Stores Inc",,,2015,,,,0,,,,,,0,0,0,0,0,,,,,,0,0,0,0,0,GEN-LJ75
31217258,"2026-02-09 06:30:30","2026-02-09 06:30:30",A56416,"United States","United States",N4466E,,,,,,Piper,PA38,"Piper PA-38 112 Tomahawk",38-78A0617,,,,,,Private,,,,,,,0,,,,,,0,0,0,0,0,,,,,,0,0,0,0,0,GEN-PA38
31217247,"2026-02-09 06:30:25","2026-02-09 06:30:25",A63C07,"United States","United States",N500XK,,,,,,Piper,P46T,"Piper PA-46-500TP Malibu Meridian M500",4697593,,,,,,"Heart of America Management LLC",,,2015,,,,0,,,,,,0,0,0,0,0,,,,,,0,0,0,0,0,GEN-P46T
31217191,"2026-02-09 06:29:46","2026-02-09 06:29:46",A513FF,"United States","United States",N426XJ,,,,,,SAAB,SF34,"SAAB 340 B",426,,,,,,"Operator Unknown",,,1997,,,,0,,,,,,0,0,0,0,0,,,,,,0,0,0,0,0,GEN-SF34
31216487,"2026-02-09 06:21:20","2026-02-09 06:21:20",A6C0F3,"United States","United States",N534TA,,,,,,"Textron Aviation",C208,"Textron Aviation 208 EX",208B-5344,,,,,,"Wells Fargo Bank Northwest NA Trustee",,,2017,,,,0,,,,,,0,0,0,0,0,,,,,,0,0,0,0,0,GEN-C208
31214935,"2026-02-09 06:03:38","2026-02-09 06:03:38",A4B069,"United States","United States",N401AS,,,,,,Cessna,C56X,"Cessna Citation XLS",560-5757,,,,,,"MK Jet LLC",,,,,,,0,,,,,,0,0,0,0,0,,,,,,0,0,0,0,0,GEN-C56X
31214445,"2026-02-09 05:57:55","2026-02-09 05:57:55",A6CE85,"United States","United States",N538DW,,,,,,Noorduyn,NORS,"Noorduyn Norseman UC-64A",538,,,,,,"Operator Unknown",,,,,,,0,,,,,,0,0,0,0,0,,,,,,0,0,0,0,0,GEN-NORS
31213991,"2026-02-09 05:52:38","2026-02-09 05:52:38",A167B0,"United States","United States",N19VC,,,,,,Vans,RV9,"Vans RV-9 A",90319,,,,,,Private,,,2011,,,,0,,,,,,0,0,0,0,0,,,,,,0,0,0,0,0,GEN-RV9
31213856,"2026-02-09 05:50:51","2026-02-09 05:50:51",4A0686,Romania,Romania,YR-ATF,,,,,,"Avions de Transport Regional",AT45,"Avions de Transport Regional ATR 42 500",599,,,,,,Tarom,,,1999,,,,0,,,,,,0,0,0,0,0,,,,,,0,0,0,0,0,ROT
31213165,"2026-02-09 05:42:35","2026-02-09 05:42:35",A36DB0,"United States","United States",N32TR,,,,,,Thorp,T18,"Thorp T-18",1348,,,,,,Private,,,1982,,,,0,,,,,,0,0,0,0,0,,,,,,0,0,0,0,0,GEN-T18
31211744,"2026-02-09 05:24:47","2026-02-09 05:24:47",A08E09,"United States","United States",N135CU,,,,,,Cessna,C172,"Cessna 172K Skyhawk",17258515,,,,,,Private,,,1969,,,,0,,,,,,0,0,0,0,0,,,,,,0,0,0,0,0,GEN-C172
31211610,"2026-02-09 05:22:57","2026-02-09 05:22:57",008751,"South Africa","South Africa",ZS-CTK,,,,,,"SAAB Fairchild",SF34,"SAAB Fairchild 340 A",068,,,,,,Citylink,,,1986,,,,0,,,,,,0,0,0,0,0,,,,,,0,0,0,0,0,GEN-SF34
31211302,"2026-02-09 05:18:58","2026-02-09 05:18:58",8980AC,"Papua New Guinea","Papua New Guinea",P2-OMC,,,,,,"Pacific Aerospace",P750,"Pacific Aerospace PAC750XL",194,,,,,,"Central Aviation",,,2015,,,,0,,,,,,0,0,0,0,0,,,,,,0,0,0,0,0,GEN-P750
31210112,"2026-02-09 05:03:02","2026-02-09 05:03:02",402178,"United Kingdom","United Kingdom",G-COOT,,,,,,"Amateur Built",COOT,"Amateur Built Taylor Coot A",EE-1A,,,,,,Private,,,1994,,,,0,,,,,,0,0,0,0,0,,,,,,0,0,0,0,0,GEN-COOT
31210039,"2026-02-09 05:02:07","2026-02-09 05:02:07",14FA14,Russia,Russia,RA-64020,,,,,,Tupolev,T204,"Tupolev Tu-204 100",1450743164020,,,,,,"Red Wings Airlines",,,,,,,0,,,,,,0,0,0,0,0,,,,,,0,0,0,0,0,RWZ
31209385,"2026-02-09 04:53:43","2026-02-09 04:53:43",C098E0,Canada,Canada,C-IFXF,,,,,,Ultravia,PELI,"Ultravia Pelican",238,,,,,,Private,,,,,,,0,,,,,,0,0,0,0,0,,,,,,0,0,0,0,0,GEN-PELI
31209368,"2026-02-09 04:53:32","2026-02-09 04:53:32",A644C6,"United States","United States",N50272,,,,,,Aeronca,FA62,"Aeronca PT-19A M-62A",9864AE,,,,,,Private,,,1943,,,,0,,,,,,0,0,0,0,0,,,,,,0,0,0,0,0,GEN-FA62
31209274,"2026-02-09 04:52:02","2026-02-09 04:52:02",AA8B89,"United States","United States",N779M,,,,,,Glasair,ZZZZ,"Glasair Merlin M-1",8001,,,,,,Private,,,,,,,0,,,,,,0,0,0,0,0,,,,,,0,0,0,0,0,GEN-ZZZZ
31206296,"2026-02-09 04:13:54","2026-02-09 04:13:54",A78803,"United States","United States",N5846W,,,,,,Piper,P28A,"Piper PA-28 160 Cherokee C",28-2271,,,,,,Private,,,1965,,,,0,,,,,,0,0,0,0,0,,,,,,0,0,0,0,0,GEN-P28A
31206164,"2026-02-09 04:11:58","2026-02-09 04:11:58",78034C,China,China,B-3043,,,,,,Embraer,E145,"Embraer ERJ-145 LR",145377,,,,,,"Hebei Airlines",,,,,,,0,,,,,,0,0,0,0,0,,,,,,0,0,0,0,0,GEN-E145
31205952,"2026-02-09 04:09:15","2026-02-09 04:09:15",851C56,Japan,Japan,JA3454,,,,,,Fuji,SUBA,"Fuji FA-200 160 Aero Subaru",32,,,,,,Private,,,1969,,,,0,,,,,,0,0,0,0,0,,,,,,0,0,0,0,0,GEN-SUBA
31205213,"2026-02-09 03:58:58","2026-02-09 03:58:58",A63DF4,"United States","United States",N501DB,,,,,,Dassault,F900,"Dassault Falcon 900 C",196,,,,,,"Fur Management & Consulting LLC",,,2002,,,,0,,,,,,0,0,0,0,0,,,,,,0,0,0,0,0,GEN-F900
31205101,"2026-02-09 03:57:41","2026-02-09 03:57:41",4B4649,Switzerland,Switzerland,HB-418,,,,,,Spalinger,GLID,"Spalinger S-16 II",418,,,,,,Private,,,1946,,,,0,,,,,,0,0,0,0,0,,,,,,0,0,0,0,0,GEN-GLID
31205082,"2026-02-09 03:57:25","2026-02-09 03:57:25",4019C1,"United Kingdom","United Kingdom",G-BADJ,,,,,,Piper,PA27,"Piper PA-23 Aztec 250E",27-4841,,,,,,Private,,,1972,,,,0,,,,,,0,0,0,0,0,,,,,,0,0,0,0,0,GEN-PA27
31204512,"2026-02-09 03:50:16","2026-02-09 03:50:16",402709,"United Kingdom","United Kingdom",G-MNUA,,,,,,"Mainair Sports",ULAC,"Mainair Sports Gemini Flash II",458-886-4,,,,,,Private,,,1986,,,,0,,,,,,0,0,0,0,0,,,,,,0,0,0,0,0,GEN-ULAC
31203714,"2026-02-09 03:40:12","2026-02-09 03:40:12",A0A167,"United States","United States",N14LX,,,,,,Steen,BOLT,"Steen Skybolt",LH001,,,,,,Private,,,,,,,0,,,,,,0,0,0,0,0,,,,,,0,0,0,0,0,GEN-BOLT
31202554,"2026-02-09 03:24:11","2026-02-09 03:24:11",A03CB3,"United States","United States",N114SV,,,,,,"Amateur Built",ZZZZ,"Amateur Built Jaybird Jaybird",1,,,,,,Private,,,,,,,0,,,,,,0,0,0,0,0,,,,,,0,0,0,0,0,GEN-ZZZZ
31201051,"2026-02-09 03:03:56","2026-02-09 03:03:56",AB077B,"United States","United States",N81EV,,,,,,Cessna,C185,"Cessna A185F Skywagon 185",18504341,,,,,,Private,,,1981,,,,0,,,,,,0,0,0,0,0,,,,,,0,0,0,0,0,GEN-C185
31200555,"2026-02-09 02:56:29","2026-02-09 02:56:29",AC87E1,"United States","United States",B-10UQ,,,,,,"Textron Aviation",C172,"Textron Aviation 172S Skyhawk SP",172S12081,,,,,,"Hebei Zhiyuan General Aviation Company",,,2017,,,,0,,,,,,0,0,0,0,0,,,,,,0,0,0,0,0,GEN-C172
31200512,"2026-02-09 02:55:54","2026-02-09 02:55:54",A283D8,"United States","United States",N261MS,,,,,,Let,YK11,"Let Yak-11 C-11",458519,,,,,,Private,,,,,,,0,,,,,,0,0,0,0,0,,,,,,0,0,0,0,0,GEN-YK11
31197913,"2026-02-09 02:19:51","2026-02-09 02:19:51",42427B,Bermuda,Bermuda,VP-BBA,,,,,,Bombardier,CRJ2,"Bombardier CRJ 200LR",7607,,,,,,"Yamal Airlines",,,,,,,0,,,,,,0,0,0,0,0,,,,,,0,0,0,0,0,LLM
31197207,"2026-02-09 02:10:42","2026-02-09 02:10:42",8980CB,"Papua New Guinea","Papua New Guinea",P2-HFE,,,,,,"Viking Air",DHC6,"Viking Air DHC-6 Twin Otter 400",851,,,,,,"Helifix PNG",,,2011,,,,0,,,,,,0,0,0,0,0,,,,,,0,0,0,0,0,GEN-DHC6
31196921,"2026-02-09 02:06:54","2026-02-09 02:06:54",A6578C,"United States","United States",N5079H,,,,,,Cessna,C172,"Cessna 172M Skyhawk",17265335,,,,,,Private,,,,,,,0,,,,,,0,0,0,0,0,,,,,,0,0,0,0,0,GEN-C172
31196720,"2026-02-09 02:03:51","2026-02-09 02:03:51",0D80CC,Venezuela,Venezuela,YV2389,,,,,,Cessna,C560,"Cessna Citation Encore+",560-0757,,,,,,"Linea Turistica Aerotuy Lta CA",,,,,,,0,,,,,,0,0,0,0,0,,,,,,0,0,0,0,0,GEN-C560
31195857,"2026-02-09 01:52:00","2026-02-09 01:52:00",C80F12,"New Zealand","New Zealand",ZK-HIA,,,,,,Hughes,H500,"Hughes 369 HS",99-0126S,,,,,,Private,,,1969,,,,0,,,,,,0,0,0,0,0,,,,,,0,0,0,0,0,GEN-H500
31195810,"2026-02-09 01:51:18","2026-02-09 01:51:18",395E6C,France,France,F-GXTM,,,,,,Dassault,FA50,"Dassault Falcon 50",165,,,,,,"Aero Vision",,,1986,,,,0,,,,,,0,0,0,0,0,,,,,,0,0,0,0,0,AOV
31195642,"2026-02-09 01:49:20","2026-02-09 01:49:20",A76497,"United States","United States",N5759H,,,,,,Bell,B06,"Bell 206L Long Ranger",45556,,,,,,Private,,,,,,,0,,,,,,0,0,0,0,0,,,,,,0,0,0,0,0,GEN-B06
31194798,"2026-02-09 01:37:52","2026-02-09 01:37:52",C058A2,Canada,Canada,C-GHOR,,,,,,Cessna,C205,"Cessna 205",205-0256,,,,,,Private,,,1963,,,,0,,,,,,0,0,0,0,0,,,,,,0,0,0,0,0,GEN-C205
31193677,"2026-02-09 01:23:01","2026-02-09 01:23:01",4C1C4D,Serbia,Serbia,YU-HCN,,,,,,Bell,B06,"Bell 206L Long Ranger",45399,,,,,,Private,,,,,,,0,,,,,,0,0,0,0,0,,,,,,0,0,0,0,0,GEN-B06
31192898,"2026-02-09 01:11:54","2026-02-09 01:11:54",A28431,"United States","United States",N261RF,,,,,,Rans,COY2,"Rans Coyote II S-6",01041544,,,,,,Private,,,,,,,0,,,,,,0,0,0,0,0,,,,,,0,0,0,0,0,GEN-COY2
31190376,"2026-02-09 00:39:33","2026-02-09 00:39:33",ACDB88,"United States","United States",N9277R,,,,,,Hughes,H269,"Hughes 269 C",79-0809,,,,,,Private,,,1979,,,,0,,,,,,0,0,0,0,0,,,,,,0,0,0,0,0,GEN-H269
31190348,"2026-02-09 00:39:16","2026-02-09 00:39:16",A8E1DC,"United States","United States",N6710W,,,,,,Piper,P28A,"Piper PA-28 140 Cherokee",28-20823,,,,,,Private,,,1965,,,,0,,,,,,0,0,0,0,0,,,,,,0,0,0,0,0,GEN-P28A
31189247,"2026-02-09 00:24:30","2026-02-09 00:24:30",ADAB3D,"United States","United States",N980B,,,,,,"Amateur Built",ZZZZ,"Amateur Built Wizard Pro",001,,,,,,Private,,,,,,,0,,,,,,0,0,0,0,0,,,,,,0,0,0,0,0,GEN-ZZZZ
31187972,"2026-02-09 00:06:53","2026-02-09 00:06:53",A4AA3D,"United States","United States",N4ZQ,,,,,,Neico,LNC2,"Neico Lancair 360",AMES1,,,,,,Private,,,2012,,,,0,,,,,,0,0,0,0,0,,,,,,0,0,0,0,0,GEN-LNC2
31187604,"2026-02-09 00:02:06","2026-02-09 00:02:06",A18F13,"United States","United States",N2U,,,,,,"Textron Aviation",C25M,"Textron Aviation Citation M2",525-0909,,,,,,"Schuh-Schmid GmbH",,,2016,,,,0,,,,,,0,0,0,0,0,,,,,,0,0,0,0,0,GEN-C25M
