AircraftID,FirstCreated,LastModified,ModeS,ModeSCountry,Country,Registration,CurrentRegDate,PreviousID,FirstRegDate,Status,DeRegDate,Manufacturer,ICAOTypeCode,Type,SerialNo,PopularName,GenericName,AircraftClass,Engines,OwnershipStatus,RegisteredOwners,MTOW,TotalHours,YearBuilt,CofACategory,CofAExpiry,UserNotes,Interested,UserTag,InfoURL,PictureURL1,PictureURL2,PictureURL3,UserBool1,UserBool2,UserBool3,UserBool4,UserBool5,UserString1,UserString2,UserString3,UserString4,UserString5,UserInt1,UserInt2,UserInt3,UserInt4,UserInt5,OperatorFlagCode
27562658,"2026-01-08 23:56:03","2026-01-08 23:56:03",A9C2D8,"United States","United States",N728SD,,,,,,Cessna,C206,"Cessna U206C Super Skywagon",U206-1044,,,,,,Private,,,1968,,,,0,,,,,,0,0,0,0,0,,,,,,0,0,0,0,0,GEN-C206
27562258,"2026-01-08 23:50:15","2026-01-08 23:50:15",A818D5,"United States","United States",N62014,,,,,,Maule,M5,"Maule M-5 220C Strata Rocket",5044C,,,,,,Private,,,1974,,,,0,,,,,,0,0,0,0,0,,,,,,0,0,0,0,0,GEN-M5
9252296,"2025-04-09 06:51:08","2026-01-08 23:21:47",3CA4C8,Germany,Germany,D-BIFH,,,,,,Embraer,E550,"Embraer Legacy 500",,,,,,,"VistaJet Germany",,,,,,,0,,,,,,0,0,0,0,0,,,,,,0,0,0,0,0,VJH
27559586,"2026-01-08 23:12:38","2026-01-08 23:12:38",48A5D5,Poland,Poland,SP-KPZ,,,,,,"SAAB Fairchild",SF34,"SAAB Fairchild 340 A",087,,,,,,SprintAir,,,1987,,,,0,,,,,,0,0,0,0,0,,,,,,0,0,0,0,0,SRN
27559571,"2026-01-08 23:12:32","2026-01-08 23:12:32",88814B,Vietnam,Vietnam,VN-A575,,,,,,Airbus,A320,"Airbus A320 232SL",7922,,,,,,"Jetstar Pacific",,,2017,,,,0,,,,,,0,0,0,0,0,,,,,,0,0,0,0,0,PIC
27559468,"2026-01-08 23:11:21","2026-01-08 23:11:21",A30BE1,"United States","United States",N296BD,,,,,,Piper,PA27,"Piper PA-23 Aztec 250",27-83,,,,,,Private,,,,,,,0,,,,,,0,0,0,0,0,,,,,,0,0,0,0,0,GEN-PA27
27559290,"2026-01-08 23:08:51","2026-01-08 23:08:51",40109B,"United Kingdom","United Kingdom",G-CCJY,,,,,,Cameron,BALL,"Cameron Z-42 Hot Air Balloon",10465,,,,,,Private,,,2003,,,,0,,,,,,0,0,0,0,0,,,,,,0,0,0,0,0,GEN-BALL
27559220,"2026-01-08 23:08:01","2026-01-08 23:08:01",0D03F1,Mexico,Mexico,XA-MXM,,,,,,Airbus,A320,"Airbus A320 214",3286,,,,,,Interjet,,,2007,,,,0,,,,,,0,0,0,0,0,,,,,,0,0,0,0,0,AIJ
27558078,"2026-01-08 22:52:02","2026-01-08 22:52:02",AC5339,"United States","United States",N89329,,,,,,Cessna,C140,"Cessna 140",8357,,,,,,Private,,,1946,,,,0,,,,,,0,0,0,0,0,,,,,,0,0,0,0,0,GEN-C140
27557080,"2026-01-08 22:38:50","2026-01-08 22:38:50",403FB8,"United Kingdom","United Kingdom",G-MZUB,,,,,,Rans,COY2,"Rans Coyote II S-6","PFA 204-13244",,,,,,Private,,,1998,,,,0,,,,,,0,0,0,0,0,,,,,,0,0,0,0,0,GEN-COY2
27556495,"2026-01-08 22:31:01","2026-01-08 22:31:01",3EE19C,Germany,Germany,D-0261,,,,,,Glaser-Dirks,GLID,"Glaser-Dirks DG-500T Elan Trainer",5E-57T24,,,,,,Private,,,1992,,,,0,,,,,,0,0,0,0,0,,,,,,0,0,0,0,0,GEN-GLID
27555668,"2026-01-08 22:20:40","2026-01-08 22:20:40",A172BA,"United States","United States",N19251,,,,,,Cessna,C150,"Cessna 150L",15074274,,,,,,Private,,,,,,,0,,,,,,0,0,0,0,0,,,,,,0,0,0,0,0,GEN-C150
27555226,"2026-01-08 22:14:47","2026-01-08 22:14:47",4786F2,Norway,Norway,LN-ABT,,,,,,"Diamond Aircraft",DV20,"Diamond Aircraft Katana DA20-A1",10311,,,,,,Private,,,,,,,0,,,,,,0,0,0,0,0,,,,,,0,0,0,0,0,GEN-DV20
27555182,"2026-01-08 22:14:11","2026-01-08 22:14:11",A70A12,"United States","United States",N5526Q,,,,,,Mooney,M20P,"Mooney M.20E Super 21",616,,,,,,Private,,,1965,,,,0,,,,,,0,0,0,0,0,,,,,,0,0,0,0,0,GEN-M20P
27554931,"2026-01-08 22:10:52","2026-01-08 22:10:52",E06284,Argentina,Argentina,LV-FJD,,,,,,Piper,PA22,"Piper PA-22 150 Tri-Pacer",22-1432,,,,,,Private,,,1953,,,,0,,,,,,0,0,0,0,0,,,,,,0,0,0,0,0,GEN-PA22
27554708,"2026-01-08 22:08:06","2026-01-08 22:08:06",E48886,Brazil,Brazil,PP-ABV,,,,,,Embraer,E55P,"Embraer Phenom 300",50500045,,,,,,"Mahil Agropecuaria Ltda",,,2011,,,,0,,,,,,0,0,0,0,0,,,,,,0,0,0,0,0,GEN-E55P
27553311,"2026-01-08 21:49:36","2026-01-08 21:49:36",AB374D,"United States","United States",N82124,,,,,,Aeronca,CH7A,"Aeronca Champion 7AC",7AC-750,,,,,,Private,,,1946,,,,0,,,,,,0,0,0,0,0,,,,,,0,0,0,0,0,GEN-CH7A
27553052,"2026-01-08 21:45:49","2026-01-08 21:45:49",A779EF,"United States","United States",N581DE,,,,,,Cessna,C185,"Cessna A185F Skywagon 185",18502588,,,,,,Private,,,,,,,0,,,,,,0,0,0,0,0,,,,,,0,0,0,0,0,GEN-C185
27552101,"2026-01-08 21:33:54","2026-01-08 21:33:54",8831C7,Thailand,Thailand,HS-LNG,,,,,,Cessna,C650,"Cessna Citation VII",650-7071,,,,,,"Thai Flying Service",,,,,,,0,,,,,,0,0,0,0,0,,,,,,0,0,0,0,0,GEN-C650
27551963,"2026-01-08 21:32:06","2026-01-08 21:32:06",C09774,Canada,Canada,C-IFJF,,,,,,Klass,ULAC,"Klass Trike 503 Trike 503",TC061006,,,,,,Private,,,,,,,0,,,,,,0,0,0,0,0,,,,,,0,0,0,0,0,GEN-ULAC
27551570,"2026-01-08 21:27:29","2026-01-08 21:27:29",A408BB,"United States","United States",N3591D,,,,,,"Raven Aerostar",BALL,"Raven Aerostar S-60A Hot Air Balloon",S60A-3100,,,,,,Private,,,,,,,0,,,,,,0,0,0,0,0,,,,,,0,0,0,0,0,GEN-BALL
27551341,"2026-01-08 21:24:55","2026-01-08 21:24:55",3EFD0F,Germany,Germany,D-7288,,,,,,Schleicher,GLID,"Schleicher K 8 C",81011,,,,,,Private,,,1976,,,,0,,,,,,0,0,0,0,0,,,,,,0,0,0,0,0,GEN-GLID
27551342,"2026-01-08 21:24:55","2026-01-08 21:24:55",018079,Libya,Libya,5A-WAD,,,,,,Boeing,B735,"Boeing 737 55D",27419,,,,,,"Buraq Air Transport",,,1992,,,,0,,,,,,0,0,0,0,0,,,,,,0,0,0,0,0,BRQ
27551221,"2026-01-08 21:23:23","2026-01-08 21:23:23",40770D,"United Kingdom","United Kingdom",G-BXBE,,,,,,Bell,B412,"Bell Griffin HT.1",36145,,,,,,"FB Leasing Ltd",,,1996,,,,0,,,,,,0,0,0,0,0,,,,,,0,0,0,0,0,GEN-B412
27551222,"2026-01-08 21:23:23","2026-01-08 21:23:23",4AC8D5,Sweden,Sweden,SE-RFU,,,,,,Boeing,B738,"Boeing 737NG 8K5/W",37259,,,,,,"TUIfly Nordic",,,2011,,,,0,,,,,,0,0,0,0,0,,,,,,0,0,0,0,0,BLX
27551103,"2026-01-08 21:22:09","2026-01-08 21:22:09",A93C07,"United States","United States",N69404,,,,,,Cessna,C402,"Cessna 402B",402B0537,,,,,,Private,,,,,,,0,,,,,,0,0,0,0,0,,,,,,0,0,0,0,0,GEN-C402
27550435,"2026-01-08 21:14:13","2026-01-08 21:14:13",3EFEB6,Germany,Germany,D-7711,,,,,,Scheibe,GLID,"Scheibe Bergfalke IV",5816,,,,,,Private,,,1972,,,,0,,,,,,0,0,0,0,0,,,,,,0,0,0,0,0,GEN-GLID
27550037,"2026-01-08 21:09:13","2026-01-08 21:09:13",402597,"United Kingdom","United Kingdom",G-MNBB,,,,,,"Solar Wings",ULAC,"Solar Wings Pegasus XL-R",SW-WA-1019,,,,,,Private,,,1985,,,,0,,,,,,0,0,0,0,0,,,,,,0,0,0,0,0,GEN-ULAC
27548366,"2026-01-08 20:46:11","2026-01-08 20:46:11",4248D0,"United Kingdom","United Kingdom",VP-COI,,,,,,Boeing,B738,"Boeing 737-8MA",40945,,,,,,"Avolon Aviation",,,2014,,,,0,,,,,,0,0,0,0,0,,,,,,0,0,0,0,0,GEN-B738
27547083,"2026-01-08 20:30:36","2026-01-08 20:30:36",A6307F,"United States","United States",N4982S,,,,,,Piper,P28R,"Piper PA-28R 200 Cherokee Arrow",28R-35702,,,,,,Private,,,1970,,,,0,,,,,,0,0,0,0,0,,,,,,0,0,0,0,0,GEN-P28R
27546652,"2026-01-08 20:25:28","2026-01-08 20:25:28",A0292D,"United States","United States",N1095C,,,,,,Mooney,M20P,"Mooney M.20A Mark 20",1366,,,,,,Private,,,,,,,0,,,,,,0,0,0,0,0,,,,,,0,0,0,0,0,GEN-M20P
27546602,"2026-01-08 20:24:51","2026-01-08 20:24:51",4061F4,"United Kingdom","United Kingdom",G-JEZA,,,,,,AgustaWestland,A139,"AgustaWestland AW.139",31255,,,,,,"CHC Scotia",,,2009,,,,0,,,,,,0,0,0,0,0,,,,,,0,0,0,0,0,HKS
27546050,"2026-01-08 20:17:49","2026-01-08 20:17:49",A8B19F,"United States","United States",N6598F,,,,,,Piper,P28A,"Piper PA-28 140 Cherokee F",28-7725075,,,,,,Private,,,1976,,,,0,,,,,,0,0,0,0,0,,,,,,0,0,0,0,0,GEN-P28A
27546021,"2026-01-08 20:17:21","2026-01-08 20:17:21",A3E285,"United States","United States",N35AS,,,,,,Piper,PA31,"Piper PA-31 Navajo C",31-7712101,,,,,,Private,,,1977,,,,0,,,,,,0,0,0,0,0,,,,,,0,0,0,0,0,GEN-PA31
27545159,"2026-01-08 20:07:14","2026-01-08 20:07:14",A96D33,"United States","United States",N7060C,,,,,,Piper,PA34,"Piper PA-34 200T Seneca II",34-7670084,,,,,,Private,,,1975,,,,0,,,,,,0,0,0,0,0,,,,,,0,0,0,0,0,GEN-PA34
27545060,"2026-01-08 20:05:51","2026-01-08 20:05:51",AD1869,"United States","United States",N943BC,,,,,,Boeing,B772,"Boeing 777 212ER",32336,,,,,,"Air New Zealand",,,2002,,,,0,,,,,,0,0,0,0,0,,,,,,0,0,0,0,0,ANZ
27544902,"2026-01-08 20:03:58","2026-01-08 20:03:58",AAFB15,"United States","United States",N8064K,,,,,,Yakovlev,YK18,"Yakovlev Yak-18 A",1162606,,,,,,Private,,,,,,,0,,,,,,0,0,0,0,0,,,,,,0,0,0,0,0,GEN-YK18
27544853,"2026-01-08 20:03:28","2026-01-08 20:03:28",A32661,"United States","United States",N3017L,,,,,,Cessna,C310,"Cessna 310J",310J0017,,,,,,Private,,,1965,,,,0,,,,,,0,0,0,0,0,,,,,,0,0,0,0,0,GEN-C310
27543065,"2026-01-08 19:42:36","2026-01-08 19:42:36",4242F6,Bermuda,Bermuda,VP-BJV,,,,,,Airbus,A319,"Airbus A319 112",1603,,,,,,"Ural Airlines",,,2001,,,,0,,,,,,0,0,0,0,0,,,,,,0,0,0,0,0,SVR
27542915,"2026-01-08 19:40:52","2026-01-08 19:40:52",ACAF93,"United States","United States",N9162,,,,,,"Amateur Built",BIPL,"Amateur Built EAA Biplane P1",JBC-1,,,,,,Private,,,,,,,0,,,,,,0,0,0,0,0,,,,,,0,0,0,0,0,GEN-BIPL
27542287,"2026-01-08 19:32:54","2026-01-08 19:32:54",A2EA63,"United States","United States",N2870Q,,,,,,Cessna,C172,"Cessna 172L Skyhawk",17259870,,,,,,Private,,,1971,,,,0,,,,,,0,0,0,0,0,,,,,,0,0,0,0,0,GEN-C172
27541495,"2026-01-08 19:23:22","2026-01-08 19:23:22",AB39E5,"United States","United States",N822SM,,,,,,"Cirrus Design",SR22,"Cirrus Design SR22",4606,,,,,,Private,,,2018,,,,0,,,,,,0,0,0,0,0,,,,,,0,0,0,0,0,GEN-SR22
27540129,"2026-01-08 19:06:23","2026-01-08 19:06:23",3E6625,Germany,Germany,D-KDWN,,,,,,Grob,G109,"Grob G 109B",6221,,,,,,Private,,,1983,,,,0,,,,,,0,0,0,0,0,,,,,,0,0,0,0,0,GEN-G109
27539492,"2026-01-08 18:57:38","2026-01-08 18:57:38",C08661,Canada,Canada,C-GYXC,,,,,,Convair,CVLT,"Convair 580",507,,,,,,"Conair Aviation",,,1958,,,,0,,,,,,0,0,0,0,0,,,,,,0,0,0,0,0,GEN-CVLT
27538637,"2026-01-08 18:47:11","2026-01-08 18:47:11",A33D07,"United States","United States",N30798,,,,,,Piper,J3,"Piper J-3 L-65 Cub",5124,,,,,,Private,,,1940,,,,0,,,,,,0,0,0,0,0,,,,,,0,0,0,0,0,GEN-J3
27538574,"2026-01-08 18:46:33","2026-01-08 18:46:33",4B2B9D,Switzerland,Switzerland,HB-QNL,,,,,,"Schroeder Fire Balloons",BALL,"Schroeder Fire Balloons G26/24 Hot Air Balloon",1278,,,,,,Private,,,2007,,,,0,,,,,,0,0,0,0,0,,,,,,0,0,0,0,0,GEN-BALL
27538405,"2026-01-08 18:44:22","2026-01-08 18:44:22",403D24,"United Kingdom","United Kingdom",G-MZEW,,,,,,"Mainair Sports",ULAC,"Mainair Sports Mainair Blade",1105-0197-7-W908,,,,,,Private,,,1997,,,,0,,,,,,0,0,0,0,0,,,,,,0,0,0,0,0,GEN-ULAC
27537030,"2026-01-08 18:28:08","2026-01-08 18:28:08",A093FB,"United States","United States",XB-JPN,,,,,,"Air Tractor",AT3P,"Air Tractor AT-301",301-0205,,,,,,Private,,,1979,,,,0,,,,,,0,0,0,0,0,,,,,,0,0,0,0,0,GEN-AT3P
27536726,"2026-01-08 18:24:55","2026-01-08 18:24:55",A8F1EB,"United States","United States",N6759N,,,,,,Mooney,M20P,"Mooney M.20C Ranger",680073,,,,,,Private,,,1968,,,,0,,,,,,0,0,0,0,0,,,,,,0,0,0,0,0,GEN-M20P
16815843,"2025-05-16 04:07:54","2026-01-08 18:21:34",AA37D6,"United States","United States",N758AW,,,,,,Cessna,C172,"Cessna R172K Hawk XP",R1722950,,,,,,Private,,,1978,,,,0,,,,,,0,0,0,0,0,,,,,,0,0,0,0,0,GEN-C172
27534936,"2026-01-08 18:04:17","2026-01-08 18:04:17",A6F0D5,"United States","United States",N5462A,,,,,,Cessna,C310,"Cessna 310B",35662,,,,,,Private,,,,,,,0,,,,,,0,0,0,0,0,,,,,,0,0,0,0,0,GEN-C310
27534341,"2026-01-08 17:57:51","2026-01-08 17:57:51",43EB72,Guernsey,Guernsey,2-PAOK,,,,,,Airbus,A332,"Airbus A330 203",834,,,,,,"Shaheen Air International",,,2007,,,,0,,,,,,0,0,0,0,0,,,,,,0,0,0,0,0,SAI
27534249,"2026-01-08 17:56:06","2026-01-08 17:56:06",AC5726,"United States","United States",N8944T,,,,,,Cessna,C182,"Cessna 182C Skylane",52844,,,,,,Private,,,1960,,,,0,,,,,,0,0,0,0,0,,,,,,0,0,0,0,0,GEN-C182
27534223,"2026-01-08 17:55:49","2026-01-08 17:55:49",AA0F43,"United States","United States",N74721,,,,,,Mooney,M20P,"Mooney M.20B Mark 21",1721,,,,,,Private,,,,,,,0,,,,,,0,0,0,0,0,,,,,,0,0,0,0,0,GEN-M20P
27534025,"2026-01-08 17:53:45","2026-01-08 17:53:45",AB75ED,"United States","United States",N83789,,,,,,Aeronca,CH7A,"Aeronca Champion 7AC",7AC-2468,,,,,,Private,,,1946,,,,0,,,,,,0,0,0,0,0,,,,,,0,0,0,0,0,GEN-CH7A
27533460,"2026-01-08 17:47:22","2026-01-08 17:47:22",3F2762,Germany,Germany,D-OAVA,,,,,,Worner,BALL,"Worner NL-1000/STU Gas Balloon",1083,,,,,,Private,,,,,,,0,,,,,,0,0,0,0,0,,,,,,0,0,0,0,0,GEN-BALL
27532426,"2026-01-08 17:36:00","2026-01-08 17:36:00",A0F63B,"United States","United States",N161JP,,,,,,"North American",T28,"North American T-28C Trojan",226-78,,,,,,Private,,,,,,,0,,,,,,0,0,0,0,0,,,,,,0,0,0,0,0,GEN-T28
27532248,"2026-01-08 17:33:40","2026-01-08 17:33:40",405B51,"United Kingdom","United Kingdom",G-DDUT,,,,,,Schleicher,GLID,"Schleicher ASW 20",20089,,,,,,Private,,,1978,,,,0,,,,,,0,0,0,0,0,,,,,,0,0,0,0,0,GEN-GLID
27531126,"2026-01-08 17:21:10","2026-01-08 17:21:10",14DC3E,Russia,Russia,RA-56382,,,,,,Antonov,AN2,"Antonov An-2 R",1G180-12,,,,,,"Mordovia Air",,,,,,,0,,,,,,0,0,0,0,0,,,,,,0,0,0,0,0,GEN-AN2
27529587,"2026-01-08 17:04:05","2026-01-08 17:04:05",AA81D8,"United States","United States",N7761M,,,,,,Mooney,M20P,"Mooney M.20F Aerostar 220",22-0021,,,,,,Private,,,,,,,0,,,,,,0,0,0,0,0,,,,,,0,0,0,0,0,GEN-M20P
27529268,"2026-01-08 17:00:31","2026-01-08 17:00:31",AA2092,"United States","United States",N7513S,,,,,,Robinson,R44,"Robinson R44 Raven",1195,,,,,,Private,,,,,,,0,,,,,,0,0,0,0,0,,,,,,0,0,0,0,0,GEN-R44
27529222,"2026-01-08 16:59:25","2026-01-08 16:59:25",A6B7CF,"United States","United States",N5319Z,,,,,,Piper,PA22,"Piper PA-22 108 Colt",22-9023,,,,,,Private,,,1961,,,,0,,,,,,0,0,0,0,0,,,,,,0,0,0,0,0,GEN-PA22
11976834,"2025-05-05 19:41:44","2026-01-08 16:38:47",A57C11,"United States","United States",N4521M,,,,,,Cessna,C182,"Cessna 182G Skylane",18255142,,,,,,Private,,,,,,,0,,,,,,0,0,0,0,0,,,,,,0,0,0,0,0,GEN-C182
27526865,"2026-01-08 16:31:27","2026-01-08 16:31:27",A91245,"United States","United States",N684C,,,,,,Beech,BE36,"Beech Bonanza A36",E-3440,,,,,,Private,,,,,,,0,,,,,,0,0,0,0,0,,,,,,0,0,0,0,0,GEN-BE36
27525352,"2026-01-08 16:11:00","2026-01-08 16:11:00",AA3546,"United States","United States",N757NR,,,,,,Cessna,C152,"Cessna 152",15279877,,,,,,Private,,,1977,,,,0,,,,,,0,0,0,0,0,,,,,,0,0,0,0,0,GEN-C152
27525335,"2026-01-08 16:10:48","2026-01-08 16:10:48",A4F936,"United States","United States",N4199V,,,,,,Cessna,C170,"Cessna 170",18350,,,,,,Private,,,1948,,,,0,,,,,,0,0,0,0,0,,,,,,0,0,0,0,0,GEN-C170
27524673,"2026-01-08 16:02:54","2026-01-08 16:02:54",780A8C,China,China,B-LCB,,,,,,Airbus,A320,"Airbus A320 232",2322,,,,,,"Hong Kong Express Airways",,,2004,,,,0,,,,,,0,0,0,0,0,,,,,,0,0,0,0,0,HKE
27523807,"2026-01-08 15:53:23","2026-01-08 15:53:23",E0940E,Argentina,Argentina,LV-IPN,,,,,,Cessna,C182,"Cessna 182J Skylane",18257026,,,,,,Private,,,1966,,,,0,,,,,,0,0,0,0,0,,,,,,0,0,0,0,0,GEN-C182
27523643,"2026-01-08 15:51:41","2026-01-08 15:51:41",A65945,"United States","United States",N508SN,,,,,,Bombardier,CL30,"Bombardier Challenger 300",20269,,,,,,"Altex LLC",,,2009,,,,0,,,,,,0,0,0,0,0,,,,,,0,0,0,0,0,GEN-CL30
27523630,"2026-01-08 15:51:33","2026-01-08 15:51:33",40758C,"United Kingdom","United Kingdom",G-CKVO,,,,,,"Raytheon Aircraft Company",TEX2,"Raytheon Aircraft Company T-6C Texan T.1",PM-127,,,,,,"Affinity Flying Training Services",,,2017,,,,0,,,,,,0,0,0,0,0,,,,,,0,0,0,0,0,GEN-TEX2
27522185,"2026-01-08 15:34:37","2026-01-08 15:34:37",4D034F,Luxembourg,Luxembourg,LX-NEU,,,,,,"Cirrus Design",SR22,"Cirrus Design SR22",2688,,,,,,Private,,,2007,,,,0,,,,,,0,0,0,0,0,,,,,,0,0,0,0,0,GEN-SR22
27521285,"2026-01-08 15:25:05","2026-01-08 15:25:05",A090FB,"United States","United States",N1356N,,,,,,Boeing,ST75,"Boeing Stearman A75N1 PT-17 Kaydet",75-5343,,,,,,Private,,,1942,,,,0,,,,,,0,0,0,0,0,,,,,,0,0,0,0,0,GEN-ST75
27520877,"2026-01-08 15:19:57","2026-01-08 15:19:57",A9805E,"United States","United States",N711GD,,,,,,"Hawker Beechcraft Corp",HA4T,"Hawker Beechcraft Corp Hawker 4000",RC-7,,,,,,"Hawker RC7 LLC",,,,,,,0,,,,,,0,0,0,0,0,,,,,,0,0,0,0,0,GEN-HA4T
27520681,"2026-01-08 15:18:02","2026-01-08 15:18:02",A6E495,"United States","United States",N543RN,,,,,,"Gulfstream Aerospace",GLF5,"Gulfstream Aerospace G550",5543,,,,,,"Raytheon Aircraft Company",,,2015,,,,0,,,,,,0,0,0,0,0,,,,,,0,0,0,0,0,GEN-GLF5
27519519,"2026-01-08 15:04:14","2026-01-08 15:04:14",40850C,"United Kingdom","United Kingdom",F-013,,,,,,"Lockheed Martin",F35,"Lockheed Martin F-35A Lightning II",AN-13,,,,,,"Royal Netherlands Air Force",,,2020,,,,0,,,,,,1,0,0,0,0,,,,,,0,0,0,0,0,
27519178,"2026-01-08 15:00:39","2026-01-08 15:00:39",A90974,"United States","United States",N6811L,,,,,,Bell,B412,"Bell 412 EP",36683,,,,,,"Bell Helicopter Textron Inc",,,,,,,0,,,,,,0,0,0,0,0,,,,,,0,0,0,0,0,GEN-B412
27518948,"2026-01-08 14:58:01","2026-01-08 14:58:01",C043F6,Canada,Canada,C-FZTD,,,,,,"Amateur Built",ZZZZ,"Amateur Built Dana Special l",1,,,,,,Private,,,,,,,0,,,,,,0,0,0,0,0,,,,,,0,0,0,0,0,GEN-ZZZZ
26622,"2022-05-03 02:22:35","2026-01-08 14:55:42",4864B4,Netherlands,Netherlands,,,,,,,,RDTST,,,,,,,,,,,,,,,0,,,,,,0,0,0,0,0,Missing,,,,,0,0,0,0,0,TEST
27517017,"2026-01-08 14:36:01","2026-01-08 14:36:01",A44575,"United States","United States",N3743N,,,,,,Beech,BE35,"Beech Bonanza 35",D-961,,,,,,Private,,,,,,,0,,,,,,0,0,0,0,0,,,,,,0,0,0,0,0,GEN-BE35
27516615,"2026-01-08 14:31:06","2026-01-08 14:31:06",A39D45,"United States","United States",N332AH,,,,,,"Airbus Helicopters",EC45,"Airbus Helicopters UH-72A Lakota",9756,,,,,,"United States Army",,,2016,,,,0,,,,,,1,0,0,0,0,,,,,,0,0,0,0,0,
27516344,"2026-01-08 14:28:05","2026-01-08 14:28:05",A41E08,"United States","United States",N36436,,,,,,Bellanca,BL8,"Bellanca Decathlon 8KCAB",111-73,,,,,,Private,,,1973,,,,0,,,,,,0,0,0,0,0,,,,,,0,0,0,0,0,GEN-BL8
27515068,"2026-01-08 14:13:36","2026-01-08 14:13:36",AA5360,"United States","United States",N7644Z,,,,,,Piper,PA25,"Piper PA-25 235 Pawnee B",25-3781,,,,,,Private,,,,,,,0,,,,,,0,0,0,0,0,,,,,,0,0,0,0,0,GEN-PA25
27514205,"2026-01-08 14:03:28","2026-01-08 14:03:28",A69310,"United States","United States",N5222X,,,,,,Champion,CH7B,"Champion Citabria 7KCAB",224,,,,,,Private,,,1969,,,,0,,,,,,0,0,0,0,0,,,,,,0,0,0,0,0,GEN-CH7B
27514113,"2026-01-08 14:02:28","2026-01-08 14:02:28",A1D3F6,"United States","United States",N217EQ,,,,,,Cessna,C172,"Cessna 172S Skyhawk SP",172S9554,,,,,,Private,,,2003,,,,0,,,,,,0,0,0,0,0,,,,,,0,0,0,0,0,GEN-C172
27513289,"2026-01-08 13:53:21","2026-01-08 13:53:21",A6389E,"United States","United States",N50LN,,,,,,Dassault,F900,"Dassault Falcon 900DX",608,,,,,,"CAS Transportation LLC",,,2006,,,,0,,,,,,0,0,0,0,0,,,,,,0,0,0,0,0,GEN-F900
27513124,"2026-01-08 13:51:51","2026-01-08 13:51:51",3D26C9,Germany,Germany,D-EMYB,,,,,,Fairchild,FA24,"Fairchild F.24 R-46A Argus III",R46-1132,,,,,,Private,,,1944,,,,0,,,,,,0,0,0,0,0,,,,,,0,0,0,0,0,GEN-FA24
27512930,"2026-01-08 13:49:16","2026-01-08 13:49:16",4B3248,Switzerland,Switzerland,HB-TBC,,,,,,Benes-Mraz,SOKL,"Benes-Mraz Sokol M.1D",285,,,,,,Private,,,,,,,0,,,,,,0,0,0,0,0,,,,,,0,0,0,0,0,GEN-SOKL
27512512,"2026-01-08 13:44:26","2026-01-08 13:44:26",AADF70,"United States","United States",N8ZF,,,,,,Cessna,C185,"Cessna A185F Skywagon 185",18502461,,,,,,Private,,,1974,,,,0,,,,,,0,0,0,0,0,,,,,,0,0,0,0,0,GEN-C185
27512082,"2026-01-08 13:39:35","2026-01-08 13:39:35",38391A,France,France,F-WWGK,,,,,,Dassault,F2TH,"Dassault Falcon 2000LX S",355,,,,,,"Dassault Aviation",,,2019,,,,0,,,,,,0,0,0,0,0,,,,,,0,0,0,0,0,DSO
27510915,"2026-01-08 13:26:06","2026-01-08 13:26:06",064085,Nigeria,Nigeria,5N-BIZ,,,,,,Boeing,B734,"Boeing 737 4B7",24558,,,,,,Yanair,,,1990,,,,0,,,,,,0,0,0,0,0,,,,,,0,0,0,0,0,ANR
27510364,"2026-01-08 13:19:15","2026-01-08 13:19:15",A03458,"United States","United States",N112HH,,,,,,"Cirrus Design",SR22,"Cirrus Design SR22",3715,,,,,,Private,,,2011,,,,0,,,,,,0,0,0,0,0,,,,,,0,0,0,0,0,GEN-SR22
27508846,"2026-01-08 13:00:34","2026-01-08 13:00:34",0C8011,Suriname,Suriname,PZ-TCS,,,,,,Boeing,B737,"Boeing 737NG 79L/W",34538,,,,,,"Surinam Airways",,,2006,,,,0,,,,,,0,0,0,0,0,,,,,,0,0,0,0,0,SLM
27508054,"2026-01-08 12:51:46","2026-01-08 12:51:46",A92523,"United States","United States",N689F,,,,,,"MD Helicopters",H500,"MD Helicopters 369 E",0550E,,,,,,Private,,,2000,,,,0,,,,,,0,0,0,0,0,,,,,,0,0,0,0,0,GEN-H500
27507722,"2026-01-08 12:47:34","2026-01-08 12:47:34",A94636,"United States","United States",N697RH,,,,,,Eurocopter,AS50,"Eurocopter Squirrel AS.350 B3",7606,,,,,,"Rainier Heli International Inc",,,2013,,,,0,,,,,,0,0,0,0,0,,,,,,0,0,0,0,0,GEN-AS50
27507630,"2026-01-08 12:46:23","2026-01-08 12:46:23",7100F9,"Saudi Arabia","Saudi Arabia",HZ-A7,,,,,,Embraer,E550,"Embraer Legacy 500",55000010,,,,,,"Sky Prime Aviation",,,2014,,,,0,,,,,,0,0,0,0,0,,,,,,0,0,0,0,0,GEN-E550
27506679,"2026-01-08 12:35:55","2026-01-08 12:35:55",A677B9,"United States","United States",N516A,,,,,,Bellanca,B14A,"Bellanca Cruisemaster 14-19",2069,,,,,,Private,,,1950,,,,0,,,,,,0,0,0,0,0,,,,,,0,0,0,0,0,GEN-B14A
27506074,"2026-01-08 12:28:28","2026-01-08 12:28:28",731564,Iran,Iran,EP-EKE,,,,,,Tupolev,T154,"Tupolev Tu-154 M",90A855,,,,,,"Eram Air",,,,,,,0,,,,,,0,0,0,0,0,,,,,,0,0,0,0,0,GEN-T154
27503940,"2026-01-08 12:04:09","2026-01-08 12:04:09",A693B5,"United States","United States",N5227M,,,,,,Taylorcraft,TAYB,"Taylorcraft BC-12 D",10527,,,,,,Private,,,1947,,,,0,,,,,,0,0,0,0,0,,,,,,0,0,0,0,0,GEN-TAYB
27503660,"2026-01-08 12:01:27","2026-01-08 12:01:27",3B7B4C,France,France,F-ZBCF,,,,,,Reims/Cessna,F406,"Reims/Cessna F406 Caravan II",406-0077,,,,,,"French Custons",,,,,,,0,,,,,,1,0,0,0,0,,,,,,0,0,0,0,0,FDO
27502127,"2026-01-08 11:44:12","2026-01-08 11:44:12",A69A5A,"United States","United States",N5241W,,,,,,Piper,P28A,"Piper PA-28 160 Cherokee",28-282,,,,,,Private,,,1962,,,,0,,,,,,0,0,0,0,0,,,,,,0,0,0,0,0,GEN-P28A
27501642,"2026-01-08 11:38:14","2026-01-08 11:38:14",ABAD4E,"United States","United States",N851Z,,,,,,Schreder,GLID,"Schreder HP 11",1,,,,,,Private,,,,,,,0,,,,,,0,0,0,0,0,,,,,,0,0,0,0,0,GEN-GLID
509766,"2023-05-23 01:48:05","2026-01-08 11:26:19",344043,Spain,Spain,,,,,,,,ZANT,,,,,,,,,,,,,,,0,,,,,,0,0,0,0,0,Missing,,,,,0,0,0,0,0,ZANT
27499994,"2026-01-08 11:18:35","2026-01-08 11:18:35",C07653,Canada,Canada,C-GSVA,,,,,,Republic,RC3,"Republic RC-3 Seabee",952,,,,,,Private,,,,,,,0,,,,,,0,0,0,0,0,,,,,,0,0,0,0,0,GEN-RC3
27498760,"2026-01-08 11:05:22","2026-01-08 11:05:22",A5B9F7,"United States","United States",N4682F,,,,,,Cessna,C206,"Cessna P206A Super Skylane",P206-0282,,,,,,Private,,,1966,,,,0,,,,,,0,0,0,0,0,,,,,,0,0,0,0,0,GEN-C206
27498323,"2026-01-08 11:00:05","2026-01-08 11:00:05",E90D0F,Uruguay,Uruguay,CX-LVA,,,,,,Bombardier,CRJ2,"Bombardier CRJ 200ER",7561,,,,,,"Amaszonas del Uruguay",,,,,,,0,,,,,,0,0,0,0,0,,,,,,0,0,0,0,0,AUZ
27497940,"2026-01-08 10:55:40","2026-01-08 10:55:40",A27984,"United States","United States",N259GA,,,,,,"Gulfstream Aerospace",G280,"Gulfstream Aerospace G280",2159,,,,,,"Gulfstream Aerospace LP",,,2018,,,,0,,,,,,0,0,0,0,0,,,,,,0,0,0,0,0,GEN-G280
27496356,"2026-01-08 10:37:59","2026-01-08 10:37:59",A50294,"United States","United States",N4216V,,,,,,Cessna,C170,"Cessna 170",18572,,,,,,Private,,,1948,,,,0,,,,,,0,0,0,0,0,,,,,,0,0,0,0,0,GEN-C170
27495243,"2026-01-08 10:25:54","2026-01-08 10:25:54",4B4B8C,Switzerland,Switzerland,HB-1765,,,,,,Glaser-Dirks,GLID,"Glaser-Dirks DG-300 Elan",3E-58,,,,,,Private,,,1984,,,,0,,,,,,0,0,0,0,0,,,,,,0,0,0,0,0,GEN-GLID
27492578,"2026-01-08 09:55:08","2026-01-08 09:55:08",A5E07C,"United States","United States",N478TA,,,,,,Airbus,A319,"Airbus A319 132",2339,,,,,,"Avianca El Salvador",,,2004,,,,0,,,,,,0,0,0,0,0,,,,,,0,0,0,0,0,TAI
27492575,"2026-01-08 09:55:03","2026-01-08 09:55:03",38215A,France,France,F-WWMA,,,,,,Dassault,F2TH,"Dassault Falcon 2000LX S",317,,,,,,"Dassault Aviation",,,2015,,,,0,,,,,,0,0,0,0,0,,,,,,0,0,0,0,0,GEN-F2TH
27492298,"2026-01-08 09:52:04","2026-01-08 09:52:04",A6530E,"United States","United States",N5063U,,,,,,Cessna,C206,"Cessna 206 Super Skywagon",206-0063,,,,,,Private,,,1963,,,,0,,,,,,0,0,0,0,0,,,,,,0,0,0,0,0,GEN-C206
27491703,"2026-01-08 09:45:01","2026-01-08 09:45:01",4B3EDA,Switzerland,Switzerland,HB-XUW,,,,,,Agusta-Bell,B06,"Agusta-Bell AB.206B Jet Ranger III",8722,,,,,,"BB Heli AG",,,1990,,,,0,,,,,,0,0,0,0,0,,,,,,0,0,0,0,0,GEN-B06
18416,"2022-02-24 15:35:39","2026-01-08 09:39:50",3C424B,Germany,Germany,,,,,,,,-GND,,,,,,,,,,,,,,,0,,,,,,0,0,0,0,0,Missing,,,,,0,0,0,0,0,"BERLIN AIRPORT"
27490936,"2026-01-08 09:36:30","2026-01-08 09:36:30",4B39B9,Switzerland,Switzerland,HB-VWJ,,,,,,Cessna,C56X,"Cessna Citation Excel",560-5217,,,,,,"TAG Aviation SA",,,2001,,,,0,,,,,,0,0,0,0,0,,,,,,0,0,0,0,0,FPG
27490013,"2026-01-08 09:25:22","2026-01-08 09:25:22",A1B468,"United States","United States",N209KW,,,,,,Cessna,C206,"Cessna 206H Stationair",20608013,,,,,,Private,,,1998,,,,0,,,,,,0,0,0,0,0,,,,,,0,0,0,0,0,GEN-C206
27489661,"2026-01-08 09:21:16","2026-01-08 09:21:16",76CC46,Singapore,Singapore,9V-SBF,,,,,,Airbus,A319,"Airbus A319 132",3104,,,,,,SilkAir,,,2007,,,,0,,,,,,0,0,0,0,0,,,,,,0,0,0,0,0,SLK
27489662,"2026-01-08 09:21:16","2026-01-08 09:21:16",A303CB,"United States","United States",N2936B,,,,,,Beech,BE35,"Beech Bonanza D35",D-3577,,,,,,Private,,,,,,,0,,,,,,0,0,0,0,0,,,,,,0,0,0,0,0,GEN-BE35
27489319,"2026-01-08 09:16:44","2026-01-08 09:16:44",ABF47A,"United States","United States",N87F,,,,,,Cessna,C120,"Cessna 120",12888,,,,,,Private,,,1947,,,,0,,,,,,0,0,0,0,0,,,,,,0,0,0,0,0,GEN-C120
27488417,"2026-01-08 09:06:04","2026-01-08 09:06:04",A26A28,"United States","United States",N255AY,,,,,,Boeing,B762,"Boeing 767 2B7ER",25257,,,,,,"US Airways",,,1991,,,,0,,,,,,0,0,0,0,0,,,,,,0,0,0,0,0,GEN-B762
511521,"2023-05-27 08:30:39","2026-01-08 09:05:42",42520E,"United Kingdom","United Kingdom",,,,,,,,ZZZZ,,,,,,,,,,,,,,,0,,,,,,0,0,0,0,0,Missing,,,,,0,0,0,0,0,GEN-ZZZZ
27486639,"2026-01-08 08:43:35","2026-01-08 08:43:35",A270A9,"United States","United States",N25637,,,,,,"Balloon Works",BALL,"Balloon Works Firefly 10 Hot Air Balloon",F10-011,,,,,,Private,,,1993,,,,0,,,,,,0,0,0,0,0,,,,,,0,0,0,0,0,GEN-BALL
27486577,"2026-01-08 08:42:50","2026-01-08 08:42:50",A4BFB1,"United States","United States",N405F,,,,,,"Quad City",ULAC,"Quad City Challenger II",CH2-1002-226,,,,,,Private,,,,,,,0,,,,,,0,0,0,0,0,,,,,,0,0,0,0,0,GEN-ULAC
27485845,"2026-01-08 08:34:36","2026-01-08 08:34:36",AB1B26,"United States","United States",N8144K,,,,,,Stinson,S108,"Stinson Voyager 108-1",108-1144,,,,,,Private,,,,,,,0,,,,,,0,0,0,0,0,,,,,,0,0,0,0,0,GEN-S108
27485339,"2026-01-08 08:28:18","2026-01-08 08:28:18",AC351E,"United States","United States",N886LE,,,,,,Robinson,R22,"Robinson R22 Beta",0986,,,,,,Private,,,1989,,,,0,,,,,,0,0,0,0,0,,,,,,0,0,0,0,0,GEN-R22
27484699,"2026-01-08 08:18:22","2026-01-08 08:18:22",780109,China,China,B-6219,,,,,,Airbus,A319,"Airbus A319 112",2667,,,,,,"China Southern Airlines",,,2005,,,,0,,,,,,0,0,0,0,0,,,,,,0,0,0,0,0,CSN
27484589,"2026-01-08 08:16:54","2026-01-08 08:16:54",A1B16F,"United States","United States",N208TL,,,,,,Cessna,C208,"Cessna 208 B",208B-0264,,,,,,"Gateway Air Center Inc",,,1991,,,,0,,,,,,0,0,0,0,0,,,,,,0,0,0,0,0,GEN-C208
27484559,"2026-01-08 08:16:34","2026-01-08 08:16:34",A824E0,"United States","United States",N6238P,,,,,,Cessna,C152,"Cessna 152",15284990,,,,,,Private,,,1981,,,,0,,,,,,0,0,0,0,0,,,,,,0,0,0,0,0,GEN-C152
27484437,"2026-01-08 08:15:06","2026-01-08 08:15:06",3E1F3A,Germany,Germany,D-IDAG,,,,,,Cessna,C525,"Cessna Citation CJ1",525-0144,,,,,,"Direct Air Service GmbH",,,,,,,0,,,,,,0,0,0,0,0,,,,,,0,0,0,0,0,GEN-C525
17912,"2022-02-16 07:49:47","2026-01-08 08:11:15",48421B,Netherlands,Netherlands,,,,,,,,-GND,,,,,,,,,,,,,,,0,,,,,,0,0,0,0,0,Missing,,,,,0,0,0,0,0,GEN--GND
27483156,"2026-01-08 07:59:45","2026-01-08 07:59:45",A90AF2,"United States","United States",N682DB,,,,,,Cessna,C680,"Cessna Citation Sovereign",680-0009,,,,,,"IAS Air LLC",,,,,,,0,,,,,,0,0,0,0,0,,,,,,0,0,0,0,0,GEN-C680
27482481,"2026-01-08 07:51:41","2026-01-08 07:51:41",403A1D,"United Kingdom","United Kingdom",G-MYVE,,,,,,"Mainair Sports",ULAC,"Mainair Sports Mainair Blade",1027-0295-7-W825,,,,,,Private,,,1995,,,,0,,,,,,0,0,0,0,0,,,,,,0,0,0,0,0,GEN-ULAC
11102,"2021-11-08 16:26:52","2026-01-08 07:48:55",C87EE8,"New Zealand","New Zealand",,,,,,,,ZZZZ,,,,,,,,,,,,,,,0,,,,,,0,0,0,0,0,Missing,,,,,0,0,0,0,0,GEN-ZZZZ
766556,"2023-10-30 20:59:55","2026-01-08 07:48:55",43BF96,"United Kingdom","United Kingdom",,,,,,,,ZANT,,,,,,,,,,,,,,,0,,,,,,0,0,0,0,0,Missing,,,,,0,0,0,0,0,ZANT
27482231,"2026-01-08 07:48:23","2026-01-08 07:48:23",A74099,"United States","United States",N5667Z,,,,,,Piper,PA22,"Piper PA-22 108 Colt",22-9490,,,,,,Private,,,1962,,,,0,,,,,,0,0,0,0,0,,,,,,0,0,0,0,0,GEN-PA22
27482045,"2026-01-08 07:46:03","2026-01-08 07:46:03",A734A7,"United States","United States",N56314,,,,,,Boeing,ST75,"Boeing Stearman A75N1 PT-17 Kaydet",75-2178,,,,,,Private,,,1942,,,,0,,,,,,0,0,0,0,0,,,,,,0,0,0,0,0,GEN-ST75
27480261,"2026-01-08 07:24:03","2026-01-08 07:24:03",5000B6,"San Marino","San Marino",T7-AZG,,,,,,"Gulfstream Aerospace",GLF6,"Gulfstream Aerospace G650 ER",6147,,,,,,"TJS San Marino",,,2014,,,,0,,,,,,0,0,0,0,0,,,,,,0,0,0,0,0,TSR
27479188,"2026-01-08 07:11:23","2026-01-08 07:11:23",A3389B,"United States","United States",N30642,,,,,,Piper,P28A,"Piper PA-28 161 Warrior II",28-7916088,,,,,,Private,,,1978,,,,0,,,,,,0,0,0,0,0,,,,,,0,0,0,0,0,GEN-P28A
27478618,"2026-01-08 07:05:16","2026-01-08 07:05:16",C070E6,Canada,Canada,C-GQTP,,,,,,"Ted Smith",AEST,"Ted Smith Aerostar 600",60-0241-099,,,,,,Private,,,1975,,,,0,,,,,,0,0,0,0,0,,,,,,0,0,0,0,0,GEN-AEST
27477861,"2026-01-08 06:56:22","2026-01-08 06:56:22",4CA99D,Ireland,Ireland,EI-XLL,,,,,,Boeing,B744,"Boeing 747 412",28031,,,,,,"Transaero Airlines",,,2001,,,,0,,,,,,0,0,0,0,0,,,,,,0,0,0,0,0,TSO
27477145,"2026-01-08 06:47:00","2026-01-08 06:47:00",401EF7,"United Kingdom","United Kingdom",G-BIHX,,,,,,"Amateur Built",GYRO,"Amateur Built Bensen Gyrocopter B.8MR","PFA G/01-1003",,,,,,Private,,,1995,,,,0,,,,,,0,0,0,0,0,,,,,,0,0,0,0,0,GEN-GYRO
27476855,"2026-01-08 06:43:51","2026-01-08 06:43:51",A3327C,"United States","United States",N305GA,,,,,,"Gulfstream Aerospace",GLF6,"Gulfstream Aerospace G650",6305,,,,,,"Gulfstream Aerospace Corp",,,2017,,,,0,,,,,,0,0,0,0,0,,,,,,0,0,0,0,0,GEN-GLF6
27476521,"2026-01-08 06:39:12","2026-01-08 06:39:12",AA4451,"United States","United States",N7603H,,,,,,Piper,PA12,"Piper PA-12 Super Cruiser",12-478,,,,,,Private,,,1946,,,,0,,,,,,0,0,0,0,0,,,,,,0,0,0,0,0,GEN-PA12
27474348,"2026-01-08 06:11:22","2026-01-08 06:11:22",A631CA,"United States","United States",N499CS,,,,,,Embraer,E190,"Embraer EMB-190 LR",19000200,,,,,,"Copa Airlines Colombia",,,,,,,0,,,,,,0,0,0,0,0,,,,,,0,0,0,0,0,GEN-E190
27473220,"2026-01-08 05:56:30","2026-01-08 05:56:30",750334,Malaysia,Malaysia,9M-XXP,,,,,,Airbus,A333,"Airbus A330 343E",1481,,,,,,"AirAsia X",,,2013,,,,0,,,,,,0,0,0,0,0,,,,,,0,0,0,0,0,XAX
27472330,"2026-01-08 05:44:33","2026-01-08 05:44:33",A3CF23,"United States","United States",N3444W,,,,,,Piper,PA32,"Piper PA-32 260 Cherokee Six",32-310,,,,,,Private,,,1965,,,,0,,,,,,0,0,0,0,0,,,,,,0,0,0,0,0,GEN-PA32
27470355,"2026-01-08 05:17:12","2026-01-08 05:17:12",4840AC,Curacao,Curacao,PJ-KVN,,,,,,Fokker,F50,"Fokker F50 300",20299,,,,,,"Insel Air Aruba",,,1994,,,,0,,,,,,0,0,0,0,0,,,,,,0,0,0,0,0,NLU
27470227,"2026-01-08 05:15:16","2026-01-08 05:15:16",AB0397,"United States","United States",N809D,,,,,,Sikorsky,S76,"Sikorsky S-76 C",760809,,,,,,Private,,,2010,,,,0,,,,,,0,0,0,0,0,,,,,,0,0,0,0,0,GEN-S76
27469881,"2026-01-08 05:10:19","2026-01-08 05:10:19",A4B0E2,"United States","United States",N401FN,,,,,,Bombardier,CL30,"Bombardier Challenger 300",20401,,,,,,"West Ridge Air II LLC",,,2013,,,,0,,,,,,0,0,0,0,0,,,,,,0,0,0,0,0,GEN-CL30
27469179,"2026-01-08 05:01:25","2026-01-08 05:01:25",AB9A70,"United States","United States",N847G,,,,,,Cessna,C550,"Cessna Citation S/II",S550-0003,,,,,,"White Industries Inc",,,,,,,0,,,,,,0,0,0,0,0,,,,,,0,0,0,0,0,GEN-C550
27468951,"2026-01-08 04:58:51","2026-01-08 04:58:51",A6E219,"United States","United States",N54228,,,,,,Cessna,C172,"Cessna 172P Skyhawk",17274927,,,,,,Private,,,,,,,0,,,,,,0,0,0,0,0,,,,,,0,0,0,0,0,GEN-C172
27468442,"2026-01-08 04:51:56","2026-01-08 04:51:56",A5AFCE,"United States","United States",N4659N,,,,,,Weatherly,W201,"Weatherly 620 A",1541,,,,,,Private,,,1992,,,,0,,,,,,0,0,0,0,0,,,,,,0,0,0,0,0,GEN-W201
27468090,"2026-01-08 04:47:39","2026-01-08 04:47:39",ADF52B,"United States","United States",N999MF,,,,,,Gates,LJ25,"Gates Learjet 25",25-050,,,,,,"Ice Niner LLC",,,,,,,0,,,,,,0,0,0,0,0,,,,,,0,0,0,0,0,GEN-LJ25
27466477,"2026-01-08 04:25:51","2026-01-08 04:25:51",A485AC,"United States","United States",N39039,,,,,,Luscombe,L8,"Luscombe Silvaire 8A",1800,,,,,,Private,,,,,,,0,,,,,,0,0,0,0,0,,,,,,0,0,0,0,0,GEN-L8
27466367,"2026-01-08 04:24:44","2026-01-08 04:24:44",A6C324,"United States","United States",N535BL,,,,,,Embraer,E55P,"Embraer Phenom 300",50500449,,,,,,"WAC Charter Inc",,,2018,,,,0,,,,,,0,0,0,0,0,,,,,,0,0,0,0,0,GEN-E55P
10443029,"2025-04-29 14:24:59","2026-01-08 04:08:24",A7311F,"United States","United States",N5623F,,,,,,Alon,ERCO,"Alon Aircoupe A-2",A-223,,,,,,Private,,,1966,,,,0,,,,,,0,0,0,0,0,,,,,,0,0,0,0,0,GEN-ERCO
27464472,"2026-01-08 03:58:38","2026-01-08 03:58:38",A7860D,"United States","United States",N584PD,,,,,,"Cirrus Design",SR22,"Cirrus Design SR22",4584,,,,,,Private,,,2017,,,,0,,,,,,0,0,0,0,0,,,,,,0,0,0,0,0,GEN-SR22
27462951,"2026-01-08 03:28:28","2026-01-08 03:28:28",ADEF65,"United States","United States",N9973,,,,,,"Semco Balloons",BALL,"Semco Balloons AX.5 Hot Air Balloon","SEM 064",,,,,,Private,,,,,,,0,,,,,,0,0,0,0,0,,,,,,0,0,0,0,0,GEN-BALL
27462194,"2026-01-08 03:12:40","2026-01-08 03:12:40",3D0A24,Germany,Germany,D-ECCA,,,,,,Fiat,G46,"Fiat G.46 3B",44,,,,,,Private,,,,,,,0,,,,,,0,0,0,0,0,,,,,,0,0,0,0,0,GEN-G46
27461155,"2026-01-08 02:53:13","2026-01-08 02:53:13",A57D46,"United States","United States",N453AE,,,,,,Eurocopter,EC30,"Eurocopter EC130 B4",3487,,,,,,Private,,,,,,,0,,,,,,0,0,0,0,0,,,,,,0,0,0,0,0,GEN-EC30
27460975,"2026-01-08 02:50:44","2026-01-08 02:50:44",A1DD5A,"United States","United States",N2190S,,,,,,"Firefly Balloons",BALL,"Firefly Balloons Firefly 11B Hot Air Balloon",GLX-1311B,,,,,,Private,,,2003,,,,0,,,,,,0,0,0,0,0,,,,,,0,0,0,0,0,GEN-BALL
27460716,"2026-01-08 02:47:22","2026-01-08 02:47:22",1511C2,Russia,Russia,RA-70082,,,,,,Antonov,AN2,"Antonov An-2 R",1G136-08,,,,,,"Balakovo Air Enterprise",,,,,,,0,,,,,,0,0,0,0,0,,,,,,0,0,0,0,0,GEN-AN2
29219,"2022-08-30 09:24:20","2026-01-08 02:39:32",000005,"Not Allocated","Not Allocated",,,,,,,,UAV,,,,,,,,,,,,,,,0,,,,,,0,0,0,0,0,Missing,,,,,0,0,0,0,0,GEN-UAV
27459075,"2026-01-08 02:23:07","2026-01-08 02:23:07",3944C4,France,France,F-GRGE,,,,,,Embraer,E145,"Embraer ERJ-145 EU",145047,,,,,,Hop!,,,,,,,0,,,,,,0,0,0,0,0,,,,,,0,0,0,0,0,HOP
27458412,"2026-01-08 02:13:17","2026-01-08 02:13:17",A78493,"United States","United States",N5838X,,,,,,Cessna,C310,"Cessna 310F",310-0138,,,,,,Private,,,,,,,0,,,,,,0,0,0,0,0,,,,,,0,0,0,0,0,GEN-C310
27457580,"2026-01-08 02:00:35","2026-01-08 02:00:35",AC9AFE,"United States","United States",N911GF,,,,,,Eurocopter,AS50,"Eurocopter Squirrel AS.350 B2",3119,,,,,,Private,,,1998,,,,0,,,,,,0,0,0,0,0,,,,,,0,0,0,0,0,GEN-AS50
27457187,"2026-01-08 01:55:17","2026-01-08 01:55:17",0B4017,Guatemala,Guatemala,TG-MYS,,,,,,Bombardier,LJ31,"Bombardier Learjet 31 A",31A-067,,,,,,"Aceros de Guatemala SA",,,,,,,0,,,,,,0,0,0,0,0,,,,,,0,0,0,0,0,GEN-LJ31
27457089,"2026-01-08 01:53:52","2026-01-08 01:53:52",3F0413,Germany,Germany,D-9084,,,,,,Schleicher,GLID,"Schleicher Ka 2 B Rhonschwalbe",190,,,,,,Private,,,,,,,0,,,,,,0,0,0,0,0,,,,,,0,0,0,0,0,GEN-GLID
27455512,"2026-01-08 01:30:39","2026-01-08 01:30:39",AB6A1E,"United States","United States",N8344D,,,,,,Vans,RV6,"Vans RV-6 A",60518,,,,,,Private,,,,,,,0,,,,,,0,0,0,0,0,,,,,,0,0,0,0,0,GEN-RV6
27455356,"2026-01-08 01:28:31","2026-01-08 01:28:31",AA68B4,"United States","United States",N77WT,,,,,,Beech,BE35,"Beech Bonanza C35",D-2763,,,,,,Private,,,1951,,,,0,,,,,,0,0,0,0,0,,,,,,0,0,0,0,0,GEN-BE35
27455238,"2026-01-08 01:26:47","2026-01-08 01:26:47",381186,France,France,F-BEMG,,,,,,Nord,N120,"Nord 1203 Norecrin",88,,,,,,Private,,,,,,,0,,,,,,0,0,0,0,0,,,,,,0,0,0,0,0,GEN-N120
27454949,"2026-01-08 01:22:15","2026-01-08 01:22:15",43E85D,"Isle of Man","Isle of Man",M-AKAR,,,,,,Sikorsky,S76,"Sikorsky S-76 C",760506,,,,,,"Starspeed Ltd",,,,,,,0,,,https://cdn.jetphotos.com/full/6/52958_1601481269.jpg,https://cdn.jetphotos.com/full/6/23157_1425455292.jpg,https://cdn.jetphotos.com/full/3/23480_1368311552.jpg,0,0,0,0,0,,,,,,0,0,0,0,0,SSP
27454147,"2026-01-08 01:11:09","2026-01-08 01:11:09",A9221B,"United States","United States",N688N,,,,,,"Weaver Aircraft Company",WACO,"Weaver Aircraft Company Waco CTO",3207,,,,,,Private,,,,,,,0,,,,,,0,0,0,0,0,,,,,,0,0,0,0,0,GEN-WACO
27452226,"2026-01-08 00:43:18","2026-01-08 00:43:18",A631C5,"United States","United States",N499CM,,,,,,Rutan,LGEZ,"Rutan Long-Ez",4990,,,,,,Private,,,2009,,,,0,,,,,,0,0,0,0,0,,,,,,0,0,0,0,0,GEN-LGEZ
27451604,"2026-01-08 00:34:54","2026-01-08 00:34:54",C01D9A,Canada,Canada,C-FLFL,,,,,,Cessna,C180,"Cessna 180B",50476,,,,,,Private,,,1959,,,,0,,,,,,0,0,0,0,0,,,,,,0,0,0,0,0,GEN-C180
27450910,"2026-01-08 00:25:00","2026-01-08 00:25:00",A4C884,"United States","United States",N407VG,,,,,,Bell,B407,"Bell 407 GXi",54844,,,,,,Private,,,2019,,,,0,,,,,,0,0,0,0,0,,,,,,0,0,0,0,0,GEN-B407
27449838,"2026-01-08 00:10:21","2026-01-08 00:10:21",E8C050,Peru,Peru,OB-2040-P,,,,,,Boeing,B733,"Boeing 737 3K2",24329,,,,,,"Peruvian Airlines",,,1990,,,,0,,,,,,0,0,0,0,0,,,,,,0,0,0,0,0,GEN-B733
27449225,"2026-01-08 00:01:55","2026-01-08 00:01:55",AB3F05,"United States","United States",N82348,,,,,,Aeronca,CH7A,"Aeronca Champion 7AC",7AC-980,,,,,,Private,,,1946,,,,0,,,,,,0,0,0,0,0,,,,,,0,0,0,0,0,GEN-CH7A
27449140,"2026-01-08 00:00:30","2026-01-08 00:00:30",E0D0D6,Argentina,Argentina,LV-MCV,,,,,,Mitsubishi,MU2,"Mitsubishi MU-2 P",361SA,,,,,,"Aibal SA",,,,,,,0,,,,,,0,0,0,0,0,,,,,,0,0,0,0,0,GEN-MU2
