AircraftID,FirstCreated,LastModified,ModeS,ModeSCountry,Country,Registration,CurrentRegDate,PreviousID,FirstRegDate,Status,DeRegDate,Manufacturer,ICAOTypeCode,Type,SerialNo,PopularName,GenericName,AircraftClass,Engines,OwnershipStatus,RegisteredOwners,MTOW,TotalHours,YearBuilt,CofACategory,CofAExpiry,UserNotes,Interested,UserTag,InfoURL,PictureURL1,PictureURL2,PictureURL3,UserBool1,UserBool2,UserBool3,UserBool4,UserBool5,UserString1,UserString2,UserString3,UserString4,UserString5,UserInt1,UserInt2,UserInt3,UserInt4,UserInt5,OperatorFlagCode
27221023,"2026-01-05 23:57:44","2026-01-05 23:57:44",E4804E,Brazil,Brazil,PR-NHD,,,,,,Let,L410,"Let L-410 UVP-E20",072640,,,,,,"NHT Linhas Aereas",,,,,,,0,,,,,,0,0,0,0,0,,,,,,0,0,0,0,0,GEN-L410
27220509,"2026-01-05 23:51:00","2026-01-05 23:51:00",A63CC3,"United States","United States",N5003T,,,,,,Piper,P28R,"Piper PA-28R 200 Cherokee Arrow II",28R-7235170,,,,,,Private,,,1972,,,,0,,,,,,0,0,0,0,0,,,,,,0,0,0,0,0,GEN-P28R
27219113,"2026-01-05 23:32:22","2026-01-05 23:32:22",4784F7,Norway,Norway,LN-OWA,,,,,,Robinson,R44,"Robinson R44 Clipper II",12250,,,,,,Private,,,,,,,0,,,,,,0,0,0,0,0,,,,,,0,0,0,0,0,GEN-R44
29219,"2022-08-30 09:24:20","2026-01-05 23:07:48",000005,"Not Allocated","Not Allocated",,,,,,,,UAV,,,,,,,,,,,,,,,0,,,,,,0,0,0,0,0,Missing,,,,,0,0,0,0,0,GEN-UAV
27216655,"2026-01-05 23:00:49","2026-01-05 23:00:49",AA0F6F,"United States","United States",N7474,,,,,,Slingsby,GLID,"Slingsby T.45 Swallow",1658,,,,,,Private,,,,,,,0,,,,,,0,0,0,0,0,,,,,,0,0,0,0,0,GEN-GLID
27214604,"2026-01-05 22:35:10","2026-01-05 22:35:10",A28B4E,"United States","United States",N263N,,,,,,Boeing,ST75,"Boeing Stearman A75N1 PT-17 Kaydet",75-1878,,,,,,Private,,,,,,,0,,,,,,0,0,0,0,0,,,,,,0,0,0,0,0,GEN-ST75
27213832,"2026-01-05 22:25:39","2026-01-05 22:25:39",AE05D2,"United States","United States",82-0059,,,,,,Lockheed,C130,"Lockheed C-130H Hercules",4977,,,,,,"United States Air Force",,,1983,,,,0,,,,,,1,0,0,0,0,,,,,,0,0,0,0,0,
27212984,"2026-01-05 22:15:32","2026-01-05 22:15:32",A900C7,"United States","United States",N6799N,,,,,,Mooney,M20P,"Mooney M.20C Ranger",680101,,,,,,Private,,,1968,,,,0,,,,,,0,0,0,0,0,,,,,,0,0,0,0,0,GEN-M20P
27212579,"2026-01-05 22:10:17","2026-01-05 22:10:17",A6715F,"United States","United States",N514MA,,,,,,Aviat,HUSK,"Aviat Husky A-1C-180",3099,,,,,,Private,,,2010,,,,0,,,,,,0,0,0,0,0,,,,,,0,0,0,0,0,GEN-HUSK
27212086,"2026-01-05 22:04:13","2026-01-05 22:04:13",A52393,"United States","United States",N430ES,,,,,,Cessna,C172,"Cessna 172S Skyhawk SP",172S10007,,,,,,Private,,,,,,,0,,,,,,0,0,0,0,0,,,,,,0,0,0,0,0,GEN-C172
27211333,"2026-01-05 21:54:24","2026-01-05 21:54:24",3DBCA7,Germany,Germany,D-GRRR,,,,,,Piper,PA44,"Piper PA-44 180T Turbo Seminole",44-8107038,,,,,,Private,,,,,,,0,,,,,,0,0,0,0,0,,,,,,0,0,0,0,0,GEN-PA44
27211029,"2026-01-05 21:50:56","2026-01-05 21:50:56",A0494C,"United States","United States",N1175S,,,,,,Schweizer,GLID,"Schweizer SGS 2-32",75,,,,,,Private,,,1970,,,,0,,,,,,0,0,0,0,0,,,,,,0,0,0,0,0,GEN-GLID
27209977,"2026-01-05 21:38:09","2026-01-05 21:38:09",3F0505,Germany,Germany,D-9326,,,,,,PZL-Bielsko,GLID,"PZL-Bielsko SZD-48-3 Jantar Standard 3",B-1520,,,,,,Private,,,,,,,0,,,,,,0,0,0,0,0,,,,,,0,0,0,0,0,GEN-GLID
27209039,"2026-01-05 21:26:12","2026-01-05 21:26:12",3ECD73,Germany,Germany,D-KSTN,,,,,,Schempp-Hirth,DISC,"Schempp-Hirth Discus 2c T",85,,,,,,Private,,,2009,,,,0,,,,,,0,0,0,0,0,,,,,,0,0,0,0,0,GEN-DISC
27208650,"2026-01-05 21:21:34","2026-01-05 21:21:34",A5E5B7,"United States","United States",N4796D,,,,,,Cessna,C182,"Cessna 182A Skylane",34896,,,,,,Private,,,1957,,,,0,,,,,,0,0,0,0,0,,,,,,0,0,0,0,0,GEN-C182
27207012,"2026-01-05 21:01:56","2026-01-05 21:01:56",4032FE,"United Kingdom","United Kingdom",G-MWNT,,,,,,"Mainair Sports",ULAC,"Mainair Sports Gemini Flash IIA",812-1190-7-W605,,,,,,Private,,,1990,,,,0,,,,,,0,0,0,0,0,,,,,,0,0,0,0,0,GEN-ULAC
27206905,"2026-01-05 21:00:50","2026-01-05 21:00:50",A11FFE,"United States","United States",N1715U,,,,,,Cessna,C207,"Cessna 207 Sky Wagon",20700315,,,,,,Private,,,,,,,0,,,,,,0,0,0,0,0,,,,,,0,0,0,0,0,GEN-C207
27205993,"2026-01-05 20:50:09","2026-01-05 20:50:09",A800F2,"United States","United States",N6147L,,,,,,Schweizer,H269,"Schweizer 269 C-1",0055,,,,,,Private,,,,,,,0,,,,,,0,0,0,0,0,,,,,,0,0,0,0,0,GEN-H269
27204699,"2026-01-05 20:33:52","2026-01-05 20:33:52",A139F5,"United States","United States",N1785J,,,,,,Piper,P28A,"Piper PA-28 140 Cherokee",28-24208,,,,,,Private,,,1968,,,,0,,,,,,0,0,0,0,0,,,,,,0,0,0,0,0,GEN-P28A
27203262,"2026-01-05 20:16:21","2026-01-05 20:16:21",AC5B64,"United States","United States",N8958N,,,,,,Piper,PA32,"Piper PA-32 300 Cherokee Six B",32-40764,,,,,,Private,,,1969,,,,0,,,,,,0,0,0,0,0,,,,,,0,0,0,0,0,GEN-PA32
27202921,"2026-01-05 20:12:15","2026-01-05 20:12:15",A19EB0,"United States","United States",N203RS,,,,,,Rans,RS12,"Rans Airaile S-14",0393057,,,,,,Private,,,1995,,,,0,,,,,,0,0,0,0,0,,,,,,0,0,0,0,0,GEN-RS12
27202567,"2026-01-05 20:08:00","2026-01-05 20:08:00",0D07A2,Mexico,Mexico,XA-FLM,,,,,,Cessna,C680,"Cessna Citation Sovereign",680-0137,,,,,,"Avemex SA de CV",,,2007,,,,0,,,,,,0,0,0,0,0,,,,,,0,0,0,0,0,GEN-C680
27202406,"2026-01-05 20:05:33","2026-01-05 20:05:33",AB027D,"United States","United States",N8084D,,,,,,Mooney,M20P,"Mooney M.20J Model 201",24-0894,,,,,,Private,,,1979,,,,0,,,,,,0,0,0,0,0,,,,,,0,0,0,0,0,GEN-M20P
27202087,"2026-01-05 20:01:35","2026-01-05 20:01:35",E48A04,Brazil,Brazil,PP-PJP,,,,,,Embraer,E190,"Embraer EMB-190 LR",19000460,,,,,,"Azul Linhas Aereas Brasileiras",,,2011,,,,0,,,,,,0,0,0,0,0,,,,,,0,0,0,0,0,AZU
27201505,"2026-01-05 19:54:18","2026-01-05 19:54:18",A79359,"United States","United States",N5878,,,,,,Morane-Saulnier,MS76,"Morane-Saulnier MS.760 Paris 2B",106,,,,,,Private,,,1961,,,,0,,,,,,0,0,0,0,0,,,,,,0,0,0,0,0,GEN-MS76
27201367,"2026-01-05 19:52:55","2026-01-05 19:52:55",A5E8FE,"United States","United States",N480EA,,,,,,Enstrom,EN48,"Enstrom 480 B",5076,,,,,,"EAHOT Inc Trustee",,,,,,,0,,,,,,0,0,0,0,0,,,,,,0,0,0,0,0,GEN-EN48
27201208,"2026-01-05 19:50:38","2026-01-05 19:50:38",A563C2,"United States","United States",N44631,,,,,,Piper,P28A,"Piper PA-28 180 Cherokee",28-7405266,,,,,,Private,,,1974,,,,0,,,,,,0,0,0,0,0,,,,,,0,0,0,0,0,GEN-P28A
27201113,"2026-01-05 19:49:09","2026-01-05 19:49:09",A0FB07,"United States","United States",N162VR,,,,,,"Vashon Aircraft",ZZZZ,"Vashon Aircraft R7",10155,,,,,,Private,,,,,,,0,,,,,,0,0,0,0,0,,,,,,0,0,0,0,0,GEN-ZZZZ
27200752,"2026-01-05 19:44:48","2026-01-05 19:44:48",A63D38,"United States","United States",N50065,,,,,,Boeing,ST75,"Boeing Stearman A75N1 N2S-1 Kaydet",75-946,,,,,,Private,,,,,,,0,,,,,,0,0,0,0,0,,,,,,0,0,0,0,0,GEN-ST75
27200573,"2026-01-05 19:42:48","2026-01-05 19:42:48",A78F75,"United States","United States",N58660,,,,,,Cessna,C182,"Cessna 182P Skylane",18262214,,,,,,Private,,,1973,,,,0,,,,,,0,0,0,0,0,,,,,,0,0,0,0,0,GEN-C182
510327,"2023-05-24 06:33:30","2026-01-05 19:41:20",E48BB3,Brazil,Brazil,PR-ONL,,,,,,Airbus,A320,"Airbus A320 214",5299,,,,,,"Austrian Airlines",,,2012,,,,0,HFDL,,,,,0,0,0,0,0,,,,,,0,0,0,0,0,AUA-A320
27200329,"2026-01-05 19:39:44","2026-01-05 19:39:44",A9B5AE,"United States","United States",N72463,,,,,,Cessna,C140,"Cessna 140",9628,,,,,,Private,,,1946,,,,0,,,,,,0,0,0,0,0,,,,,,0,0,0,0,0,GEN-C140
27199969,"2026-01-05 19:35:07","2026-01-05 19:35:07",00AE84,"South Africa","South Africa",ZS-RPJ,,,,,,Robinson,R22,"Robinson R22 Beta II",4141,,,,,,Private,,,2007,,,,0,,,,,,0,0,0,0,0,,,,,,0,0,0,0,0,GEN-R22
27199478,"2026-01-05 19:29:44","2026-01-05 19:29:44",A738EC,"United States","United States",N56456,,,,,,"Quad City",ULAC,"Quad City Challenger II",CH2-0396-1466,,,,,,Private,,,,,,,0,,,,,,0,0,0,0,0,,,,,,0,0,0,0,0,GEN-ULAC
27199146,"2026-01-05 19:25:43","2026-01-05 19:25:43",38340B,France,France,F-BNAL,,,,,,Reims/Cessna,C172,"Reims/Cessna FR172G Rocket",0162,,,,,,Private,,,1970,,,,0,,,,,,0,0,0,0,0,,,,,,0,0,0,0,0,GEN-C172
27199130,"2026-01-05 19:25:32","2026-01-05 19:25:32",A80078,"United States","United States",N61434,,,,,,Schweizer,H269,"Schweizer 269 C",S1634,,,,,,Private,,,,,,,0,,,,,,0,0,0,0,0,,,,,,0,0,0,0,0,GEN-H269
27196090,"2026-01-05 18:48:59","2026-01-05 18:48:59",A453FB,"United States","United States",N37807,,,,,,"Amateur Built",GYRO,"Amateur Built Bensen Gyrocopter B.8M",JPL-001,,,,,,Private,,,,,,,0,,,,,,0,0,0,0,0,,,,,,0,0,0,0,0,GEN-GYRO
27195466,"2026-01-05 18:41:47","2026-01-05 18:41:47",A0507A,"United States","United States",N1193Y,,,,,,Cessna,C150,"Cessna 150B",15059593,,,,,,Private,,,1962,,,,0,,,,,,0,0,0,0,0,,,,,,0,0,0,0,0,GEN-C150
27195363,"2026-01-05 18:40:49","2026-01-05 18:40:49",43E818,"Isle of Man","Isle of Man",M-VQBI,,,,,,Bombardier,GLEX,"Bombardier Global Express XRS",9213,,,,,,"Gama Aviation",,,2006,,,,0,,,,,,0,0,0,0,0,,,,,,0,0,0,0,0,GMA
27194689,"2026-01-05 18:32:54","2026-01-05 18:32:54",71009A,"Saudi Arabia","Saudi Arabia",HZ-AED,,,,,,Embraer,E170,"Embraer EMB-170 LR",17000119,,,,,,"Saudi Arabian Airlines",,,2006,,,,0,,,,,,0,0,0,0,0,,,,,,0,0,0,0,0,SVA
27194356,"2026-01-05 18:28:55","2026-01-05 18:28:55",ACC4ED,"United States","United States",N9215E,,,,,,Piper,P28A,"Piper PA-28 161 Cadet",2841020,,,,,,Private,,,1988,,,,0,,,,,,0,0,0,0,0,,,,,,0,0,0,0,0,GEN-P28A
27194062,"2026-01-05 18:25:38","2026-01-05 18:25:38",0D076B,Mexico,Mexico,XA-BUD,,,,,,"Hawker Beechcraft Corp",HA4T,"Hawker Beechcraft Corp Hawker 4000",RC-71,,,,,,Private,,,,,,,0,,,,,,0,0,0,0,0,,,,,,0,0,0,0,0,GEN-HA4T
27193896,"2026-01-05 18:23:46","2026-01-05 18:23:46",A13886,"United States","United States",N178SS,,,,,,AgustaWestland,A119,"AgustaWestland AW.119 MkII",14924,,,,,,"AgustaWestland Philadelphia",,,2016,,,,0,,,,,,0,0,0,0,0,,,,,,0,0,0,0,0,GEN-A119
27193381,"2026-01-05 18:17:43","2026-01-05 18:17:43",40147D,"United Kingdom","United Kingdom",G-AMVS,,,,,,"De Havilland",DH82,"De Havilland Tiger Moth DH.82A",82784,,,,,,Private,,,,,,,0,,,,,,0,0,0,0,0,,,,,,0,0,0,0,0,GEN-DH82
27192643,"2026-01-05 18:09:33","2026-01-05 18:09:33",A97E75,"United States","United States",N7100R,,,,,,Bellanca,BL8,"Bellanca Scout 8GCBC",359-84,,,,,,Private,,,1984,,,,0,,,,,,0,0,0,0,0,,,,,,0,0,0,0,0,GEN-BL8
27192348,"2026-01-05 18:06:14","2026-01-05 18:06:14",AA1305,"United States","United States",N7483B,,,,,,Champion,CH7A,"Champion Traveler 7EC",7EC-549,,,,,,Private,,,1957,,,,0,,,,,,0,0,0,0,0,,,,,,0,0,0,0,0,GEN-CH7A
27191237,"2026-01-05 17:53:37","2026-01-05 17:53:37",A0F878,"United States","United States",N1615M,,,,,,Boeing,ST75,"Boeing Stearman E75N1 PT-13D Kaydet",75-8410,,,,,,Private,,,1943,,,,0,,,,,,0,0,0,0,0,,,,,,0,0,0,0,0,GEN-ST75
27191024,"2026-01-05 17:51:18","2026-01-05 17:51:18",4AAEB8,Sweden,Sweden,SE-KUX,,,,,,Piper,PA25,"Piper PA-25 235 Pawnee C",25-4920,,,,,,Private,,,1969,,,,0,,,,,,0,0,0,0,0,,,,,,0,0,0,0,0,GEN-PA25
27190175,"2026-01-05 17:41:48","2026-01-05 17:41:48",3CE0CE,Germany,Germany,D-CMLA,,,,,,"Textron Aviation",C680,"Textron Aviation Citation Sovereign+",680-0587,,,,,,ASECNA,,,2019,,,,0,,,,,,0,0,0,0,0,,,,,,0,0,0,0,0,GEN-C680
27189051,"2026-01-05 17:29:00","2026-01-05 17:29:00",AA92F2,"United States","United States",N7800V,,,,,,Mooney,M20P,"Mooney M.20E Super 21",443,,,,,,Private,,,,,,,0,,,,,,0,0,0,0,0,,,,,,0,0,0,0,0,GEN-M20P
27188096,"2026-01-05 17:17:13","2026-01-05 17:17:13",770587,"Sri Lanka","Sri Lanka",4R-ALG,,,,,,Airbus,A332,"Airbus A330 243",404,,,,,,"SriLankan Airlines",,,2001,,,,0,,,,,,0,0,0,0,0,,,,,,0,0,0,0,0,ALK
27187682,"2026-01-05 17:12:47","2026-01-05 17:12:47",A609F4,"United States","United States",N4889R,,,,,,Vans,RV9,"Vans RV-9 A",90421,,,,,,Private,,,2003,,,,0,,,,,,0,0,0,0,0,,,,,,0,0,0,0,0,GEN-RV9
27186821,"2026-01-05 17:02:37","2026-01-05 17:02:37",AB5E0E,"United States","United States",N831WJ,,,,,,"De Havilland Canada",DHC6,"De Havilland Canada DHC-6 Twin Otter 300",831,,,,,,"CAAMS LLC",,,1986,,,,0,,,,,,0,0,0,0,0,,,,,,0,0,0,0,0,GEN-DHC6
27186715,"2026-01-05 17:01:32","2026-01-05 17:01:32",3EF636,Germany,Germany,D-5535,,,,,,Schleicher,GLID,"Schleicher Ka 6 CR Rhonsegler",6505,,,,,,Private,,,1966,,,,0,,,,,,0,0,0,0,0,,,,,,0,0,0,0,0,GEN-GLID
27186186,"2026-01-05 16:55:37","2026-01-05 16:55:37",70601F,Kuwait,Kuwait,9K-AJE,,,,,,"Gulfstream Aerospace",GLF5,"Gulfstream Aerospace GV",569,,,,,,"Government of Kuwait",,,1999,,,,0,,,https://cdn.jetphotos.com/full/5/74454_1454690121.jpg,https://cdn.jetphotos.com/full/5/17695_1437597845.jpg,https://cdn.jetphotos.com/full/6/41215_1433964655.jpg,0,0,0,0,0,,,,,,0,0,0,0,0,GEN-GLF5
27186182,"2026-01-05 16:55:31","2026-01-05 16:55:31",C80D8A,"New Zealand","New Zealand",ZK-HEP,,,,,,Robinson,R22,"Robinson R22 Beta",1532,,,,,,Private,,,,,,,0,,,,,,0,0,0,0,0,,,,,,0,0,0,0,0,GEN-R22
27185988,"2026-01-05 16:53:30","2026-01-05 16:53:30",79A037,China,China,B-2210,,,,,,Airbus,A320,"Airbus A320 214",1296,,,,,,"Air China",,,2000,,,,0,,,,,,0,0,0,0,0,,,,,,0,0,0,0,0,CCA
27185808,"2026-01-05 16:51:17","2026-01-05 16:51:17",401850,"United Kingdom","United Kingdom",G-AXSC,,,,,,Beagle,PUP,"Beagle B.121 Pup 100",B.121-138,,,,,,Private,,,1969,,,,0,,,,,,0,0,0,0,0,,,,,,0,0,0,0,0,GEN-PUP
27185520,"2026-01-05 16:47:50","2026-01-05 16:47:50",710074,"Saudi Arabia","Saudi Arabia",HZ-AS12,,,,,,Airbus,A320,"Airbus A320 214",4057,,,,,,"Allegiant Air",,,2009,,,,0,,,,,,0,0,0,0,0,,,,,,0,0,0,0,0,AAY
27185480,"2026-01-05 16:47:27","2026-01-05 16:47:27",43E96D,"Isle of Man","Isle of Man",M-MHFZ,,,,,,Embraer,E35L,"Embraer Legacy 650",14501150,,,,,,"Nexus Flight Operations",,,,,,,0,,,,,,0,0,0,0,0,,,,,,0,0,0,0,0,GEN-E35L
27185227,"2026-01-05 16:44:45","2026-01-05 16:44:45",A019AD,"United States","United States",N1050P,,,,,,"Amateur Built",BALL,"Amateur Built AX.7 Hot Air Balloon",1-1,,,,,,Private,,,1979,,,,0,,,,,,0,0,0,0,0,,,,,,0,0,0,0,0,GEN-BALL
27184214,"2026-01-05 16:33:37","2026-01-05 16:33:37",A66C91,"United States","United States",N51298,,,,,,Fairchild,FA62,"Fairchild PT-19A M-62A",T42-3929,,,,,,Private,,,1942,,,,0,,,,,,0,0,0,0,0,,,,,,0,0,0,0,0,GEN-FA62
27183761,"2026-01-05 16:28:42","2026-01-05 16:28:42",800689,India,India,VT-IER,,,,,,Airbus,A320,"Airbus A320 232",5076,,,,,,"IndiGo Airlines",,,2012,,,,0,,,,,,0,0,0,0,0,,,,,,0,0,0,0,0,IGO
27182878,"2026-01-05 16:19:49","2026-01-05 16:19:49",14B6DE,Russia,Russia,RA-46814,,,,,,Antonov,AN24,"Antonov An-24 B",67302407,,,,,,Aeroflot,,,,,,,0,,,,,,0,0,0,0,0,,,,,,0,0,0,0,0,GEN-AN24
27182230,"2026-01-05 16:12:45","2026-01-05 16:12:45",A30ACF,"United States","United States",N2953A,,,,,,Piper,P28A,"Piper PA-28 181 Archer II",28-7990581,,,,,,Private,,,1979,,,,0,,,,,,0,0,0,0,0,,,,,,0,0,0,0,0,GEN-P28A
27181648,"2026-01-05 16:06:08","2026-01-05 16:06:08",A5B392,"United States","United States",N46691,,,,,,Taylorcraft,TAYD,"Taylorcraft DC-65 Tandem Trainer",4286,,,,,,Private,,,1942,,,,0,,,,,,0,0,0,0,0,,,,,,0,0,0,0,0,GEN-TAYD
27181241,"2026-01-05 16:01:00","2026-01-05 16:01:00",020075,Morocco,Morocco,RA-73438,,,,,,Airbus,A321,"Airbus A321-211",3070,,,,,,"S7 Airlines",,,2007,,,,0,,,,,,0,0,0,0,0,,,,,,0,0,0,0,0,SBI
27181160,"2026-01-05 16:00:03","2026-01-05 16:00:03",AD4E81,"United States","United States",N95687,,,,,,Taylorcraft,TAYB,"Taylorcraft BF",7987,,,,,,Private,,,1946,,,,0,,,,,,0,0,0,0,0,,,,,,0,0,0,0,0,GEN-TAYB
27180837,"2026-01-05 15:56:22","2026-01-05 15:56:22",3F9700,Germany,Germany,46+00,,,,,,Panavia,TOR,"Panavia Tornado IDS",GS240,,,,,,"German Air Force",,,,,,,0,,,,,,1,0,0,0,0,,,,,,0,0,0,0,0,
27180211,"2026-01-05 15:49:32","2026-01-05 15:49:32",ABF49B,"United States","United States",N87GH,,,,,,Cessna,T50,"Cessna UC-78B Bobcat",6002,,,,,,Private,,,,,,,0,,,,,,0,0,0,0,0,,,,,,0,0,0,0,0,GEN-T50
27179557,"2026-01-05 15:42:24","2026-01-05 15:42:24",4044EC,"United Kingdom","United Kingdom",G-BZVK,,,,,,"Raj Hamsa",XAIR,"Raj Hamsa X-Air 582",BMAA/HB/152,,,,,,Private,,,2001,,,,0,,,,,,0,0,0,0,0,,,,,,0,0,0,0,0,GEN-XAIR
27179076,"2026-01-05 15:37:21","2026-01-05 15:37:21",3E120F,Germany,Germany,D-HYAP,,,,,,"Airbus Helicopters",EC45,"Airbus Helicopters EC145 D-2",20063,,,,,,"ADAC Luftrettung GmbH",,,,,,,0,,,,,,0,0,0,0,0,,,,,,0,0,0,0,0,GEN-EC45
27178984,"2026-01-05 15:36:32","2026-01-05 15:36:32",AD1878,"United States","United States",N943BT,,,,,,"Just Aircraft",HIGH,"Just Aircraft Highlander","JAESC 0039",,,,,,Private,,,2013,,,,0,,,,,,0,0,0,0,0,,,,,,0,0,0,0,0,GEN-HIGH
27178103,"2026-01-05 15:25:49","2026-01-05 15:25:49",AE5C78,"United States","United States",15-2021,,,,,,Embraer,E314,"Embraer EMB.314 Super Tucano A-29B",31400222,,,,,,"Lebanese Air Force",,,,,,,0,,,,,,1,0,0,0,0,,,,,,0,0,0,0,0,
27176046,"2026-01-05 15:01:31","2026-01-05 15:01:31",A9553D,"United States","United States",N700H,,,,,,"Amateur built",ZZZZ,"Amateur built Alexander Bullet C-5 Replica",SAS-001,,,,,,Private,,,,,,,0,,,,,,0,0,0,0,0,,,,,,0,0,0,0,0,GEN-ZZZZ
27175321,"2026-01-05 14:51:12","2026-01-05 14:51:12",AB2E64,"United States","United States",N8199F,,,,,,Cessna,C150,"Cessna 150F",15064299,,,,,,Private,,,,,,,0,,,,,,0,0,0,0,0,,,,,,0,0,0,0,0,GEN-C150
27175048,"2026-01-05 14:47:59","2026-01-05 14:47:59",A575BD,"United States","United States",N4509P,,,,,,Cameron,BALL,"Cameron O-84 Hot Air Balloon",6359,,,,,,Private,,,,,,,0,,,,,,0,0,0,0,0,,,,,,0,0,0,0,0,GEN-BALL
27174880,"2026-01-05 14:45:51","2026-01-05 14:45:51",A4434D,"United States","United States",N363VA,,,,,,Airbus,A320,"Airbus A320 214SL",7063,,,,,,"Alaska Airlines",,,2016,,,,0,,,,,,0,0,0,0,0,,,,,,0,0,0,0,0,ASA
27174451,"2026-01-05 14:40:16","2026-01-05 14:40:16",4038C1,"United Kingdom","United Kingdom",G-IJMC,,,,,,"Magni VPM",MM16,"Magni VPM M-16 Tandem Trainer",VPM16-UK-106,,,,,,Private,,,1994,,,,0,,,,,,0,0,0,0,0,,,,,,0,0,0,0,0,GEN-MM16
27173740,"2026-01-05 14:32:13","2026-01-05 14:32:13",A22D36,"United States","United States",N23964,,,,,,Beech,BE23,"Beech Musketeer A23-B19 Sport 150",MB-828,,,,,,Private,,,1976,,,,0,,,,,,0,0,0,0,0,,,,,,0,0,0,0,0,GEN-BE23
27173507,"2026-01-05 14:29:54","2026-01-05 14:29:54",A405F9,"United States","United States",N3588D,,,,,,"Raven Aerostar",BALL,"Raven Aerostar S-60A Hot Air Balloon",S60A-3094,,,,,,Private,,,,,,,0,,,,,,0,0,0,0,0,,,,,,0,0,0,0,0,GEN-BALL
27173185,"2026-01-05 14:25:54","2026-01-05 14:25:54",A9ECB6,"United States","United States",N739CK,,,,,,Cessna,C172,"Cessna 172N Skyhawk",17270435,,,,,,Private,,,1978,,,,0,,,,,,0,0,0,0,0,,,,,,0,0,0,0,0,GEN-C172
27172481,"2026-01-05 14:17:44","2026-01-05 14:17:44",A7995D,"United States","United States",N589WT,,,,,,Embraer,E50P,"Embraer Phenom 100",50000344,,,,,,"Mustang CJ-M-02203 LLC",,,2014,,,,0,,,,,,0,0,0,0,0,,,,,,0,0,0,0,0,GEN-E50P
27171364,"2026-01-05 14:05:01","2026-01-05 14:05:01",154F06,Russia,Russia,RA-85766,,,,,,Tupolev,T154,"Tupolev Tu-154 M",92A923,,,,,,"Vladivostok Air",,,,,,,0,,,,,,0,0,0,0,0,,,,,,0,0,0,0,0,GEN-T154
27170600,"2026-01-05 13:57:22","2026-01-05 13:57:22",A70E0D,"United States","United States",N5538N,,,,,,"Thrush Aircraft",SS2T,"Thrush Aircraft Turbo Thrush S2R-H80",H80-210,,,,,,Private,,,,,,,0,,,,,,0,0,0,0,0,,,,,,0,0,0,0,0,GEN-SS2T
27170418,"2026-01-05 13:55:05","2026-01-05 13:55:05",A321B5,"United States","United States",N3000L,,,,,,Lindstrand,BALL,"Lindstrand LBL.60A Hot Air Balloon",5054,,,,,,Private,,,1998,,,,0,,,,,,0,0,0,0,0,,,,,,0,0,0,0,0,GEN-BALL
27169879,"2026-01-05 13:49:21","2026-01-05 13:49:21",3FA43E,Germany,Germany,72+62,,,,,,Dornier,UH1,"Dornier UH-1D Iroquois",8382,,,,,,"German Army",,,,,,,0,,,,,,1,0,0,0,0,,,,,,0,0,0,0,0,
27212,"2022-05-18 03:27:49","2026-01-05 13:47:18",48425C,Netherlands,Netherlands,,,,,,,,-GND,,,,,,,,,,,,,,,0,,,,,,0,0,0,0,0,Missing,,,,,0,0,0,0,0,GEN--GND
27169364,"2026-01-05 13:43:27","2026-01-05 13:43:27",A228C5,"United States","United States",N2381T,,,,,,Piper,P28A,"Piper PA-28 140 Cherokee E",28-7225061,,,,,,Private,,,1971,,,,0,,,,,,0,0,0,0,0,,,,,,0,0,0,0,0,GEN-P28A
27168687,"2026-01-05 13:35:49","2026-01-05 13:35:49",A03D46,"United States","United States",PR-OMN,,,,,,AgustaWestland,A139,"AgustaWestland AW.139",41205,,,,,,"Omni Taxi Aereo",,,2009,,,,0,,,,,,0,0,0,0,0,,,,,,0,0,0,0,0,GEN-A139
27168026,"2026-01-05 13:28:28","2026-01-05 13:28:28",4247AF,"Cayman Islands","Cayman Islands",VP-CWY,,,,,,Bombardier,CRJ2,"Bombardier Challenger 850",8111,,,,,,"Zhengling Group",,,,,,,0,,,,,,0,0,0,0,0,,,,,,0,0,0,0,0,GEN-CRJ2
27167974,"2026-01-05 13:27:59","2026-01-05 13:27:59",A6A59C,"United States","United States",N5272Q,,,,,,Cessna,C150,"Cessna 150L",15073172,,,,,,Private,,,1971,,,,0,,,,,,0,0,0,0,0,,,,,,0,0,0,0,0,GEN-C150
27167292,"2026-01-05 13:20:22","2026-01-05 13:20:22",A60DC6,"United States","United States",N49AG,,,,,,Douglas,DC3,"Douglas C-53D",11737,,,,,,"Sonoma Valley Aircraft",,,1943,,,,0,,,,,,0,0,0,0,0,,,,,,0,0,0,0,0,GEN-DC3
27167119,"2026-01-05 13:18:22","2026-01-05 13:18:22",A441A6,"United States","United States",N3732Z,,,,,,Piper,PA22,"Piper PA-22 160 Tri-Pacer",22-7611,,,,,,Private,,,1960,,,,0,,,,,,0,0,0,0,0,,,,,,0,0,0,0,0,GEN-PA22
27166968,"2026-01-05 13:16:35","2026-01-05 13:16:35",A05B16,"United States","United States",PT-WRZ,,,,,,Cessna,C208,"Cessna 208 B",208B-0624,,,,,,Corporate,,,1997,,,,0,,,,,,0,0,0,0,0,,,,,,0,0,0,0,0,GEN-C208
27166520,"2026-01-05 13:12:05","2026-01-05 13:12:05",ADD09F,"United States","United States",N99DK,,,,,,Schweizer,H269,"Schweizer 269 C",S1783,,,,,,Private,,,,,,,0,,,,,,0,0,0,0,0,,,,,,0,0,0,0,0,GEN-H269
17912,"2022-02-16 07:49:47","2026-01-05 12:50:16",48421B,Netherlands,Netherlands,,,,,,,,-GND,,,,,,,,,,,,,,,0,,,,,,0,0,0,0,0,Missing,,,,,0,0,0,0,0,GEN--GND
27163091,"2026-01-05 12:34:24","2026-01-05 12:34:24",E48763,Brazil,Brazil,PR-AYO,,,,,,Embraer,E190,"Embraer EMB-195 AR",19000391,,,,,,"Azul Linhas Aereas Brasileiras",,,2010,,,,0,,,,,,0,0,0,0,0,,,,,,0,0,0,0,0,AZU
27162836,"2026-01-05 12:31:32","2026-01-05 12:31:32",AA9744,"United States","United States",N7815,,,,,,Beech,BE18,"Beech Expeditor 3NM",CA-190,,,,,,"Operator Unknown",,,,,,,0,,,,,,0,0,0,0,0,,,,,,0,0,0,0,0,GEN-BE18
27162172,"2026-01-05 12:23:50","2026-01-05 12:23:50",A3120C,"United States","United States",N2971X,,,,,,Cessna,C177,"Cessna 177 Cardinal",17700371,,,,,,Private,,,1967,,,,0,,,,,,0,0,0,0,0,,,,,,0,0,0,0,0,GEN-C177
27162050,"2026-01-05 12:22:19","2026-01-05 12:22:19",AA5206,"United States","United States",N764ST,,,,,,Robinson,R22,"Robinson R22 Beta",0681,,,,,,Private,,,1987,,,,0,,,,,,0,0,0,0,0,,,,,,0,0,0,0,0,GEN-R22
27161879,"2026-01-05 12:20:08","2026-01-05 12:20:08",A9FD61,"United States","United States",N74273,,,,,,Bellanca,B14A,"Bellanca Cruisair Senior 14-13-2",1386,,,,,,Private,,,1947,,,,0,,,,,,0,0,0,0,0,,,,,,0,0,0,0,0,GEN-B14A
27160760,"2026-01-05 12:07:00","2026-01-05 12:07:00",391339,France,France,F-GEZZ,,,,,,"Raven Europe",BALL,"Raven Europe RX.7 Hot Air Balloon",E-108,,,,,,Private,,,,,,,0,,,,,,0,0,0,0,0,,,,,,0,0,0,0,0,GEN-BALL
27159304,"2026-01-05 11:49:18","2026-01-05 11:49:18",A4D27B,"United States","United States",N41HE,,,,,,"Aero Commander",AC68,"Aero Commander Twin Commander 680FL",680FL-1396-53,,,,,,Private,,,1964,,,,0,,,,,,0,0,0,0,0,,,,,,0,0,0,0,0,GEN-AC68
27158989,"2026-01-05 11:45:30","2026-01-05 11:45:30",A959CC,"United States","United States",N701RR,,,,,,"Zénith",CH70,"Zénith Zenair STOL CH 701",7-5609,,,,,,Private,,,2007,,,,0,,,,,,0,0,0,0,0,,,,,,0,0,0,0,0,GEN-CH70
27158560,"2026-01-05 11:40:15","2026-01-05 11:40:15",C003A5,Canada,Canada,CF-BJW,,,,,,Beech,BE35,"Beech Bonanza C35",D-2697,,,,,,Private,,,1951,,,,0,,,,,,0,0,0,0,0,,,,,,0,0,0,0,0,GEN-BE35
27158167,"2026-01-05 11:34:58","2026-01-05 11:34:58",A847C1,"United States","United States",N63213,,,,,,Cessna,C150,"Cessna 150M",15077180,,,,,,Private,,,1975,,,,0,,,,,,0,0,0,0,0,,,,,,0,0,0,0,0,GEN-C150
27157441,"2026-01-05 11:26:38","2026-01-05 11:26:38",AAC31E,"United States","United States",N7929Z,,,,,,Cessna,C150,"Cessna 150C",15060029,,,,,,Private,,,1963,,,,0,,,,,,0,0,0,0,0,,,,,,0,0,0,0,0,GEN-C150
27157394,"2026-01-05 11:26:10","2026-01-05 11:26:10",ACC936,"United States","United States",N9229L,,,,,,"American Aviation",AA1,"American Aviation AA-1A Trainer",AA1A-0129,,,,,,Private,,,,,,,0,,,,,,0,0,0,0,0,,,,,,0,0,0,0,0,GEN-AA1
27157363,"2026-01-05 11:25:48","2026-01-05 11:25:48",A3EC86,"United States","United States",N352D,,,,,,Schempp-Hirth,GLID,"Schempp-Hirth Standard Cirrus",126,,,,,,Private,,,,,,,0,,,,,,0,0,0,0,0,,,,,,0,0,0,0,0,GEN-GLID
27156689,"2026-01-05 11:17:45","2026-01-05 11:17:45",3E3576,Germany,Germany,D-ILLE,,,,,,Beech,BE80,"Beech Queen Air 65-80",LD-5,,,,,,Private,,,1962,,,,0,,,,,,0,0,0,0,0,,,,,,0,0,0,0,0,GEN-BE80
27156641,"2026-01-05 11:17:12","2026-01-05 11:17:12",A7137F,"United States","United States",N555RK,,,,,,Cessna,C210,"Cessna 210L Centurion",21059997,,,,,,Private,,,1973,,,,0,,,,,,0,0,0,0,0,,,,,,0,0,0,0,0,GEN-C210
27156424,"2026-01-05 11:14:20","2026-01-05 11:14:20",778562,Syria,Syria,YK-AKB,,,,,,Airbus,A320,"Airbus A320 232",918,,,,,,Syrianair,,,1998,,,,0,,,,,,0,0,0,0,0,,,,,,0,0,0,0,0,SYR
27155987,"2026-01-05 11:08:42","2026-01-05 11:08:42",3EF73B,Germany,Germany,D-5796,,,,,,Schleicher,GLID,"Schleicher K 7 Rhonadler",866,,,,,,Private,,,,,,,0,,,,,,0,0,0,0,0,,,,,,0,0,0,0,0,GEN-GLID
27155211,"2026-01-05 10:59:38","2026-01-05 10:59:38",AB84B8,"United States","United States",N841MW,,,,,,"British Aerospace",JS32,"British Aerospace Jetstream 32-01EP",841,,,,,,"Ava Air",,,1989,,,,0,,,,,,0,0,0,0,0,,,,,,0,0,0,0,0,GEN-JS32
27154699,"2026-01-05 10:52:47","2026-01-05 10:52:47",4B1851,Switzerland,Switzerland,HB-JFL,,,,,,Embraer,E35L,"Embraer Legacy 600",14501057,,,,,,"Nomad Aviation AG",,,,,,,0,,,,,,0,0,0,0,0,,,,,,0,0,0,0,0,GEN-E35L
27153311,"2026-01-05 10:35:37","2026-01-05 10:35:37",A3444E,"United States","United States",N30984,,,,,,Piper,J4,"Piper J-4 A Cub Coupe",4-1257,,,,,,Private,,,1940,,,,0,,,,,,0,0,0,0,0,,,,,,0,0,0,0,0,GEN-J4
27153249,"2026-01-05 10:34:49","2026-01-05 10:34:49",A53547,"United States","United States",N4347,,,,,,Schweizer-Grumman,G164,"Schweizer-Grumman G-164A Super Ag-Cat",1043,,,,,,Private,,,1973,,,,0,,,,,,0,0,0,0,0,,,,,,0,0,0,0,0,GEN-G164
27152835,"2026-01-05 10:29:53","2026-01-05 10:29:53",A65451,"United States","United States",N507DW,,,,,,"Gulfstream Aerospace",GLF5,"Gulfstream Aerospace GV",507,,,,,,"1010 Aviation LLC",,,,,,,0,,,,,,0,0,0,0,0,,,,,,0,0,0,0,0,GEN-GLF5
27152308,"2026-01-05 10:23:07","2026-01-05 10:23:07",4B2297,Switzerland,Switzerland,HB-NCP,,,,,,Rockwell,AC11,"Rockwell Commander 114",14374,,,,,,Private,,,,,,,0,,,,,,0,0,0,0,0,,,,,,0,0,0,0,0,GEN-AC11
27152284,"2026-01-05 10:22:51","2026-01-05 10:22:51",A46863,"United States","United States",N383W,,,,,,CubCrafters,PA18,"CubCrafters CCX-1865",CCX-1865-0010,,,,,,Private,,,,,,,0,,,,,,0,0,0,0,0,,,,,,0,0,0,0,0,GEN-PA18
27150683,"2026-01-05 10:02:58","2026-01-05 10:02:58",A16DC2,"United States","United States",N191VE,,,,,,Cessna,C560,"Cessna Citation V",560-0150,,,,,,"Tweety Bird LLC",,,,,,,0,,,,,,0,0,0,0,0,,,,,,0,0,0,0,0,GEN-C560
27150560,"2026-01-05 10:01:20","2026-01-05 10:01:20",A9F7D9,"United States","United States",N741SH,,,,,,Piper,PA46,"Piper PA-46 350P Malibu Mirage",4636618,,,,,,Private,,,2014,,,,0,,,,,,0,0,0,0,0,,,,,,0,0,0,0,0,GEN-PA46
27149427,"2026-01-05 09:46:57","2026-01-05 09:46:57",A69F37,"United States","United States",N526,,,,,,Denney,FOX,"Denney Kitfox Srs.5 Vixen",V9405-0010,,,,,,Private,,,2003,,,,0,,,,,,0,0,0,0,0,,,,,,0,0,0,0,0,GEN-FOX
27149088,"2026-01-05 09:42:32","2026-01-05 09:42:32",AD6306,"United States","United States",N96159,,,,,,Taylorcraft,TAYB,"Taylorcraft BF",8459,,,,,,Private,,,1946,,,,0,,,,,,0,0,0,0,0,,,,,,0,0,0,0,0,GEN-TAYB
27148898,"2026-01-05 09:40:09","2026-01-05 09:40:09",40121D,"United Kingdom","United Kingdom",G-NODE,,,,,,"Grumman American",AA5,"Grumman American AA-5B Tiger",AA5B-1182,,,,,,Private,,,1979,,,,0,,,,,,0,0,0,0,0,,,,,,0,0,0,0,0,GEN-AA5
27147257,"2026-01-05 09:19:53","2026-01-05 09:19:53",A9816C,"United States","United States",N711SZ,,,,,,Bombardier,LJ60,"Bombardier Learjet 60",60-015,,,,,,"CAR 6015 LLC",,,,,,,0,,,,,,0,0,0,0,0,,,,,,0,0,0,0,0,GEN-LJ60
27147156,"2026-01-05 09:19:01","2026-01-05 09:19:01",A04A16,"United States","United States",N118BT,,,,,,"Aero Designs",PULS,"Aero Designs Pulsar",107,,,,,,Private,,,,,,,0,,,,,,0,0,0,0,0,,,,,,0,0,0,0,0,GEN-PULS
27145479,"2026-01-05 09:00:55","2026-01-05 09:00:55",ACB7AF,"United States","United States",N91869,,,,,,Schweizer,GLID,"Schweizer SGS 1-23",4,,,,,,Private,,,1949,,,,0,,,,,,0,0,0,0,0,,,,,,0,0,0,0,0,GEN-GLID
27145162,"2026-01-05 08:57:26","2026-01-05 08:57:26",E48019,Brazil,Brazil,PT-WLO,,,,,,Bombardier,LJ31,"Bombardier Learjet 31 A",31A-122,,,,,,"Alljet Taxi Aereo Ltda",,,,,,,0,,,,,,0,0,0,0,0,,,,,,0,0,0,0,0,GEN-LJ31
27144606,"2026-01-05 08:51:06","2026-01-05 08:51:06",A61B09,"United States","United States",N4928U,,,,,,Cessna,C210,"Cessna 210E Centurion",21058628,,,,,,Private,,,1965,,,,0,,,,,,0,0,0,0,0,,,,,,0,0,0,0,0,GEN-C210
20364775,"2025-05-21 21:20:23","2026-01-05 08:50:04",008881,"South Africa","South Africa",ZS-DFC,,,,,,Embraer,E145,"Embraer ERJ-145 MP",145339,,,,,,"Fastjet Zimbabwe",,,,,,,0,,,,,,0,0,0,0,0,,,,,,0,0,0,0,0,FJW
27142117,"2026-01-05 08:22:50","2026-01-05 08:22:50",0088E9,"South Africa","South Africa",ZS-DJC,,,,,,Vans,RV8,"Vans RV-8",83185,,,,,,Private,,,,,,,0,,,,,,0,0,0,0,0,,,,,,0,0,0,0,0,GEN-RV8
27141980,"2026-01-05 08:21:17","2026-01-05 08:21:17",A19E77,"United States","United States",N203PK,,,,,,"Cirrus Design",S22T,"Cirrus Design SR22T",2032,,,,,,Private,,,,,,,0,,,,,,0,0,0,0,0,,,,,,0,0,0,0,0,GEN-S22T
27140712,"2026-01-05 08:05:30","2026-01-05 08:05:30",79803C,China,China,B-6041,,,,,,Airbus,A319,"Airbus A319 132",2232,,,,,,"China Southern Airlines",,,2004,,,,0,,,,,,0,0,0,0,0,,,,,,0,0,0,0,0,CSN
11102,"2021-11-08 16:26:52","2026-01-05 07:38:48",C87EE8,"New Zealand","New Zealand",,,,,,,,ZZZZ,,,,,,,,,,,,,,,0,,,,,,0,0,0,0,0,Missing,,,,,0,0,0,0,0,GEN-ZZZZ
766556,"2023-10-30 20:59:55","2026-01-05 07:38:48",43BF96,"United Kingdom","United Kingdom",,,,,,,,ZANT,,,,,,,,,,,,,,,0,,,,,,0,0,0,0,0,Missing,,,,,0,0,0,0,0,ZANT
27138378,"2026-01-05 07:35:22","2026-01-05 07:35:22",A0504A,"United States","United States",N1192K,,,,,,Luscombe,L8,"Luscombe Silvaire 8A",3919,,,,,,Private,,,,,,,0,,,,,,0,0,0,0,0,,,,,,0,0,0,0,0,GEN-L8
27137647,"2026-01-05 07:26:30","2026-01-05 07:26:30",4B05F8,Switzerland,Switzerland,HB-CGU,,,,,,Reims/Cessna,C172,"Reims/Cessna F172P",2194,,,,,,Private,,,,,,,0,,,,,,0,0,0,0,0,,,,,,0,0,0,0,0,GEN-C172
27137512,"2026-01-05 07:24:29","2026-01-05 07:24:29",008F50,"South Africa","South Africa",ZS-FUD,,,,,,Cessna,C172,"Cessna 172K Skyhawk",17258254,,,,,,Private,,,1969,,,,0,,,,,,0,0,0,0,0,,,,,,0,0,0,0,0,GEN-C172
27137338,"2026-01-05 07:22:32","2026-01-05 07:22:32",A2F7F0,"United States","United States",N29005,,,,,,Piper,P28A,"Piper PA-28 201T Turbo Dakota",28-7921031,,,,,,Private,,,1979,,,,0,,,,,,0,0,0,0,0,,,,,,0,0,0,0,0,GEN-P28A
27136215,"2026-01-05 07:08:40","2026-01-05 07:08:40",3F00AF,Germany,Germany,D-8216,,,,,,Schleicher,GLID,"Schleicher K 8 B",8567,,,,,,Private,,,1966,,,,0,,,,,,0,0,0,0,0,,,,,,0,0,0,0,0,GEN-GLID
27135631,"2026-01-05 07:01:33","2026-01-05 07:01:33",A5383A,"United States","United States",N4351P,,,,,,Piper,PA23,"Piper PA-23 Apache 160",23-1851,,,,,,Private,,,1959,,,,0,,,,,,0,0,0,0,0,,,,,,0,0,0,0,0,GEN-PA23
27135551,"2026-01-05 07:00:31","2026-01-05 07:00:31",A64A7E,"United States","United States",N504TJ,,,,,,MBB,BK17,"MBB BK.117 A-4",7138,,,,,,"Mercy Flight Inc",,,,,,,0,,,,,,0,0,0,0,0,,,,,,0,0,0,0,0,GEN-BK17
27135460,"2026-01-05 06:59:36","2026-01-05 06:59:36",A40595,"United States","United States",N3585J,,,,,,Cessna,C150,"Cessna 150E",15061285,,,,,,Private,,,,,,,0,,,,,,0,0,0,0,0,,,,,,0,0,0,0,0,GEN-C150
27135461,"2026-01-05 06:59:36","2026-01-05 06:59:36",4B2904,Switzerland,Switzerland,HB-PNW,,,,,,Piper,P32R,"Piper PA-32R 301 Saratoga SP",3213053,,,,,,Private,,,,,,,0,,,,,,0,0,0,0,0,,,,,,0,0,0,0,0,GEN-P32R
27134543,"2026-01-05 06:48:20","2026-01-05 06:48:20",A2D496,"United States","United States",N2814,,,,,,ERCO,ERCO,"Ercoupe 415-C",3439,,,,,,Private,,,1946,,,,0,,,,,,0,0,0,0,0,,,,,,0,0,0,0,0,GEN-ERCO
27133877,"2026-01-05 06:39:54","2026-01-05 06:39:54",A3683C,"United States","United States",N31897,,,,,,Aeronca,AR65,"Aeronca Super Chief 65-CA",C-11681,,,,,,Private,,,1941,,,,0,,,,,,0,0,0,0,0,,,,,,0,0,0,0,0,GEN-AR65
27133537,"2026-01-05 06:36:08","2026-01-05 06:36:08",8001CD,India,India,VT-JGS,,,,,,Boeing,B738,"Boeing 737NG 85R/W",34800,,,,,,"Jet Airways",,,2006,,,,0,,,,,,0,0,0,0,0,,,,,,0,0,0,0,0,JAI
27131225,"2026-01-05 06:07:24","2026-01-05 06:07:24",381204,France,France,F-BEQE,,,,,,Nord,N120,"Nord 1203 Norecrin",109,,,,,,Private,,,,,,,0,,,,,,0,0,0,0,0,,,,,,0,0,0,0,0,GEN-N120
27131226,"2026-01-05 06:07:24","2026-01-05 06:07:24",3CED29,Germany,Germany,D-CRCR,,,,,,Embraer,E55P,"Embraer Phenom 300",50500069,,,,,,"RH Flugdienst GmbH",,,2011,,,,0,,,,,,0,0,0,0,0,,,,,,0,0,0,0,0,GEN-E55P
27129897,"2026-01-05 05:51:02","2026-01-05 05:51:02",4A9EDA,Sweden,Sweden,SE-GVZ,,,,,,Piper,PA31,"Piper PA-31 Navajo C",31-7812079,,,,,,Private,,,,,,,0,,,,,,0,0,0,0,0,,,,,,0,0,0,0,0,GEN-PA31
27128441,"2026-01-05 05:32:54","2026-01-05 05:32:54",AC6C21,"United States","United States",N9SY,,,,,,Rans,ZZZZ,"Rans Chaos S-9",0988062,,,,,,Private,,,,,,,0,,,,,,0,0,0,0,0,,,,,,0,0,0,0,0,GEN-ZZZZ
27127713,"2026-01-05 05:22:54","2026-01-05 05:22:54",AD0CBC,"United States","United States",N94VT,,,,,,MBB,B105,"MBB Bo.105 P",6124,,,,,,Private,,,,,,,0,,,,,,0,0,0,0,0,,,,,,0,0,0,0,0,GEN-B105
27127487,"2026-01-05 05:20:05","2026-01-05 05:20:05",A23656,"United States","United States",N2412B,,,,,,Temco,GC1,"Temco Globe Swift GC-1B",3712,,,,,,Private,,,1949,,,,0,,,,,,0,0,0,0,0,,,,,,0,0,0,0,0,GEN-GC1
27126922,"2026-01-05 05:12:23","2026-01-05 05:12:23",0A8019,Bahamas,Bahamas,C6-SBI,,,,,,Cessna,C208,"Cessna 208 B",208B-1207,,,,,,"Cherokee Air",,,2006,,,,0,,,,,,0,0,0,0,0,,,,,,0,0,0,0,0,GEN-C208
27126157,"2026-01-05 05:01:11","2026-01-05 05:01:11",4B1D8D,Switzerland,Switzerland,HB-LEZ,,,,,,Piper,PA27,"Piper PA-23 Aztec 250D",27-4516,,,,,,Private,,,,,,,0,,,,,,0,0,0,0,0,,,,,,0,0,0,0,0,GEN-PA27
27126047,"2026-01-05 04:59:43","2026-01-05 04:59:43",A3A003,"United States","United States",N3323E,,,,,,Aeronca,CH7A,"Aeronca Champion 7AC",7AC-6772,,,,,,Private,,,1947,,,,0,,,,,,0,0,0,0,0,,,,,,0,0,0,0,0,GEN-CH7A
27125938,"2026-01-05 04:58:15","2026-01-05 04:58:15",A767C9,"United States","United States",N5765Q,,,,,,Mooney,M20P,"Mooney M.20E Super 21",741,,,,,,Private,,,,,,,0,,,,,,0,0,0,0,0,,,,,,0,0,0,0,0,GEN-M20P
27125618,"2026-01-05 04:53:32","2026-01-05 04:53:32",AA8506,"United States","United States",N777WK,,,,,,Cessna,C411,"Cessna 411",411-0089,,,,,,Private,,,1965,,,,0,,,,,,0,0,0,0,0,,,,,,0,0,0,0,0,GEN-C411
27125352,"2026-01-05 04:49:53","2026-01-05 04:49:53",A0A19D,"United States","United States",N14PA,,,,,,QAC,QIC2,"QAC Quickie Q.2",2462,,,,,,Private,,,,,,,0,,,,,,0,0,0,0,0,,,,,,0,0,0,0,0,GEN-QIC2
27125232,"2026-01-05 04:48:09","2026-01-05 04:48:09",A50096,"United States","United States",N421NV,,,,,,"McDonnell Douglas",MD83,"McDonnell Douglas DC-9 83",53275,,,,,,"Allegiant Air",,,1991,,,,0,,,,,,0,0,0,0,0,,,,,,0,0,0,0,0,AAY
27123228,"2026-01-05 04:20:03","2026-01-05 04:20:03",A5EB30,"United States","United States",N48013,,,,,,Cessna,C152,"Cessna 152",15283268,,,,,,Private,,,1979,,,,0,,,,,,0,0,0,0,0,,,,,,0,0,0,0,0,GEN-C152
27122856,"2026-01-05 04:14:40","2026-01-05 04:14:40",383606,France,France,F-BNQG,,,,,,Gardan,GY80,"Gardan GY-80 180 Horizon",159,,,,,,Private,,,,,,,0,,,,,,0,0,0,0,0,,,,,,0,0,0,0,0,GEN-GY80
27121637,"2026-01-05 03:55:34","2026-01-05 03:55:34",A67F1E,"United States","United States",N51792,,,,,,Enstrom,EN28,"Enstrom F-28 C-2",455-2,,,,,,Private,,,,,,,0,,,,,,0,0,0,0,0,,,,,,0,0,0,0,0,GEN-EN28
27119921,"2026-01-05 03:22:30","2026-01-05 03:22:30",A08CBF,"United States","United States",N1342V,,,,,,Cessna,C172,"Cessna R172K Hawk XP",R1722174,,,,,,Private,,,1976,,,,0,,,,,,0,0,0,0,0,,,,,,0,0,0,0,0,GEN-C172
27119871,"2026-01-05 03:21:23","2026-01-05 03:21:23",A32E06,"United States","United States",N30386,,,,,,Piper,J3,"Piper J-3 F-60 Cub",4826,,,,,,Private,,,1940,,,,0,,,,,,0,0,0,0,0,,,,,,0,0,0,0,0,GEN-J3
27119489,"2026-01-05 03:13:08","2026-01-05 03:13:08",A7E0CB,"United States","United States",N6066Z,,,,,,Piper,PA25,"Piper PA-25 150 Pawnee",25-76,,,,,,Private,,,1959,,,,0,,,,,,0,0,0,0,0,,,,,,0,0,0,0,0,GEN-PA25
27119227,"2026-01-05 03:07:34","2026-01-05 03:07:34",3887BD,France,France,40IX,,,,,,"Flight Design",FDCT,"Flight Design CT SW",,,,,,,Private,,,,,,,0,,,,,,0,0,0,0,0,,,,,,0,0,0,0,0,GEN-FDCT
27118316,"2026-01-05 02:52:27","2026-01-05 02:52:27",A48591,"United States","United States",N3903G,,,,,,Cessna,C340,"Cessna 340A",340A0227,,,,,,Private,,,,,,,0,,,,,,0,0,0,0,0,,,,,,0,0,0,0,0,GEN-C340
27118143,"2026-01-05 02:50:18","2026-01-05 02:50:18",A60932,"United States","United States",N48837,,,,,,Fairchild,FA62,"Fairchild PT-19A M-62A",T41-995,,,,,,Private,,,1941,,,,0,,,,,,0,0,0,0,0,,,,,,0,0,0,0,0,GEN-FA62
27117968,"2026-01-05 02:48:01","2026-01-05 02:48:01",A6ED81,"United States","United States",N54545,,,,,,Boeing,ST75,"Boeing Stearman A75N1 N2S-1 Kaydet",75-981,,,,,,Private,,,,,,,0,,,,,,0,0,0,0,0,,,,,,0,0,0,0,0,GEN-ST75
27117401,"2026-01-05 02:39:45","2026-01-05 02:39:45",4847B2,Netherlands,Netherlands,PH-1359,,,,,,Schempp-Hirth,DISC,"Schempp-Hirth Discus bT",28/324,,,,,,Private,,,1990,,,,0,,,,,,0,0,0,0,0,,,,,,0,0,0,0,0,GEN-DISC
27116981,"2026-01-05 02:33:16","2026-01-05 02:33:16",A7A98D,"United States","United States",N593LG,,,,,,"Textron Aviation",C208,"Textron Aviation 208",20800593,,,,,,"Global Aviation",,,2017,,,,0,,,,,,0,0,0,0,0,,,,,,0,0,0,0,0,GEN-C208
27116635,"2026-01-05 02:27:55","2026-01-05 02:27:55",A4FECC,"United States","United States",N4206C,,,,,,Stinson,S108,"Stinson Voyager 108-3",108-5206,,,,,,Private,,,1948,,,,0,,,,,,0,0,0,0,0,,,,,,0,0,0,0,0,GEN-S108
27116274,"2026-01-05 02:22:33","2026-01-05 02:22:33",1501B2,Russia,Russia,RA-65970,,,,,,Tupolev,T134,"Tupolev Tu-134 A",3351910,,,,,,"Tatarstan Airlines",,,,,,,0,,,,,,0,0,0,0,0,,,,,,0,0,0,0,0,GEN-T134
27115046,"2026-01-05 02:04:57","2026-01-05 02:04:57",A84B65,"United States","United States",N6331J,,,,,,Piper,P28A,"Piper PA-28 180 Cherokee D",28-4739,,,,,,Private,,,1968,,,,0,,,,,,0,0,0,0,0,,,,,,0,0,0,0,0,GEN-P28A
27114116,"2026-01-05 01:51:46","2026-01-05 01:51:46",3F991D,Germany,Germany,50+29,,,,,,VFW,C160,"VFW Transall C-160D",37,,,,,,"German Air Force",,,,,,,0,,,"","","",1,0,0,0,0,,,,,,0,0,0,0,0,GAF
27113386,"2026-01-05 01:50:28","2026-01-05 01:50:28",ADA4F0,"United States","United States",N9789,,,,,,Bushby-Long,MUS2,"Bushby-Long Mustang II",410,,,,,,Private,,,,,,,0,,,,,,0,0,0,0,0,,,,,,0,0,0,0,0,GEN-MUS2
27112365,"2026-01-05 01:27:30","2026-01-05 01:27:30",800486,India,India,VT-JBH,,,,,,Boeing,B738,"Boeing 737NG 8Q8/W",35289,,,,,,"Jet Airways",,,2009,,,,0,,,,,,0,0,0,0,0,,,,,,0,0,0,0,0,JAI
27112209,"2026-01-05 01:25:19","2026-01-05 01:25:19",AC27BA,"United States","United States",N88206,,,,,,Bellanca,CH7B,"Bellanca Citabria 7GCBC",738-74,,,,,,Private,,,1974,,,,0,,,,,,0,0,0,0,0,,,,,,0,0,0,0,0,GEN-CH7B
27111091,"2026-01-05 01:09:23","2026-01-05 01:09:23",00A545,"South Africa","South Africa",ZS-OCI,,,,,,Beech,BE20,"Beech King Air B200",BB-121,,,,,,"Manta Air P/L",,,,,,,0,,,,,,0,0,0,0,0,,,,,,0,0,0,0,0,GEN-BE20
27109614,"2026-01-05 00:48:25","2026-01-05 00:48:25",C8251A,"New Zealand","New Zealand",ZK-IRX,,,,,,Bell,B505,"Bell 505 Jet Ranger X",65040,,,,,,"Rangitikei Helicopters Ltd",,,2017,,,,0,,,,,,0,0,0,0,0,,,,,,0,0,0,0,0,GEN-B505
27108919,"2026-01-05 00:39:14","2026-01-05 00:39:14",A338BE,"United States","United States",N30652,,,,,,"Air Tractor",AT8T,"Air Tractor AT-802",802-0543,,,,,,Private,,,2013,,,,0,,,,,,0,0,0,0,0,,,,,,0,0,0,0,0,GEN-AT8T
27107906,"2026-01-05 00:24:53","2026-01-05 00:24:53",AAB7A2,"United States","United States",N79WB,,,,,,Cessna,C206,"Cessna TP206C Turbo Super Skylane",P206-0509,,,,,,Private,,,1968,,,,0,,,,,,0,0,0,0,0,,,,,,0,0,0,0,0,GEN-C206
27106787,"2026-01-05 00:08:16","2026-01-05 00:08:16",A19D3A,"United States","United States",N203AT,,,,,,Piper,P28A,"Piper PA-28 151 Cherokee Warrior",28-7715040,,,,,,Private,,,,,,,0,,,,,,0,0,0,0,0,,,,,,0,0,0,0,0,GEN-P28A
27106687,"2026-01-05 00:06:15","2026-01-05 00:06:15",A24D61,"United States","United States",N22CU,,,,,,Cessna,C182,"Cessna T182T Turbo Skylane",T18208773,,,,,,Private,,,2007,,,,0,,,,,,0,0,0,0,0,,,,,,0,0,0,0,0,GEN-C182
