AircraftID,FirstCreated,LastModified,ModeS,ModeSCountry,Country,Registration,CurrentRegDate,PreviousID,FirstRegDate,Status,DeRegDate,Manufacturer,ICAOTypeCode,Type,SerialNo,PopularName,GenericName,AircraftClass,Engines,OwnershipStatus,RegisteredOwners,MTOW,TotalHours,YearBuilt,CofACategory,CofAExpiry,UserNotes,Interested,UserTag,InfoURL,PictureURL1,PictureURL2,PictureURL3,UserBool1,UserBool2,UserBool3,UserBool4,UserBool5,UserString1,UserString2,UserString3,UserString4,UserString5,UserInt1,UserInt2,UserInt3,UserInt4,UserInt5,OperatorFlagCode
28446722,"2026-01-16 23:58:36","2026-01-16 23:58:36",800720,India,India,VT-JWT,,,,,,Airbus,A333,"Airbus A330 302",1370,,,,,,"Jet Airways",,,2012,,,,0,,,,,,0,0,0,0,0,,,,,,0,0,0,0,0,JAI
28445857,"2026-01-16 23:46:08","2026-01-16 23:46:08",ACCB46,"United States","United States",N923WC,,,,,,"Gulfstream Aerospace",GLF6,"Gulfstream Aerospace G650 ER",6009,,,,,,"1B Aviation LLC",,,2011,,,,0,,,,,,0,0,0,0,0,,,,,,0,0,0,0,0,GEN-GLF6
28445637,"2026-01-16 23:43:22","2026-01-16 23:43:22",A25A04,"United States","United States",N2501L,,,,,,Cessna,C172,"Cessna 172H Skyhawk",17255701,,,,,,Private,,,1966,,,,0,,,,,,0,0,0,0,0,,,,,,0,0,0,0,0,GEN-C172
28445481,"2026-01-16 23:41:37","2026-01-16 23:41:37",AC9795,"United States","United States",N910KJ,,,,,,Hughes,H269,"Hughes 269 B",125-0224,,,,,,Private,,,1965,,,,0,,,,,,0,0,0,0,0,,,,,,0,0,0,0,0,GEN-H269
28444997,"2026-01-16 23:34:31","2026-01-16 23:34:31",1463A6,Russia,Russia,RA-25510,,,,,,Mil,MI8,"Mil Mi-8 MTV-1",95658,,,,,,"Taimyr Avia",,,,,,,0,,,,,,0,0,0,0,0,,,,,,0,0,0,0,0,GEN-MI8
28444264,"2026-01-16 23:25:07","2026-01-16 23:25:07",40555B,"United Kingdom","United Kingdom",G-CHNH,,,,,,Schempp-Hirth,NIMB,"Schempp-Hirth Nimbus 2 C",187,,,,,,Private,,,1979,,,,0,,,,,,0,0,0,0,0,,,,,,0,0,0,0,0,GEN-NIMB
28444121,"2026-01-16 23:23:31","2026-01-16 23:23:31",A671A2,"United States","United States",N514PT,,,,,,"Lancair International",LNC4,"Lancair International Lancair IV P",LIV-498,,,,,,Private,,,2003,,,,0,,,,,,0,0,0,0,0,,,,,,0,0,0,0,0,GEN-LNC4
28444003,"2026-01-16 23:21:30","2026-01-16 23:21:30",ABC4CB,"United States","United States",N8578B,,,,,,Cessna,C172,"Cessna 172",36278,,,,,,Private,,,1957,,,,0,,,,,,0,0,0,0,0,,,,,,0,0,0,0,0,GEN-C172
28443986,"2026-01-16 23:21:24","2026-01-16 23:21:24",C01D86,Canada,Canada,C-FLER,,,,,,Boeing,B734,"Boeing 737 46B",24573,,,,,,"Flair Airlines",,,1990,,,,0,,,,,,0,0,0,0,0,,,,,,0,0,0,0,0,FLE
28443854,"2026-01-16 23:19:55","2026-01-16 23:19:55",A5EFE4,"United States","United States",N4819A,,,,,,Boeing,H64,"Boeing AH-64E Apache",154819,,,,,,"Boeing Company",,,2019,,,,0,,,,,,0,0,0,0,0,,,,,,0,0,0,0,0,BOE
28443009,"2026-01-16 23:09:32","2026-01-16 23:09:32",A5B35C,"United States","United States",N4668G,,,,,,Cessna,C172,"Cessna 172N Skyhawk",17273294,,,,,,Private,,,1979,,,,0,,,,,,0,0,0,0,0,,,,,,0,0,0,0,0,GEN-C172
28442753,"2026-01-16 23:06:00","2026-01-16 23:06:00",A24723,"United States","United States",N246JT,,,,,,Beech,BE35,"Beech Bonanza V35B",D-10079,,,,,,Private,,,1978,,,,0,,,,,,0,0,0,0,0,,,,,,0,0,0,0,0,GEN-BE35
28442408,"2026-01-16 23:01:50","2026-01-16 23:01:50",A54FDF,"United States","United States",N441RV,,,,,,Piper,PA27,"Piper PA-23 Aztec 250",27-379,,,,,,Private,,,,,,,0,,,,,,0,0,0,0,0,,,,,,0,0,0,0,0,GEN-PA27
28442097,"2026-01-16 22:58:02","2026-01-16 22:58:02",A60E16,"United States","United States",N49DM,,,,,,Beech,BE60,"Beech Duke 60",P-67,,,,,,Private,,,,,,,0,,,,,,0,0,0,0,0,,,,,,0,0,0,0,0,GEN-BE60
28441800,"2026-01-16 22:53:37","2026-01-16 22:53:37",A40F62,"United States","United States",N3605Q,,,,,,Beech,BE23,"Beech Musketeer A23-24 Super III",MA-205,,,,,,Private,,,1967,,,,0,,,,,,0,0,0,0,0,,,,,,0,0,0,0,0,GEN-BE23
28441801,"2026-01-16 22:53:37","2026-01-16 22:53:37",A071EE,"United States","United States",N128FG,,,,,,Piper,M600,"Piper PA-46-600TP M600",4698128,,,,,,"Piper Aircraft Inc",,,2020,,,,0,,,,,,0,0,0,0,0,,,,,,0,0,0,0,0,GEN-M600
28441028,"2026-01-16 22:44:02","2026-01-16 22:44:02",AAD841,"United States","United States",N7981J,,,,,,Bell,B06,"Bell 206A Jet Ranger",693,,,,,,Private,,,,,,,0,,,,,,0,0,0,0,0,,,,,,0,0,0,0,0,GEN-B06
28440078,"2026-01-16 22:31:45","2026-01-16 22:31:45",A4CC5D,"United States","United States",N408WR,,,,,,"Textron Aviation",C172,"Textron Aviation 172S Skyhawk SP",172S12217,,,,,,Private,,,2018,,,,0,,,,,,0,0,0,0,0,,,,,,0,0,0,0,0,GEN-C172
28440005,"2026-01-16 22:30:54","2026-01-16 22:30:54",A19C6D,"United States","United States",N2024Z,,,,,,Schweizer,H269,"Schweizer 269 C-1",0098,,,,,,Private,,,,,,,0,,,,,,0,0,0,0,0,,,,,,0,0,0,0,0,GEN-H269
28439886,"2026-01-16 22:29:24","2026-01-16 22:29:24",840FF4,Japan,Japan,JA04DJ,,,,,,Airbus,A20N,"Airbus A320 251NSL",9566,,,,,,"AirAsia Japan",,,2020,,,,0,,,,,,0,0,0,0,0,,,,,,0,0,0,0,0,WAJ
28439034,"2026-01-16 22:18:44","2026-01-16 22:18:44",A370FB,"United States","United States",N3202N,,,,,,Nord,N320,"Nord 3202",63,,,,,,Private,,,,,,,0,,,,,,0,0,0,0,0,,,,,,0,0,0,0,0,GEN-N320
28438396,"2026-01-16 22:10:27","2026-01-16 22:10:27",3E7BAD,Germany,Germany,D-KMAN,,,,,,Scheibe,GLID,"Scheibe Bergfalke IV SM",5902,,,,,,Private,,,,,,,0,,,,,,0,0,0,0,0,,,,,,0,0,0,0,0,GEN-GLID
28437199,"2026-01-16 21:55:13","2026-01-16 21:55:13",A9B5D0,"United States","United States",N72472,,,,,,Beech,BE20,"Beech C-12C Huron",BC-11,,,,,,"United States Dept of Homeland Security",,,,,,,0,,,,,,0,0,0,0,0,,,,,,0,0,0,0,0,GEN-BE20
28436708,"2026-01-16 21:49:06","2026-01-16 21:49:06",A36008,"United States","United States",N3164J,,,,,,Cessna,C150,"Cessna 150G",15065864,,,,,,Private,,,,,,,0,,,,,,0,0,0,0,0,,,,,,0,0,0,0,0,GEN-C150
28436004,"2026-01-16 21:41:17","2026-01-16 21:41:17",AD0C67,"United States","United States",N94SH,,,,,,Denney,FOX,"Denney Kitfox Mk.IV-1200",ICU091,,,,,,Private,,,,,,,0,,,,,,0,0,0,0,0,,,,,,0,0,0,0,0,GEN-FOX
28435339,"2026-01-16 21:33:16","2026-01-16 21:33:16",0DE446,Venezuela,Venezuela,91-0406,,,,,,"General Dynamics",F16,"General Dynamics F-16CM Fighting Falcon",CC-104,,,,,,"United States Air Force",,,,,,,0,,,,,,1,0,0,0,0,,,,,,0,0,0,0,0,
28435161,"2026-01-16 21:31:02","2026-01-16 21:31:02",009487,"South Africa","South Africa",ZS-HTM,,,,,,Eurocopter,AS50,"Eurocopter Squirrel AS.350 B3",7019,,,,,,"Geotech Aviation South Africa",,,2011,,,,0,,,,,,0,0,0,0,0,,,,,,0,0,0,0,0,GEN-AS50
28435148,"2026-01-16 21:30:56","2026-01-16 21:30:56",008C62,"South Africa","South Africa",ZS-ERH,,,,,,Cessna,C310,"Cessna 310L",310L-0013,,,,,,Private,,,,,,,0,,,,,,0,0,0,0,0,,,,,,0,0,0,0,0,GEN-C310
28434890,"2026-01-16 21:27:58","2026-01-16 21:27:58",ADEF0A,"United States","United States",N9970P,,,,,,Piper,PA36,"Piper PA-36 285 Pawnee Brave",36-7560082,,,,,,Private,,,,,,,0,,,,,,0,0,0,0,0,,,,,,0,0,0,0,0,GEN-PA36
28434873,"2026-01-16 21:27:44","2026-01-16 21:27:44",A7C435,"United States","United States",N6SZ,,,,,,ZSLS-Wroclaw,GLID,"ZSLS-Wroclaw SZD-36A Cobra 15",W-813,,,,,,Private,,,1977,,,,0,,,,,,0,0,0,0,0,,,,,,0,0,0,0,0,GEN-GLID
28434463,"2026-01-16 21:22:56","2026-01-16 21:22:56",A05E0A,"United States","United States",N1224F,,,,,,Cessna,C185,"Cessna A185F Skywagon 185",18502786,,,,,,Private,,,1975,,,,0,,,,,,0,0,0,0,0,,,,,,0,0,0,0,0,GEN-C185
28434310,"2026-01-16 21:21:10","2026-01-16 21:21:10",3ECCA8,Germany,Germany,D-KSLS,,,,,,Schempp-Hirth,DISC,"Schempp-Hirth Discus bT",148/535,,,,,,Private,,,1995,,,,0,,,,,,0,0,0,0,0,,,,,,0,0,0,0,0,GEN-DISC
28434259,"2026-01-16 21:20:22","2026-01-16 21:20:22",852314,Japan,Japan,JA3620,,,,,,Fuji,SUBA,"Fuji FA-200 180 Aero Subaru",167,,,,,,Private,,,,,,,0,,,,,,0,0,0,0,0,,,,,,0,0,0,0,0,GEN-SUBA
28433921,"2026-01-16 21:17:01","2026-01-16 21:17:01",402F3D,"United Kingdom","United Kingdom",G-MVWZ,,,,,,Aviasud,ULAC,"Aviasud Mistral",070,,,,,,Private,,,,,,,0,,,,,,0,0,0,0,0,,,,,,0,0,0,0,0,GEN-ULAC
28433907,"2026-01-16 21:16:42","2026-01-16 21:16:42",A52A21,"United States","United States",N43169,,,,,,Hughes,H500,"Hughes 369 HS",13-0439S,,,,,,Private,,,1973,,,,0,,,,,,0,0,0,0,0,,,,,,0,0,0,0,0,GEN-H500
28431973,"2026-01-16 20:55:08","2026-01-16 20:55:08",7B1007,China,China,"",,,,,,"",-GND,"Ground Vehicle",,,,,,,"Hong Kong International Airport",,,,,,,0,,,,,,0,0,0,0,0,,,,,,0,0,0,0,0,GEN--GND
28431192,"2026-01-16 20:45:50","2026-01-16 20:45:50",A4CA2E,"United States","United States",N40783,,,,,,Piper,P28R,"Piper PA-28R 200 Cherokee Arrow II",28R-7435124,,,,,,Private,,,1973,,,,0,,,,,,0,0,0,0,0,,,,,,0,0,0,0,0,GEN-P28R
28430268,"2026-01-16 20:35:50","2026-01-16 20:35:50",ABD252,"United States","United States",N8608L,,,,,,Piper,PA25,"Piper PA-25 235 Pawnee C",25-5036,,,,,,Private,,,1969,,,,0,,,,,,0,0,0,0,0,,,,,,0,0,0,0,0,GEN-PA25
28429596,"2026-01-16 20:28:45","2026-01-16 20:28:45",A605A6,"United States","United States",N4875E,,,,,,Cessna,C182,"Cessna 182R Skylane",18268280,,,,,,Private,,,,,,,0,,,,,,0,0,0,0,0,,,,,,0,0,0,0,0,GEN-C182
28429561,"2026-01-16 20:28:20","2026-01-16 20:28:20",A66329,"United States","United States",N510TS,,,,,,"Diamond Aircraft",DA42,"Diamond Aircraft Twin Star DA42",42.AC100,,,,,,Private,,,2007,,,,0,,,,,,0,0,0,0,0,,,,,,0,0,0,0,0,GEN-DA42
28429435,"2026-01-16 20:27:00","2026-01-16 20:27:00",A70200,"United States","United States",N55011,,,,,,Cessna,C172,"Cessna 172S Skyhawk SP",172S11339,,,,,,Private,,,2013,,,,0,,,,,,0,0,0,0,0,,,,,,0,0,0,0,0,GEN-C172
28429405,"2026-01-16 20:26:43","2026-01-16 20:26:43",A7EBCA,"United States","United States",N6095W,,,,,,Denney,FOX,"Denney Kitfox Mk.IV","ICU 101",,,,,,Private,,,,,,,0,,,,,,0,0,0,0,0,,,,,,0,0,0,0,0,GEN-FOX
28429286,"2026-01-16 20:25:30","2026-01-16 20:25:30",AA67D4,"United States","United States",N77MU,,,,,,Rans,COY2,"Rans Coyote II S-6S",01011406S,,,,,,Private,,,,,,,0,,,,,,0,0,0,0,0,,,,,,0,0,0,0,0,GEN-COY2
28429241,"2026-01-16 20:24:59","2026-01-16 20:24:59",A11168,"United States","United States",YV287T,,,,,,Boeing,B732,"Boeing 737 217",22728,,,,,,Venezolana,,,1982,,,,0,,,,,,0,0,0,0,0,,,,,,0,0,0,0,0,VNE
28429232,"2026-01-16 20:24:51","2026-01-16 20:24:51",A70DF7,"United States","United States",N55371,,,,,,Fairchild,FA62,"Fairchild PT-19A M-62A",T43-5849,,,,,,Private,,,1943,,,,0,,,,,,0,0,0,0,0,,,,,,0,0,0,0,0,GEN-FA62
28428851,"2026-01-16 20:20:10","2026-01-16 20:20:10",AA9315,"United States","United States",N7801V,,,,,,Mooney,M20P,"Mooney M.20E Super 21",444,,,,,,Private,,,,,,,0,,,,,,0,0,0,0,0,,,,,,0,0,0,0,0,GEN-M20P
28428471,"2026-01-16 20:15:58","2026-01-16 20:15:58",AB3AC5,"United States","United States",N8221A,,,,,,Piper,PA34,"Piper PA-34 200T Seneca II",34-8070224,,,,,,Private,,,,,,,0,,,,,,0,0,0,0,0,,,,,,0,0,0,0,0,GEN-PA34
28428357,"2026-01-16 20:14:36","2026-01-16 20:14:36",3F9928,Germany,Germany,50+40,,,,,,VFW,C160,"VFW Transall C-160D",62,,,,,,"German Air Force",,,,,,,0,,,"","","",1,0,0,0,0,,,,,,0,0,0,0,0,GAF
28427330,"2026-01-16 20:00:45","2026-01-16 20:00:45",4B1600,Switzerland,Switzerland,HB-IIQ,,,,,,Boeing,B737,"Boeing 737NG 7CN/W BBJ",30752,,,,,,Privatair,,,1999,,,,0,,,,,,0,0,0,0,0,,,,,,0,0,0,0,0,PTI
28427060,"2026-01-16 19:57:55","2026-01-16 19:57:55",A6A1BA,"United States","United States",N5261G,,,,,,Cessna,O1,"Cessna O-1A Bird Dog",22691,,,,,,Private,,,,,,,0,,,,,,0,0,0,0,0,,,,,,0,0,0,0,0,GEN-O1
28426894,"2026-01-16 19:56:14","2026-01-16 19:56:14",C076C6,Canada,Canada,C-GSZL,,,,,,Yakovlev,YK55,"Yakovlev Yak-55 M",910101,,,,,,Private,,,1991,,,,0,,,,,,0,0,0,0,0,,,,,,0,0,0,0,0,GEN-YK55
28426310,"2026-01-16 19:49:19","2026-01-16 19:49:19",A0DF72,"United States","United States",N1552T,,,,,,Cessna,C414,"Cessna 414",414-0267,,,,,,Private,,,,,,,0,,,,,,0,0,0,0,0,,,,,,0,0,0,0,0,GEN-C414
28426095,"2026-01-16 19:46:38","2026-01-16 19:46:38",A65CBF,"United States","United States",N509QB,,,,,,"AutoGyro Europe",CLON,"AutoGyro Europe Cavalon",V00138,,,,,,Private,,,,,,,0,,,,,,0,0,0,0,0,,,,,,0,0,0,0,0,GEN-CLON
28426056,"2026-01-16 19:45:56","2026-01-16 19:45:56",C08D24,Canada,Canada,C-IBLR,,,,,,"Ultralight Flight",ULAC,"Ultralight Flight Phantom",PH00149,,,,,,Private,,,,,,,0,,,,,,0,0,0,0,0,,,,,,0,0,0,0,0,GEN-ULAC
28425934,"2026-01-16 19:44:24","2026-01-16 19:44:24",A02FAA,"United States","United States",N1108G,,,,,,Hughes,H500,"Hughes 369 D",120-0865D,,,,,,Private,,,1980,,,,0,,,,,,0,0,0,0,0,,,,,,0,0,0,0,0,GEN-H500
28425362,"2026-01-16 19:37:31","2026-01-16 19:37:31",A750E4,"United States","United States",N5701,,,,,,Bolkow,GLID,"Bolkow Phoebus C",844,,,,,,Private,,,1968,,,,0,,,,,,0,0,0,0,0,,,,,,0,0,0,0,0,GEN-GLID
28425296,"2026-01-16 19:36:45","2026-01-16 19:36:45",0B042D,Cuba,Cuba,CU-T1069,,,,,,Douglas,DC3,"Douglas C-47",,,,,,,"Aero Caribbean",,,,,,,0,,,,,,0,0,0,0,0,,,,,,0,0,0,0,0,GEN-DC3
28425088,"2026-01-16 19:34:01","2026-01-16 19:34:01",A1AC2E,"United States","United States",N207BS,,,,,,Cessna,C525,"Cessna Citation CJ1",525-0445,,,,,,Short-N-Numbers,,,,,,,0,,,,,,0,0,0,0,0,,,,,,0,0,0,0,0,GEN-C525
28424616,"2026-01-16 19:27:57","2026-01-16 19:27:57",A7C5BE,"United States","United States",N60JR,,,,,,Cessna,C172,"Cessna 172N Skyhawk",17272838,,,,,,Private,,,,,,,0,,,,,,0,0,0,0,0,,,,,,0,0,0,0,0,GEN-C172
28424143,"2026-01-16 19:22:57","2026-01-16 19:22:57",00AE19,"South Africa","South Africa",ZS-RLG,,,,,,Robinson,R22,"Robinson R22 Beta II",4388,,,,,,Private,,,2008,,,,0,,,,,,0,0,0,0,0,,,,,,0,0,0,0,0,GEN-R22
28423753,"2026-01-16 19:18:10","2026-01-16 19:18:10",ADB949,"United States","United States",N98343,,,,,,Piper,P28A,"Piper PA-28 140 Cherokee B",28-26177,,,,,,Private,,,,,,,0,,,,,,0,0,0,0,0,,,,,,0,0,0,0,0,GEN-P28A
28423649,"2026-01-16 19:16:59","2026-01-16 19:16:59",750411,Malaysia,Malaysia,9M-AZB,,,,,,Boeing,B744,"Boeing 747 4F6",28959,,,,,,"Eaglexpress Air Charter",,,1998,,,,0,,,,,,0,0,0,0,0,,,,,,0,0,0,0,0,EZX
28423494,"2026-01-16 19:15:25","2026-01-16 19:15:25",A97883,"United States","United States",N7091L,,,,,,Cessna,C310,"Cessna 310K",310K0191,,,,,,Private,,,1966,,,,0,,,,,,0,0,0,0,0,,,,,,0,0,0,0,0,GEN-C310
28423474,"2026-01-16 19:15:06","2026-01-16 19:15:06",A20C1B,"United States","United States",N2309H,,,,,,ERCO,ERCO,"Ercoupe 415-C",2934,,,,,,Private,,,1946,,,,0,,,,,,0,0,0,0,0,,,,,,0,0,0,0,0,GEN-ERCO
28423190,"2026-01-16 19:12:00","2026-01-16 19:12:00",C82328,"New Zealand","New Zealand",ZK-HBQ,,,,,,Bell,B212,"Bell 212",31187,,,,,,"Oceania Aviation Limited",,,,,,,0,,,,,,0,0,0,0,0,,,,,,0,0,0,0,0,GEN-B212
28422420,"2026-01-16 19:03:02","2026-01-16 19:03:02",780A86,China,China,B-LDM,,,,,,Airbus,A306,"Airbus A300 B4-622RF",683,,,,,,"Air Hong Kong",,,1992,,,,0,,,,,,0,0,0,0,0,,,,,,0,0,0,0,0,AHK
28422332,"2026-01-16 19:02:04","2026-01-16 19:02:04",3F31BA,Germany,Germany,D-OESW,,,,,,Cameron,BALL,"Cameron A-180 Hot Air Balloon",10686,,,,,,Private,,,,,,,0,,,,,,0,0,0,0,0,,,,,,0,0,0,0,0,GEN-BALL
28422267,"2026-01-16 19:01:25","2026-01-16 19:01:25",4A9F50,Sweden,Sweden,SE-GZP,,,,,,Reims/Cessna,C150,"Reims/Cessna F150M",1287,,,,,,Private,,,1976,,,,0,,,,,,0,0,0,0,0,,,,,,0,0,0,0,0,GEN-C150
28422052,"2026-01-16 18:58:58","2026-01-16 18:58:58",A715A1,"United States","United States",N5559R,,,,,,"Raven Industries",BALL,"Raven Industries Rally RX.7 Hot Air Balloon",RX7-154,,,,,,Private,,,1979,,,,0,,,,,,0,0,0,0,0,,,,,,0,0,0,0,0,GEN-BALL
28421820,"2026-01-16 18:56:14","2026-01-16 18:56:14",AB06B0,"United States","United States",N8097Y,,,,,,"Quad City",ULAC,"Quad City Challenger II",CH2-0199-1832,,,,,,Private,,,,,,,0,,,,,,0,0,0,0,0,,,,,,0,0,0,0,0,GEN-ULAC
28421534,"2026-01-16 18:53:23","2026-01-16 18:53:23",C0805C,Canada,Canada,C-GWPV,,,,,,Robinson,R66,"Robinson R66",0183,,,,,,"1672993 Alberta Ltd",,,2012,,,,0,,,,,,0,0,0,0,0,,,,,,0,0,0,0,0,GEN-R66
28421495,"2026-01-16 18:53:00","2026-01-16 18:53:00",C05C7B,Canada,Canada,C-GJAO,,,,,,Cessna,C150,"Cessna 150M",15077889,,,,,,Private,,,1976,,,,0,,,,,,0,0,0,0,0,,,,,,0,0,0,0,0,GEN-C150
28420138,"2026-01-16 18:37:15","2026-01-16 18:37:15",A540B1,"United States","United States",N43789,,,,,,Taylorcraft,TAYB,"Taylorcraft BC-12D",7448,,,,,,Private,,,1946,,,,0,,,,,,0,0,0,0,0,,,,,,0,0,0,0,0,GEN-TAYB
28420109,"2026-01-16 18:36:57","2026-01-16 18:36:57",A660F2,"United States","United States",N51VA,,,,,,"Iniziative Industriale Italian",SKAR,"Iniziative Industriale Italian Sky Arrow 1450L",K117,,,,,,Private,,,,,,,0,,,,,,0,0,0,0,0,,,,,,0,0,0,0,0,GEN-SKAR
28419061,"2026-01-16 18:25:12","2026-01-16 18:25:12",A06AD9,"United States","United States",N126JW,,,,,,"Diamond Aircraft",DA40,"Diamond Aircraft Diamond Star DA40",40.1021,,,,,,Private,,,2009,,,,0,,,,,,0,0,0,0,0,,,,,,0,0,0,0,0,GEN-DA40
28419037,"2026-01-16 18:25:01","2026-01-16 18:25:01",A54E65,"United States","United States",N441AS,,,,,,Christen,EAGL,"Christen Eagle II",0001,,,,,,Private,,,2004,,,,0,,,,,,0,0,0,0,0,,,,,,0,0,0,0,0,GEN-EAGL
28418752,"2026-01-16 18:22:03","2026-01-16 18:22:03",4B13FB,Switzerland,Switzerland,HB-HOT,,,,,,Junkers,JU52,"Junkers Ju-52 3m g4e",6595,,,,,,JU-AIR,,,,,,,0,,,https://cdn.jetphotos.com/full/6/17912_1587800183.jpg,https://cdn.jetphotos.com/full/5/60790_1573413785.jpg,https://cdn.jetphotos.com/full/6/47336_1565103890.jpg,0,0,0,0,0,,,,,,0,0,0,0,0,GEN-JU52
28418713,"2026-01-16 18:21:34","2026-01-16 18:21:34",4CA6E0,Ireland,Ireland,EI-WAT,,,,,,Tecnam,SIRA,"Tecnam P.2002 Sierra JF",086,,,,,,"Waterford Aero Club",,,,,,,0,,,,,,0,0,0,0,0,,,,,,0,0,0,0,0,GEN-SIRA
28418714,"2026-01-16 18:21:34","2026-01-16 18:21:34",40682F,"United Kingdom","United Kingdom",G-CHJZ,,,,,,Luscombe,L8,"Luscombe Silvaire 8E",4628,,,,,,Private,,,1947,,,,0,,,,,,0,0,0,0,0,,,,,,0,0,0,0,0,GEN-L8
28418588,"2026-01-16 18:19:54","2026-01-16 18:19:54",A4B46A,"United States","United States",N402DR,,,,,,Cessna,C402,"Cessna 402",402-0047,,,,,,Private,,,1967,,,,0,,,,,,0,0,0,0,0,,,,,,0,0,0,0,0,GEN-C402
28417859,"2026-01-16 18:12:07","2026-01-16 18:12:07",A84138,"United States","United States",N6308M,,,,,,Stinson,S108,"Stinson Voyager 108-3",108-4308,,,,,,Private,,,1948,,,,0,,,,,,0,0,0,0,0,,,,,,0,0,0,0,0,GEN-S108
28417706,"2026-01-16 18:10:23","2026-01-16 18:10:23",398574,France,France,F-HBLU,,,,,,Robinson,R44,"Robinson R44 II",14380,,,,,,"Caal Aviation",,,2020,,,,0,,,,,,0,0,0,0,0,,,,,,0,0,0,0,0,GEN-R44
28417086,"2026-01-16 18:03:34","2026-01-16 18:03:34",40354D,"United Kingdom","United Kingdom",G-BUAI,,,,,,Everett,GYRO,"Everett Gyroplane Srs.3",030,,,,,,Private,,,1991,,,,0,,,,,,0,0,0,0,0,,,,,,0,0,0,0,0,GEN-GYRO
28416827,"2026-01-16 18:00:44","2026-01-16 18:00:44",AD5ECE,"United States","United States",N9602K,,,,,,Stinson,S108,"Stinson Voyager 108-2",108-2602,,,,,,Private,,,1947,,,,0,,,,,,0,0,0,0,0,,,,,,0,0,0,0,0,GEN-S108
28416516,"2026-01-16 17:57:29","2026-01-16 17:57:29",A191CE,"United States","United States",N20XY,,,,,,Beech,BE33,"Beech Debonair C33",CD-1083,,,,,,Private,,,,,,,0,,,,,,0,0,0,0,0,,,,,,0,0,0,0,0,GEN-BE33
28415598,"2026-01-16 17:44:40","2026-01-16 17:44:40",A0D0AC,"United States","United States",N1513E,,,,,,"Balloon Works",BALL,"Balloon Works Firefly 7 Hot Air Balloon",F7-012,,,,,,Private,,,,,,,0,,,,,,0,0,0,0,0,,,,,,0,0,0,0,0,GEN-BALL
28414938,"2026-01-16 17:37:32","2026-01-16 17:37:32",A6D145,"United States","United States",N53850,,,,,,Bellanca,BL8,"Bellanca Decathlon 8KCAB",223-76,,,,,,Private,,,1975,,,,0,,,,,,0,0,0,0,0,,,,,,0,0,0,0,0,GEN-BL8
28414591,"2026-01-16 17:33:17","2026-01-16 17:33:17",AAECCA,"United States","United States",N8028Q,,,,,,AmEagle,GLID,"AmEagle American Eaglet",308,,,,,,Private,,,,,,,0,,,,,,0,0,0,0,0,,,,,,0,0,0,0,0,GEN-GLID
28414246,"2026-01-16 17:29:11","2026-01-16 17:29:11",A50602,"United States","United States",N4224S,,,,,,Cessna,C414,"Cessna 414",414-0604,,,,,,Private,,,,,,,0,,,,,,0,0,0,0,0,,,,,,0,0,0,0,0,GEN-C414
28412820,"2026-01-16 17:13:34","2026-01-16 17:13:34",4B169E,Switzerland,Switzerland,HB-IOS,,,,,,Airbus,A320,"Airbus A320 214",2968,,,,,,Belair,,,2006,,,,0,,,,,,0,0,0,0,0,,,,,,0,0,0,0,0,BHP
28412617,"2026-01-16 17:11:13","2026-01-16 17:11:13",0A8051,Bahamas,Bahamas,C6-BFQ,,,,,,"Avions de Transport Regional",AT76,"Avions de Transport Regional ATR 72 600",1293,,,,,,Bahamasair,,,2015,,,,0,,,,,,0,0,0,0,0,,,,,,0,0,0,0,0,BHS
28412049,"2026-01-16 17:04:02","2026-01-16 17:04:02",A170B8,"United States","United States",N192MM,,,,,,"AgustaWestland Philadelphia",A139,"AgustaWestland Philadelphia AW.139",41537,,,,,,"AgustaWestland Philadelphia",,,2018,,,,0,,,,,,0,0,0,0,0,,,,,,0,0,0,0,0,GEN-A139
28411845,"2026-01-16 17:02:06","2026-01-16 17:02:06",4B1944,Switzerland,Switzerland,HB-JOU,,,,,,Airbus,A321,"Airbus A321 211SL",6454,,,,,,Niki,,,2014,,,,0,,,,,,0,0,0,0,0,,,,,,0,0,0,0,0,NLY
28411298,"2026-01-16 16:56:05","2026-01-16 16:56:05",4B1EE3,Switzerland,Switzerland,HB-LSD,,,,,,Piper,PA34,"Piper PA-34 200T Seneca II",34-7970098,,,,,,Private,,,,,,,0,,,,,,0,0,0,0,0,,,,,,0,0,0,0,0,GEN-PA34
28411095,"2026-01-16 16:53:56","2026-01-16 16:53:56",E02157,Argentina,Argentina,LV-BEW,,,,,,"SAAB Fairchild",SF34,"SAAB Fairchild 340 A",150,,,,,,"Sol Lineas Aereas",,,1989,,,,0,,,,,,0,0,0,0,0,,,,,,0,0,0,0,0,GEN-SF34
28411073,"2026-01-16 16:53:43","2026-01-16 16:53:43",AC70B9,"United States","United States",N900RX,,,,,,Dassault,F900,"Dassault Falcon 900 C",183,,,,,,"Jet Linx Aviation",,,2000,,,,0,,,,,,0,0,0,0,0,,,,,,0,0,0,0,0,JTL
28410807,"2026-01-16 16:50:44","2026-01-16 16:50:44",403420,"United Kingdom","United Kingdom",G-CLIC,,,,,,Cameron,BALL,"Cameron A-105 Hot Air Balloon",2557,,,,,,Private,,,1991,,,,0,,,,,,0,0,0,0,0,,,,,,0,0,0,0,0,GEN-BALL
28410688,"2026-01-16 16:49:10","2026-01-16 16:49:10",A85EF5,"United States","United States",N6388S,,,,,,Cessna,C150,"Cessna 150G",15067188,,,,,,Private,,,,,,,0,,,,,,0,0,0,0,0,,,,,,0,0,0,0,0,GEN-C150
28410361,"2026-01-16 16:45:42","2026-01-16 16:45:42",ADF3E6,"United States","United States",N99882,,,,,,ERCO,ERCO,"Ercoupe 415-C",2505,,,,,,Private,,,1946,,,,0,,,,,,0,0,0,0,0,,,,,,0,0,0,0,0,GEN-ERCO
28410251,"2026-01-16 16:44:17","2026-01-16 16:44:17",C2C039,Canada,Canada,188778,,,,,,"McDonnell Douglas",F18H,"McDonnell Douglas CF-188 Hornet",537/A446,,,,,,"Canadian Forces",,,,,,,0,,,,,,1,0,0,0,0,,,,,,0,0,0,0,0,CFC
28410231,"2026-01-16 16:44:03","2026-01-16 16:44:03",A7E84C,"United States","United States",N6087H,,,,,,Piper,P28R,"Piper PA-28R 201T Turbo Arrow III",28R-7803087,,,,,,Private,,,1977,,,,0,,,,,,0,0,0,0,0,,,,,,0,0,0,0,0,GEN-P28R
28409951,"2026-01-16 16:40:41","2026-01-16 16:40:41",896358,"United Arab Emirates","United Arab Emirates",DU-111,,,,,,AgustaWestland,A139,"AgustaWestland AW.139",31430,,,,,,"Dubai Air Wing",,,2012,,,,0,,,,,,0,0,0,0,0,,,,,,0,0,0,0,0,DUB
28407476,"2026-01-16 16:12:25","2026-01-16 16:12:25",3D3A9A,Germany,Germany,D-EULE,,,,,,"Diamond Aircraft",DV20,"Diamond Aircraft Katana DA20",10193,,,,,,Private,,,1996,,,,0,,,,,,0,0,0,0,0,,,,,,0,0,0,0,0,GEN-DV20
28407294,"2026-01-16 16:10:10","2026-01-16 16:10:10",A55619,"United States","United States",N443DM,,,,,,Denney,FOX,"Denney Kitfox Mk.IV",C0207-0282,,,,,,Private,,,,,,,0,,,,,,0,0,0,0,0,,,,,,0,0,0,0,0,GEN-FOX
28407094,"2026-01-16 16:08:14","2026-01-16 16:08:14",A03D0C,"United States","United States",N114WJ,,,,,,"Honda Aircraft Company",HDJT,"Honda Aircraft Company Honda Jet HA-420",42000114,,,,,,"Honda Aviation Service Co",,,2018,,,,0,,,,,,0,0,0,0,0,,,,,,0,0,0,0,0,GEN-HDJT
29219,"2022-08-30 09:24:20","2026-01-16 16:06:33",000005,"Not Allocated","Not Allocated","",,,,"",,"",UAV,"","",,,,,,"",,,,,,"",0,,,,,,0,0,0,0,0,Missing,,,"","",0,0,0,0,0,GEN-UAV
28406911,"2026-01-16 16:06:33","2026-01-16 16:06:33",AC695B,"United States","United States",N89914,,,,,,Cessna,C140,"Cessna 140",8963,,,,,,Private,,,1946,,,,0,,,,,,0,0,0,0,0,,,,,,0,0,0,0,0,GEN-C140
28406862,"2026-01-16 16:06:07","2026-01-16 16:06:07",404D7D,"United Kingdom","United Kingdom",G-OBNC,,,,,,Britten-Norman,BN2P,"Britten-Norman Islander BN-2B-20",3000,,,,,,"Britten-Norman Aircraft Ltd",,,2005,,,,0,,,,,,0,0,0,0,0,,,,,,0,0,0,0,0,GEN-BN2P
28405574,"2026-01-16 15:18:21","2026-01-16 15:18:21",A70E07,"United States","United States",N5538G,,,,,,Helio,COUR,"Helio Super Courier H.295 (U-10D)",1270,,,,,,Private,,,1967,,,,0,,,,,,0,0,0,0,0,,,,,,0,0,0,0,0,GEN-COUR
28405274,"2026-01-16 15:15:05","2026-01-16 15:15:05",71C052,"South Korea","South Korea",HL8052,,,,,,Boeing,B738,"Boeing 737NG 86J/W",37761,,,,,,"Eastar Jet",,,2011,,,,0,,,,,,0,0,0,0,0,,,,,,0,0,0,0,0,ESR
28404823,"2026-01-16 15:09:55","2026-01-16 15:09:55",C07775,Canada,Canada,C-GTGE,,,,,,Zenith,CH20,"Zenith Zenair CH 200",A-54,,,,,,Private,,,,,,,0,,,,,,0,0,0,0,0,,,,,,0,0,0,0,0,GEN-CH20
28404751,"2026-01-16 15:09:07","2026-01-16 15:09:07",A53B13,"United States","United States",N436TB,,,,,,Beech,BE36,"Beech Bonanza B36TC",EA-597,,,,,,Private,,,1997,,,,0,,,,,,0,0,0,0,0,,,,,,0,0,0,0,0,GEN-BE36
28403791,"2026-01-16 14:58:30","2026-01-16 14:58:30",4024E2,"United Kingdom","United Kingdom",G-MJEB,,,,,,Southdown,ULAC,"Southdown Puma Sprint",SN1231/0041,,,,,,Private,,,,,,,0,,,,,,0,0,0,0,0,,,,,,0,0,0,0,0,GEN-ULAC
28403778,"2026-01-16 14:58:25","2026-01-16 14:58:25",AB759F,"United States","United States",N83761,,,,,,Aeronca,CH7A,"Aeronca Champion 7DC",7AC-2439,,,,,,Private,,,1946,,,,0,,,,,,0,0,0,0,0,,,,,,0,0,0,0,0,GEN-CH7A
28402302,"2026-01-16 14:43:17","2026-01-16 14:43:17",A853B8,"United States","United States",N63573,,,,,,Fairchild,FA62,"Fairchild M-62A-3 PT-26",T43-4531,,,,,,Private,,,1943,,,,0,,,,,,0,0,0,0,0,,,,,,0,0,0,0,0,GEN-FA62
28401971,"2026-01-16 14:39:33","2026-01-16 14:39:33",01017B,Egypt,Egypt,SU-NMC,,,,,,Airbus,A320,"Airbus A320 232",2676,,,,,,"Nesma Airlines",,,2005,,,,0,,,,,,0,0,0,0,0,,,,,,0,0,0,0,0,NMA
28401593,"2026-01-16 14:35:30","2026-01-16 14:35:30",44013D,Austria,Austria,OE-FBF,,,,,,Cessna,C414,"Cessna 414A Chancellor",414A-0415,,,,,,Private,,,1979,,,,0,,,,,,0,0,0,0,0,,,,,,0,0,0,0,0,GEN-C414
28401572,"2026-01-16 14:35:18","2026-01-16 14:35:18",A0657C,"United States","United States",N1244K,,,,,,Luscombe,L8,"Luscombe Silvaire 8A",3971,,,,,,Private,,,,,,,0,,,,,,0,0,0,0,0,,,,,,0,0,0,0,0,GEN-L8
28401271,"2026-01-16 14:31:44","2026-01-16 14:31:44",A07484,"United States","United States",N1285U,,,,,,Cessna,C172,"Cessna 172M Skyhawk",17266979,,,,,,Private,,,1976,,,,0,,,,,,0,0,0,0,0,,,,,,0,0,0,0,0,GEN-C172
28400398,"2026-01-16 14:22:14","2026-01-16 14:22:14",030015,Botswana,Botswana,A2-DBK,,,,,,"Raytheon Aircraft Company",BE40,"Raytheon Aircraft Company 400 XP",RK-429,,,,,,Corporate,,,,,,,0,,,,,,0,0,0,0,0,,,,,,0,0,0,0,0,GEN-BE40
28400229,"2026-01-16 14:20:29","2026-01-16 14:20:29",A0014C,"United States","United States",N1PE,,,,,,Cessna,C206,"Cessna TU206G Turbo Stationair 6",TU20605415,,,,,,Private,,,,,,,0,,,,,,0,0,0,0,0,,,,,,0,0,0,0,0,GEN-C206
28399683,"2026-01-16 14:14:27","2026-01-16 14:14:27",AB10B0,"United States","United States",N8119K,,,,,,Stinson,S108,"Stinson Voyager 108-2",108-3119,,,,,,Private,,,1947,,,,0,,,,,,0,0,0,0,0,,,,,,0,0,0,0,0,GEN-S108
28399612,"2026-01-16 14:13:48","2026-01-16 14:13:48",AD6243,"United States","United States",N9610P,,,,,,Piper,PA25,"Piper PA-25 235 Pawnee D",25-7405771,,,,,,Private,,,,,,,0,,,,,,0,0,0,0,0,,,,,,0,0,0,0,0,GEN-PA25
28398127,"2026-01-16 13:57:12","2026-01-16 13:57:12",A19C2F,"United States","United States",N20227,,,,,,Cessna,C172,"Cessna 172M Skyhawk",17261112,,,,,,Private,,,,,,,0,,,,,,0,0,0,0,0,,,,,,0,0,0,0,0,GEN-C172
28398023,"2026-01-16 13:56:10","2026-01-16 13:56:10",A34994,"United States","United States",N3103B,,,,,,Cessna,C208,"Cessna 208 EX",208B-5114,,,,,,Corporate,,,2014,,,,0,,,,,,0,0,0,0,0,,,,,,0,0,0,0,0,GEN-C208
28397853,"2026-01-16 13:54:21","2026-01-16 13:54:21",A07A82,"United States","United States",N13TA,,,,,,BAe,B462,"BAe 146 200QT",E2112,,,,,,"ASL Airlines Spain",,,1988,,,,0,,,,,,0,0,0,0,0,,,,,,0,0,0,0,0,GEN-B462
28397704,"2026-01-16 13:52:54","2026-01-16 13:52:54",4BCC28,Turkey,Turkey,TC-SAH,,,,,,Boeing,B738,"Boeing 737NG 8FH/W",35092,,,,,,AJet,,,2007,,,,0,,,,,,0,0,0,0,0,,,,,,0,0,0,0,0,TKJ
28397366,"2026-01-16 13:49:04","2026-01-16 13:49:04",4CACAF,Ireland,Ireland,EI-ZEU,,,,,,Cessna,C25A,"Cessna Citation CJ2",525A0202,,,,,,"Private Sky",,,2004,,,,0,,,,,,0,0,0,0,0,,,,,,0,0,0,0,0,HYR
28396668,"2026-01-16 13:41:44","2026-01-16 13:41:44",4AB439,Sweden,Sweden,SE-MAY,,,,,,"British Aerospace",ATP,"British Aerospace ATP",2044,,,,,,"West Atlantic",,,1991,,,,0,,,,,,0,0,0,0,0,,,,,,0,0,0,0,0,GEN-ATP
28396139,"2026-01-16 13:35:57","2026-01-16 13:35:57",C0770B,Canada,Canada,C-GTCC,,,,,,Cessna,C206,"Cessna U206F Stationair",U20602167,,,,,,Private,,,1973,,,,0,,,,,,0,0,0,0,0,,,,,,0,0,0,0,0,GEN-C206
17912,"2022-02-16 07:49:47","2026-01-16 13:31:50",48421B,Netherlands,Netherlands,,,,,,,,-GND,,,,,,,,,,,,,,,0,,,,,,0,0,0,0,0,Missing,,,,,0,0,0,0,0,GEN--GND
28395589,"2026-01-16 13:29:46","2026-01-16 13:29:46",700A01,Afghanistan,Afghanistan,YA19030,,,,,,Cessna,C182,"Cessna T182T Turbo Skylane",T18209030,,,,,,"Afghanistan Air Force",,,2011,,,,0,,,,,,1,0,0,0,0,,,,,,0,0,0,0,0,
28395276,"2026-01-16 13:26:02","2026-01-16 13:26:02",A8AE5F,"United States","United States",N659CD,,,,,,Bell,B47G,"Bell 47G-3B-2",6719,,,,,,Private,,,1967,,,,0,,,,,,0,0,0,0,0,,,,,,0,0,0,0,0,GEN-B47G
28394738,"2026-01-16 13:20:33","2026-01-16 13:20:33",3EE1D5,Germany,Germany,D-0318,,,,,,Schempp-Hirth,GLID,"Schempp-Hirth Standard Cirrus",111,,,,,,Private,,,,,,,0,,,,,,0,0,0,0,0,,,,,,0,0,0,0,0,GEN-GLID
28394465,"2026-01-16 13:17:12","2026-01-16 13:17:12",AA8433,"United States","United States",N777MZ,,,,,,"Aero Commander",AC68,"Aero Commander Twin Commander 680E",680E-723-29,,,,,,Private,,,,,,,0,,,,,,0,0,0,0,0,,,,,,0,0,0,0,0,GEN-AC68
28394320,"2026-01-16 13:15:43","2026-01-16 13:15:43",A730FC,"United States","United States",N5622F,,,,,,Alon,ERCO,"Alon Aircoupe A-2",A-222,,,,,,Private,,,1966,,,,0,,,,,,0,0,0,0,0,,,,,,0,0,0,0,0,GEN-ERCO
28394274,"2026-01-16 13:15:15","2026-01-16 13:15:15",A14BD2,"United States","United States",N183AA,,,,,,Beech,BE95,"Beech Travel Air 95",TD-171,,,,,,Private,,,1958,,,,0,,,,,,0,0,0,0,0,,,,,,0,0,0,0,0,GEN-BE95
28393806,"2026-01-16 13:10:16","2026-01-16 13:10:16",88001E,Thailand,Thailand,HS-TGR,,,,,,Boeing,B744,"Boeing 747 4D7",27723,,,,,,"Thai Airways International",,,1995,,,,0,,,,,,0,0,0,0,0,,,,,,0,0,0,0,0,THA
28393581,"2026-01-16 13:08:13","2026-01-16 13:08:13",A8FC49,"United States","United States",N6783Z,,,,,,Piper,PA25,"Piper PA-25 235 Pawnee",25-2419,,,,,,Private,,,,,,,0,,,,,,0,0,0,0,0,,,,,,0,0,0,0,0,GEN-PA25
28393371,"2026-01-16 13:06:22","2026-01-16 13:06:22",A3232C,"United States","United States",N301BK,,,,,,Piper,PA46,"Piper PA-46 350P Malibu Mirage",4636407,,,,,,Private,,,,,,,0,,,,,,0,0,0,0,0,,,,,,0,0,0,0,0,GEN-PA46
28393032,"2026-01-16 13:02:21","2026-01-16 13:02:21",382338,France,France,F-BIZY,,,,,,S.A.N.,D140,"S.A.N. Jodel D.140 Mousquetaire",24,,,,,,Private,,,,,,,0,,,,,,0,0,0,0,0,,,,,,0,0,0,0,0,GEN-D140
28393008,"2026-01-16 13:02:05","2026-01-16 13:02:05",A4BB58,"United States","United States",N40389,,,,,,"Balloon Works",BALL,"Balloon Works Firefly 7 Hot Air Balloon",7820,,,,,,Private,,,1978,,,,0,,,,,,0,0,0,0,0,,,,,,0,0,0,0,0,GEN-BALL
28392039,"2026-01-16 12:51:41","2026-01-16 12:51:41",A89E80,"United States","United States",N6544F,,,,,,Cessna,C150,"Cessna 150F",15063144,,,,,,Private,,,1966,,,,0,,,,,,0,0,0,0,0,,,,,,0,0,0,0,0,GEN-C150
28391819,"2026-01-16 12:48:55","2026-01-16 12:48:55",A9DC92,"United States","United States",N7342N,,,,,,Cessna,C206,"Cessna TU206G Turbo Stationair 6",U20603621,,,,,,Private,,,1977,,,,0,,,,,,0,0,0,0,0,,,,,,0,0,0,0,0,GEN-C206
28391473,"2026-01-16 12:45:29","2026-01-16 12:45:29",A79289,"United States","United States",N5872B,,,,,,Cessna,C182,"Cessna 182A Skylane",33872,,,,,,Private,,,1956,,,,0,,,,,,0,0,0,0,0,,,,,,0,0,0,0,0,GEN-C182
28391121,"2026-01-16 12:41:35","2026-01-16 12:41:35",AD3180,"United States","United States",N9494E,,,,,,Aeronca,AR11,"Aeronca Chief 11AC",11AC-1129,,,,,,Private,,,1946,,,,0,,,,,,0,0,0,0,0,,,,,,0,0,0,0,0,GEN-AR11
28390760,"2026-01-16 12:37:56","2026-01-16 12:37:56",A4CD85,"United States","United States",N4086B,,,,,,Bell,UH1,"Bell UH-1F Iroquois",7305,,,,,,Private,,,,,,,0,,,,,,0,0,0,0,0,,,,,,0,0,0,0,0,GEN-UH1
28389975,"2026-01-16 12:29:16","2026-01-16 12:29:16",AB2E24,"United States","United States",N8197M,,,,,,Cessna,C210,"Cessna 210M Centurion",21062036,,,,,,Private,,,1977,,,,0,,,,,,0,0,0,0,0,,,,,,0,0,0,0,0,GEN-C210
28389590,"2026-01-16 12:25:11","2026-01-16 12:25:11",A7D959,"United States","United States",N6046V,,,,,,Beech,BE23,"Beech Musketeer C23 Sundowner 180",M-2171,,,,,,Private,,,,,,,0,,,,,,0,0,0,0,0,,,,,,0,0,0,0,0,GEN-BE23
28388612,"2026-01-16 12:14:55","2026-01-16 12:14:55",345301,Spain,Spain,MRTT040,,,,,,Airbus,A332,"Airbus A330 203MRTT",898,,,,,,"Royal Australian Air Force",,,2007,,,,0,,,,,,1,0,0,0,0,,,,,,0,0,0,0,0,
28387307,"2026-01-16 12:00:39","2026-01-16 12:00:39",484F47,Netherlands,Netherlands,PH-4H3,,,,,,"Flying Machines",FM25,"Flying Machines FM.250 Vampire",F250V27,,,,,,Private,,,,,,,0,,,,,,0,0,0,0,0,,,,,,0,0,0,0,0,GEN-FM25
28387011,"2026-01-16 11:57:47","2026-01-16 11:57:47",A1D8D4,"United States","United States",N218SK,,,,,,"Honda Aircraft Company",HDJT,"Honda Aircraft Company Honda Jet HA-420",42000165,,,,,,"KSI Business Aircraft LLC",,,2019,,,,0,,,,,,0,0,0,0,0,,,,,,0,0,0,0,0,GEN-HDJT
28386738,"2026-01-16 11:54:34","2026-01-16 11:54:34",A19923,"United States","United States",N20173,,,,,,Cessna,C172,"Cessna 172M Skyhawk",17261066,,,,,,Private,,,1972,,,,0,,,,,,0,0,0,0,0,,,,,,0,0,0,0,0,GEN-C172
28384328,"2026-01-16 11:29:10","2026-01-16 11:29:10",ACE8AC,"United States","United States",N93046,,,,,,Cessna,C206,"Cessna T206H Turbo Stationair",T20609023,,,,,,Private,,,2011,,,,0,,,,,,0,0,0,0,0,,,,,,0,0,0,0,0,GEN-C206
28383587,"2026-01-16 11:21:23","2026-01-16 11:21:23",AD9088,"United States","United States",N973TW,,,,,,"McDonnell Douglas",MD83,"McDonnell Douglas DC-9 83",53623,,,,,,"Aftrans Aero",,,,,,,0,,,,,,0,0,0,0,0,,,,,,0,0,0,0,0,GEN-MD83
28383420,"2026-01-16 11:19:39","2026-01-16 11:19:39",4046C2,"United Kingdom","United Kingdom",G-CBMM,,,,,,"Mainair Sports",ULAC,"Mainair Sports Mainair Blade 912",1312-0202-7-W1107,,,,,,Private,,,2002,,,,0,,,,,,0,0,0,0,0,,,,,,0,0,0,0,0,GEN-ULAC
28382722,"2026-01-16 11:12:06","2026-01-16 11:12:06",A1AFDA,"United States","United States",N208BF,,,,,,Nord,N110,"Nord 1101 Noralpha",154,,,,,,Private,,,,,,,0,,,,,,0,0,0,0,0,,,,,,0,0,0,0,0,GEN-N110
28381803,"2026-01-16 11:01:49","2026-01-16 11:01:49",406C00,"United Kingdom","United Kingdom",G-CIGP,,,,,,Reims/Cessna,C172,"Reims/Cessna F172N",1743,,,,,,Private,,,1978,,,,0,,,,,,0,0,0,0,0,,,,,,0,0,0,0,0,GEN-C172
28381709,"2026-01-16 11:00:53","2026-01-16 11:00:53",A4D1FB,"United States","United States",N41CB,,,,,,Cessna,C210,"Cessna 210M Centurion",21061899,,,,,,Private,,,1977,,,,0,,,,,,0,0,0,0,0,,,,,,0,0,0,0,0,GEN-C210
28381453,"2026-01-16 10:58:21","2026-01-16 10:58:21",A79A89,"United States","United States",N5896H,,,,,,Piper,PA16,"Piper PA-16 Clipper",16-514,,,,,,Private,,,1949,,,,0,,,,,,0,0,0,0,0,,,,,,0,0,0,0,0,GEN-PA16
28381369,"2026-01-16 10:57:33","2026-01-16 10:57:33",AAB757,"United States","United States",N79TB,,,,,,Beech,BE55,"Beech Baron E55",TE-1125,,,,,,Private,,,1978,,,,0,,,,,,0,0,0,0,0,,,,,,0,0,0,0,0,GEN-BE55
28381243,"2026-01-16 10:56:04","2026-01-16 10:56:04",394C20,France,France,F-GTBA,,,,,,Aerospatiale,AS50,"Aerospatiale Squirrel AS.350 B2",2577,,,,,,"Helicopteres de France",,,1991,,,,0,,,,,,0,0,0,0,0,,,,,,0,0,0,0,0,GEN-AS50
28381121,"2026-01-16 10:54:51","2026-01-16 10:54:51",A329BC,"United States","United States",N3024Z,,,,,,Piper,P28A,"Piper PA-28 161 Warrior II",28-7916399,,,,,,Private,,,,,,,0,,,,,,0,0,0,0,0,,,,,,0,0,0,0,0,GEN-P28A
28380582,"2026-01-16 10:49:09","2026-01-16 10:49:09",A0AAAD,"United States","United States",N142FT,,,,,,"Zénith",CH60,"Zénith Zenair Zodiac CH 601 HDS",6-3071,,,,,,Private,,,,,,,0,,,,,,0,0,0,0,0,,,,,,0,0,0,0,0,GEN-CH60
28380518,"2026-01-16 10:48:42","2026-01-16 10:48:42",A71862,"United States","United States",N5562Q,,,,,,Mooney,M20P,"Mooney M.20E Super 21",634,,,,,,Private,,,1965,,,,0,,,,,,0,0,0,0,0,,,,,,0,0,0,0,0,GEN-M20P
28380303,"2026-01-16 10:46:09","2026-01-16 10:46:09",AA078D,"United States","United States",N7450Z,,,,,,Piper,PA25,"Piper PA-25 235 Pawnee B",25-3440,,,,,,Private,,,,,,,0,,,,,,0,0,0,0,0,,,,,,0,0,0,0,0,GEN-PA25
28380207,"2026-01-16 10:45:09","2026-01-16 10:45:09",AA3A04,"United States","United States",N758ZD,,,,,,Cessna,C152,"Cessna A152 Aerobat",A1521028,,,,,,Private,,,1985,,,,0,,,,,,0,0,0,0,0,,,,,,0,0,0,0,0,GEN-C152
28380029,"2026-01-16 10:43:23","2026-01-16 10:43:23",A789C2,"United States","United States",N585PB,,,,,,Beech,BE18,"Beech RC-45J",7121,,,,,,"Historic Flight Foundation",,,1944,,,,0,,,,,,0,0,0,0,0,,,,,,0,0,0,0,0,GEN-BE18
28378933,"2026-01-16 10:32:05","2026-01-16 10:32:05",ACB170,"United States","United States",N917HW,,,,,,Vans,RV7,"Vans RV-7",71676,,,,,,Private,,,,,,,0,,,,,,0,0,0,0,0,,,,,,0,0,0,0,0,GEN-RV7
28377887,"2026-01-16 10:21:42","2026-01-16 10:21:42",AB07A7,"United States","United States",N81GP,,,,,,Rutan,VEZE,"Rutan VariEze",340,,,,,,Private,,,1981,,,,0,,,,,,0,0,0,0,0,,,,,,0,0,0,0,0,GEN-VEZE
28377839,"2026-01-16 10:21:26","2026-01-16 10:21:26",A5A09E,"United States","United States",N46169,,,,,,Aeronca,CH7A,"Aeronca O-58B Grasshopper",O58B-4852,,,,,,Private,,,1943,,,,0,,,,,,0,0,0,0,0,,,,,,0,0,0,0,0,GEN-CH7A
28377473,"2026-01-16 10:17:31","2026-01-16 10:17:31",ACFB94,"United States","United States",N9357L,,,,,,"American Aviation",AA1,"American Aviation AA-1A Trainer",AA1A-0057,,,,,,Private,,,,,,,0,,,,,,0,0,0,0,0,,,,,,0,0,0,0,0,GEN-AA1
28376716,"2026-01-16 10:09:23","2026-01-16 10:09:23",A6355D,"United States","United States",N5BF,,,,,,Cessna,C182,"Cessna 182L Skylane",18258757,,,,,,Private,,,1968,,,,0,,,,,,0,0,0,0,0,,,,,,0,0,0,0,0,GEN-C182
28376248,"2026-01-16 10:04:18","2026-01-16 10:04:18",4000F9,"United Kingdom","United Kingdom",VP-BWA,,,,,,Airbus,A319,"Airbus A319 111",2052,,,,,,Aurora,,,2003,,,,0,,,,,,0,0,0,0,0,,,,,,0,0,0,0,0,SHU
28376169,"2026-01-16 10:03:16","2026-01-16 10:03:16",A1B8DA,"United States","United States",N21TH,,,,,,Schempp-Hirth,GLID,"Schempp-Hirth Discus 2 b",91,,,,,,Private,,,2001,,,,0,,,,,,0,0,0,0,0,,,,,,0,0,0,0,0,GEN-GLID
28375681,"2026-01-16 09:57:34","2026-01-16 09:57:34",80002B,India,India,VT-EPB,,,,,,Airbus,A320,"Airbus A320 231",45,,,,,,"Air India",,,1989,,,,0,,,,,,0,0,0,0,0,,,,,,0,0,0,0,0,GEN-A320
28375646,"2026-01-16 09:57:10","2026-01-16 09:57:10",3B77AD,France,France,R158,,,,,,VFW,C160,"VFW Transall C-160R",158,,,,,,"French Air Force",,,,,,,0,,,,,,1,0,0,0,0,,,,,,0,0,0,0,0,CTM
28375611,"2026-01-16 09:56:43","2026-01-16 09:56:43",4C0172,Serbia,Serbia,YU-ALS,,,,,,"Avions de Transport Regional",AT72,"Avions de Transport Regional ATR 72 201",140,,,,,,"Air Serbia",,,1989,,,,0,,,,,,0,0,0,0,0,,,,,,0,0,0,0,0,GEN-AT72
28375603,"2026-01-16 09:56:38","2026-01-16 09:56:38",3E79BA,Germany,Germany,D-KLHI,,,,,,Schempp-Hirth,DISC,"Schempp-Hirth Discus 2 T",32/181,,,,,,Private,,,2003,,,,0,,,,,,0,0,0,0,0,,,,,,0,0,0,0,0,GEN-DISC
28375000,"2026-01-16 09:50:20","2026-01-16 09:50:20",78062F,China,China,B-2078,,,,,,Boeing,B77L,"Boeing 777 F6N",37714,,,,,,"China Cargo Airlines",,,2010,,,,0,,,,,,0,0,0,0,0,,,,,,0,0,0,0,0,CKK
28374911,"2026-01-16 09:49:24","2026-01-16 09:49:24",ABDA58,"United States","United States",N863DS,,,,,,Boeing,P8,"Boeing P-8A Poseidon",63188,,,,,,"Boeing Company",,,2017,,,,0,,,,,,0,0,0,0,0,,,,,,0,0,0,0,0,BOE
28373727,"2026-01-16 09:35:11","2026-01-16 09:35:11",398178,France,France,F-HALY,,,,,,Extra,E300,"Extra EA.300 L",1306,,,,,,Private,,,2010,,,,0,,,,,,0,0,0,0,0,,,,,,0,0,0,0,0,GEN-E300
28372601,"2026-01-16 09:20:14","2026-01-16 09:20:14",A3C8A5,"United States","United States",N343C,,,,,,Stinson,S108,"Stinson Voyager 108-2",108-3343,,,,,,Private,,,1947,,,,0,,,,,,0,0,0,0,0,,,,,,0,0,0,0,0,GEN-S108
28372140,"2026-01-16 09:15:42","2026-01-16 09:15:42",3C49D9,Germany,Germany,D-ABNY,,,,,,Airbus,A320,"Airbus A320 214SL",6966,,,,,,"Air Berlin",,,2015,,,,0,,,,,,0,0,0,0,0,,,,,,0,0,0,0,0,BER
28371273,"2026-01-16 09:05:56","2026-01-16 09:05:56",A4DA22,"United States","United States",N411ZM,,,,,,"Amateur Built",ZZZZ,"Amateur Built TEAM Z-Max 1400",SM615,,,,,,Private,,,1994,,,,0,,,,,,0,0,0,0,0,,,,,,0,0,0,0,0,GEN-ZZZZ
28371186,"2026-01-16 09:05:01","2026-01-16 09:05:01",5113B2,Estonia,Estonia,"",,,,,,"",-GND,"Ground Vehicle",,,,,,,"Tallinn Airport",,,,,,,0,,,,,,0,0,0,0,0,,,,,,0,0,0,0,0,GEN--GND
28370279,"2026-01-16 08:54:24","2026-01-16 08:54:24",4B9686,Turkey,Turkey,TC-ETF,,,,,,Airbus,A321,"Airbus A321 231",1438,,,,,,AtlasGlobal,,,2001,,,,0,,,,,,0,0,0,0,0,,,,,,0,0,0,0,0,KKK
28369974,"2026-01-16 08:51:10","2026-01-16 08:51:10",C81883,"New Zealand","New Zealand",ZK-OKF,,,,,,Boeing,B772,"Boeing 777 219ER",34378,,,,,,"Air New Zealand",,,2006,,,,0,,,,,,0,0,0,0,0,,,,,,0,0,0,0,0,ANZ
28369587,"2026-01-16 08:47:01","2026-01-16 08:47:01",4588C2,Denmark,Denmark,OY-BFB,,,,,,Cessna,C182,"Cessna 182P Skylane",18262477,,,,,,Private,,,1973,,,,0,,,,,,0,0,0,0,0,,,,,,0,0,0,0,0,GEN-C182
28369084,"2026-01-16 08:41:40","2026-01-16 08:41:40",AB17F4,"United States","United States",N8138C,,,,,,Piper,PA22,"Piper PA-22 135 Tri-Pacer",22-2283,,,,,,Private,,,1954,,,,0,,,,,,0,0,0,0,0,,,,,,0,0,0,0,0,GEN-PA22
28369012,"2026-01-16 08:40:30","2026-01-16 08:40:30",A9ED0D,"United States","United States",N739FX,,,,,,Cessna,C172,"Cessna 172N Skyhawk",17270518,,,,,,Private,,,1978,,,,0,,,,,,0,0,0,0,0,,,,,,0,0,0,0,0,GEN-C172
28368705,"2026-01-16 08:37:27","2026-01-16 08:37:27",71D109,"South Korea","South Korea",HL9109,,,,,,Hughes,H500,"Hughes 369 MD",0412D,,,,,,Private,,,,,,,0,,,,,,0,0,0,0,0,,,,,,0,0,0,0,0,GEN-H500
28368412,"2026-01-16 08:34:17","2026-01-16 08:34:17",49B5C3,"Czech Republic","Czech Republic",OK-MNC,,,,,,Moravan,Z42,"Moravan Zlin Z-142",0279,,,,,,Private,,,,,,,0,,,,,,0,0,0,0,0,,,,,,0,0,0,0,0,GEN-Z42
28368229,"2026-01-16 08:32:35","2026-01-16 08:32:35",C0514A,Canada,Canada,C-GEUJ,,,,,,Bell,B412,"Bell 412 EPI",37044,,,,,,"Bell Helicopter Textron Canada",,,2018,,,,0,,,,,,0,0,0,0,0,,,,,,0,0,0,0,0,GEN-B412
28368083,"2026-01-16 08:31:01","2026-01-16 08:31:01",00C461,"South Africa","South Africa",ZS-ZWQ,,,,,,Boeing,B738,"Boeing 737NG 8K2/W",28374,,,,,,Kulula.com,,,1998,,,,0,,,,,,0,0,0,0,0,,,,,,0,0,0,0,0,CAW
28366483,"2026-01-16 08:13:00","2026-01-16 08:13:00",390F32,France,France,F-GDZS,,,,,,"Thunder & Colt",BALL,"Thunder & Colt AX.7-65Z Hot Air Balloon",518,,,,,,Private,,,1983,,,,0,,,,,,0,0,0,0,0,,,,,,0,0,0,0,0,GEN-BALL
28366231,"2026-01-16 08:09:40","2026-01-16 08:09:40",A253CD,"United States","United States",N2490G,,,,,,Bell,B06,"Bell 206L Long Ranger IV",52360,,,,,,Private,,,,,,,0,,,,,,0,0,0,0,0,,,,,,0,0,0,0,0,GEN-B06
28365174,"2026-01-16 07:57:14","2026-01-16 07:57:14",A58F52,"United States","United States",N4576L,,,,,,Cessna,C402,"Cessna 402B",402B0564,,,,,,Private,,,1974,,,,0,,,,,,0,0,0,0,0,,,,,,0,0,0,0,0,GEN-C402
28364950,"2026-01-16 07:54:11","2026-01-16 07:54:11",4D218A,Malta,Malta,9H-VEG,,,,,,Bombardier,CRJ2,"Bombardier Challenger 850",8075,,,,,,"Hyperion Aviation",,,,,,,0,,,,,,0,0,0,0,0,,,,,,0,0,0,0,0,HYP
11102,"2021-11-08 16:26:52","2026-01-16 07:52:30",C87EE8,"New Zealand","New Zealand","",,,,"",,"",ZZZZ,"","",,,,,,"",,,,,,"",0,,,,,,0,0,0,0,0,Missing,,,"","",0,0,0,0,0,GEN-ZZZZ
766556,"2023-10-30 20:59:55","2026-01-16 07:52:30",43BF96,"United Kingdom","United Kingdom","",,,,"",,"",ZANT,"","",,,,,,"",,,,,,"",0,,,,,,0,0,0,0,0,Missing,,,"","",0,0,0,0,0,ZANT
28364320,"2026-01-16 07:47:33","2026-01-16 07:47:33",AB0D8B,"United States","United States",N811EV,,,,,,Evektor-Aerotechnik,EVSS,"Evektor-Aerotechnik EV-97 Sportstar",2006-0811,,,,,,Private,,,2006,,,,0,,,,,,0,0,0,0,0,,,,,,0,0,0,0,0,GEN-EVSS
28364229,"2026-01-16 07:46:33","2026-01-16 07:46:33",E494A8,Brazil,Brazil,PR-ZTX,,,,,,Embraer,E550,"Embraer Praetor 600",55020002,,,,,,Embraer,,,2018,,,,0,,,,,,0,0,0,0,0,,,,,,0,0,0,0,0,GEN-E550
28363085,"2026-01-16 07:33:29","2026-01-16 07:33:29",40794D,"United Kingdom","United Kingdom",G-BHKE,,,,,,"Amateur Built",GYRO,"Amateur Built Bensen Gyrocopter B.8MS",VW1,,,,,,Private,,,1980,,,,0,,,,,,0,0,0,0,0,,,,,,0,0,0,0,0,GEN-GYRO
28363012,"2026-01-16 07:32:41","2026-01-16 07:32:41",008CC6,"South Africa","South Africa",ZS-EVD,,,,,,Piper,PA25,"Piper PA-25 235 Pawnee B",25-3985,,,,,,Private,,,1966,,,,0,,,,,,0,0,0,0,0,,,,,,0,0,0,0,0,GEN-PA25
28362817,"2026-01-16 07:30:38","2026-01-16 07:30:38",383972,France,France,F-BOLS,,,,,,"Aero Commander",M200,"Aero Commander 200 D",351,,,,,,Private,,,1966,,,,0,,,,,,0,0,0,0,0,,,,,,0,0,0,0,0,GEN-M200
28362692,"2026-01-16 07:29:09","2026-01-16 07:29:09",004009,Zimbabwe,Zimbabwe,Z-WPM,,,,,,Airbus,A320,"Airbus A320 214",630,,,,,,"Air Zimbabwe",,,1996,,,,0,,,,,,0,0,0,0,0,,,,,,0,0,0,0,0,GEN-A320
28362366,"2026-01-16 07:24:37","2026-01-16 07:24:37",4CA9F0,Ireland,Ireland,EI-UNP,,,,,,Boeing,B773,"Boeing 777 312",28516,,,,,,"Rossiya Russian Airlines",,,1998,,,,0,,,,,,0,0,0,0,0,,,,,,0,0,0,0,0,SDM-B773EI-UNP
28361394,"2026-01-16 07:14:30","2026-01-16 07:14:30",A0CD93,"United States","United States",N1507Y,,,,,,"Balloon Works",BALL,"Balloon Works Firefly 7 Hot Air Balloon",11194,,,,,,Private,,,1982,,,,0,,,,,,0,0,0,0,0,,,,,,0,0,0,0,0,GEN-BALL
28359067,"2026-01-16 06:45:15","2026-01-16 06:45:15",43CAE6,"United Kingdom","United Kingdom",ZK332,,,,,,Eurofighter,EUFI,"Eurofighter Typhoon FGR4",BS093,,,,,,"Royal Air Force",,,2011,,,,0,,,,,,1,0,0,0,0,,,,,,0,0,0,0,0,
28359029,"2026-01-16 06:44:49","2026-01-16 06:44:49",750274,Malaysia,Malaysia,9M-FFE,,,,,,Boeing,B738,"Boeing 737NG 85F/W",30567,,,,,,"Malaysia Airlines",,,2001,,,,0,,,,,,0,0,0,0,0,,,,,,0,0,0,0,0,GEN-B738
28358913,"2026-01-16 06:43:47","2026-01-16 06:43:47",840041,Japan,Japan,JA001X,,,,,,Cessna,C172,"Cessna 172S Skyhawk SP",172S8229,,,,,,Private,,,1999,,,,0,,,,,,0,0,0,0,0,,,,,,0,0,0,0,0,GEN-C172
28357403,"2026-01-16 06:25:58","2026-01-16 06:25:58",A78AFE,"United States","United States",N5851H,,,,,,Piper,PA16,"Piper PA-16 Clipper",16-468,,,,,,Private,,,1949,,,,0,,,,,,0,0,0,0,0,,,,,,0,0,0,0,0,GEN-PA16
28357052,"2026-01-16 06:22:06","2026-01-16 06:22:06",4CC4FA,Iceland,Iceland,OE-IIV,,,,,,Airbus,A333,"Airbus A330 343E",1624,,,,,,"Turkish Airlines",,,2015,,,,0,,,,,,0,0,0,0,0,,,,,,0,0,0,0,0,THY
28356389,"2026-01-16 06:13:29","2026-01-16 06:13:29",A630E2,"United States","United States",N4985L,,,,,,Piper,P28A,"Piper PA-28 180 Cherokee C",28-4360,,,,,,Private,,,1967,,,,0,,,,,,0,0,0,0,0,,,,,,0,0,0,0,0,GEN-P28A
28356365,"2026-01-16 06:13:19","2026-01-16 06:13:19",AD49BD,"United States","United States",N9551H,,,,,,Stinson,RELI,"Stinson Reliant V-77",77-440,,,,,,Private,,,1944,,,,0,,,,,,0,0,0,0,0,,,,,,0,0,0,0,0,GEN-RELI
28355717,"2026-01-16 06:05:21","2026-01-16 06:05:21",A2CA7D,"United States","United States",N2791Y,,,,,,"Raven Industries",BALL,"Raven Industries Rally RX.7 Hot Air Balloon",RX7-388,,,,,,Private,,,1985,,,,0,,,,,,0,0,0,0,0,,,,,,0,0,0,0,0,GEN-BALL
28355594,"2026-01-16 06:04:04","2026-01-16 06:04:04",A8CACA,"United States","United States",N666CW,,,,,,Cessna,C77R,"Cessna 177 Cardinal RG",177RG1303,,,,,,Private,,,1977,,,,0,,,,,,0,0,0,0,0,,,,,,0,0,0,0,0,GEN-C77R
28354456,"2026-01-16 05:49:48","2026-01-16 05:49:48",4950F5,Portugal,Portugal,CS-TGU,,,,,,Airbus,A310,"Airbus A310 304",571,,,,,,"Azores Airlines",,,1991,,,,0,,,,,,0,0,0,0,0,,,,,,0,0,0,0,0,RZO
28353515,"2026-01-16 05:38:07","2026-01-16 05:38:07",A29141,"United States","United States",N26472,,,,,,Meyers,ZZZZ,"Meyers OTW",25,,,,,,Private,,,1940,,,,0,,,,,,0,0,0,0,0,,,,,,0,0,0,0,0,GEN-ZZZZ
28353366,"2026-01-16 05:36:20","2026-01-16 05:36:20",458DE1,Denmark,Denmark,OY-COA,,,,,,"Balloon Works",BALL,"Balloon Works Firefly 7 Hot Air Balloon",F7-601,,,,,,Private,,,1989,,,,0,,,,,,0,0,0,0,0,,,,,,0,0,0,0,0,GEN-BALL
28352640,"2026-01-16 05:27:13","2026-01-16 05:27:13",A43EDB,"United States","United States",N3729Q,,,,,,"Raytheon Aircraft",BE36,"Raytheon Aircraft Bonanza G36",E-3729,,,,,,Private,,,2006,,,,0,,,,,,0,0,0,0,0,,,,,,0,0,0,0,0,GEN-BE36
28352366,"2026-01-16 05:23:48","2026-01-16 05:23:48",ABAED7,"United States","United States",N852AS,,,,,,Bombardier,CRJ2,"Bombardier CRJ 200ER",7369,,,,,,"Delta Connection",,,,,,,0,,,,,,0,0,0,0,0,,,,,,0,0,0,0,0,SKW
28352250,"2026-01-16 05:22:19","2026-01-16 05:22:19",A54031,"United States","United States",N4375L,,,,,,Cessna,C172,"Cessna 172G Skyhawk",17254452,,,,,,Private,,,1966,,,,0,,,,,,0,0,0,0,0,,,,,,0,0,0,0,0,GEN-C172
28350852,"2026-01-16 05:04:28","2026-01-16 05:04:28",760842,Pakistan,Pakistan,AP-BBB,,,,,,Cessna,C185,"Cessna A185F Skywagon 185",18503719,,,,,,Private,,,1978,,,,0,,,,,,0,0,0,0,0,,,,,,0,0,0,0,0,GEN-C185
28350720,"2026-01-16 05:02:47","2026-01-16 05:02:47",A043FF,"United States","United States",N116RL,,,,,,Nanchang,CJ6,"Nanchang CJ-6 A",3051222,,,,,,Private,,,,,,,0,,,,,,0,0,0,0,0,,,,,,0,0,0,0,0,GEN-CJ6
28350356,"2026-01-16 04:57:36","2026-01-16 04:57:36",402098,"United Kingdom","United Kingdom",G-BKXJ,,,,,,Rutan,VEZE,"Rutan VariEze","PFA 074-10795",,,,,,Private,,,,,,,0,,,,,,0,0,0,0,0,,,,,,0,0,0,0,0,GEN-VEZE
28349963,"2026-01-16 04:52:51","2026-01-16 04:52:51",43C72B,"United Kingdom","United Kingdom",ZJ250,,,,,,Eurocopter,AS50,"Eurocopter Squirrel AS.350 HT.2",3047,,,,,,"Army Air Corps",,,1997,,,,0,,,https://cdn.jetphotos.com/full/4/79249_1321666788.jpg,https://cdn.jetphotos.com/full/1/82502_1144918300.jpg,"",1,0,0,0,0,,,,,,0,0,0,0,0,
28348260,"2026-01-16 04:30:13","2026-01-16 04:30:13",A97752,"United States","United States",N709PR,,,,,,Aero,AAT4,"Aero AT-4 LSA",AT4-022,,,,,,Private,,,,,,,0,,,,,,0,0,0,0,0,,,,,,0,0,0,0,0,GEN-AAT4
28348045,"2026-01-16 04:27:03","2026-01-16 04:27:03",4603D2,Finland,Finland,OH-BLQ,,,,,,Boeing,B712,"Boeing 717 23S",55067,,,,,,Blue1,,,2001,,,,0,,,,,,0,0,0,0,0,,,,,,0,0,0,0,0,GEN-B712
28347963,"2026-01-16 04:26:08","2026-01-16 04:26:08",3EFC01,Germany,Germany,D-7018,,,,,,Schempp-Hirth,GLID,"Schempp-Hirth Duo Discus",240,,,,,,Private,,,1999,,,,0,,,,,,0,0,0,0,0,,,,,,0,0,0,0,0,GEN-GLID
28347167,"2026-01-16 04:15:25","2026-01-16 04:15:25",403353,"United Kingdom","United Kingdom",G-BTBG,,,,,,Denney,FOX,"Denney Kitfox Mk.II","PFA 172-11845",,,,,,Private,,,2001,,,,0,,,,,,0,0,0,0,0,,,,,,0,0,0,0,0,GEN-FOX
28346820,"2026-01-16 04:10:28","2026-01-16 04:10:28",A0E545,"United States","United States",N157MB,,,,,,"Amateur Built",ZZZZ,"Amateur Built Desert Eagle II",0001,,,,,,Private,,,,,,,0,,,,,,0,0,0,0,0,,,,,,0,0,0,0,0,GEN-ZZZZ
28346518,"2026-01-16 04:06:50","2026-01-16 04:06:50",A2327D,"United States","United States",N2401C,,,,,,Piper,PA38,"Piper PA-38 112 Tomahawk",38-79A0172,,,,,,Private,,,,,,,0,,,,,,0,0,0,0,0,,,,,,0,0,0,0,0,GEN-PA38
28345837,"2026-01-16 03:57:13","2026-01-16 03:57:13",ACB448,"United States","United States",N9179J,,,,,,Piper,P28A,"Piper PA-28 180 Cherokee C",28-3245,,,,,,Private,,,1966,,,,0,,,,,,0,0,0,0,0,,,,,,0,0,0,0,0,GEN-P28A
28345555,"2026-01-16 03:53:25","2026-01-16 03:53:25",A95629,"United States","United States",N700SL,,,,,,SOCATA,TBM7,"SOCATA TBM 700 C",257,,,,,,"Pontevedra Holdings Inc",,,2003,,,,0,,,,,,0,0,0,0,0,,,,,,0,0,0,0,0,GEN-TBM7
28345397,"2026-01-16 03:51:22","2026-01-16 03:51:22",A1991A,"United States","United States",N2017U,,,,,,"Textron Aviation",C172,"Textron Aviation 172S Skyhawk SP",172S12162,,,,,,Private,,,,,,,0,,,,,,0,0,0,0,0,,,,,,0,0,0,0,0,GEN-C172
28345317,"2026-01-16 03:50:11","2026-01-16 03:50:11",4028A1,"United Kingdom","United Kingdom",G-MTGL,,,,,,"Solar Wings",ULAC,"Solar Wings Pegasus XL-R",SW-WA-1167,,,,,,Private,,,1987,,,,0,,,,,,0,0,0,0,0,,,,,,0,0,0,0,0,GEN-ULAC
28345099,"2026-01-16 03:47:12","2026-01-16 03:47:12",A1C836,"United States","United States",N21386,,,,,,Aeronca,AR50,"Aeronca Chief 50-F",F-1978,,,,,,Private,,,1938,,,,0,,,,,,0,0,0,0,0,,,,,,0,0,0,0,0,GEN-AR50
28345076,"2026-01-16 03:46:51","2026-01-16 03:46:51",008D40,"South Africa","South Africa",ZS-EZV,,,,,,Cessna,C182,"Cessna 182K Skylane",18258378,,,,,,Private,,,1967,,,,0,,,,,,0,0,0,0,0,,,,,,0,0,0,0,0,GEN-C182
28343499,"2026-01-16 03:24:54","2026-01-16 03:24:54",4B2C23,Switzerland,Switzerland,HB-QSP,,,,,,"Balony Kubicek",BALL,"Balony Kubicek BB 20GP Hot Air Balloon",381,,,,,,Private,,,2005,,,,0,,,,,,0,0,0,0,0,,,,,,0,0,0,0,0,GEN-BALL
28343417,"2026-01-16 03:23:42","2026-01-16 03:23:42",A142D3,"United States","United States",N180YA,,,,,,Cessna,C25A,"Cessna Citation CJ2",525A0099,,,,,,"Western Precooling Systems",,,,,,,0,,,,,,0,0,0,0,0,,,,,,0,0,0,0,0,GEN-C25A
28343036,"2026-01-16 03:18:42","2026-01-16 03:18:42",A3E61D,"United States","United States",N350PL,,,,,,"British Aerospace",H25B,"British Aerospace 125 700A",257193,,,,,,"Three Hundred Sixty Degrees LLC",,,,,,,0,,,,,,0,0,0,0,0,,,,,,0,0,0,0,0,GEN-H25B
28340975,"2026-01-16 02:49:45","2026-01-16 02:49:45",400F01,"United Kingdom","United Kingdom",G-EZBG,,,,,,Airbus,A319,"Airbus A319 111",2946,,,,,,easyJet,,,2006,,,,0,,,,,,0,0,0,0,0,,,,,,0,0,0,0,0,EZY
28339249,"2026-01-16 02:26:15","2026-01-16 02:26:15",A0CDE2,"United States","United States",N15097,,,,,,"Balloon Works",BALL,"Balloon Works Firefly 8-24 Hot Air Balloon",11192,,,,,,Private,,,1982,,,,0,,,,,,0,0,0,0,0,,,,,,0,0,0,0,0,GEN-BALL
28338530,"2026-01-16 02:16:30","2026-01-16 02:16:30",A94C46,"United States","United States",N699BH,,,,,,Bell,B06,"Bell 206B Jet Ranger III",4652,,,,,,"South Florida Water Managment District",,,2008,,,,0,,,,,,0,0,0,0,0,,,,,,0,0,0,0,0,GEN-B06
28338391,"2026-01-16 02:14:50","2026-01-16 02:14:50",718985,"South Korea","South Korea",HL1185,,,,,,Cessna,C172,"Cessna 172R Skyhawk",17280340,,,,,,Private,,,1998,,,,0,,,,,,0,0,0,0,0,,,,,,0,0,0,0,0,GEN-C172
28338306,"2026-01-16 02:13:15","2026-01-16 02:13:15",A86249,"United States","United States",N6395Y,,,,,,Piper,PA27,"Piper PA-23 Aztec 250C",27-3683,,,,,,Private,,,1967,,,,0,,,,,,0,0,0,0,0,,,,,,0,0,0,0,0,GEN-PA27
28337785,"2026-01-16 02:06:12","2026-01-16 02:06:12",3C5DA6,Germany,Germany,D-AGMF,,,,,,Bombardier,GLEX,"Bombardier Global Express",9043,,,,,,"FAI Rent-a-Jet AG",,,1999,,,,0,,,,,,0,0,0,0,0,,,,,,0,0,0,0,0,IFA
28337294,"2026-01-16 01:59:54","2026-01-16 01:59:54",C0398C,Canada,Canada,C-FVUP,,,,,,Bell,B407,"Bell 407 GX",54727,,,,,,"Bell Helicopter Textron Canada",,,2017,,,,0,,,,,,0,0,0,0,0,,,,,,0,0,0,0,0,GEN-B407
28336914,"2026-01-16 01:54:05","2026-01-16 01:54:05",A9413E,"United States","United States",N696CM,,,,,,Mitsubishi,MU2,"Mitsubishi MU-2 Marquise",1569SA,,,,,,Corporate,,,,,,,0,,,,,,0,0,0,0,0,,,,,,0,0,0,0,0,GEN-MU2
28336508,"2026-01-16 01:48:36","2026-01-16 01:48:36",A87B5A,"United States","United States",N64583,,,,,,Fairchild,FA24,"Fairchild F.24 C8",W40-2808,,,,,,Private,,,1936,,,,0,,,,,,0,0,0,0,0,,,,,,0,0,0,0,0,GEN-FA24
28336364,"2026-01-16 01:46:29","2026-01-16 01:46:29",C0A2BF,Canada,Canada,C-IJQK,,,,,,"Amateur Built",ULAC,"Amateur Built Sportmaster SD-2-B",0-192,,,,,,Private,,,,,,,0,,,,,,0,0,0,0,0,,,,,,0,0,0,0,0,GEN-ULAC
28336216,"2026-01-16 01:44:50","2026-01-16 01:44:50",3857CB,France,France,F-WKVK,,,,,,"Avions de Transport Regional",AT76,"Avions de Transport Regional ATR 72 600",1585,,,,,,"Avions de Transport Regional",,,2019,,,,0,,,,,,0,0,0,0,0,,,,,,0,0,0,0,0,GEN-AT76
28336028,"2026-01-16 01:41:46","2026-01-16 01:41:46",AD0619,"United States","United States",N93821,,,,,,ERCO,ERCO,"Ercoupe 415-C",1144,,,,,,Private,,,1946,,,,0,,,,,,0,0,0,0,0,,,,,,0,0,0,0,0,GEN-ERCO
28335596,"2026-01-16 01:33:52","2026-01-16 01:33:52",3DD2DE,Germany,Germany,D-HACK,,,,,,Agusta-Bell,B47J,"Agusta-Bell 47J-2A Ranger",2071,,,,,,Private,,,1964,,,,0,,,,,,0,0,0,0,0,,,,,,0,0,0,0,0,GEN-B47J
28334357,"2026-01-16 01:16:43","2026-01-16 01:16:43",145C9D,Russia,Russia,RA-23709,,,,,,Mil,MI2,"Mil Mi-2",5410635068,,,,,,Helix,,,,,,,0,,,,,,0,0,0,0,0,,,,,,0,0,0,0,0,GEN-MI2
28334103,"2026-01-16 01:12:48","2026-01-16 01:12:48",404224,"United Kingdom","United Kingdom",G-BYPL,,,,,,"Cyclone Airsports",ULAC,"Cyclone Airsports Pegasus Quantum 15",7558,,,,,,Private,,,1999,,,,0,,,,,,0,0,0,0,0,,,,,,0,0,0,0,0,GEN-ULAC
28332957,"2026-01-16 00:57:09","2026-01-16 00:57:09",A6A844,"United States","United States",N528SP,,,,,,Bell,B06,"Bell OH-58A Kiowa",41748,,,,,,Private,,,,,,,0,,,,,,0,0,0,0,0,,,,,,0,0,0,0,0,GEN-B06
28332880,"2026-01-16 00:56:13","2026-01-16 00:56:13",A92055,"United States","United States",N6875X,,,,,,Cessna,C172,"Cessna 172B Skyhawk",47775,,,,,,Private,,,1960,,,,0,,,,,,0,0,0,0,0,,,,,,0,0,0,0,0,GEN-C172
28332580,"2026-01-16 00:51:59","2026-01-16 00:51:59",A17DA9,"United States","United States",N1954G,,,,,,Vans,RV6,"Vans RV-6 A",23474,,,,,,Private,,,2001,,,,0,,,,,,0,0,0,0,0,,,,,,0,0,0,0,0,GEN-RV6
28331839,"2026-01-16 00:41:56","2026-01-16 00:41:56",ADCB3D,"United States","United States",N9880J,,,,,,Cessna,C150,"Cessna A150M Aerobat",A1500689,,,,,,Private,,,1976,,,,0,,,,,,0,0,0,0,0,,,,,,0,0,0,0,0,GEN-C150
28331382,"2026-01-16 00:36:06","2026-01-16 00:36:06",A5E1AE,"United States","United States",N47832,,,,,,Interstate,S1,"Interstate L-6A Grasshopper S-1B1",31,,,,,,Private,,,1943,,,,0,,,,,,0,0,0,0,0,,,,,,0,0,0,0,0,GEN-S1
28331033,"2026-01-16 00:31:18","2026-01-16 00:31:18",7335E6,Iran,Iran,EP-MOF,,,,,,BAe,B463,"BAe 146 300",E3149,,,,,,"Mahan Air",,,1989,,,,0,,,,,,0,0,0,0,0,,,,,,0,0,0,0,0,GEN-B463
28330653,"2026-01-16 00:25:33","2026-01-16 00:25:33",0AE002,"Costa Rica","Costa Rica",N936TA,,,,,,Embraer,E190,"Embraer EMB-190 AR",19000215,,,,,,"Avianca Central America",,,2008,,,,0,,,,,,0,0,0,0,0,,,,,,0,0,0,0,0,GEN-E190
28330410,"2026-01-16 00:22:14","2026-01-16 00:22:14",A18AA0,"United States","United States",N199LM,,,,,,Eurocopter,EC35,"Eurocopter EC135 T2+",0661,,,,,,Private,,,,,,,0,,,,,,0,0,0,0,0,,,,,,0,0,0,0,0,GEN-EC35
28330149,"2026-01-16 00:19:09","2026-01-16 00:19:09",71BF11,"South Korea","South Korea",HL7711,,,,,,Airbus,A321,"Airbus A321 231",1636,,,,,,"Air Busan",,,2001,,,,0,,,,,,0,0,0,0,0,,,,,,0,0,0,0,0,ABL
28330038,"2026-01-16 00:17:36","2026-01-16 00:17:36",A67784,"United States","United States",N5158T,,,,,,Champion,CH7B,"Champion Citabria 7GCBC",24,,,,,,Private,,,1966,,,,0,,,,,,0,0,0,0,0,,,,,,0,0,0,0,0,GEN-CH7B
28329903,"2026-01-16 00:16:01","2026-01-16 00:16:01",AD804E,"United States","United States",N96922,,,,,,Taylorcraft,TAYB,"Taylorcraft BF",9222,,,,,,Private,,,1946,,,,0,,,,,,0,0,0,0,0,,,,,,0,0,0,0,0,GEN-TAYB
28329683,"2026-01-16 00:13:14","2026-01-16 00:13:14",3D0CC0,Germany,Germany,D-EDBS,,,,,,Beech,BE33,"Beech Bonanza F33A",CE-1615,,,,,,Private,,,1991,,,,0,,,,,,0,0,0,0,0,,,,,,0,0,0,0,0,GEN-BE33
28329408,"2026-01-16 00:09:15","2026-01-16 00:09:15",A5838B,"United States","United States",N4541Z,,,,,,Piper,PA22,"Piper PA-22 108 Colt",22-8046,,,,,,Private,,,1961,,,,0,,,,,,0,0,0,0,0,,,,,,0,0,0,0,0,GEN-PA22
28329025,"2026-01-16 00:04:03","2026-01-16 00:04:03",A98D90,"United States","United States",N7142J,,,,,,"Textron Aviation",C172,"Textron Aviation 172S Skyhawk SP",172S11710,,,,,,Private,,,,,,,0,,,,,,0,0,0,0,0,,,,,,0,0,0,0,0,GEN-C172
