AircraftID,FirstCreated,LastModified,ModeS,ModeSCountry,Country,Registration,CurrentRegDate,PreviousID,FirstRegDate,Status,DeRegDate,Manufacturer,ICAOTypeCode,Type,SerialNo,PopularName,GenericName,AircraftClass,Engines,OwnershipStatus,RegisteredOwners,MTOW,TotalHours,YearBuilt,CofACategory,CofAExpiry,UserNotes,Interested,UserTag,InfoURL,PictureURL1,PictureURL2,PictureURL3,UserBool1,UserBool2,UserBool3,UserBool4,UserBool5,UserString1,UserString2,UserString3,UserString4,UserString5,UserInt1,UserInt2,UserInt3,UserInt4,UserInt5,OperatorFlagCode
31429740,"2026-02-10 23:59:28","2026-02-10 23:59:28",A64BB6,"United States","United States",N5044F,,,,,,"Raytheon Aircraft",BE36,"Raytheon Aircraft Bonanza G36",E-4044,,,,,,Private,,,2014,,,,0,,,,,,0,0,0,0,0,,,,,,0,0,0,0,0,GEN-BE36
31429516,"2026-02-10 23:56:30","2026-02-10 23:56:30",7C333D,Australia,Australia,VH-KEN,,,,,,"Cirrus Design",SR22,"Cirrus Design SR22",1017,,,,,,Private,,,2004,,,,0,,,,,,0,0,0,0,0,,,,,,0,0,0,0,0,GEN-SR22
31429326,"2026-02-10 23:54:00","2026-02-10 23:54:00",C80812,"New Zealand","New Zealand",ZK-GGS,,,,,,Schleicher,GLID,"Schleicher ASK 13",13273,,,,,,Private,,,,,,,0,,,,,,0,0,0,0,0,,,,,,0,0,0,0,0,GEN-GLID
31427864,"2026-02-10 23:34:55","2026-02-10 23:34:55",3D29DA,Germany,Germany,D-EOCG,,,,,,Reims/Cessna,C150,"Reims/Cessna F150M",1279,,,,,,Private,,,1976,,,,0,,,,,,0,0,0,0,0,,,,,,0,0,0,0,0,GEN-C150
31427510,"2026-02-10 23:29:55","2026-02-10 23:29:55",AB9716,"United States","United States",N846KT,,,,,,"Textron Aviation",C172,"Textron Aviation 172S Skyhawk SP",172S12205,,,,,,Private,,,2018,,,,0,,,,,,0,0,0,0,0,,,,,,0,0,0,0,0,GEN-C172
31427447,"2026-02-10 23:29:11","2026-02-10 23:29:11",14ACE6,Russia,Russia,RA-44262,,,,,,Yakovlev,Y18T,"Yakovlev Yak-18T",22202021611,,,,,,Private,,,,,,,0,,,,,,0,0,0,0,0,,,,,,0,0,0,0,0,GEN-Y18T
31427145,"2026-02-10 23:25:24","2026-02-10 23:25:24",ACCBD2,"United States","United States",N9231H,,,,,,Cessna,C172,"Cessna 172M Skyhawk",17266029,,,,,,Private,,,1975,,,,0,,,,,,0,0,0,0,0,,,,,,0,0,0,0,0,GEN-C172
31427068,"2026-02-10 23:24:28","2026-02-10 23:24:28",A1EF2C,"United States","United States",N22349,,,,,,Aeronca,AR65,"Aeronca Chief 65-LA",L-3479,,,,,,Private,,,1939,,,,0,,,,,,0,0,0,0,0,,,,,,0,0,0,0,0,GEN-AR65
31427022,"2026-02-10 23:23:49","2026-02-10 23:23:49",0DE40F,Venezuela,Venezuela,91-0351,,,,,,"General Dynamics",F16,"General Dynamics F-16CJ Fighting Falcon",CC-49,,,,,,"United States Air Force",,,,,,,0,,,,,,1,0,0,0,0,,,,,,0,0,0,0,0,
31426457,"2026-02-10 23:16:19","2026-02-10 23:16:19",A3AADE,"United States","United States",N3351A,,,,,,Piper,PA18,"Piper PA-18 Super Cub",18-2982,,,,,,Private,,,1953,,,,0,,,,,,0,0,0,0,0,,,,,,0,0,0,0,0,GEN-PA18
31426364,"2026-02-10 23:15:12","2026-02-10 23:15:12",A3632A,"United States","United States",N3170,,,,,,Hiller,UH12,"Hiller OH-23C Raven",799,,,,,,Private,,,,,,,0,,,,,,0,0,0,0,0,,,,,,0,0,0,0,0,GEN-UH12
31426099,"2026-02-10 23:11:53","2026-02-10 23:11:53",AE1071,"United States","United States",89-00141,,,,,,Boeing-Vertol,H47,"Boeing-Vertol CH-47D Chinook",M.3295,,,,,,"United States Army",,,,,,,0,,,,,,1,0,0,0,0,,,,,,0,0,0,0,0,
31424572,"2026-02-10 22:51:06","2026-02-10 22:51:06",A70D49,"United States","United States",N55322,,,,,,Piper,PA34,"Piper PA-34 200 Seneca",34-7350201,,,,,,Private,,,1973,,,,0,,,,,,0,0,0,0,0,,,,,,0,0,0,0,0,GEN-PA34
31424161,"2026-02-10 22:45:56","2026-02-10 22:45:56",A89EE4,"United States","United States",N6547A,,,,,,Cessna,C180,"Cessna 180",32444,,,,,,Private,,,1956,,,,0,,,,,,0,0,0,0,0,,,,,,0,0,0,0,0,GEN-C180
31423290,"2026-02-10 22:34:13","2026-02-10 22:34:13",A3DE1C,"United States","United States",N3485Q,,,,,,Cessna,C320,"Cessna 320E Executive Skynight",320E0085,,,,,,Private,,,1967,,,,0,,,,,,0,0,0,0,0,,,,,,0,0,0,0,0,GEN-C320
31422352,"2026-02-10 22:22:17","2026-02-10 22:22:17",4000BB,"United Kingdom","United Kingdom",VP-BHM,,,,,,Douglas,DC86,"Douglas DC-8 62",46111,,,,,,Brisair,,,1969,,,,0,,,,,,0,0,0,0,0,,,,,,0,0,0,0,0,GEN-DC86
31421446,"2026-02-10 22:10:45","2026-02-10 22:10:45",A6B872,"United States","United States",N532GA,,,,,,"Gulfstream Aerospace",GLF5,"Gulfstream Aerospace G550",5532,,,,,,"Gulfstream Aerospace Corp",,,2014,,,,0,,,,,,0,0,0,0,0,,,,,,0,0,0,0,0,GEN-GLF5
31421317,"2026-02-10 22:09:12","2026-02-10 22:09:12",AD96B9,"United States","United States",N975FD,,,,,,Boeing,B752,"Boeing 757 2B7SF",27146,,,,,,"FedEx Express",,,1993,,,,0,,,,,,0,0,0,0,0,,,,,,0,0,0,0,0,FDX
31420966,"2026-02-10 22:04:52","2026-02-10 22:04:52",A99030,"United States","United States",N715S,,,,,,ZSLS-Wroclaw,GLID,"ZSLS-Wroclaw SZD-24-4A Foka 4A",W-295,,,,,,Private,,,1966,,,,0,,,,,,0,0,0,0,0,,,,,,0,0,0,0,0,GEN-GLID
31420483,"2026-02-10 21:59:18","2026-02-10 21:59:18",ACD3B0,"United States","United States",N9254Q,,,,,,Piper,P32R,"Piper PA-32R 301 Saratoga SP",3246001,,,,,,Private,,,,,,,0,,,,,,0,0,0,0,0,,,,,,0,0,0,0,0,GEN-P32R
31419643,"2026-02-10 21:48:37","2026-02-10 21:48:37",A1AF5B,"United States","United States",N2077K,,,,,,Luscombe,L8,"Luscombe Silvaire 8A",4804,,,,,,Private,,,1947,,,,0,,,,,,0,0,0,0,0,,,,,,0,0,0,0,0,GEN-L8
31418702,"2026-02-10 21:36:50","2026-02-10 21:36:50",AB6F6F,"United States","United States",N836JC,,,,,,Vans,RV8,"Vans RV-8",81012,,,,,,Private,,,2002,,,,0,,,,,,0,0,0,0,0,,,,,,0,0,0,0,0,GEN-RV8
31418287,"2026-02-10 21:32:02","2026-02-10 21:32:02",A4AEC0,"United States","United States",N400XT,,,,,,"Raytheon Aircraft Company",BE40,"Raytheon Aircraft Company 400 A",RK-137,,,,,,"JPS Aero LLC",,,,,,,0,,,,,,0,0,0,0,0,,,,,,0,0,0,0,0,GEN-BE40
31417728,"2026-02-10 21:25:16","2026-02-10 21:25:16",A5D465,"United States","United States",N475HJ,,,,,,"Honda Aircraft Company",HDJT,"Honda Aircraft Company Honda Jet HA-420",42000109,,,,,,"Jackson Executive Transport LLC",,,2018,,,,0,,,,,,0,0,0,0,0,,,,,,0,0,0,0,0,GEN-HDJT
31417682,"2026-02-10 21:24:43","2026-02-10 21:24:43",3A2127,"French Overseas","French Overseas",F-OIJH,,,,,,"Avions de Transport Regional",AT75,"Avions de Transport Regional ATR 72 500",682,,,,,,"Air Caraibes",,,2003,,,,0,,,,,,0,0,0,0,0,,,,,,0,0,0,0,0,FWI
31416496,"2026-02-10 21:10:21","2026-02-10 21:10:21",A7C286,"United States","United States",N59994,,,,,,Boeing,ST75,"Boeing Stearman A75J1 PT-18 Kaydet",75-557,,,,,,Private,,,1940,,,,0,,,,,,0,0,0,0,0,,,,,,0,0,0,0,0,GEN-ST75
31415875,"2026-02-10 21:02:55","2026-02-10 21:02:55",E17342,Argentina,Argentina,LV-WMB,,,,,,Robinson,R44,"Robinson R44 Astro",0146,,,,,,Private,,,1995,,,,0,,,,,,0,0,0,0,0,,,,,,0,0,0,0,0,GEN-R44
31415857,"2026-02-10 21:02:42","2026-02-10 21:02:42",448DD6,Belgium,Belgium,OO-CNV,,,,,,Cessna,C210,"Cessna 210N Centurion",21063810,,,,,,Private,,,1979,,,,0,,,,,,0,0,0,0,0,,,,,,0,0,0,0,0,GEN-C210
31415506,"2026-02-10 20:58:14","2026-02-10 20:58:14",70C049,Oman,Oman,A4O-BO,,,,,,Boeing,B737,"Boeing 737NG 71M",33103,,,,,,"MIAT Mongolian Airlines",,,2002,,,,0,,,,,,0,0,0,0,0,,,,,,0,0,0,0,0,MGL
31414878,"2026-02-10 20:51:00","2026-02-10 20:51:00",ADD8DC,"United States","United States",N9911G,,,,,,Cessna,C150,"Cessna A150L Aerobat",A1500462,,,,,,Private,,,1973,,,,0,,,,,,0,0,0,0,0,,,,,,0,0,0,0,0,GEN-C150
31414241,"2026-02-10 20:44:02","2026-02-10 20:44:02",AE134F,"United States","United States",161881,,,,,,Grumman,A6,"Grumman EA-6B Prowler",P-104,,,,,,"United States Marine Corps",,,,,,,0,,,,,,1,0,0,0,0,,,,,,0,0,0,0,0,
31413987,"2026-02-10 20:41:09","2026-02-10 20:41:09",A1275C,"United States","United States",N1735C,,,,,,Cessna,C172,"Cessna 172S Skyhawk SP",172S10646,,,,,,Private,,,2007,,,,0,,,,,,0,0,0,0,0,,,,,,0,0,0,0,0,GEN-C172
31413775,"2026-02-10 20:38:44","2026-02-10 20:38:44",A3682E,"United States","United States",N3189T,,,,,,"Textron Aviation",C172,"Textron Aviation 172S Skyhawk SP",172S12326,,,,,,Private,,,2019,,,,0,,,,,,0,0,0,0,0,,,,,,0,0,0,0,0,GEN-C172
31413375,"2026-02-10 20:34:21","2026-02-10 20:34:21",A15D92,"United States","United States",N1874A,,,,,,Piper,PA18,"Piper PA-18 A Super Cub",18-1706,,,,,,Private,,,,,,,0,,,,,,0,0,0,0,0,,,,,,0,0,0,0,0,GEN-PA18
31413221,"2026-02-10 20:32:39","2026-02-10 20:32:39",AC794D,"United States","United States",N9022W,,,,,,Piper,P28B,"Piper PA-28 235 Cherokee",28-10607,,,,,,Private,,,1965,,,,0,,,,,,0,0,0,0,0,,,,,,0,0,0,0,0,GEN-P28B
31411275,"2026-02-10 20:09:20","2026-02-10 20:09:20",A2DDCD,"United States","United States",N284KW,,,,,,Boeing,B744,"Boeing 747 444",28468,,,,,,"Transaero Airlines",,,1998,,,,0,,,,,,0,0,0,0,0,,,,,,0,0,0,0,0,TSO
31410835,"2026-02-10 20:03:25","2026-02-10 20:03:25",C002BB,Canada,Canada,C-FBAW,,,,,,HAPI,SF2,"HAPI Cygnet SF-2A",330,,,,,,Private,,,,,,,0,,,,,,0,0,0,0,0,,,,,,0,0,0,0,0,GEN-SF2
31409417,"2026-02-10 19:47:00","2026-02-10 19:47:00",AA4D86,"United States","United States",N763JS,,,,,,Morane-Saulnier,MS76,"Morane-Saulnier MS.760 Paris",92,,,,,,"MS 760 Sales Corp",,,,,,,0,,,,,,0,0,0,0,0,,,,,,0,0,0,0,0,GEN-MS76
31409397,"2026-02-10 19:46:55","2026-02-10 19:46:55",A60180,"United States","United States",N48619,,,,,,Aeronca,AR6T,"Aeronca O-58B (L-3B) Grasshopper",O58B-4292,,,,,,Private,,,1943,,,,0,,,,,,0,0,0,0,0,,,,,,0,0,0,0,0,GEN-AR6T
31409059,"2026-02-10 19:42:42","2026-02-10 19:42:42",008190,"South Africa","South Africa",ZS-AOT,,,,,,"Raytheon Aircraft Company",H25B,"Raytheon Aircraft Company 125 800XP",258670,,,,,,"National Airways Corp",,,2004,,,,0,,,,,,0,0,0,0,0,,,,,,0,0,0,0,0,GEN-H25B
31409034,"2026-02-10 19:42:25","2026-02-10 19:42:25",A4FEA7,"United States","United States",N4205A,,,,,,Kolb,ULAC,"Kolb Twinstar Mk.III",M3-162,,,,,,Private,,,,,,,0,,,,,,0,0,0,0,0,,,,,,0,0,0,0,0,GEN-ULAC
31408536,"2026-02-10 19:36:01","2026-02-10 19:36:01",ADAD09,"United States","United States",N980VK,,,,,,"Viking Air",DHC6,"Viking Air DHC-6 Twin Otter 400",980,,,,,,"Viking Air",,,2018,,,,0,,,,,,0,0,0,0,0,,,,,,0,0,0,0,0,GEN-DHC6
31408345,"2026-02-10 19:33:39","2026-02-10 19:33:39",A82BE2,"United States","United States",N6255L,,,,,,"American Aviation",AA1,"American Aviation AA-1 Yankee",AA1-0455,,,,,,Private,,,,,,,0,,,,,,0,0,0,0,0,,,,,,0,0,0,0,0,GEN-AA1
31407571,"2026-02-10 19:24:58","2026-02-10 19:24:58",AB3ABD,"United States","United States",N82203,,,,,,Aeronca,CH7A,"Aeronca Champion 7AC",7AC-831,,,,,,Private,,,1946,,,,0,,,,,,0,0,0,0,0,,,,,,0,0,0,0,0,GEN-CH7A
31406472,"2026-02-10 19:12:04","2026-02-10 19:12:04",A7BCA1,"United States","United States",N598RL,,,,,,Bell,B06,"Bell 206L Long Ranger",45598,,,,,,Private,,,,,,,0,,,,,,0,0,0,0,0,,,,,,0,0,0,0,0,GEN-B06
31405499,"2026-02-10 19:00:25","2026-02-10 19:00:25",A18ADD,"United States","United States",N199NY,,,,,,Beech,BE20,"Beech C-12D-1 Huron",BP-37,,,,,,"Burlington Technical Centre",,,,,,,0,,,,,,0,0,0,0,0,,,,,,0,0,0,0,0,GEN-BE20
31404775,"2026-02-10 18:51:39","2026-02-10 18:51:39",ACAC36,"United States","United States",N9154V,,,,,,Mooney,M20P,"Mooney M.20F Executive 21",690039,,,,,,Private,,,,,,,0,,,,,,0,0,0,0,0,,,,,,0,0,0,0,0,GEN-M20P
31404570,"2026-02-10 18:49:19","2026-02-10 18:49:19",44D038,Belgium,Belgium,OO-TAX,,,,,,Piper,P32R,"Piper PA-32R 301T Turbo Saratoga SP",32R-8029109,,,,,,Private,,,1980,,,,0,,,,,,0,0,0,0,0,,,,,,0,0,0,0,0,GEN-P32R
31404147,"2026-02-10 18:44:16","2026-02-10 18:44:16",00925F,"South Africa","South Africa",ZS-GYG,,,,,,Schleicher,GLID,"Schleicher K 7 Rhonadler",1097,,,,,,Private,,,1961,,,,0,,,,,,0,0,0,0,0,,,,,,0,0,0,0,0,GEN-GLID
31404141,"2026-02-10 18:44:10","2026-02-10 18:44:10",AE0FA8,"United States","United States",87-00105,,,,,,Boeing-Vertol,H47,"Boeing-Vertol CH-47D Chinook",M.3224,,,,,,"United States Army",,,,,,,0,,,,,,1,0,0,0,0,,,,,,0,0,0,0,0,
31403996,"2026-02-10 18:42:14","2026-02-10 18:42:14",AA3E20,"United States","United States",N7592K,,,,,,Piper,PA18,"Piper PA-18 Super Cub",18-309,,,,,,Private,,,1950,,,,0,,,,,,0,0,0,0,0,,,,,,0,0,0,0,0,GEN-PA18
31401975,"2026-02-10 18:18:35","2026-02-10 18:18:35",A7F58C,"United States","United States",N6115R,,,,,,Cessna,C210,"Cessna T210F Turbo-System Centurion",T210-0015,,,,,,Private,,,1965,,,,0,,,,,,0,0,0,0,0,,,,,,0,0,0,0,0,GEN-C210
31401903,"2026-02-10 18:17:58","2026-02-10 18:17:58",A433F2,"United States","United States",N370BP,,,,,,"Quad City",ULAC,"Quad City Challenger II LSS",CH2-0907-LSS-0136,,,,,,Private,,,2009,,,,0,,,,,,0,0,0,0,0,,,,,,0,0,0,0,0,GEN-ULAC
31401382,"2026-02-10 18:11:49","2026-02-10 18:11:49",A90E54,"United States","United States",N68293,,,,,,Cessna,C152,"Cessna 152",15285323,,,,,,Private,,,1981,,,,0,,,,,,0,0,0,0,0,,,,,,0,0,0,0,0,GEN-C152
31400985,"2026-02-10 18:07:12","2026-02-10 18:07:12",A30BAE,"United States","United States",N2959P,,,,,,Piper,PA22,"Piper PA-22 150 Tri-Pacer",22-3232,,,,,,Private,,,,,,,0,,,,,,0,0,0,0,0,,,,,,0,0,0,0,0,GEN-PA22
31400946,"2026-02-10 18:07:00","2026-02-10 18:07:00",A506A9,"United States","United States",N4229J,,,,,,Piper,P28A,"Piper PA-28 140 Cherokee",28-22578,,,,,,Private,,,1966,,,,0,,,,,,0,0,0,0,0,,,,,,0,0,0,0,0,GEN-P28A
31400509,"2026-02-10 18:01:48","2026-02-10 18:01:48",A7B3B6,"United States","United States",N596AE,,,,,,Eurocopter,EC45,"Eurocopter EC145 C-2",9622,,,,,,Private,,,2013,,,,0,,,,,,0,0,0,0,0,,,,,,0,0,0,0,0,GEN-EC45
31400105,"2026-02-10 17:57:05","2026-02-10 17:57:05",3DD4B4,Germany,Germany,D-HAUM,,,,,,Aerospatiale,AS50,"Aerospatiale Squirrel AS.350 B",1359,,,,,,Private,,,,,,,0,,,,,,0,0,0,0,0,,,,,,0,0,0,0,0,GEN-AS50
31400099,"2026-02-10 17:56:58","2026-02-10 17:56:58",AC9D28,"United States","United States",N9113E,,,,,,Aeronca,AR11,"Aeronca Chief 11AC",11AC-746,,,,,,Private,,,1946,,,,0,,,,,,0,0,0,0,0,,,,,,0,0,0,0,0,GEN-AR11
31399810,"2026-02-10 17:53:42","2026-02-10 17:53:42",3EE5AD,Germany,Germany,D-1302,,,,,,Bolkow,GLID,"Bolkow Phoebus C",825,,,,,,Private,,,1968,,,,0,,,,,,0,0,0,0,0,,,,,,0,0,0,0,0,GEN-GLID
31399631,"2026-02-10 17:51:34","2026-02-10 17:51:34",AB344A,"United States","United States",N82079,,,,,,Douglas,A4,"Douglas A-4Q Skyhawk",12235,,,,,,"Aircraft Charter Services",,,,,,,0,,,,,,0,0,0,0,0,,,,,,0,0,0,0,0,GEN-A4
31397914,"2026-02-10 17:32:11","2026-02-10 17:32:11",7C6798,Australia,Australia,VH-UQY,,,,,,Fokker,F100,"Fokker F100",11404,,,,,,"Alliance Airlines",,,1992,,,,0,,,,,,0,0,0,0,0,,,,,,0,0,0,0,0,UTY
31397874,"2026-02-10 17:31:40","2026-02-10 17:31:40",A52A89,"United States","United States",N43198,,,,,,Taylorcraft,TAYB,"Taylorcraft BF",6857,,,,,,Private,,,1946,,,,0,,,,,,0,0,0,0,0,,,,,,0,0,0,0,0,GEN-TAYB
31397170,"2026-02-10 17:23:34","2026-02-10 17:23:34",A278B7,"United States","United States",N2588S,,,,,,Cessna,C337,"Cessna 337C Super Skymaster",33700888,,,,,,Private,,,1968,,,,0,,,,,,0,0,0,0,0,,,,,,0,0,0,0,0,GEN-C337
31397061,"2026-02-10 17:22:28","2026-02-10 17:22:28",A16A1F,"United States","United States",N190W,,,,,,Cessna,C190,"Cessna 190",7537,,,,,,Private,,,1950,,,,0,,,,,,0,0,0,0,0,,,,,,0,0,0,0,0,GEN-C190
31396958,"2026-02-10 17:21:13","2026-02-10 17:21:13",E48B43,Brazil,Brazil,TT-3108,,,,,,Embraer,E314,"Embraer EMB.314 Super Tucano",31400184,,,,,,"Indonesian Air Force",,,,,,,0,,,,,,1,0,0,0,0,,,,,,0,0,0,0,0,
31396951,"2026-02-10 17:21:08","2026-02-10 17:21:08",C04F86,Canada,Canada,C-GECZ,,,,,,Bell,B407,"Bell 407 GX",54817,,,,,,"Bell Helicopter Textron Canada",,,2018,,,,0,,,,,,0,0,0,0,0,,,,,,0,0,0,0,0,GEN-B407
509766,"2023-05-23 01:48:05","2026-02-10 17:20:45",344043,Spain,Spain,"",,,,"",,"",ZANT,"","",,,,,,"",,,,,,"",0,,,,,,0,0,0,0,0,Missing,,,"","",0,0,0,0,0,ZANT
31395956,"2026-02-10 17:10:24","2026-02-10 17:10:24",A29A22,"United States","United States",N267MS,,,,,,Bell,B412,"Bell 412 EP",36340,,,,,,Private,,,,,,,0,,,,,,0,0,0,0,0,,,,,,0,0,0,0,0,GEN-B412
31394764,"2026-02-10 16:57:35","2026-02-10 16:57:35",A7A152,"United States","United States",N591CB,,,,,,Bell,B407,"Bell 407 GX",54637,,,,,,"Bell Helicopter Textron Inc",,,2015,,,,0,,,,,,0,0,0,0,0,,,,,,0,0,0,0,0,GEN-B407
31394491,"2026-02-10 16:54:12","2026-02-10 16:54:12",A6F8F8,"United States","United States",N5487G,,,,,,Cessna,C421,"Cessna 421C Golden Eagle",421C0234,,,,,,Private,,,,,,,0,,,,,,0,0,0,0,0,,,,,,0,0,0,0,0,GEN-C421
31393498,"2026-02-10 16:42:45","2026-02-10 16:42:45",43EC0A,Guernsey,Guernsey,2-YALA,,,,,,Bombardier,CRJ2,"Bombardier CRJ 200LR",7486,,,,,,"Constel Aviation Services",,,,,,,0,,,,,,0,0,0,0,0,,,,,,0,0,0,0,0,GEN-CRJ2
31393417,"2026-02-10 16:41:39","2026-02-10 16:41:39",A64C99,"United States","United States",N505AX,,,,,,Bell,B505,"Bell 505 Jet Ranger X",65120,,,,,,"Omni American Inc",,,2018,,,,0,,,,,,0,0,0,0,0,,,,,,0,0,0,0,0,GEN-B505
31393358,"2026-02-10 16:41:01","2026-02-10 16:41:01",AE02F4,"United States","United States",86-0411,,,,,,Lockheed,C130,"Lockheed GC-130H Hercules",5097,,,,,,"United States Air Force",,,,,,,0,,,,,,1,0,0,0,0,,,,,,0,0,0,0,0,RCH
31392323,"2026-02-10 16:29:19","2026-02-10 16:29:19",4BEAC1,Turkey,Turkey,TC-ZVA,,,,,,Rockwell,SS2P,"Rockwell Thrush Commander S2R-600",1899R,,,,,,Private,,,1974,,,,0,,,,,,0,0,0,0,0,,,,,,0,0,0,0,0,GEN-SS2P
31392110,"2026-02-10 16:26:56","2026-02-10 16:26:56",A18FD9,"United States","United States",N20BX,,,,,,SOCATA,TOBA,"SOCATA TB10 Tobago",496,,,,,,Private,,,1986,,,,0,,,,,,0,0,0,0,0,,,,,,0,0,0,0,0,GEN-TOBA
31391746,"2026-02-10 16:22:44","2026-02-10 16:22:44",A70213,"United States","United States",N5502K,,,,,,Briegleb,GLID,"Briegleb BG-12 B",110,,,,,,Private,,,1967,,,,0,,,,,,0,0,0,0,0,,,,,,0,0,0,0,0,GEN-GLID
31391547,"2026-02-10 16:19:57","2026-02-10 16:19:57",A1F326,"United States","United States",N22466,,,,,,Curtiss-Wright,TVL4,"Curtiss-Wright Travel Air 4000 E",1307,,,,,,Private,,,1929,,,,0,,,,,,0,0,0,0,0,,,,,,0,0,0,0,0,GEN-TVL4
31391011,"2026-02-10 16:13:41","2026-02-10 16:13:41",382221,France,France,F-BIRB,,,,,,Scintex,CP30,"Scintex Emeraude CP.301A",502,,,,,,Private,,,,,,,0,,,,,,0,0,0,0,0,,,,,,0,0,0,0,0,GEN-CP30
31390868,"2026-02-10 16:11:59","2026-02-10 16:11:59",4065E8,"United Kingdom","United Kingdom",G-CGXG,,,,,,Yakovlev,YAK3,"Yakovlev Yak-3 UA",0470107,,,,,,Private,,,,,,,0,,,,,,0,0,0,0,0,,,,,,0,0,0,0,0,GEN-YAK3
31390829,"2026-02-10 16:11:30","2026-02-10 16:11:30",A6E67E,"United States","United States",N54377,,,,,,Ryan,PT22,"Ryan Recruit ST3-KR",1266,,,,,,Private,,,1941,,,,0,,,,,,0,0,0,0,0,,,,,,0,0,0,0,0,GEN-PT22
31390598,"2026-02-10 16:08:31","2026-02-10 16:08:31",33FF91,Italy,Italy,MM7191,,,,,,Aeritalia,AMX,"Aeritalia AMX ACOL",IX103,,,,,,"Italian Air Force",,,,,,,0,,,,,,1,0,0,0,0,,,,,,0,0,0,0,0,
31390180,"2026-02-10 16:03:45","2026-02-10 16:03:45",A8D7E7,"United States","United States",N669Z,,,,,,"Amateur Built",ZZZZ,"Amateur Built Zito ZM1A",ZMI-1000-A,,,,,,Private,,,1993,,,,0,,,,,,0,0,0,0,0,,,,,,0,0,0,0,0,GEN-ZZZZ
31389102,"2026-02-10 15:51:13","2026-02-10 15:51:13",424052,Bermuda,Bermuda,VP-BQW,,,,,,Airbus,A320,"Airbus A320 214",2947,,,,,,"Ural Airlines",,,2006,,,,0,,,,,,0,0,0,0,0,,,,,,0,0,0,0,0,SVR
31388800,"2026-02-10 15:47:56","2026-02-10 15:47:56",AB06DD,"United States","United States",N80988,,,,,,Cessna,C210,"Cessna 210A",21057647,,,,,,Private,,,1960,,,,0,,,,,,0,0,0,0,0,,,,,,0,0,0,0,0,GEN-C210
31388498,"2026-02-10 15:44:29","2026-02-10 15:44:29",4029E4,"United Kingdom","United Kingdom",G-MTPF,,,,,,"Solar Wings",ULAC,"Solar Wings Pegasus XL-R",SW-WA-1261,,,,,,Private,,,1987,,,,0,,,,,,0,0,0,0,0,,,,,,0,0,0,0,0,GEN-ULAC
31388053,"2026-02-10 15:39:07","2026-02-10 15:39:07",A84124,"United States","United States",N63072,,,,,,Cessna,C150,"Cessna 150M",15077080,,,,,,Private,,,1975,,,,0,,,,,,0,0,0,0,0,,,,,,0,0,0,0,0,GEN-C150
31387012,"2026-02-10 15:27:40","2026-02-10 15:27:40",44E48E,Belgium,Belgium,OO-YDN,,,,,,Schleicher,GLID,"Schleicher ASK 13",13197,,,,,,Private,,,1969,,,,0,,,,,,0,0,0,0,0,,,,,,0,0,0,0,0,GEN-GLID
31386748,"2026-02-10 15:24:31","2026-02-10 15:24:31",A999B9,"United States","United States",N7179Z,,,,,,"Raven Aerostar",BALL,"Raven Aerostar S-66A Hot Air Balloon",S66A-3060,,,,,,Private,,,1996,,,,0,,,,,,0,0,0,0,0,,,,,,0,0,0,0,0,GEN-BALL
31386733,"2026-02-10 15:24:19","2026-02-10 15:24:19",A6F0EC,"United States","United States",N5462Z,,,,,,"Aero Commander",AC56,"Aero Commander Twin Commander 560",560-211,,,,,,Private,,,,,,,0,,,,,,0,0,0,0,0,,,,,,0,0,0,0,0,GEN-AC56
31385979,"2026-02-10 15:15:43","2026-02-10 15:15:43",A94FAE,"United States","United States",N69980,,,,,,Cessna,C310,"Cessna 310Q",310Q-1053,,,,,,Private,,,1974,,,,0,,,,,,0,0,0,0,0,,,,,,0,0,0,0,0,GEN-C310
31385806,"2026-02-10 15:14:00","2026-02-10 15:14:00",43C1D2,"United Kingdom","United Kingdom",ZD707,,,,,,Panavia,TOR,"Panavia Tornado GR.4",BS111,,,,,,"Royal Air Force",,,1983,,,,0,,,,,,1,0,0,0,0,,,,,,0,0,0,0,0,
31384642,"2026-02-10 15:00:34","2026-02-10 15:00:34",3D0B6C,Germany,Germany,D-ECOQ,,,,,,Cessna,C172,"Cessna 172N Skyhawk",17269173,,,,,,Private,,,1977,,,,0,,,,,,0,0,0,0,0,,,,,,0,0,0,0,0,GEN-C172
31383566,"2026-02-10 14:48:43","2026-02-10 14:48:43",403DB7,"United Kingdom","United Kingdom",G-FABA,,,,,,Piper,PA31,"Piper PA-31 350 Navajo Chieftain",31-7652175,,,,,,Private,,,1976,,,,0,,,,,,0,0,0,0,0,,,,,,0,0,0,0,0,GEN-PA31
31383402,"2026-02-10 14:46:59","2026-02-10 14:46:59",A82B78,"United States","United States",N6252K,,,,,,Cessna,C150,"Cessna 150M",15077609,,,,,,Private,,,,,,,0,,,,,,0,0,0,0,0,,,,,,0,0,0,0,0,GEN-C150
31379859,"2026-02-10 14:06:21","2026-02-10 14:06:21",A62C37,"United States","United States",N497XS,,,,,,Aeronca,CH7A,"Aeronca Champion 7DC (Conv)",7DC-6291,,,,,,Private,,,1946,,,,0,,,,,,0,0,0,0,0,,,,,,0,0,0,0,0,GEN-CH7A
31379133,"2026-02-10 13:58:01","2026-02-10 13:58:01",A8BAA9,"United States","United States",N66122,,,,,,Cessna,C150,"Cessna 150M",15075852,,,,,,Private,,,,,,,0,,,,,,0,0,0,0,0,,,,,,0,0,0,0,0,GEN-C150
31378977,"2026-02-10 13:55:55","2026-02-10 13:55:55",AD29E6,"United States","United States",N94726,,,,,,"Quad City",ULAC,"Quad City Challenger II",CH2-0787-0262,,,,,,Private,,,1988,,,,0,,,,,,0,0,0,0,0,,,,,,0,0,0,0,0,GEN-ULAC
31377327,"2026-02-10 13:36:47","2026-02-10 13:36:47",A2337B,"United States","United States",N2408M,,,,,,Piper,PA12,"Piper PA-12 Super Cruiser",12-1521,,,,,,Private,,,1947,,,,0,,,,,,0,0,0,0,0,,,,,,0,0,0,0,0,GEN-PA12
31376747,"2026-02-10 13:30:07","2026-02-10 13:30:07",402C34,"United Kingdom","United Kingdom",G-MVFB,,,,,,"Solar Wings",ULAC,"Solar Wings Pegasus XL-Q",SW-WQ-0092,,,,,,Private,,,1988,,,,0,,,,,,0,0,0,0,0,,,,,,0,0,0,0,0,GEN-ULAC
31376735,"2026-02-10 13:30:02","2026-02-10 13:30:02",A70660,"United States","United States",N5516V,,,,,,Briegleb,GLID,"Briegleb BG-12 A",1026,,,,,,Private,,,1962,,,,0,,,,,,0,0,0,0,0,,,,,,0,0,0,0,0,GEN-GLID
31376602,"2026-02-10 13:28:22","2026-02-10 13:28:22",43EDB6,Guernsey,Guernsey,2-VSYF,,,,,,Boeing,B738,"Boeing 737NG 85R/W",34797,,,,,,Spicejet,,,2006,,,,0,,,,,,0,0,0,0,0,,,,,,0,0,0,0,0,SEJ
31375561,"2026-02-10 13:16:49","2026-02-10 13:16:49",402C29,"United Kingdom","United Kingdom",G-MVFA,,,,,,"Solar Wings",ULAC,"Solar Wings Pegasus XL-Q",SW-WQ-0091,,,,,,Private,,,1988,,,,0,,,,,,0,0,0,0,0,,,,,,0,0,0,0,0,GEN-ULAC
31374976,"2026-02-10 13:09:48","2026-02-10 13:09:48",A4531D,"United States","United States",N378SK,,,,,,Embraer,E135,"Embraer ERJ-140",145593,,,,,,"American Connection",,,,,,,0,,,,,,0,0,0,0,0,,,,,,0,0,0,0,0,GEN-E135
31374333,"2026-02-10 13:01:50","2026-02-10 13:01:50",A4860B,"United States","United States",N3906Z,,,,,,Piper,PA18,"Piper PA-18 150 Super Cub",18-7720,,,,,,Private,,,,,,,0,,,,,,0,0,0,0,0,,,,,,0,0,0,0,0,GEN-PA18
31373918,"2026-02-10 12:56:38","2026-02-10 12:56:38",AA34A3,"United States","United States",N757GC,,,,,,Cessna,C210,"Cessna 210",57201,,,,,,Private,,,1960,,,,0,,,,,,0,0,0,0,0,,,,,,0,0,0,0,0,GEN-C210
31372653,"2026-02-10 12:42:19","2026-02-10 12:42:19",A73157,"United States","United States",N56242,,,,,,Fairchild,FA62,"Fairchild PT-19A M-62A",T41-1146,,,,,,Private,,,1941,,,,0,,,,,,0,0,0,0,0,,,,,,0,0,0,0,0,GEN-FA62
31372363,"2026-02-10 12:39:15","2026-02-10 12:39:15",C80F5F,"New Zealand","New Zealand",ZK-KRZ,,,,,,"Rand Robinson",KR2,"Rand Robinson KR-2",1,,,,,,Private,,,,,,,0,,,,,,0,0,0,0,0,,,,,,0,0,0,0,0,GEN-KR2
31371419,"2026-02-10 12:29:21","2026-02-10 12:29:21",449081,Belgium,Belgium,OO-DDA,,,,,,Cessna,C25A,"Cessna Citation CJ2",525A0164,,,,,,"Sky Service nv",,,2003,,,,0,,,,,,0,0,0,0,0,,,,,,0,0,0,0,0,SKS
31370101,"2026-02-10 12:14:50","2026-02-10 12:14:50",A85EBF,"United States","United States",N63868,,,,,,Piper,PA27,"Piper PA-23 Aztec 250F",27-7854020,,,,,,Private,,,1977,,,,0,,,,,,0,0,0,0,0,,,,,,0,0,0,0,0,GEN-PA27
31369857,"2026-02-10 12:12:04","2026-02-10 12:12:04",A3C923,"United States","United States",N343HA,,,,,,Cessna,C525,"Cessna Citation CJ1",525-0343,,,,,,"Huff Air LLC",,,,,,,0,,,,,,0,0,0,0,0,,,,,,0,0,0,0,0,GEN-C525
31369743,"2026-02-10 12:10:51","2026-02-10 12:10:51",A635B4,"United States","United States",N5ET,,,,,,Daher,TBM9,"DAHER TBM 940",1346,,,,,,"JSV Leasing LLC",,,2020,,,,0,,,,,,0,0,0,0,0,,,,,,0,0,0,0,0,GEN-TBM9
31368566,"2026-02-10 11:57:27","2026-02-10 11:57:27",AABEB8,"United States","United States",N7914Z,,,,,,Cessna,C150,"Cessna 150C",15060014,,,,,,Private,,,1963,,,,0,,,,,,0,0,0,0,0,,,,,,0,0,0,0,0,GEN-C150
31368543,"2026-02-10 11:57:16","2026-02-10 11:57:16",A47448,"United States","United States",N3862X,,,,,,"Aero Commander",VO10,"Aero Commander 100 Darter",158,,,,,,Private,,,1967,,,,0,,,,,,0,0,0,0,0,,,,,,0,0,0,0,0,GEN-VO10
31367314,"2026-02-10 11:43:23","2026-02-10 11:43:23",A22485,"United States","United States",N237WR,,,,,,"British Aerospace",H25A,"British Aerospace 125 700A",257072,,,,,,"Rais Group International NC LLC",,,,,,,0,,,,,,0,0,0,0,0,,,,,,0,0,0,0,0,GEN-H25A
31365258,"2026-02-10 11:20:49","2026-02-10 11:20:49",A5B79E,"United States","United States",N468D,,,,,,Schreder,GLID,"Schreder HP 18",12,,,,,,Private,,,,,,,0,,,,,,0,0,0,0,0,,,,,,0,0,0,0,0,GEN-GLID
31365024,"2026-02-10 11:18:15","2026-02-10 11:18:15",AA71C3,"United States","United States",N772PJ,,,,,,Cessna,C182,"Cessna T182T Turbo Skylane",T18208368,,,,,,Private,,,,,,,0,,,,,,0,0,0,0,0,,,,,,0,0,0,0,0,GEN-C182
31364784,"2026-02-10 11:15:24","2026-02-10 11:15:24",40730B,"United Kingdom","United Kingdom",G-EOLE,,,,,,Cameron,BALL,"Cameron O-84 Hot Air Balloon",12098,,,,,,Private,,,2017,,,,0,,,,,,0,0,0,0,0,,,,,,0,0,0,0,0,GEN-BALL
31364184,"2026-02-10 11:08:08","2026-02-10 11:08:08",4786BC,Norway,Norway,LN-ALF,,,,,,Reims/Cessna,C152,"Reims/Cessna FA152 Aerobat",0341,,,,,,Private,,,1977,,,,0,,,,,,0,0,0,0,0,,,,,,0,0,0,0,0,GEN-C152
31363917,"2026-02-10 11:05:39","2026-02-10 11:05:39",A83B1A,"United States","United States",N62978,,,,,,Bellanca,BL8,"Bellanca Decathlon 8KCAB",28-72,,,,,,Private,,,1972,,,,0,,,,,,0,0,0,0,0,,,,,,0,0,0,0,0,GEN-BL8
31363815,"2026-02-10 11:04:27","2026-02-10 11:04:27",AC77EF,"United States","United States",N902PR,,,,,,"MD Helicopters",EXPL,"MD Helicopters MD 900 Explorer",900-00094,,,,,,Private,,,2001,,,,0,,,,,,0,0,0,0,0,,,,,,0,0,0,0,0,GEN-EXPL
31363413,"2026-02-10 10:59:55","2026-02-10 10:59:55",A4846E,"United States","United States",N390SW,,,,,,Boeing,B733,"Boeing 737 3H4/W",26593,,,,,,"Southwest Airlines",,,1994,,,,0,,,,,,0,0,0,0,0,,,,,,0,0,0,0,0,SWA
31363287,"2026-02-10 10:58:25","2026-02-10 10:58:25",A4BAF3,"United States","United States",N4036C,,,,,,Stinson,S108,"Stinson Voyager 108-3",108-5036,,,,,,Private,,,1949,,,,0,,,,,,0,0,0,0,0,,,,,,0,0,0,0,0,GEN-S108
31362750,"2026-02-10 10:52:02","2026-02-10 10:52:02",A816D0,"United States","United States",N620FX,,,,,,Bombardier,LJ40,"Bombardier Learjet 40 XR",45-2085,,,,,,"Executive Air Transport",,,2007,,,,0,,,,,,0,0,0,0,0,,,,,,0,0,0,0,0,GEN-LJ40
31362493,"2026-02-10 10:49:17","2026-02-10 10:49:17",A65E3B,"United States","United States",N50932,,,,,,"Air Tractor",AT6T,"Air Tractor AT-602",602-0462,,,,,,Private,,,1997,,,,0,,,,,,0,0,0,0,0,,,,,,0,0,0,0,0,GEN-AT6T
31362406,"2026-02-10 10:48:10","2026-02-10 10:48:10",AC9339,"United States","United States",N9092,,,,,,Enstrom,EN28,"Enstrom F-28 A",210,,,,,,Private,,,,,,,0,,,,,,0,0,0,0,0,,,,,,0,0,0,0,0,GEN-EN28
31362373,"2026-02-10 10:47:49","2026-02-10 10:47:49",403A75,"United Kingdom","United Kingdom",G-OBTS,,,,,,Cameron,BALL,"Cameron C-80 Hot Air Balloon",3589,,,,,,Private,,,1995,,,,0,,,,,,0,0,0,0,0,,,,,,0,0,0,0,0,GEN-BALL
31361792,"2026-02-10 10:41:30","2026-02-10 10:41:30",A0DD0E,"United States","United States",N155DA,,,,,,"Diamond Aircraft",DA62,"Diamond Aircraft DA62",62.094,,,,,,Private,,,2018,,,,0,,,,,,0,0,0,0,0,,,,,,0,0,0,0,0,GEN-DA62
31360570,"2026-02-10 10:28:27","2026-02-10 10:28:27",383243,France,France,F-BMSD,,,,,,Cessna,C207,"Cessna 207 Sky Wagon",20700203,,,,,,Private,,,,,,,0,,,,,,0,0,0,0,0,,,,,,0,0,0,0,0,GEN-C207
31360265,"2026-02-10 10:25:19","2026-02-10 10:25:19",873EB5,Japan,Japan,JA9693,,,,,,Aerospatiale,AS65,"Aerospatiale Dauphin SA.365 N1",6304,,,,,,Private,,,1988,,,,0,,,,,,0,0,0,0,0,,,,,,0,0,0,0,0,GEN-AS65
31359539,"2026-02-10 10:17:05","2026-02-10 10:17:05",A3D674,"United States","United States",N34632,,,,,,Cessna,C177,"Cessna 177B Cardinal",17701912,,,,,,Private,,,1973,,,,0,,,,,,0,0,0,0,0,,,,,,0,0,0,0,0,GEN-C177
31358560,"2026-02-10 10:07:04","2026-02-10 10:07:04",AB4CE1,"United States","United States",N827WS,,,,,,TEAM,ULAC,"TEAM Mini-Max 1600R",08162017CJS,,,,,,Private,,,,,,,0,,,,,,0,0,0,0,0,,,,,,0,0,0,0,0,GEN-ULAC
17912,"2022-02-16 07:49:47","2026-02-10 10:04:56",48421B,Netherlands,Netherlands,,,,,,,,-GND,,,,,,,,,,,,,,,0,,,,,,0,0,0,0,0,Missing,,,,,0,0,0,0,0,GEN--GND
31357540,"2026-02-10 09:55:34","2026-02-10 09:55:34",A3E885,"United States","United States",N351AA,,,,,,Boeing,B763,"Boeing 767 323ER/W",24032,,,,,,"American Airlines",,,1988,,,,0,,,,,,0,0,0,0,0,,,,,,0,0,0,0,0,AAL
31357541,"2026-02-10 09:55:34","2026-02-10 09:55:34",ACDC16,"United States","United States",N928CB,,,,,,Cessna,C56X,"Cessna Citation Excel",560-5213,,,,,,"Seaman Corp",,,,,,,0,,,,,,0,0,0,0,0,,,,,,0,0,0,0,0,GEN-C56X
31356140,"2026-02-10 09:39:31","2026-02-10 09:39:31",A968E0,"United States","United States",N705TX,,,,,,"Raytheon Aircraft Company",H25B,"Raytheon Aircraft Company 125 800XP",258705,,,,,,"Textron Aviation Inc",,,,,,,0,,,,,,0,0,0,0,0,,,,,,0,0,0,0,0,GEN-H25B
31355223,"2026-02-10 09:28:57","2026-02-10 09:28:57",40355C,"United Kingdom","United Kingdom",G-MWYI,,,,,,"Solar Wings",ULAC,"Solar Wings Pegasus Quasar IITC",SW-WQT-0488,,,,,,Private,,,1991,,,,0,,,,,,0,0,0,0,0,,,,,,0,0,0,0,0,GEN-ULAC
31355063,"2026-02-10 09:27:23","2026-02-10 09:27:23",C002E3,Canada,Canada,C-FBCK,,,,,,Mooney,M20T,"Mooney M.20K Model 231",25-0610,,,,,,Private,,,,,,,0,,,,,,0,0,0,0,0,,,,,,0,0,0,0,0,GEN-M20T
31354746,"2026-02-10 09:23:39","2026-02-10 09:23:39",A03EC1,"United States","United States",N11496,,,,,,"Weaver Aircraft Company",WACF,"Weaver Aircraft Company Waco QCF",3566,,,,,,Private,,,,,,,0,,,,,,0,0,0,0,0,,,,,,0,0,0,0,0,GEN-WACF
31354577,"2026-02-10 09:21:37","2026-02-10 09:21:37",E1260D,Argentina,Argentina,LV-RXM,,,,,,Piper,J3,"Piper J-3 C-65 Cub",22019,,,,,,Private,,,1947,,,,0,,,,,,0,0,0,0,0,,,,,,0,0,0,0,0,GEN-J3
31353618,"2026-02-10 09:10:26","2026-02-10 09:10:26",A998F2,"United States","United States",N7174,,,,,,"American Aerolights",ULAC,"American Aerolights Eagle",63A,,,,,,Private,,,,,,,0,,,,,,0,0,0,0,0,,,,,,0,0,0,0,0,GEN-ULAC
31353387,"2026-02-10 09:07:51","2026-02-10 09:07:51",E1A057,Argentina,Argentina,LV-ZAW,,,,,,Curtiss,ZZZZ,"Curtiss E-16",3550,,,,,,Private,,,,,,,0,,,,,,0,0,0,0,0,,,,,,0,0,0,0,0,GEN-ZZZZ
31352955,"2026-02-10 09:02:51","2026-02-10 09:02:51",AD6707,"United States","United States",N9628C,,,,,,"North American",T6,"North American T-6G Texan",168-249,,,,,,Private,,,,,,,0,,,,,,0,0,0,0,0,,,,,,0,0,0,0,0,GEN-T6
31351568,"2026-02-10 08:46:42","2026-02-10 08:46:42",A0A931,"United States","United States",N1413J,,,,,,Rockwell,AC11,"Rockwell Commander 112 A",413,,,,,,Private,,,1975,,,,0,,,,,,0,0,0,0,0,,,,,,0,0,0,0,0,GEN-AC11
31351163,"2026-02-10 08:42:11","2026-02-10 08:42:11",382DEF,France,France,F-BLPP,,,,,,Gardan,GY80,"Gardan GY-80 160 Horizon",46,,,,,,Private,,,,,,,0,,,,,,0,0,0,0,0,,,,,,0,0,0,0,0,GEN-GY80
31350825,"2026-02-10 08:38:23","2026-02-10 08:38:23",C82042,"New Zealand","New Zealand",ZK-IHI,,,,,,"MD Helicopters",MD60,"MD Helicopters MD 600N",RN047,,,,,,Private,,,1999,,,,0,,,,,,0,0,0,0,0,,,,,,0,0,0,0,0,GEN-MD60
31350145,"2026-02-10 08:30:38","2026-02-10 08:30:38",A982A5,"United States","United States",N71137,,,,,,Luscombe,L8,"Luscombe Silvaire 8A",2564,,,,,,Private,,,1946,,,,0,,,,,,0,0,0,0,0,,,,,,0,0,0,0,0,GEN-L8
31350073,"2026-02-10 08:29:55","2026-02-10 08:29:55",A4532F,"United States","United States",N378TC,,,,,,Eurocopter,EC45,"Eurocopter MBB-BK 117 C-2 (EC145)",9078,,,,,,Private,,,,,,,0,,,,,,0,0,0,0,0,,,,,,0,0,0,0,0,GEN-EC45
31349852,"2026-02-10 08:27:15","2026-02-10 08:27:15",A7CC98,"United States","United States",N601ST,,,,,,Bombardier,CL60,"Bombardier Challenger 601 3A",5081,,,,,,"Maluhia LLC",,,1990,,,,0,,,,,,0,0,0,0,0,,,,,,0,0,0,0,0,GEN-CL60
31348692,"2026-02-10 08:13:43","2026-02-10 08:13:43",A48A30,"United States","United States",N39194,,,,,,Taylorcraft,TAYB,"Taylorcraft BC-12 D",6446,,,,,,Private,,,1945,,,,0,,,,,,0,0,0,0,0,,,,,,0,0,0,0,0,GEN-TAYB
11102,"2021-11-08 16:26:52","2026-02-10 08:07:41",C87EE8,"New Zealand","New Zealand","",,,,"",,"",ZZZZ,"","",,,,,,"",,,,,,"",0,,,,,,0,0,0,0,0,Missing,,,"","",0,0,0,0,0,GEN-ZZZZ
766556,"2023-10-30 20:59:55","2026-02-10 08:07:41",43BF96,"United Kingdom","United Kingdom","",,,,"",,"",ZANT,"","",,,,,,"",,,,,,"",0,,,,,,0,0,0,0,0,Missing,,,"","",0,0,0,0,0,ZANT
31348150,"2026-02-10 08:07:41","2026-02-10 08:07:41",A04B8B,"United States","United States",N118SR,,,,,,Vans,RV8,"Vans RV-8",80191,,,,,,Private,,,1998,,,,0,,,,,,0,0,0,0,0,,,,,,0,0,0,0,0,GEN-RV8
31347304,"2026-02-10 07:57:44","2026-02-10 07:57:44",ADDCA8,"United States","United States",N99213,,,,,,ERCO,ERCO,"Ercoupe 415-C",1836,,,,,,Private,,,1946,,,,0,,,,,,0,0,0,0,0,,,,,,0,0,0,0,0,GEN-ERCO
31347286,"2026-02-10 07:57:33","2026-02-10 07:57:33",AADD6E,"United States","United States",N8CS,,,,,,Cessna,P337,"Cessna T337G Pressurized Skymaster",P3370103,,,,,,Private,,,1973,,,,0,,,,,,0,0,0,0,0,,,,,,0,0,0,0,0,GEN-P337
31346028,"2026-02-10 07:42:19","2026-02-10 07:42:19",A6404F,"United States","United States",N5012K,,,,,,Bombardier,LJ75,"Bombardier Learjet 75",45-552,,,,,,"Learjet Inc",,,2016,,,,0,,,,,,0,0,0,0,0,,,,,,0,0,0,0,0,GEN-LJ75
31345108,"2026-02-10 07:31:47","2026-02-10 07:31:47",A6736D,"United States","United States",N51452,,,,,,Maule,M4,"Maule M-4 210C  Rocket",1109C,,,,,,Private,,,,,,,0,,,,,,0,0,0,0,0,,,,,,0,0,0,0,0,GEN-M4
31344544,"2026-02-10 07:25:09","2026-02-10 07:25:09",ABCD93,"United States","United States",N86MB,,,,,,"Raven Industries",BALL,"Raven Industries Rally RX.7 Hot Air Balloon",RX7-3027,,,,,,Private,,,1986,,,,0,,,,,,0,0,0,0,0,,,,,,0,0,0,0,0,GEN-BALL
31344230,"2026-02-10 07:21:43","2026-02-10 07:21:43",A9829B,"United States","United States",N7113X,,,,,,Piper,P28A,"Piper PA-28 181 Archer III",2843908,,,,,,Private,,,2017,,,,0,,,,,,0,0,0,0,0,,,,,,0,0,0,0,0,GEN-P28A
31344134,"2026-02-10 07:20:32","2026-02-10 07:20:32",A37FC8,"United States","United States",N32418,,,,,,Piper,PA34,"Piper PA-34 200T Seneca II",34-7570020,,,,,,Private,,,1974,,,,0,,,,,,0,0,0,0,0,,,,,,0,0,0,0,0,GEN-PA34
31343410,"2026-02-10 07:12:42","2026-02-10 07:12:42",A2B833,"United States","United States",N27431,,,,,,Taylorcraft,TAYB,"Taylorcraft BC-65",2073,,,,,,Private,,,1940,,,,0,,,,,,0,0,0,0,0,,,,,,0,0,0,0,0,GEN-TAYB
31343241,"2026-02-10 07:10:45","2026-02-10 07:10:45",C092B5,Canada,Canada,C-IDOM,,,,,,"Advanced Aviation",BUCA,"Advanced Aviation Buccaneer",16,,,,,,Private,,,,,,,0,,,,,,0,0,0,0,0,,,,,,0,0,0,0,0,GEN-BUCA
31342656,"2026-02-10 07:04:04","2026-02-10 07:04:04",A731E0,"United States","United States",N5628Z,,,,,,Piper,PA22,"Piper PA-22 108 Colt",22-9441,,,,,,Private,,,,,,,0,,,,,,0,0,0,0,0,,,,,,0,0,0,0,0,GEN-PA22
31342452,"2026-02-10 07:01:25","2026-02-10 07:01:25",AC6E64,"United States","United States",XA-EGE,,,,,,"Hawker Beechcraft Corp",H25B,"Hawker Beechcraft Corp Hawker 750",HB-25,,,,,,"Servicios Aereos Gana SA de CV",,,,,,,0,,,,,,0,0,0,0,0,,,,,,0,0,0,0,0,GEN-H25B
31341988,"2026-02-10 06:55:51","2026-02-10 06:55:51",A2C083,"United States","United States",N277AF,,,,,,Beech,BE35,"Beech Bonanza V35B",D-10029,,,,,,Private,,,1977,,,,0,,,,,,0,0,0,0,0,,,,,,0,0,0,0,0,GEN-BE35
31340912,"2026-02-10 06:43:02","2026-02-10 06:43:02",A65E4A,"United States","United States",N5094G,,,,,,Preceptor,ZZZZ,"Preceptor Ultra Pup",0044LA-UP,,,,,,Private,,,1994,,,,0,,,,,,0,0,0,0,0,,,,,,0,0,0,0,0,GEN-ZZZZ
31340370,"2026-02-10 06:36:56","2026-02-10 06:36:56",E0408D,Argentina,Argentina,LV-DBM,,,,,,"Elliotts of Newbury",GLID,"Elliotts of Newbury AP-5 Olympia 2",EoN/O/090,,,,,,Private,,,1948,,,,0,,,,,,0,0,0,0,0,,,,,,0,0,0,0,0,GEN-GLID
27212,"2022-05-18 03:27:49","2026-02-10 06:13:58",48425C,Netherlands,Netherlands,"",,,,"",,"",-GND,"","",,,,,,"",,,,,,"",0,,,,,,0,0,0,0,0,Missing,,,"","",0,0,0,0,0,GEN--GND
31337958,"2026-02-10 06:07:07","2026-02-10 06:07:07",4489F5,Belgium,Belgium,OO-BOU,,,,,,Cameron,BALL,"Cameron V-77 Hot Air Balloon",727,,,,,,Private,,,,,,,0,,,,,,0,0,0,0,0,,,,,,0,0,0,0,0,GEN-BALL
31337931,"2026-02-10 06:06:33","2026-02-10 06:06:33",A8B77B,"United States","United States",N6606Z,,,,,,Piper,PA25,"Piper PA-25 235 Pawnee",25-2177,,,,,,Private,,,,,,,0,,,,,,0,0,0,0,0,,,,,,0,0,0,0,0,GEN-PA25
31337862,"2026-02-10 06:05:42","2026-02-10 06:05:42",A2C009,"United States","United States",N27660,,,,,,Taylorcraft,TAYB,"Taylorcraft BC -65",2302,,,,,,Private,,,1940,,,,0,,,,,,0,0,0,0,0,,,,,,0,0,0,0,0,GEN-TAYB
31337814,"2026-02-10 06:05:04","2026-02-10 06:05:04",3D20CC,Germany,Germany,D-EKRC,,,,,,Reims/Cessna,C172,"Reims/Cessna F172F",0174,,,,,,Private,,,,,,,0,,,,,,0,0,0,0,0,,,,,,0,0,0,0,0,GEN-C172
31337789,"2026-02-10 06:04:40","2026-02-10 06:04:40",A349FC,"United States","United States",N3106A,,,,,,Ayres,SS2T,"Ayres Turbo Thrush S2R-T45",T45-002DC,,,,,,Private,,,1931,,,,0,,,,,,0,0,0,0,0,,,,,,0,0,0,0,0,GEN-SS2T
31337547,"2026-02-10 06:02:01","2026-02-10 06:02:01",A0AC2B,"United States","United States",N142X,,,,,,Stoddard-Hamilton,GLAS,"Stoddard-Hamilton Glasair Super II-FT",54982,,,,,,Private,,,2008,,,,0,,,,,,0,0,0,0,0,,,,,,0,0,0,0,0,GEN-GLAS
31337453,"2026-02-10 06:01:00","2026-02-10 06:01:00",403659,"United Kingdom","United Kingdom",G-MYES,,,,,,Rans,COY2,"Rans Coyote II S-6ESD","PFA 204-12254",,,,,,Private,,,,,,,0,,,,,,0,0,0,0,0,,,,,,0,0,0,0,0,GEN-COY2
31336755,"2026-02-10 05:51:37","2026-02-10 05:51:37",E84054,Ecuador,Ecuador,HC-CKO,,,,,,Airbus,A319,"Airbus A319 112",1925,,,,,,"Avianca Ecuador",,,2003,,,,0,,,,,,0,0,0,0,0,,,,,,0,0,0,0,0,GLG
31336371,"2026-02-10 05:46:51","2026-02-10 05:46:51",A71925,"United States","United States",N5568,,,,,,Schreder,GLID,"Schreder HP 18",1,,,,,,Private,,,,,,,0,,,,,,0,0,0,0,0,,,,,,0,0,0,0,0,GEN-GLID
31335696,"2026-02-10 05:38:50","2026-02-10 05:38:50",A2B5E6,"United States","United States",N274FS,,,,,,Swearingen,SW4,"Swearingen Metro II",TC-274,,,,,,"SkyCare Air Ambulance",,,1978,,,,0,,,,,,0,0,0,0,0,,,,,,0,0,0,0,0,GEN-SW4
31334966,"2026-02-10 05:29:51","2026-02-10 05:29:51",44D98D,Belgium,Belgium,OO-VLM,,,,,,Fokker,F50,"Fokker F50",20135,,,,,,"VLM Airlines",,,1988,,,,0,,,,,,0,0,0,0,0,,,,,,0,0,0,0,0,GEN-F50
31334834,"2026-02-10 05:28:04","2026-02-10 05:28:04",A1BFD9,"United States","United States",N2112B,,,,,,Luscombe,L8,"Luscombe Silvaire 8F",6539,,,,,,Private,,,,,,,0,,,,,,0,0,0,0,0,,,,,,0,0,0,0,0,GEN-L8
31334736,"2026-02-10 05:26:42","2026-02-10 05:26:42",7816B1,China,China,B-308H,,,,,,Airbus,A359,"Airbus A350 941",251,,,,,,"Hainan Airlines",,,2018,,,,0,,,,,,0,0,0,0,0,,,,,,0,0,0,0,0,CHH
31334228,"2026-02-10 05:20:00","2026-02-10 05:20:00",51521B,Tajikistan,Tajikistan,EY-539,,,,,,Boeing,B733,"Boeing 737 3B7",23700,,,,,,"Eritrean Airlines",,,1987,,,,0,,,,,,0,0,0,0,0,,,,,,0,0,0,0,0,ERT
31332680,"2026-02-10 04:59:34","2026-02-10 04:59:34",AD5F71,"United States","United States",N96068,,,,,,Taylorcraft,TAYB,"Taylorcraft BC-12D",8368,,,,,,Private,,,1946,,,,0,,,,,,0,0,0,0,0,,,,,,0,0,0,0,0,GEN-TAYB
31331192,"2026-02-10 04:39:34","2026-02-10 04:39:34",A0CAC1,"United States","United States",N150FW,,,,,,Cessna,C150,"Cessna 150M",15076551,,,,,,Private,,,1975,,,,0,,,,,,0,0,0,0,0,,,,,,0,0,0,0,0,GEN-C150
31331099,"2026-02-10 04:38:09","2026-02-10 04:38:09",3E54D8,Germany,Germany,D-IXIE,,,,,,Cessna,C340,"Cessna 340A",340A0963,,,,,,Private,,,1979,,,,0,,,,,,0,0,0,0,0,,,,,,0,0,0,0,0,GEN-C340
31329511,"2026-02-10 04:18:01","2026-02-10 04:18:01",A0DC92,"United States","United States",N1548Y,,,,,,Beech,BE36,"Beech Bonanza A36",E-2483,,,,,,Private,,,,,,,0,,,,,,0,0,0,0,0,,,,,,0,0,0,0,0,GEN-BE36
31328789,"2026-02-10 04:08:24","2026-02-10 04:08:24",C0745F,Canada,Canada,C-GSBU,,,,,,Beech,U21,"Beech U-21A Ute (A90-1)",LM-86,,,,,,"164061 BC Ltd",,,,,,,0,,,,,,0,0,0,0,0,,,,,,0,0,0,0,0,GEN-U21
31327231,"2026-02-10 03:47:05","2026-02-10 03:47:05",A8649D,"United States","United States",N64TT,,,,,,"Amateur Built",ZZZZ,"Amateur Built Texas Turbo",001,,,,,,Private,,,,,,,0,,,,,,0,0,0,0,0,,,,,,0,0,0,0,0,GEN-ZZZZ
31326945,"2026-02-10 03:43:35","2026-02-10 03:43:35",750105,Malaysia,Malaysia,9M-AFB,,,,,,Airbus,A320,"Airbus A320 214",2633,,,,,,AirAsia,,,2005,,,,0,,,,,,0,0,0,0,0,,,,,,0,0,0,0,0,AXM
31326325,"2026-02-10 03:35:13","2026-02-10 03:35:13",3944D1,France,France,F-GRGR,,,,,,Embraer,E135,"Embraer ERJ-135 ER",145236,,,,,,Hop!,,,,,,,0,,,,,,0,0,0,0,0,,,,,,0,0,0,0,0,GEN-E135
31326242,"2026-02-10 03:33:51","2026-02-10 03:33:51",ABA8F5,"United States","United States",N850SN,,,,,,DAHER-SOCATA,TBM8,"DAHER-SOCATA TBM 850",575,,,,,,"N702BM Inc Trustee",,,2011,,,,0,,,,,,0,0,0,0,0,,,,,,0,0,0,0,0,GEN-TBM8
31326117,"2026-02-10 03:32:05","2026-02-10 03:32:05",3FA43D,Germany,Germany,72+61,,,,,,Dornier,UH1,"Dornier UH-1D Iroquois",8381,,,,,,"German Army",,,,,,,0,,,,,,1,0,0,0,0,,,,,,0,0,0,0,0,
31325859,"2026-02-10 03:27:53","2026-02-10 03:27:53",C0A071,Canada,Canada,C-IITS,,,,,,Canaero,ZZZZ,"Canaero Toucan Series I",10,,,,,,Private,,,,,,,0,,,,,,0,0,0,0,0,,,,,,0,0,0,0,0,GEN-ZZZZ
31325254,"2026-02-10 03:19:10","2026-02-10 03:19:10",ADA5E6,"United States","United States",N979JK,,,,,,Embraer,E55P,"Embraer Phenom 300",50500497,,,,,,"Koehler Organization LLC",,,2018,,,,0,,,,,,0,0,0,0,0,,,,,,0,0,0,0,0,GEN-E55P
31325098,"2026-02-10 03:17:08","2026-02-10 03:17:08",45CDB3,Denmark,Denmark,OY-SMS,,,,,,Bombardier,CL35,"Bombardier Challenger 350",20602,,,,,,"Execujet Scandinavia",,,2015,,,,0,,,,,,0,0,0,0,0,,,,,,0,0,0,0,0,VMP
31323687,"2026-02-10 02:57:03","2026-02-10 02:57:03",A0A717,"United States","United States",N141HA,,,,,,Hiller,UH12,"Hiller UH-12E Raven",HA3041,,,,,,Private,,,,,,,0,,,,,,0,0,0,0,0,,,,,,0,0,0,0,0,GEN-UH12
31322059,"2026-02-10 02:34:27","2026-02-10 02:34:27",ACE6A5,"United States","United States",N930LB,,,,,,"Vickers Supermarine",SPIT,"Vickers Supermarine Spitfire HF.IXe",,,,,,,"Wings of Dreams Museum",,,,,,,0,,,,,,0,0,0,0,0,,,,,,0,0,0,0,0,GEN-SPIT
31321887,"2026-02-10 02:32:19","2026-02-10 02:32:19",3F00AE,Germany,Germany,D-8215,,,,,,Rolladen-Schneider,GLID,"Rolladen-Schneider LS8 18",8215,,,,,,Private,,,1998,,,,0,,,,,,0,0,0,0,0,,,,,,0,0,0,0,0,GEN-GLID
31321740,"2026-02-10 02:30:27","2026-02-10 02:30:27",71C970,"South Korea","South Korea",HL9170,,,,,,Eurocopter,AS50,"Eurocopter Squirrel AS.350 B2",2773,,,,,,Private,,,,,,,0,,,,,,0,0,0,0,0,,,,,,0,0,0,0,0,GEN-AS50
31321323,"2026-02-10 02:25:01","2026-02-10 02:25:01",A3EF4C,"United States","United States",N3525K,,,,,,Pioneer,ULAC,"Pioneer Flightstar",761,,,,,,Private,,,,,,,0,,,,,,0,0,0,0,0,,,,,,0,0,0,0,0,GEN-ULAC
31321168,"2026-02-10 02:22:52","2026-02-10 02:22:52",A2F267,"United States","United States",N28940,,,,,,"Raven Industries",BALL,"Raven Industries Rally RX.7 Hot Air Balloon",RX7-3030,,,,,,Private,,,,,,,0,,,,,,0,0,0,0,0,,,,,,0,0,0,0,0,GEN-BALL
31320522,"2026-02-10 02:14:29","2026-02-10 02:14:29",A8BFED,"United States","United States",N663FT,,,,,,Beech,BE50,"Beech Twin Bonanza C50",CH-198,,,,,,Private,,,,,,,0,,,,,,0,0,0,0,0,,,,,,0,0,0,0,0,GEN-BE50
31320057,"2026-02-10 02:08:32","2026-02-10 02:08:32",682021,Mongolia,Mongolia,JU-8258,,,,,,Fokker,F50,"Fokker F50",20258,,,,,,"Aero Mongolia",,,1992,,,,0,,,,,,0,0,0,0,0,,,,,,0,0,0,0,0,MNG
31320029,"2026-02-10 02:08:11","2026-02-10 02:08:11",A64C1F,"United States","United States",N5047F,,,,,,"Raytheon Aircraft",BE36,"Raytheon Aircraft Bonanza G36",E-4047,,,,,,Private,,,2014,,,,0,,,,,,0,0,0,0,0,,,,,,0,0,0,0,0,GEN-BE36
31319861,"2026-02-10 02:05:52","2026-02-10 02:05:52",A21DD3,"United States","United States",N23529,,,,,,Aeronca,CH7A,"Aeronca Defender 65-C",C-4879,,,,,,Private,,,1939,,,,0,,,,,,0,0,0,0,0,,,,,,0,0,0,0,0,GEN-CH7A
31317887,"2026-02-10 01:38:59","2026-02-10 01:38:59",A6F8AB,"United States","United States",N5485,,,,,,Kolb,ULAC,"Kolb Firestar","FS-003 00042",,,,,,Private,,,2002,,,,0,,,,,,0,0,0,0,0,,,,,,0,0,0,0,0,GEN-ULAC
31317835,"2026-02-10 01:38:24","2026-02-10 01:38:24",08CB9C,Congo-DRC,Congo-DRC,9Q-CHB,,,,,,Airbus,A320,"Airbus A320 212",427,,,,,,"Compagnie Africaine Aviation",,,1994,,,,0,,,,,,0,0,0,0,0,,,,,,0,0,0,0,0,GEN-A320
31316497,"2026-02-10 01:20:12","2026-02-10 01:20:12",009341,"South Africa","South Africa",ZS-HGY,,,,,,Westland-Bell,B47G,"Westland-Bell Sioux AH.1 G-3B-1",WA599,,,,,,Private,,,1967,,,,0,,,,,,0,0,0,0,0,,,,,,0,0,0,0,0,GEN-B47G
31316401,"2026-02-10 01:19:03","2026-02-10 01:19:03",A9DE7D,"United States","United States",N735JY,,,,,,Cessna,C206,"Cessna U206G Stationair 6",U20604932,,,,,,Private,,,,,,,0,,,,,,0,0,0,0,0,,,,,,0,0,0,0,0,GEN-C206
31316332,"2026-02-10 01:18:09","2026-02-10 01:18:09",A830A2,"United States","United States",N627E,,,,,,Cessna,C501,"Cessna Citation I",501-0123,,,,,,"Contak Aerospace LLC",,,,,,,0,,,,,,0,0,0,0,0,,,,,,0,0,0,0,0,GEN-C501
31315396,"2026-02-10 01:05:43","2026-02-10 01:05:43",4B2BCC,Switzerland,Switzerland,HB-QPG,,,,,,"Balony Kubicek",BALL,"Balony Kubicek BB 22Z Hot Air Balloon",528,,,,,,Private,,,2007,,,,0,,,,,,0,0,0,0,0,,,,,,0,0,0,0,0,GEN-BALL
31313490,"2026-02-10 00:40:29","2026-02-10 00:40:29",C04710,Canada,Canada,C-GAXR,,,,,,Cessna,C402,"Cessna 401B",401B0050,,,,,,Private,,,,,,,0,,,,,,0,0,0,0,0,,,,,,0,0,0,0,0,GEN-C402
31313463,"2026-02-10 00:40:08","2026-02-10 00:40:08",A22039,"United States","United States",N236QS,,,,,,Dassault,F2TH,"Dassault Falcon 2000",136,,,,,,"DNA Air LLC",,,2001,,,,0,,,,,,0,0,0,0,0,,,,,,0,0,0,0,0,GEN-F2TH
31313025,"2026-02-10 00:33:55","2026-02-10 00:33:55",A0A02E,"United States","United States",N13985,,,,,,Piper,PA27,"Piper PA-23 Aztec 250E",27-4603,,,,,,Private,,,,,,,0,,,,,,0,0,0,0,0,,,,,,0,0,0,0,0,GEN-PA27
31312999,"2026-02-10 00:33:26","2026-02-10 00:33:26",A04652,"United States","United States",N117BE,,,,,,Rans,ZZZZ,"Rans Stinger S-17",1202040,,,,,,Private,,,2004,,,,0,,,,,,0,0,0,0,0,,,,,,0,0,0,0,0,GEN-ZZZZ
31312789,"2026-02-10 00:30:35","2026-02-10 00:30:35",00801C,"South Africa","South Africa",ZS-AAL,,,,,,"Raytheon Aircraft Company",B350,"Raytheon Aircraft Company King Air B350",FL-438,,,,,,"Avex Air",,,,,,,0,,,,,,0,0,0,0,0,,,,,,0,0,0,0,0,GEN-B350
31311616,"2026-02-10 00:15:41","2026-02-10 00:15:41",424375,"United Kingdom","United Kingdom",VP-BSF,,,,,,Boeing,B773,"Boeing 777 31H",29067,,,,,,"VIM Airlines",,,2002,,,,0,,,,,,0,0,0,0,0,,,,,,0,0,0,0,0,MOV
