AircraftID,FirstCreated,LastModified,ModeS,ModeSCountry,Country,Registration,CurrentRegDate,PreviousID,FirstRegDate,Status,DeRegDate,Manufacturer,ICAOTypeCode,Type,SerialNo,PopularName,GenericName,AircraftClass,Engines,OwnershipStatus,RegisteredOwners,MTOW,TotalHours,YearBuilt,CofACategory,CofAExpiry,UserNotes,Interested,UserTag,InfoURL,PictureURL1,PictureURL2,PictureURL3,UserBool1,UserBool2,UserBool3,UserBool4,UserBool5,UserString1,UserString2,UserString3,UserString4,UserString5,UserInt1,UserInt2,UserInt3,UserInt4,UserInt5,OperatorFlagCode
31186597,"2026-02-08 23:48:49","2026-02-08 23:48:49",AE19DE,"United States","United States",81-0989,,,,,,Fairchild,A10,"Fairchild A-10C Thunderbolt II",A10-0684,,,,,,"United States Air Force",,,,,,,0,,,,,,1,0,0,0,0,,,,,,0,0,0,0,0,
31185786,"2026-02-08 23:38:02","2026-02-08 23:38:02",43EC82,Guernsey,Guernsey,2-NJOY,,,,,,Cessna,C335,"Cessna 335",335-0030,,,,,,Private,,,1979,,,,0,,,,,,0,0,0,0,0,,,,,,0,0,0,0,0,GEN-C335
31185742,"2026-02-08 23:37:24","2026-02-08 23:37:24",7CF8B4,Australia,Australia,N22-016,,,,,,Aerospatiale,AS50,"Aerospatiale Squirrel AS.350 BA",1740,,,,,,"Royal Australian Navy",,,,,,,0,,,,,,1,0,0,0,0,,,,,,0,0,0,0,0,
31185565,"2026-02-08 23:35:10","2026-02-08 23:35:10",0AC0AF,Colombia,Colombia,HK-4552,,,,,,Airbus,A319,"Airbus A319 115",3518,,,,,,Avianca,,,2008,,,,0,,,,,,0,0,0,0,0,,,,,,0,0,0,0,0,AVA
31185071,"2026-02-08 23:28:16","2026-02-08 23:28:16",A68B98,"United States","United States",N5202M,,,,,,Taylorcraft,TAYB,"Taylorcraft BC-12D -85",10502,,,,,,Private,,,1947,,,,0,,,,,,0,0,0,0,0,,,,,,0,0,0,0,0,GEN-TAYB
31184506,"2026-02-08 23:20:51","2026-02-08 23:20:51",A72D55,"United States","United States",N5612X,,,,,,Rockwell,SS2P,"Rockwell Thrush Commander S2R-600",1812R,,,,,,Private,,,1973,,,,0,,,,,,0,0,0,0,0,,,,,,0,0,0,0,0,GEN-SS2P
31183829,"2026-02-08 23:12:36","2026-02-08 23:12:36",AC76FA,"United States","United States",N902DW,,,,,,Dassault,F900,"Dassault Falcon 900 C",179,,,,,,"Fabick Aircraft Co LLC",,,1999,,,,0,,,,,,0,0,0,0,0,,,,,,0,0,0,0,0,GEN-F900
31183798,"2026-02-08 23:12:08","2026-02-08 23:12:08",A40B98,"United States","United States",N36SW,,,,,,Rockwell,AC90,"Rockwell Turbo Commander 690B",11505,,,,,,"Gemini Air Group",,,1979,,,,0,,,,,,0,0,0,0,0,,,,,,0,0,0,0,0,GEN-AC90
31183105,"2026-02-08 23:03:21","2026-02-08 23:03:21",781217,China,China,B-70TH,,,,,,Leonardo,A139,"LEONARDO AW.139",31772,,,,,,"Shanghai King Wing General Aviation",,,2017,,,,0,,,,,,0,0,0,0,0,,,,,,0,0,0,0,0,GEN-A139
31182145,"2026-02-08 22:51:16","2026-02-08 22:51:16",C8072A,"New Zealand","New Zealand",ZK-LAE,,,,,,"Micro Aviation",ULAC,"Micro Aviation Bantam B22",34,,,,,,Private,,,1986,,,,0,,,,,,0,0,0,0,0,,,,,,0,0,0,0,0,GEN-ULAC
31181340,"2026-02-08 22:41:40","2026-02-08 22:41:40",A64923,"United States","United States",N504DM,,,,,,Valmet,FOUG,"Valmet Magister CM.170",FM-73,,,,,,Private,,,1966,,,,0,,,,,,0,0,0,0,0,,,,,,0,0,0,0,0,GEN-FOUG
31180402,"2026-02-08 22:29:30","2026-02-08 22:29:30",C0197B,Canada,Canada,C-FJQW,,,,,,Cessna,C172,"Cessna 172",29218,,,,,,Private,,,1956,,,,0,,,,,,0,0,0,0,0,,,,,,0,0,0,0,0,GEN-C172
31180120,"2026-02-08 22:25:30","2026-02-08 22:25:30",A9C3D3,"United States","United States",N7281V,,,,,,Rockwell,CLB1,"Rockwell Callair B-1 A",10024,,,,,,Private,,,1967,,,,0,,,,,,0,0,0,0,0,,,,,,0,0,0,0,0,GEN-CLB1
31180030,"2026-02-08 22:24:23","2026-02-08 22:24:23",4036FA,"United Kingdom","United Kingdom",G-LOLL,,,,,,Cameron,BALL,"Cameron V-77 Hot Air Balloon",2964,,,,,,Private,,,1992,,,,0,,,,,,0,0,0,0,0,,,,,,0,0,0,0,0,GEN-BALL
31179078,"2026-02-08 22:12:49","2026-02-08 22:12:49",A9200D,"United States","United States",N6873V,,,,,,Mooney,M20P,"Mooney M.20F Executive",22-1266,,,,,,Private,,,,,,,0,,,,,,0,0,0,0,0,,,,,,0,0,0,0,0,GEN-M20P
31178095,"2026-02-08 22:01:11","2026-02-08 22:01:11",45E467,Denmark,Denmark,OY-YCG,,,,,,"Avions de Transport Regional",AT76,"Avions de Transport Regional ATR 72 600",1450,,,,,,"Nordic Aviation Capital",,,2017,,,,0,,,,,,0,0,0,0,0,,,,,,0,0,0,0,0,GEN-AT76
31177307,"2026-02-08 21:52:04","2026-02-08 21:52:04",43E8CB,"Isle of Man","Isle of Man",M-KING,,,,,,Beech,BE9L,"Beech King Air C90B",LJ-1371,,,,,,"Villcocq Investments Ltd",,,,,,,0,,,,,,0,0,0,0,0,,,,,,0,0,0,0,0,GEN-BE9L
31176276,"2026-02-08 21:39:51","2026-02-08 21:39:51",A6451D,"United States","United States",N503AH,,,,,,Bell,B06,"Bell 206B Jet Ranger II",686,,,,,,Private,,,1971,,,,0,,,,,,0,0,0,0,0,,,,,,0,0,0,0,0,GEN-B06
31175938,"2026-02-08 21:35:45","2026-02-08 21:35:45",780A2C,"China Hong Kong","China Hong Kong",B-KQA,,,,,,Boeing,B77W,"Boeing 777 367ER",37898,,,,,,"Cathay Pacific Airways",,,2012,,,,0,,,,,,0,0,0,0,0,,,,,,0,0,0,0,0,CPA
31175604,"2026-02-08 21:31:52","2026-02-08 21:31:52",392F34,France,France,F-GLZU,,,,,,Airbus,A343,"Airbus A340 313X",377,,,,,,"Air France",,,2000,,,,0,,,,,,0,0,0,0,0,,,,,,0,0,0,0,0,AFR
31175077,"2026-02-08 21:25:42","2026-02-08 21:25:42",ACC556,"United States","United States",N9218E,,,,,,Maule,M5,"Maule M-5 235C Lunar Rocket",7123C,,,,,,Private,,,1977,,,,0,,,,,,0,0,0,0,0,,,,,,0,0,0,0,0,GEN-M5
31174143,"2026-02-08 21:14:06","2026-02-08 21:14:06",A34EF0,"United States","United States",N312HB,,,,,,Aerospatiale,AS50,"Aerospatiale Squirrel AS.350 B2",2105,,,,,,"Rotorcraft Support Inc",,,1988,,,,0,,,,,,0,0,0,0,0,,,,,,0,0,0,0,0,GEN-AS50
31174010,"2026-02-08 21:12:36","2026-02-08 21:12:36",C03A79,Canada,Canada,C-FWDS,,,,,,Cessna,C185,"Cessna A185F Skywagon 185",18502192,,,,,,Private,,,1973,,,,0,,,,,,0,0,0,0,0,,,,,,0,0,0,0,0,GEN-C185
31173159,"2026-02-08 21:02:57","2026-02-08 21:02:57",A047D2,"United States","United States",N117SP,,,,,,Bell,B06,"Bell 206L Long Ranger",45692,,,,,,"Blade Leasing LLC",,,1981,,,,0,,,,,,0,0,0,0,0,,,,,,0,0,0,0,0,GEN-B06
31172221,"2026-02-08 20:52:36","2026-02-08 20:52:36",A559C5,"United States","United States",N444DA,,,,,,Piper,PA27,"Piper PA-23 Aztec 250C",27-3935,,,,,,Private,,,,,,,0,,,,,,0,0,0,0,0,,,,,,0,0,0,0,0,GEN-PA27
31170699,"2026-02-08 20:35:44","2026-02-08 20:35:44",840A1A,Japan,Japan,JA02TG,,,,,,"Quest Aircraft Company",KODI,"Quest Aircraft Company Kodiak 100",100-0156,,,,,,"Setouchi Holdings",,,2015,,,,0,,,,,,0,0,0,0,0,,,,,,0,0,0,0,0,GEN-KODI
27212,"2022-05-18 03:27:49","2026-02-08 20:22:46",48425C,Netherlands,Netherlands,"",,,,"",,"",-GND,"","",,,,,,"",,,,,,"",0,,,,,,0,0,0,0,0,Missing,,,"","",0,0,0,0,0,GEN--GND
31169333,"2026-02-08 20:20:22","2026-02-08 20:20:22",1463CB,Russia,Russia,RA-25547,,,,,,Mil,MI8,"Mil Mi-8 T",99254442,,,,,,"Altai Airlines",,,,,,,0,,,,,,0,0,0,0,0,,,,,,0,0,0,0,0,GEN-MI8
31169115,"2026-02-08 20:18:11","2026-02-08 20:18:11",A67425,"United States","United States",N515BK,,,,,,Bede,BD5,"Bede BD-5 A",3968,,,,,,Private,,,1973,,,,0,,,,,,0,0,0,0,0,,,,,,0,0,0,0,0,GEN-BD5
31167983,"2026-02-08 20:05:27","2026-02-08 20:05:27",A42554,"United States","United States",N36627,,,,,,Bellanca,CH7B,"Bellanca Citabria 7KCAB",392-73,,,,,,Private,,,1973,,,,0,,,,,,0,0,0,0,0,,,,,,0,0,0,0,0,GEN-CH7B
31167443,"2026-02-08 19:59:53","2026-02-08 19:59:53",4B0093,Switzerland,Switzerland,HB-AFR,,,,,,"Avions de Transport Regional",AT72,"Avions de Transport Regional ATR 72 201F",195,,,,,,"ASL Airlines Switzerland",,,1990,,,,0,,,,,,0,0,0,0,0,,,,,,0,0,0,0,0,FAT
31167214,"2026-02-08 19:57:27","2026-02-08 19:57:27",A62D4D,"United States","United States",N4976K,,,,,,Ryan,NAVI,"Ryan Navion A",NAV-4-1976,,,,,,Private,,,1949,,,,0,,,,,,0,0,0,0,0,,,,,,0,0,0,0,0,GEN-NAVI
31167215,"2026-02-08 19:57:27","2026-02-08 19:57:27",A1667C,"United States","United States",N19GV,,,,,,Cessna,C414,"Cessna 414A Chancellor",414A-0649,,,,,,Private,,,1981,,,,0,,,,,,0,0,0,0,0,,,,,,0,0,0,0,0,GEN-C414
31165718,"2026-02-08 19:40:03","2026-02-08 19:40:03",A224DA,"United States","United States",N2370A,,,,,,Piper,PA22,"Piper PA-22 135 Tri-Pacer",22-733,,,,,,Private,,,,,,,0,,,,,,0,0,0,0,0,,,,,,0,0,0,0,0,GEN-PA22
31165294,"2026-02-08 19:35:14","2026-02-08 19:35:14",43C523,"United Kingdom","United Kingdom",XZ675,,,,,,Westland,LYNX,"Westland Lynx AH.7",240,,,,,,"Army Air Corps",,,,,,,0,,,,,,1,0,0,0,0,,,,,,0,0,0,0,0,
31165231,"2026-02-08 19:34:21","2026-02-08 19:34:21",401F6F,"United Kingdom","United Kingdom",G-PGEE,,,,,,Piper,PA18,"Piper PA-18 95 Super Cub",18-1000,,,,,,Private,,,1951,,,,0,,,,,,0,0,0,0,0,,,,,,0,0,0,0,0,GEN-PA18
31165101,"2026-02-08 19:32:58","2026-02-08 19:32:58",A741D4,"United States","United States",N567KH,,,,,,Denney,FOX,"Denney Kitfox Mk.III",1052,,,,,,Private,,,2007,,,,0,,,,,,0,0,0,0,0,,,,,,0,0,0,0,0,GEN-FOX
31164748,"2026-02-08 19:28:59","2026-02-08 19:28:59",A91946,"United States","United States",N6858M,,,,,,Stinson,S108,"Stinson Voyager 108-3",108-4858,,,,,,Private,,,1949,,,,0,,,,,,0,0,0,0,0,,,,,,0,0,0,0,0,GEN-S108
31164467,"2026-02-08 19:26:04","2026-02-08 19:26:04",A9D04D,"United States","United States",N731RV,,,,,,Vans,RV7,"Vans RV-7",70083,,,,,,Private,,,2004,,,,0,,,,,,0,0,0,0,0,,,,,,0,0,0,0,0,GEN-RV7
31162140,"2026-02-08 19:00:10","2026-02-08 19:00:10",A78FC1,"United States","United States",N58686,,,,,,Cessna,C182,"Cessna 182P Skylane",18262236,,,,,,Private,,,1973,,,,0,,,,,,0,0,0,0,0,,,,,,0,0,0,0,0,GEN-C182
31162141,"2026-02-08 19:00:10","2026-02-08 19:00:10",AD0A79,"United States","United States",N9397V,,,,,,Mooney,M20P,"Mooney M.20C Ranger 200",700030,,,,,,Private,,,1969,,,,0,,,,,,0,0,0,0,0,,,,,,0,0,0,0,0,GEN-M20P
31161478,"2026-02-08 18:52:33","2026-02-08 18:52:33",A40A2D,"United States","United States",N36CH,,,,,,Cessna,C210,"Cessna 210C",21058133,,,,,,Private,,,1963,,,,0,,,,,,0,0,0,0,0,,,,,,0,0,0,0,0,GEN-C210
31161240,"2026-02-08 18:49:57","2026-02-08 18:49:57",AD1767,"United States","United States",N9423R,,,,,,Snow,SS2P,"Snow S-2 A 600",1053A,,,,,,Private,,,1960,,,,0,,,,,,0,0,0,0,0,,,,,,0,0,0,0,0,GEN-SS2P
31161241,"2026-02-08 18:49:57","2026-02-08 18:49:57",A4F336,"United States","United States",N418Q,,,,,,Beech,BE80,"Beech Queen Air 65-B80",LD-418,,,,,,Private,,,1969,,,,0,,,,,,0,0,0,0,0,,,,,,0,0,0,0,0,GEN-BE80
31160866,"2026-02-08 18:45:46","2026-02-08 18:45:46",87C045,Japan,Japan,RA-74001,,,,,,Antonov,AN72,"Antonov An-74 TK-100",36547070655,,,,,,"Shar Ink",,,,,,,0,,,,,,1,0,0,0,0,,,,,,0,0,0,0,0,UGP
31159148,"2026-02-08 18:27:49","2026-02-08 18:27:49",A8A484,"United States","United States",N656RJ,,,,,,"Quad City",ULAC,"Quad City Challenger II",R-0149,,,,,,Private,,,,,,,0,,,,,,0,0,0,0,0,,,,,,0,0,0,0,0,GEN-ULAC
31159057,"2026-02-08 18:26:59","2026-02-08 18:26:59",C05A54,Canada,Canada,C-GIFJ,,,,,,Lindstrand,BALL,"Lindstrand LBL.77A Hot Air Balloon",758,,,,,,Private,,,1976,,,,0,,,,,,0,0,0,0,0,,,,,,0,0,0,0,0,GEN-BALL
31158414,"2026-02-08 18:19:48","2026-02-08 18:19:48",3EE290,Germany,Germany,D-0505,,,,,,Schempp-Hirth/VTC,GLID,"Schempp-Hirth/VTC Cirrus 17A",116Y,,,,,,Private,,,1972,,,,0,,,,,,0,0,0,0,0,,,,,,0,0,0,0,0,GEN-GLID
31157494,"2026-02-08 18:09:34","2026-02-08 18:09:34",AC622E,"United States","United States",N8973Z,,,,,,Cessna,C310,"Cessna 310G",310G-0073,,,,,,Private,,,,,,,0,,,,,,0,0,0,0,0,,,,,,0,0,0,0,0,GEN-C310
31156862,"2026-02-08 18:02:41","2026-02-08 18:02:41",1482C2,Russia,Russia,RA-33474,,,,,,Antonov,AN2,"Antonov An-2 R",1G228-24,,,,,,Kurskavia,,,,,,,0,,,,,,0,0,0,0,0,,,,,,0,0,0,0,0,GEN-AN2
31155469,"2026-02-08 17:48:01","2026-02-08 17:48:01",A6C022,"United States","United States",N534JS,,,,,,Enstrom,EN28,"Enstrom F-28 C",408,,,,,,Private,,,,,,,0,,,,,,0,0,0,0,0,,,,,,0,0,0,0,0,GEN-EN28
31155286,"2026-02-08 17:45:48","2026-02-08 17:45:48",A1A824,"United States","United States",N20585,,,,,,Beech,BE55,"Beech Baron E55",TE-1154,,,,,,Private,,,1979,,,,0,,,,,,0,0,0,0,0,,,,,,0,0,0,0,0,GEN-BE55
31155145,"2026-02-08 17:44:21","2026-02-08 17:44:21",AD208F,"United States","United States",N945JM,,,,,,Fokker,F100,"Fokker F100",11435,,,,,,"Avianca Brasil",,,1992,,,,0,,,,,,0,0,0,0,0,,,,,,0,0,0,0,0,ONE
31153955,"2026-02-08 17:31:53","2026-02-08 17:31:53",141792,Russia,Russia,RA-06034,,,,,,Mil,MI26,"Mil Mi-26 T",34001212424,,,,,,"UT air",,,,,,,0,,,,,,0,0,0,0,0,,,,,,0,0,0,0,0,GEN-MI26
31153899,"2026-02-08 17:31:26","2026-02-08 17:31:26",A8D928,"United States","United States",N6698R,,,,,,Mooney,M20P,"Mooney M.20E Super 21",441,,,,,,Private,,,,,,,0,,,,,,0,0,0,0,0,,,,,,0,0,0,0,0,GEN-M20P
31153039,"2026-02-08 17:22:37","2026-02-08 17:22:37",A37ABA,"United States","United States",N323P,,,,,,"Israel Aircraft Industries",ASTR,"Israel Aircraft Industries 1125 Astra SPX",096,,,,,,"Liv Development LLC",,,1998,,,,0,,,,,,0,0,0,0,0,,,,,,0,0,0,0,0,GEN-ASTR
31152766,"2026-02-08 17:20:05","2026-02-08 17:20:05",A76FA5,"United States","United States",N5788V,,,,,,Beech,BE23,"Beech Musketeer A23A Custom III",M-968,,,,,,Private,,,,,,,0,,,,,,0,0,0,0,0,,,,,,0,0,0,0,0,GEN-BE23
31152461,"2026-02-08 17:16:50","2026-02-08 17:16:50",385209,France,France,F-BUQJ,,,,,,Cameron,BALL,"Cameron O-77 Hot Air Balloon",75,,,,,,Private,,,,,,,0,,,,,,0,0,0,0,0,,,,,,0,0,0,0,0,GEN-BALL
31151808,"2026-02-08 17:09:43","2026-02-08 17:09:43",A1D629,"United States","United States",N2172H,,,,,,ERCO,ERCO,"Ercoupe 415-C",2795,,,,,,Private,,,1946,,,,0,,,,,,0,0,0,0,0,,,,,,0,0,0,0,0,GEN-ERCO
31151750,"2026-02-08 17:08:59","2026-02-08 17:08:59",44EAA8,Belgium,Belgium,OO-ZUH,,,,,,Schleicher,GLID,"Schleicher Ka 4 Rhonlerche II",431/58,,,,,,Private,,,1958,,,,0,,,,,,0,0,0,0,0,,,,,,0,0,0,0,0,GEN-GLID
31150582,"2026-02-08 16:56:25","2026-02-08 16:56:25",71D307,"South Korea","South Korea",HL9307,,,,,,Bell,B06,"Bell 206L Long Ranger IV",52204,,,,,,Private,,,,,,,0,,,,,,0,0,0,0,0,,,,,,0,0,0,0,0,GEN-B06
31149005,"2026-02-08 16:39:23","2026-02-08 16:39:23",346312,Spain,Spain,EC-NFR,,,,,,"Avions de Transport Regional",AT76,"Avions de Transport Regional ATR 72 600",1145,,,,,,"Air Nostrum",,,2014,,,,0,,,,,,0,0,0,0,0,,,,,,0,0,0,0,0,ANE
31148755,"2026-02-08 16:36:51","2026-02-08 16:36:51",A09420,"United States","United States",N1362G,,,,,,Cessna,C310,"Cessna 310R",310R0717,,,,,,Private,,,1976,,,,0,,,,,,0,0,0,0,0,,,,,,0,0,0,0,0,GEN-C310
31148137,"2026-02-08 16:30:04","2026-02-08 16:30:04",A1E435,"United States","United States",N2206K,,,,,,Luscombe,L8,"Luscombe Silvaire 8A",4933,,,,,,Private,,,,,,,0,,,,,,0,0,0,0,0,,,,,,0,0,0,0,0,GEN-L8
31147601,"2026-02-08 16:24:05","2026-02-08 16:24:05",AB0A30,"United States","United States",N810JM,,,,,,Fisher,ULAC,"Fisher Avenger",001,,,,,,Private,,,,,,,0,,,,,,0,0,0,0,0,,,,,,0,0,0,0,0,GEN-ULAC
31147167,"2026-02-08 16:19:23","2026-02-08 16:19:23",4404A8,Austria,Austria,OE-DHW,,,,,,"Diamond Aircraft",DA40,"Diamond Aircraft Diamond Star DA40",40.234,,,,,,Private,,,2002,,,,0,,,,,,0,0,0,0,0,,,,,,0,0,0,0,0,GEN-DA40
31146312,"2026-02-08 16:10:31","2026-02-08 16:10:31",3FD622,Germany,Germany,D-OSNI,,,,,,"Thunder & Colt",BALL,"Thunder & Colt AX.10-180 SII Hot Air Balloon",3521,,,,,,Private,,,,,,,0,,,,,,0,0,0,0,0,,,,,,0,0,0,0,0,GEN-BALL
31145621,"2026-02-08 16:02:59","2026-02-08 16:02:59",A4BED8,"United States","United States",N4047P,,,,,,Piper,PA23,"Piper PA-23 Apache 160",23-1524,,,,,,Private,,,1958,,,,0,,,,,,0,0,0,0,0,,,,,,0,0,0,0,0,GEN-PA23
31145202,"2026-02-08 15:58:00","2026-02-08 15:58:00",A27C23,"United States","United States",N2596M,,,,,,Piper,PA12,"Piper PA-12 Super Cruiser",12-955,,,,,,Private,,,1946,,,,0,,,,,,0,0,0,0,0,,,,,,0,0,0,0,0,GEN-PA12
31144342,"2026-02-08 15:48:29","2026-02-08 15:48:29",AD6E6F,"United States","United States",N96477,,,,,,Taylorcraft,TAYB,"Taylorcraft BF",8777,,,,,,Private,,,1946,,,,0,,,,,,0,0,0,0,0,,,,,,0,0,0,0,0,GEN-TAYB
31143790,"2026-02-08 15:42:49","2026-02-08 15:42:49",402121,"United Kingdom","United Kingdom",G-BMAX,,,,,,Clutton,ZZZZ,"Clutton FRED Series 2","PFA 029-10322",,,,,,Private,,,1990,,,,0,,,,,,0,0,0,0,0,,,,,,0,0,0,0,0,GEN-ZZZZ
31141387,"2026-02-08 15:17:19","2026-02-08 15:17:19",3DC0A6,Germany,Germany,D-GTFA,,,,,,Piper,PA34,"Piper PA-34 220T Seneca V",3449360,,,,,,Private,,,2007,,,,0,,,,,,0,0,0,0,0,,,,,,0,0,0,0,0,GEN-PA34
31141302,"2026-02-08 15:16:19","2026-02-08 15:16:19",A21DA1,"United States","United States",N2351U,,,,,,Cessna,C172,"Cessna 172D Skyhawk",17249951,,,,,,Private,,,1962,,,,0,,,,,,0,0,0,0,0,,,,,,0,0,0,0,0,GEN-C172
31140855,"2026-02-08 15:11:27","2026-02-08 15:11:27",AC5E29,"United States","United States",N8961R,,,,,,Champion,CH7A,"Champion Tri-Con 7JC",7JC-5,,,,,,Private,,,1960,,,,0,,,,,,0,0,0,0,0,,,,,,0,0,0,0,0,GEN-CH7A
31140215,"2026-02-08 15:04:34","2026-02-08 15:04:34",402B51,"United Kingdom","United Kingdom",G-MTXZ,,,,,,"Mainair Sports",ULAC,"Mainair Sports Gemini Flash IIA",641-588-6,,,,,,Private,,,1988,,,,0,,,,,,0,0,0,0,0,,,,,,0,0,0,0,0,GEN-ULAC
31140004,"2026-02-08 15:02:21","2026-02-08 15:02:21",AC3346,"United States","United States",N88534,,,,,,Piper,J3,"Piper J-3 C-65 Cub",16159,,,,,,Private,,,1946,,,,0,,,,,,0,0,0,0,0,,,,,,0,0,0,0,0,GEN-J3
31139933,"2026-02-08 15:01:37","2026-02-08 15:01:37",A5B9F2,"United States","United States",N4682A,,,,,,Beech,BE55,"Beech Baron E55",TE-817,,,,,,Private,,,1970,,,,0,,,,,,0,0,0,0,0,,,,,,0,0,0,0,0,GEN-BE55
31139457,"2026-02-08 14:56:29","2026-02-08 14:56:29",A17A6F,"United States","United States",N19472,,,,,,Cessna,C150,"Cessna 150L",15074436,,,,,,Private,,,1973,,,,0,,,,,,0,0,0,0,0,,,,,,0,0,0,0,0,GEN-C150
31139416,"2026-02-08 14:56:01","2026-02-08 14:56:01",A67B28,"United States","United States",N51679,,,,,,Boeing,ST75,"Boeing Stearman A75N1 PT-17 Kaydet",75-2807,,,,,,Private,,,,,,,0,,,,,,0,0,0,0,0,,,,,,0,0,0,0,0,GEN-ST75
31139362,"2026-02-08 14:55:22","2026-02-08 14:55:22",ACA8B9,"United States","United States",N9146H,,,,,,"Air Tractor",AT5T,"Air Tractor AT-502 B",502B-0633,,,,,,Private,,,2001,,,,0,,,,,,0,0,0,0,0,,,,,,0,0,0,0,0,GEN-AT5T
31139275,"2026-02-08 14:54:25","2026-02-08 14:54:25",A87B7C,"United States","United States",N64592,,,,,,Rutan,VEZE,"Rutan VariEze",1,,,,,,Private,,,,,,,0,,,,,,0,0,0,0,0,,,,,,0,0,0,0,0,GEN-VEZE
31139240,"2026-02-08 14:53:57","2026-02-08 14:53:57",A9197C,"United States","United States",N68596,,,,,,Bellanca,CH7A,"Bellanca Champ 7ACA",66-72,,,,,,Private,,,1972,,,,0,,,,,,0,0,0,0,0,,,,,,0,0,0,0,0,GEN-CH7A
31138292,"2026-02-08 14:44:00","2026-02-08 14:44:00",C0649F,Canada,Canada,C-GMCS,,,,,,Cessna,C188,"Cessna A188B AgTruck",18803143T,,,,,,Private,,,1978,,,,0,,,,,,0,0,0,0,0,,,,,,0,0,0,0,0,GEN-C188
31138255,"2026-02-08 14:43:43","2026-02-08 14:43:43",852EA3,Japan,Japan,JA3987,,,,,,Cessna,C172,"Cessna 172P Skyhawk",17274683,,,,,,Private,,,1981,,,,0,,,,,,0,0,0,0,0,,,,,,0,0,0,0,0,GEN-C172
31137944,"2026-02-08 14:40:23","2026-02-08 14:40:23",44095B,Austria,Austria,OE-GIQ,,,,,,Bombardier,LJ45,"Bombardier Learjet 45",45-005,,,,,,"Flexflights ApS",,,2001,,,,0,,,,,,0,0,0,0,0,,,,,,0,0,0,0,0,GEN-LJ45
31137457,"2026-02-08 14:35:02","2026-02-08 14:35:02",A7E110,"United States","United States",N6068Y,,,,,,Piper,PA27,"Piper PA-23 Aztec 250C",27-3265,,,,,,Private,,,,,,,0,,,,,,0,0,0,0,0,,,,,,0,0,0,0,0,GEN-PA27
31136425,"2026-02-08 14:23:43","2026-02-08 14:23:43",A3B4CF,"United States","United States",N338PC,,,,,,Pilatus,PC12,"Pilatus PC-XII 45",338,,,,,,"Quest Diagnostics Clinical Laboratories Inc",,,2000,,,,0,,,,,,0,0,0,0,0,,,,,,0,0,0,0,0,GEN-PC12
31136235,"2026-02-08 14:21:39","2026-02-08 14:21:39",404045,"United Kingdom","United Kingdom",G-MZNU,,,,,,"Mainair Sports",ULAC,"Mainair Sports Rapier",1174-0898-7-W977,,,,,,Private,,,1998,,,,0,,,,,,0,0,0,0,0,,,,,,0,0,0,0,0,GEN-ULAC
31135620,"2026-02-08 14:15:09","2026-02-08 14:15:09",AC3A74,"United States","United States",N8872,,,,,,"De Havilland",DH82,"De Havilland Tiger Moth DH.82A",86534,,,,,,Private,,,,,,,0,,,,,,0,0,0,0,0,,,,,,0,0,0,0,0,GEN-DH82
31135571,"2026-02-08 14:14:40","2026-02-08 14:14:40",A630F0,"United States","United States",N49850,,,,,,Fairchild,FA62,"Fairchild PT-19A M-62A",T43-5821,,,,,,Private,,,,,,,0,,,,,,0,0,0,0,0,,,,,,0,0,0,0,0,GEN-FA62
31135326,"2026-02-08 14:12:03","2026-02-08 14:12:03",4627F8,Finland,Finland,OH-PDO,,,,,,Piper,PA18,"Piper PA-18 150 Super Cub",18-1446,,,,,,Private,,,1952,,,,0,,,,,,0,0,0,0,0,,,,,,0,0,0,0,0,GEN-PA18
31134487,"2026-02-08 14:03:03","2026-02-08 14:03:03",A8DE50,"United States","United States",N67014,,,,,,Bell,B06,"Bell TH-67A Creek",5102,,,,,,"United States Army",,,,,,,0,,,,,,1,0,0,0,0,,,,,,0,0,0,0,0,
31134352,"2026-02-08 14:01:35","2026-02-08 14:01:35",403D16,"United Kingdom","United Kingdom",G-BWZU,,,,,,Lindstrand,BALL,"Lindstrand LBL.90B Hot Air Balloon",418,,,,,,"Aeronord di Enzo Cisaro EC SAS",,,1996,,,,0,,,,,,0,0,0,0,0,,,,,,0,0,0,0,0,GEN-BALL
31134335,"2026-02-08 14:01:23","2026-02-08 14:01:23",A1043F,"United States","United States",N16499,,,,,,Piper,PA34,"Piper PA-34 200 Seneca",34-7350132,,,,,,Private,,,1973,,,,0,,,,,,0,0,0,0,0,,,,,,0,0,0,0,0,GEN-PA34
31134287,"2026-02-08 14:00:55","2026-02-08 14:00:55",39370D,France,France,F-GNYN,,,,,,Fouga,FOUG,"Fouga Magister CM.170",532,,,,,,Private,,,,,,,0,,,,,,0,0,0,0,0,,,,,,0,0,0,0,0,GEN-FOUG
31133950,"2026-02-08 13:57:22","2026-02-08 13:57:22",405F97,"United Kingdom","United Kingdom",G-ODXB,,,,,,Lindstrand,BALL,"Lindstrand LBL.120A Hot Air Balloon",1250,,,,,,Private,,,2009,,,,0,,,,,,0,0,0,0,0,,,,,,0,0,0,0,0,GEN-BALL
31133871,"2026-02-08 13:56:32","2026-02-08 13:56:32",40266D,"United Kingdom","United Kingdom",G-MNKP,,,,,,"Solar Wings",ULAC,"Solar Wings Pegasus Flash",SW-WF-0014,,,,,,Private,,,1986,,,,0,,,,,,0,0,0,0,0,,,,,,0,0,0,0,0,GEN-ULAC
31132376,"2026-02-08 13:41:08","2026-02-08 13:41:08",0C202E,Panama,Panama,HP-1562CMP,,,,,,Embraer,E190,"Embraer EMB-190 AR",19000095,,,,,,"Copa Airlines",,,2007,,,,0,,,,,,0,0,0,0,0,,,,,,0,0,0,0,0,CMP
31132247,"2026-02-08 13:39:43","2026-02-08 13:39:43",8A0553,Indonesia,Indonesia,PK-MYU,,,,,,Boeing,B733,"Boeing 737 3S3F",23811,,,,,,"My Indo Airlines",,,1987,,,,0,,,,,,0,0,0,0,0,,,,,,0,0,0,0,0,MYU
31132239,"2026-02-08 13:39:37","2026-02-08 13:39:37",A4E152,"United States","United States",N413X,,,,,,Maule,M5,"Maule M-5 235C Lunar Rocket",7045C,,,,,,Private,,,1976,,,,0,,,,,,0,0,0,0,0,,,,,,0,0,0,0,0,GEN-M5
31131400,"2026-02-08 13:30:58","2026-02-08 13:30:58",39846D,France,France,F-HBDN,,,,,,Eurocopter,EC35,"Eurocopter EC135 P2",0460,,,,,,Private,,,2006,,,,0,,,,,,0,0,0,0,0,,,,,,0,0,0,0,0,GEN-EC35
31130435,"2026-02-08 13:20:27","2026-02-08 13:20:27",E06056,Argentina,Argentina,LV-FAV,,,,,,Curtiss,ZZZZ,"Curtiss Robin C-2",248,,,,,,Private,,,1929,,,,0,,,,,,0,0,0,0,0,,,,,,0,0,0,0,0,GEN-ZZZZ
31130373,"2026-02-08 13:19:48","2026-02-08 13:19:48",C098C1,Canada,Canada,C-IFWA,,,,,,Rans,COY2,"Rans Coyote",98264,,,,,,Private,,,,,,,0,,,,,,0,0,0,0,0,,,,,,0,0,0,0,0,GEN-COY2
31127616,"2026-02-08 12:49:26","2026-02-08 12:49:26",A15E8D,"United States","United States",N188BR,,,,,,Eurocopter,AS50,"Eurocopter Squirrel AS.350 B",3331,,,,,,Private,,,,,,,0,,,,,,0,0,0,0,0,,,,,,0,0,0,0,0,GEN-AS50
31127107,"2026-02-08 12:44:17","2026-02-08 12:44:17",3D06CA,Germany,Germany,D-EAVA,,,,,,Cessna,C182,"Cessna 182M Skylane",18259806,,,,,,Private,,,,,,,0,,,,,,0,0,0,0,0,,,,,,0,0,0,0,0,GEN-C182
31126643,"2026-02-08 12:39:21","2026-02-08 12:39:21",401C8B,"United Kingdom","United Kingdom",G-BERT,,,,,,Cameron,BALL,"Cameron V-56 Hot Air Balloon",273,,,,,,Private,,,1977,,,,0,,,,,,0,0,0,0,0,,,,,,0,0,0,0,0,GEN-BALL
31126469,"2026-02-08 12:37:41","2026-02-08 12:37:41",A1F455,"United States","United States",N225HT,,,,,,Eurocopter,EC25,"Eurocopter EC225 LP",2804,,,,,,"Integrity Aircraft Title Holdings LLC",,,2011,,,,0,,,,,,0,0,0,0,0,,,,,,0,0,0,0,0,GEN-EC25
31126297,"2026-02-08 12:36:10","2026-02-08 12:36:10",4C4846,Serbia,Serbia,YU-SCG,,,,,,Robinson,R22,"Robinson R22 Beta",1705,,,,,,Private,,,1991,,,,0,,,,,,0,0,0,0,0,,,,,,0,0,0,0,0,GEN-R22
31126144,"2026-02-08 12:34:32","2026-02-08 12:34:32",ABD256,"United States","United States",N8608Q,,,,,,Beech,BE35,"Beech Bonanza S35",D-7631,,,,,,Private,,,,,,,0,,,,,,0,0,0,0,0,,,,,,0,0,0,0,0,GEN-BE35
31125653,"2026-02-08 12:29:28","2026-02-08 12:29:28",A6B5DE,"United States","United States",N531TS,,,,,,Bombardier,LJ31,"Bombardier Learjet 31 A",31A-106,,,,,,"Cobalt Air Leasing LLC",,,,,,,0,,,,,,0,0,0,0,0,,,,,,0,0,0,0,0,GEN-LJ31
31125426,"2026-02-08 12:26:58","2026-02-08 12:26:58",A46060,"United States","United States",N381QA,,,,,,QAC,QIC2,"QAC Quickie Q.2",2001,,,,,,Private,,,,,,,0,,,,,,0,0,0,0,0,,,,,,0,0,0,0,0,GEN-QIC2
31125225,"2026-02-08 12:24:53","2026-02-08 12:24:53",490583,Portugal,Portugal,CS-ALC,,,,,,Neiva,PAUL,"Neiva CAP-4 Paulistinha 56C-1",1214,,,,,,Private,,,,,,,0,,,,,,0,0,0,0,0,,,,,,0,0,0,0,0,GEN-PAUL
31124860,"2026-02-08 12:20:58","2026-02-08 12:20:58",A32DD9,"United States","United States",N3037W,,,,,,Beech,BE58,"Beech Baron 58",TH-395,,,,,,Private,,,1973,,,,0,,,,,,0,0,0,0,0,,,,,,0,0,0,0,0,GEN-BE58
31124548,"2026-02-08 12:17:38","2026-02-08 12:17:38",A402E1,"United States","United States",N358DS,,,,,,Stemme,S10S,"Stemme S10 VT",11-104,,,,,,Private,,,2006,,,,0,,,,,,0,0,0,0,0,,,,,,0,0,0,0,0,GEN-S10S
31124389,"2026-02-08 12:16:08","2026-02-08 12:16:08",A4F2F1,"United States","United States",N418MF,,,,,,"Cirrus Design",SR22,"Cirrus Design SR22",1153,,,,,,Private,,,2004,,,,0,,,,,,0,0,0,0,0,,,,,,0,0,0,0,0,GEN-SR22
31124373,"2026-02-08 12:15:58","2026-02-08 12:15:58",4043AF,"United Kingdom","United Kingdom",G-BZIK,,,,,,Cameron,BALL,"Cameron A-250 Hot Air Balloon",4890,,,,,,Private,,,2000,,,,0,,,,,,0,0,0,0,0,,,,,,0,0,0,0,0,GEN-BALL
31124137,"2026-02-08 12:13:23","2026-02-08 12:13:23",A65434,"United States","United States",N507CS,,,,,,Lockheed,L101,"Lockheed L1011 Tristar C.2",193Y-1186,,,,,,"Royal Air Force",,,1980,,,,0,,,,,,1,0,0,0,0,,,,,,0,0,0,0,0,
31123914,"2026-02-08 12:10:48","2026-02-08 12:10:48",AA9323,"United States","United States",N78019,,,,,,"British Aerospace",JS31,"British Aerospace Jetstream 31-10",604,,,,,,"DAO Aviation",,,1982,,,,0,,,,,,0,0,0,0,0,,,,,,0,0,0,0,0,GEN-JS31
31123819,"2026-02-08 12:09:48","2026-02-08 12:09:48",A7D52A,"United States","United States",N6033E,,,,,,Beech,BE35,"Beech Bonanza K35",D-6005,,,,,,Private,,,,,,,0,,,,,,0,0,0,0,0,,,,,,0,0,0,0,0,GEN-BE35
31123809,"2026-02-08 12:09:37","2026-02-08 12:09:37",A32DAE,"United States","United States",N3036N,,,,,,Cessna,C120,"Cessna 120",13294,,,,,,Private,,,1947,,,,0,,,,,,0,0,0,0,0,,,,,,0,0,0,0,0,GEN-C120
31122161,"2026-02-08 11:52:12","2026-02-08 11:52:12",4CA71A,Ireland,Ireland,EI-FJV,,,,,,Boeing,B738,"Boeing 737NG 8JP/W",42080,,,,,,"Norwegian Air International",,,2016,,,,0,,,,,,0,0,0,0,0,,,,,,0,0,0,0,0,IBK
31122162,"2026-02-08 11:52:12","2026-02-08 11:52:12",C03B0B,Canada,Canada,C-FWJI,,,,,,Bombardier,CRJ1,"Bombardier CRJ 100ER",7096,,,,,,"Avmax Group",,,,,,,0,,,,,,0,0,0,0,0,,,,,,0,0,0,0,0,GEN-CRJ1
31122060,"2026-02-08 11:51:01","2026-02-08 11:51:01",AE0169,"United States","United States",86-0204,,,,,,Grumman,GLF3,"Grumman C-20B",476,,,,,,"United States Air Force",,,1985,,,,0,,,https://cdn.jetphotos.com/full/5/14605_1501917823.jpg,https://cdn.jetphotos.com/full/6/43559_1477549490.jpg,https://cdn.jetphotos.com/full/5/48914_1421587182.jpg,1,0,0,0,0,,,,,,0,0,0,0,0,
31122005,"2026-02-08 11:50:25","2026-02-08 11:50:25",ADEF00,"United States","United States",N9970D,,,,,,Piper,PA22,"Piper PA-22 150 Tri-Pacer",22-6761,,,,,,Private,,,1959,,,,0,,,,,,0,0,0,0,0,,,,,,0,0,0,0,0,GEN-PA22
31120953,"2026-02-08 11:39:26","2026-02-08 11:39:26",A2CAE4,"United States","United States",N2794W,,,,,,Mooney,M20P,"Mooney M.20C Mark 21",3366,,,,,,Private,,,,,,,0,,,,,,0,0,0,0,0,,,,,,0,0,0,0,0,GEN-M20P
31119360,"2026-02-08 11:23:38","2026-02-08 11:23:38",A9CF48,"United States","United States",N731FJ,,,,,,Dassault,F900,"Dassault Falcon 900EX EASy",163,,,,,,Corporate,,,2006,,,,0,,,,,,0,0,0,0,0,,,,,,0,0,0,0,0,GEN-F900
31119054,"2026-02-08 11:20:49","2026-02-08 11:20:49",A83764,"United States","United States",N62879,,,,,,Cessna,C172,"Cessna 172P Skyhawk",17275349,,,,,,Private,,,,,,,0,,,,,,0,0,0,0,0,,,,,,0,0,0,0,0,GEN-C172
31116906,"2026-02-08 10:57:57","2026-02-08 10:57:57",A97685,"United States","United States",N709FL,,,,,,Cessna,C750,"Cessna Citation X",750-0145,,,,,,"Tactical Aircraft Solutions LLC",,,,,,,0,,,,,,0,0,0,0,0,,,,,,0,0,0,0,0,GEN-C750
31116173,"2026-02-08 10:50:54","2026-02-08 10:50:54",448A6D,Belgium,Belgium,OO-BSM,,,,,,"Adams Balloon",BALL,"Adams Balloon Hot Air Balloon",072,,,,,,Private,,,,,,,0,,,,,,0,0,0,0,0,,,,,,0,0,0,0,0,GEN-BALL
31115622,"2026-02-08 10:45:05","2026-02-08 10:45:05",48459A,Netherlands,Netherlands,PH-PAC,,,,,,Reims/Cessna,C182,"Reims/Cessna F182Q Skylane",0118,,,,,,Private,,,,,,,0,,,,,,0,0,0,0,0,,,,,,0,0,0,0,0,GEN-C182
31115184,"2026-02-08 10:40:38","2026-02-08 10:40:38",8960D1,"United Arab Emirates","United Arab Emirates",A6-EBJ,,,,,,Boeing,B77W,"Boeing 777 36NER",32787,,,,,,Emirates,,,2005,,,,0,,,,,,0,0,0,0,0,,,,,,0,0,0,0,0,UAE
31113627,"2026-02-08 10:23:22","2026-02-08 10:23:22",A6DEA4,"United States","United States",N54144,,,,,,Piel,CP30,"Piel Emeraude CP.301",1048,,,,,,Private,,,,,,,0,,,,,,0,0,0,0,0,,,,,,0,0,0,0,0,GEN-CP30
31113352,"2026-02-08 10:20:29","2026-02-08 10:20:29",A19C3B,"United States","United States",N2023J,,,,,,Cameron,BALL,"Cameron Z-90 Hot Air Balloon",6545,,,,,,Private,,,2008,,,,0,,,,,,0,0,0,0,0,,,,,,0,0,0,0,0,GEN-BALL
31113226,"2026-02-08 10:19:18","2026-02-08 10:19:18",407082,"United Kingdom","United Kingdom",G-CLAB,,,,,,Boeing,B748,"Boeing 747 83QF",60119,,,,,,CargoLogicAir,,,2015,,,,0,,,,,,0,0,0,0,0,,,,,,0,0,0,0,0,CLU
31112801,"2026-02-08 10:14:48","2026-02-08 10:14:48",AB0F8D,"United States","United States",N81109,,,,,,"Akron Aircraft",FNKB,"Akron Aircraft Funk Model B 75L",239,,,,,,Private,,,1946,,,,0,,,,,,0,0,0,0,0,,,,,,0,0,0,0,0,GEN-FNKB
31112756,"2026-02-08 10:14:15","2026-02-08 10:14:15",AD87F8,"United States","United States",N971GF,,,,,,Neico,LNC2,"Neico Lancair 320",890-320-688,,,,,,Private,,,2017,,,,0,,,,,,0,0,0,0,0,,,,,,0,0,0,0,0,GEN-LNC2
31111913,"2026-02-08 10:05:14","2026-02-08 10:05:14",C8176E,"New Zealand","New Zealand",ZK-SID,,,,,,Cessna,C172,"Cessna 172S Skyhawk SP",172S9523,,,,,,Private,,,,,,,0,,,,,,0,0,0,0,0,,,,,,0,0,0,0,0,GEN-C172
31111258,"2026-02-08 09:57:46","2026-02-08 09:57:46",8A016D,Indonesia,Indonesia,PK-DHK,,,,,,Embraer,E35L,"Embraer Legacy 600",14501046,,,,,,"Ekspres Air",,,,,,,0,,,,,,0,0,0,0,0,,,,,,0,0,0,0,0,GEN-E35L
31111105,"2026-02-08 09:56:04","2026-02-08 09:56:04",A66927,"United States","United States",N512CZ,,,,,,Bombardier,LJ60,"Bombardier Learjet 60",60-210,,,,,,"Saturn Aviation",,,,,,,0,,,,,,0,0,0,0,0,,,,,,0,0,0,0,0,STV
31111007,"2026-02-08 09:54:58","2026-02-08 09:54:58",4BCDC7,Turkey,Turkey,TC-SNG,,,,,,Boeing,B738,"Boeing 737NG 8HC/W",36530,,,,,,SunExpress,,,2008,,,,0,,,,,,0,0,0,0,0,,,,,,0,0,0,0,0,SXS
31110928,"2026-02-08 09:54:18","2026-02-08 09:54:18",800D7E,India,India,VT-SYN,,,,,,Boeing,B738,"Boeing 737NG 85R/W",42804,,,,,,Spicejet,,,2014,,,,0,,,,,,0,0,0,0,0,,,,,,0,0,0,0,0,SEJ
31109602,"2026-02-08 09:39:51","2026-02-08 09:39:51",AD3ED3,"United States","United States",N95227,,,,,,Taylorcraft,TAYB,"Taylorcraft BC-12 D",9627,,,,,,Private,,,1946,,,,0,,,,,,0,0,0,0,0,,,,,,0,0,0,0,0,GEN-TAYB
31108510,"2026-02-08 09:27:56","2026-02-08 09:27:56",71D169,"South Korea","South Korea",HL9169,,,,,,Enstrom,EN48,"Enstrom 480 B",5081,,,,,,Private,,,,,,,0,,,,,,0,0,0,0,0,,,,,,0,0,0,0,0,GEN-EN48
31108285,"2026-02-08 09:25:25","2026-02-08 09:25:25",A8B770,"United States","United States",N6606N,,,,,,Taylorcraft,TAYB,"Taylorcraft BC-12D",2-13006,,,,,,Private,,,1949,,,,0,,,,,,0,0,0,0,0,,,,,,0,0,0,0,0,GEN-TAYB
31108268,"2026-02-08 09:25:09","2026-02-08 09:25:09",4060D5,"United Kingdom","United Kingdom",G-CGKF,,,,,,Grob,G115,"Grob G-115 E Tutor",82306/E,,,,,,"Ministry of Defence",,,2009,,,,0,,,,,,0,0,0,0,0,,,,,,0,0,0,0,0,GEN-G115
31107425,"2026-02-08 09:16:05","2026-02-08 09:16:05",406EE2,"United Kingdom","United Kingdom",G-CISM,,,,,,"P & M Aviation",ULAC,"P & M Aviation Quik Lite",8729,,,,,,Private,,,2015,,,,0,,,,,,0,0,0,0,0,,,,,,0,0,0,0,0,GEN-ULAC
31105575,"2026-02-08 08:54:37","2026-02-08 08:54:37",A085AD,"United States","United States",N1325G,,,,,,Thorp,T18,"Thorp T-18",1325,,,,,,Private,,,2005,,,,0,,,,,,0,0,0,0,0,,,,,,0,0,0,0,0,GEN-T18
31102133,"2026-02-08 08:16:44","2026-02-08 08:16:44",A0E689,"United States","United States",N1570A,,,,,,Beech,BE33,"Beech Bonanza F33A",CE-1333,,,,,,"Airline Training Center Arizona Inc",,,1989,,,,0,,,,,,0,0,0,0,0,,,,,,0,0,0,0,0,GEN-BE33
31101295,"2026-02-08 08:06:50","2026-02-08 08:06:50",3EECC0,Germany,Germany,D-3113,,,,,,Schleicher,GLID,"Schleicher ASW 27 B",27154,,,,,,Private,,,2001,,,,0,,,,,,0,0,0,0,0,,,,,,0,0,0,0,0,GEN-GLID
11102,"2021-11-08 16:26:52","2026-02-08 08:05:38",C87EE8,"New Zealand","New Zealand","",,,,"",,"",ZZZZ,"","",,,,,,"",,,,,,"",0,,,,,,0,0,0,0,0,Missing,,,"","",0,0,0,0,0,GEN-ZZZZ
766556,"2023-10-30 20:59:55","2026-02-08 08:05:38",43BF96,"United Kingdom","United Kingdom","",,,,"",,"",ZANT,"","",,,,,,"",,,,,,"",0,,,,,,0,0,0,0,0,Missing,,,"","",0,0,0,0,0,ZANT
31100974,"2026-02-08 08:02:58","2026-02-08 08:02:58",3FC4F2,Germany,Germany,D-OMAC,,,,,,Cameron,BALL,"Cameron N-90 Hot Air Balloon",10239,,,,,,Private,,,,,,,0,,,,,,0,0,0,0,0,,,,,,0,0,0,0,0,GEN-BALL
31100532,"2026-02-08 07:57:45","2026-02-08 07:57:45",A37C81,"United States","United States",N3235E,,,,,,Aeronca,AR11,"Aeronca Chief 11AC",11AC-1588,,,,,,Private,,,1947,,,,0,,,,,,0,0,0,0,0,,,,,,0,0,0,0,0,GEN-AR11
31099961,"2026-02-08 07:51:08","2026-02-08 07:51:08",ADD560,"United States","United States",N99026,,,,,,ERCO,ERCO,"Ercoupe 415-C",1649,,,,,,Private,,,1946,,,,0,,,,,,0,0,0,0,0,,,,,,0,0,0,0,0,GEN-ERCO
31099413,"2026-02-08 07:44:20","2026-02-08 07:44:20",A5BFF5,"United States","United States",N47NH,,,,,,Robinson,R22,"Robinson R22 Beta",1192,,,,,,Private,,,,,,,0,,,,,,0,0,0,0,0,,,,,,0,0,0,0,0,GEN-R22
31099291,"2026-02-08 07:42:53","2026-02-08 07:42:53",A72D62,"United States","United States",N5613,,,,,,"Amateur Built",ZZZZ,"Amateur Built Jodel F.10",F4508,,,,,,Private,,,1969,,,,0,,,,,,0,0,0,0,0,,,,,,0,0,0,0,0,GEN-ZZZZ
31098749,"2026-02-08 07:36:24","2026-02-08 07:36:24",A68AA8,"United States","United States",N520TS,,,,,,"Air Command",CMDE,"Air Command 503 Commander",X7106,,,,,,Private,,,,,,,0,,,,,,0,0,0,0,0,,,,,,0,0,0,0,0,GEN-CMDE
31098286,"2026-02-08 07:31:15","2026-02-08 07:31:15",AA0068,"United States","United States",N74322,,,,,,Bellanca,B14A,"Bellanca Cruisair Senior 14-13-2",1435,,,,,,Private,,,1947,,,,0,,,,,,0,0,0,0,0,,,,,,0,0,0,0,0,GEN-B14A
31096331,"2026-02-08 07:08:26","2026-02-08 07:08:26",AB8521,"United States","United States",N841SA,,,,,,Robinson,R44,"Robinson R44 Raven II",12302,,,,,,Private,,,,,,,0,,,,,,0,0,0,0,0,,,,,,0,0,0,0,0,GEN-R44
31095754,"2026-02-08 07:01:19","2026-02-08 07:01:19",4B288C,Switzerland,Switzerland,HB-PJG,,,,,,Piper,P46T,"Piper PA-46-500TP",4697125,,,,,,"Aviatics PA46 AG",,,2001,,,,0,,,,,,0,0,0,0,0,,,,,,0,0,0,0,0,GEN-P46T
31095411,"2026-02-08 06:57:38","2026-02-08 06:57:38",731A31,Iran,Iran,EP-FQQ,,,,,,Airbus,A320,"Airbus A320 214",611,,,,,,"Qeshm Air",,,1996,,,,0,,,,,,0,0,0,0,0,,,,,,0,0,0,0,0,QSM
31095085,"2026-02-08 06:52:26","2026-02-08 06:52:26",C07675,Canada,Canada,C-GSWI,,,,,,Cessna,C182,"Cessna 182P Skylane",18264982,,,,,,Private,,,1976,,,,0,,,,,,0,0,0,0,0,,,,,,0,0,0,0,0,GEN-C182
31094916,"2026-02-08 06:50:33","2026-02-08 06:50:33",ACB7EB,"United States","United States",N9188Z,,,,,,Schweizer,GLID,"Schweizer SGS 2-8",24,,,,,,Private,,,1960,,,,0,,,,,,0,0,0,0,0,,,,,,0,0,0,0,0,GEN-GLID
31094835,"2026-02-08 06:49:32","2026-02-08 06:49:32",AB5700,"United States","United States",N83LE,,,,,,Rutan,LGEZ,"Rutan Long-Ez",890,,,,,,Private,,,1984,,,,0,,,,,,0,0,0,0,0,,,,,,0,0,0,0,0,GEN-LGEZ
31093010,"2026-02-08 06:27:19","2026-02-08 06:27:19",A4D6DE,"United States","United States",N41027,,,,,,Piper,J3,"Piper J-3 L-65 Cub",7681,,,,,,Private,,,1941,,,,0,,,,,,0,0,0,0,0,,,,,,0,0,0,0,0,GEN-J3
31091842,"2026-02-08 06:13:50","2026-02-08 06:13:50",A291DC,"United States","United States",N265DA,,,,,,Cessna,C25M,"Cessna Citation M2",525-0833,,,,,,"Buckhorn Draw LLC",,,2014,,,,0,,,,,,0,0,0,0,0,,,,,,0,0,0,0,0,GEN-C25M
31090444,"2026-02-08 05:58:36","2026-02-08 05:58:36",401A55,"United Kingdom","United Kingdom",G-ABUS,,,,,,Comper,ZZZZ,"Comper CLA.7 Swift",S.32/4,,,,,,Private,,,1932,,,,0,,,,,,0,0,0,0,0,,,,,,0,0,0,0,0,GEN-ZZZZ
31089204,"2026-02-08 05:41:58","2026-02-08 05:41:58",A32355,"United States","United States",N301DA,,,,,,Robinson,R22,"Robinson R22 Beta II",3533,,,,,,Private,,,,,,,0,,,,,,0,0,0,0,0,,,,,,0,0,0,0,0,GEN-R22
31089131,"2026-02-08 05:41:18","2026-02-08 05:41:18",A4A79C,"United States","United States",N3997Y,,,,,,Cessna,C210,"Cessna 210D Centurion",21058497,,,,,,Private,,,1964,,,,0,,,,,,0,0,0,0,0,,,,,,0,0,0,0,0,GEN-C210
31089055,"2026-02-08 05:40:12","2026-02-08 05:40:12",A0C1D0,"United States","United States",N148QK,,,,,,"Quest Aircraft Company",KODI,"Quest Aircraft Company Kodiak 100",100-0148,,,,,,"Maviation LLC",,,2015,,,,0,,,,,,0,0,0,0,0,,,,,,0,0,0,0,0,GEN-KODI
31088133,"2026-02-08 05:28:44","2026-02-08 05:28:44",459B1A,Denmark,Denmark,OY-FXZ,,,,,,Schempp-Hirth,GLID,"Schempp-Hirth Duo Discus",334,,,,,,Private,,,2002,,,,0,,,,,,0,0,0,0,0,,,,,,0,0,0,0,0,GEN-GLID
31087973,"2026-02-08 05:26:37","2026-02-08 05:26:37",AADED9,"United States","United States",N8TE,,,,,,CASA,BU31,"CASA Jungmann 1-131E",2034,,,,,,Private,,,,,,,0,,,,,,0,0,0,0,0,,,,,,0,0,0,0,0,GEN-BU31
31087393,"2026-02-08 05:19:15","2026-02-08 05:19:15",43C0E7,"United Kingdom","United Kingdom",XX170,,,,,,"Hawker Siddeley",HAWK,"Hawker Siddeley Hawk T.1",41H-312017,,,,,,"Royal Navy",,,1976,,,,0,,,,,,1,0,0,0,0,,,,,,0,0,0,0,0,
31087157,"2026-02-08 05:16:25","2026-02-08 05:16:25",A57338,"United States","United States",N450MJ,,,,,,Robinson,R44,"Robinson R44 Raven",1285,,,,,,Private,,,,,,,0,,,,,,0,0,0,0,0,,,,,,0,0,0,0,0,GEN-R44
31087034,"2026-02-08 05:14:44","2026-02-08 05:14:44",AD1C4E,"United States","United States",N944CZ,,,,,,"Cirrus Design",S22T,"Cirrus Design SR22T",1944,,,,,,Private,,,,,,,0,,,,,,0,0,0,0,0,,,,,,0,0,0,0,0,GEN-S22T
31086964,"2026-02-08 05:14:04","2026-02-08 05:14:04",402893,"United Kingdom","United Kingdom",G-BNHG,,,,,,Piper,PA38,"Piper PA-38 112 Tomahawk",38-82A0030,,,,,,"Highland Aviation Training Ltd",,,,,,,0,,,,,,0,0,0,0,0,,,,,,0,0,0,0,0,GEN-PA38
31085830,"2026-02-08 04:59:34","2026-02-08 04:59:34",A23B6F,"United States","United States",N243D,,,,,,Hughes,H500,"Hughes OH-6A Cayuse",1203,,,,,,Private,,,,,,,0,,,,,,0,0,0,0,0,,,,,,0,0,0,0,0,GEN-H500
31085657,"2026-02-08 04:57:21","2026-02-08 04:57:21",A28673,"United States","United States",N262AH,,,,,,"Airbus Helicopters",AS50,"Airbus Helicopters Squirrel AS.350 B3",8110,,,,,,"Airbus Helicopters Inc",,,,,,,0,,,,,,0,0,0,0,0,,,,,,0,0,0,0,0,GEN-AS50
31085618,"2026-02-08 04:56:46","2026-02-08 04:56:46",A6AA21,"United States","United States",N5288L,,,,,,Piper,P28A,"Piper PA-28 180 Cherokee D",28-4589,,,,,,Private,,,,,,,0,,,,,,0,0,0,0,0,,,,,,0,0,0,0,0,GEN-P28A
31084539,"2026-02-08 04:43:20","2026-02-08 04:43:20",A6BE04,"United States","United States",N53301,,,,,,Cessna,C152,"Cessna 152",15283530,,,,,,Private,,,1979,,,,0,,,,,,0,0,0,0,0,,,,,,0,0,0,0,0,GEN-C152
31084123,"2026-02-08 04:37:49","2026-02-08 04:37:49",A7BE7A,"United States","United States",N5987P,,,,,,Piper,PA24,"Piper PA-24 250 Comanche",24-1080,,,,,,Private,,,1959,,,,0,,,,,,0,0,0,0,0,,,,,,0,0,0,0,0,GEN-PA24
31083208,"2026-02-08 04:25:54","2026-02-08 04:25:54",A2CD5C,"United States","United States",N28TS,,,,,,"Hawker Siddeley",H25A,"Hawker Siddeley 125 600A",256009,,,,,,"MFR Associates LLC",,,,,,,0,,,,,,0,0,0,0,0,,,,,,0,0,0,0,0,GEN-H25A
31083185,"2026-02-08 04:25:44","2026-02-08 04:25:44",A934C8,"United States","United States",N6922F,,,,,,Cessna,C150,"Cessna 150F",15063522,,,,,,Private,,,1966,,,,0,,,,,,0,0,0,0,0,,,,,,0,0,0,0,0,GEN-C150
31082368,"2026-02-08 04:14:28","2026-02-08 04:14:28",AD6035,"United States","United States",N961DN,,,,,,"McDonnell Douglas",MD90,"McDonnell Douglas MD-90 30",53531,,,,,,"Delta Air Lines",,,1998,,,,0,,,,,,0,0,0,0,0,,,,,,0,0,0,0,0,GEN-MD90
31082154,"2026-02-08 04:11:03","2026-02-08 04:11:03",AE12CC,"United States","United States",66-0223,,,,,,Lockheed,C130,"Lockheed MC-130P Hercules",4185,,,,,,"United States Air Force",,,1967,,,,0,,,,,,1,0,0,0,0,,,,,,0,0,0,0,0,RCH
31082134,"2026-02-08 04:10:41","2026-02-08 04:10:41",4A81A2,Sweden,Sweden,SE-LGY,,,,,,"British Aerospace",ATP,"British Aerospace ATP",2035,,,,,,"West Atlantic",,,1991,,,,0,,,,,,0,0,0,0,0,,,,,,0,0,0,0,0,SWN
31082123,"2026-02-08 04:10:31","2026-02-08 04:10:31",3D0FA0,Germany,Germany,D-EEEA,,,,,,Tecnam,P208,"Tecnam P.2008 JC",1003,,,,,,Private,,,,,,,0,,,,,,0,0,0,0,0,,,,,,0,0,0,0,0,GEN-P208
31082046,"2026-02-08 04:09:15","2026-02-08 04:09:15",A75C28,"United States","United States",N57316,,,,,,Piper,P28B,"Piper PA-28 235 Cherokee C",28-7410042,,,,,,Private,,,1973,,,,0,,,,,,0,0,0,0,0,,,,,,0,0,0,0,0,GEN-P28B
31080680,"2026-02-08 03:50:38","2026-02-08 03:50:38",A8566A,"United States","United States",N6360M,,,,,,Stinson,S108,"Stinson Voyager 108-3",108-4360,,,,,,Private,,,1948,,,,0,,,,,,0,0,0,0,0,,,,,,0,0,0,0,0,GEN-S108
31080565,"2026-02-08 03:48:54","2026-02-08 03:48:54",4B42F8,Switzerland,Switzerland,HB-ZJK,,,,,,Robinson,R44,"Robinson R44 Raven II",12182,,,,,,"Mountain Flyers 80 Ltd",,,2008,,,,0,,,,,,0,0,0,0,0,,,,,,0,0,0,0,0,GEN-R44
31079138,"2026-02-08 03:30:08","2026-02-08 03:30:08",ADDCDD,"United States","United States",N9923L,,,,,,"American Aviation",AA1,"American Aviation AA-1B",AA1B-0223,,,,,,Private,,,,,,,0,,,,,,0,0,0,0,0,,,,,,0,0,0,0,0,GEN-AA1
31078036,"2026-02-08 03:14:31","2026-02-08 03:14:31",A79CEA,"United States","United States",N59VA,,,,,,Vans,RV9,"Vans RV-9 A",90928,,,,,,Private,,,2006,,,,0,,,,,,0,0,0,0,0,,,,,,0,0,0,0,0,GEN-RV9
31078037,"2026-02-08 03:14:31","2026-02-08 03:14:31",3852A1,France,France,F-BUVB,,,,,,Cessna,C77R,"Cessna 177 Cardinal RG",177RG0094,,,,,,Private,,,1971,,,,0,,,,,,0,0,0,0,0,,,,,,0,0,0,0,0,GEN-C77R
31077010,"2026-02-08 02:59:32","2026-02-08 02:59:32",A86389,"United States","United States",N64GS,,,,,,Vans,RV4,"Vans RV-4",42,,,,,,Private,,,,,,,0,,,,,,0,0,0,0,0,,,,,,0,0,0,0,0,GEN-RV4
31076739,"2026-02-08 02:56:12","2026-02-08 02:56:12",39B9F2,France,France,F-HOPS,,,,,,Eurocopter,AS55,"Eurocopter Twin Squirrel AS.355 N",5692,,,,,,Private,,,2001,,,,0,,,,,,0,0,0,0,0,,,,,,0,0,0,0,0,GEN-AS55
31076086,"2026-02-08 02:46:57","2026-02-08 02:46:57",A979BC,"United States","United States",N71AH,,,,,,Rockwell,AC90,"Rockwell Turbo Commander 690",11006,,,,,,"Sky West Aviation Inc Trustee",,,1972,,,,0,,,,,,0,0,0,0,0,,,,,,0,0,0,0,0,GEN-AC90
31075909,"2026-02-08 02:44:30","2026-02-08 02:44:30",A325DD,"United States","United States",N3013U,,,,,,Cessna,C172,"Cessna 172H Skyhawk",17255123,,,,,,Private,,,1966,,,,0,,,,,,0,0,0,0,0,,,,,,0,0,0,0,0,GEN-C172
31075432,"2026-02-08 02:38:08","2026-02-08 02:38:08",E80288,Chile,Chile,CC-ARQ,,,,,,Boeing,B733,"Boeing 737 33R/W",28869,,,,,,"Latin American Wings",,,1997,,,,0,,,,,,0,0,0,0,0,,,,,,0,0,0,0,0,JMR
31075334,"2026-02-08 02:37:01","2026-02-08 02:37:01",A046E4,"United States","United States",N117HA,,,,,,"Helicopteres Guimbal",G2CA,"Helicopteres Guimbal Cabri G2",1144,,,,,,"Aircraft Guaranty Corp Trustee",,,,,,,0,,,,,,0,0,0,0,0,,,,,,0,0,0,0,0,GEN-G2CA
31074387,"2026-02-08 02:24:20","2026-02-08 02:24:20",0AC339,Colombia,Colombia,HK-5154,,,,,,"Gulfstream Aerospace",G200,"Gulfstream Aerospace G200",063,,,,,,"Servicio Aereo de Capugargana SA",,,2002,,,,0,,,,,,0,0,0,0,0,,,,,,0,0,0,0,0,GEN-G200
31074126,"2026-02-08 02:21:01","2026-02-08 02:21:01",A0D93B,"United States","United States",N154BY,,,,,,"Diamond Aircraft",DA40,"Diamond Aircraft Diamond Star DA40 NG",40.N302,,,,,,Private,,,,,,,0,,,,,,0,0,0,0,0,,,,,,0,0,0,0,0,GEN-DA40
31073666,"2026-02-08 02:14:34","2026-02-08 02:14:34",39E0A2,France,France,F-HYFC,,,,,,"Tomark Aero",SD4,"Tomark Aero SD-4 Viper",20358,,,,,,Private,,,,,,,0,,,,,,0,0,0,0,0,,,,,,0,0,0,0,0,GEN-SD4
31072837,"2026-02-08 02:03:06","2026-02-08 02:03:06",A90EA7,"United States","United States",N683D,,,,,,Beech,BE35,"Beech Bonanza C35",D-2958,,,,,,Private,,,1951,,,,0,,,,,,0,0,0,0,0,,,,,,0,0,0,0,0,GEN-BE35
31072113,"2026-02-08 01:53:20","2026-02-08 01:53:20",3E174A,Germany,Germany,D-IAAC,,,,,,Cessna,C441,"Cessna 441 Conquest II",441-0073,,,,,,"CCF Manager Airline GmbH",,,,,,,0,,,,,,0,0,0,0,0,,,,,,0,0,0,0,0,GEN-C441
31070947,"2026-02-08 01:38:18","2026-02-08 01:38:18",A016BB,"United States","United States",N1046A,,,,,,Piper,PA18,"Piper PA-18 Super Cub",18-615,,,,,,Private,,,,,,,0,,,,,,0,0,0,0,0,,,,,,0,0,0,0,0,GEN-PA18
31070336,"2026-02-08 01:29:57","2026-02-08 01:29:57",C005AD,Canada,Canada,CF-CDW,,,,,,Piel,CP30,"Piel Emeraude CP.301A",WEM649,,,,,,Private,,,,,,,0,,,,,,0,0,0,0,0,,,,,,0,0,0,0,0,GEN-CP30
31069717,"2026-02-08 01:21:07","2026-02-08 01:21:07",A52970,"United States","United States",N43117,,,,,,Taylorcraft,TAYB,"Taylorcraft BC-12D",6776,,,,,,Private,,,1946,,,,0,,,,,,0,0,0,0,0,,,,,,0,0,0,0,0,GEN-TAYB
31069400,"2026-02-08 01:17:02","2026-02-08 01:17:02",3F28AF,Germany,Germany,D-OBHV,,,,,,Cameron,BALL,"Cameron Z-105 Hot Air Balloon",10352,,,,,,Private,,,2003,,,,0,,,,,,0,0,0,0,0,,,,,,0,0,0,0,0,GEN-BALL
31069265,"2026-02-08 01:15:22","2026-02-08 01:15:22",80061A,India,India,VT-DEB,,,,,,"Avions de Transport Regional",AT72,"Avions de Transport Regional ATR 72 202",456,,,,,,"Simplifly Deccan",,,1995,,,,0,,,,,,0,0,0,0,0,,,,,,0,0,0,0,0,GEN-AT72
31068326,"2026-02-08 01:02:32","2026-02-08 01:02:32",780449,China,China,B-5362,,,,,,Boeing,B738,"Boeing 737NG 86J/W",30499,,,,,,"Shenzhen Airlines",,,2000,,,,0,,,,,,0,0,0,0,0,,,,,,0,0,0,0,0,CSZ
31068327,"2026-02-08 01:02:32","2026-02-08 01:02:32",AB8A61,"United States","United States",N8425U,,,,,,Cessna,C172,"Cessna 172F Skyhawk",17252325,,,,,,Private,,,,,,,0,,,,,,0,0,0,0,0,,,,,,0,0,0,0,0,GEN-C172
31067587,"2026-02-08 00:52:49","2026-02-08 00:52:49",A1CB3B,"United States","United States",N21433,,,,,,Piper,P32T,"Piper PA-32R T-300T Turbo Lance II",32R-7887208,,,,,,Private,,,1978,,,,0,,,,,,0,0,0,0,0,,,,,,0,0,0,0,0,GEN-P32T
31067580,"2026-02-08 00:52:44","2026-02-08 00:52:44",A18134,"United States","United States",N19628,,,,,,Cessna,C172,"Cessna 172L Skyhawk",17260622,,,,,,Private,,,1972,,,,0,,,,,,0,0,0,0,0,,,,,,0,0,0,0,0,GEN-C172
31067284,"2026-02-08 00:51:25","2026-02-08 00:51:25",780383,China,China,B-3993,,,,,,"Raytheon Aircraft Company",H25B,"Raytheon Aircraft Company 125 800XP",258525,,,,,,"Shanghai Deer Jet Company",,,,,,,0,,,,,,0,0,0,0,0,,,,,,0,0,0,0,0,GEN-H25B
28867318,"2026-02-08 00:51:22","2026-02-08 00:51:22",3F725F,Germany,Germany,45+92,,,,,,,TOR,"Panavia Tornado",,,,,,,"German Air Force",,,,,,"JT: 2026-02-08 00:51:22",0,,,,,,1,0,0,0,0,,,,,,0,0,0,0,0,GAF-TOR
29438545,"2026-02-08 00:51:22","2026-02-08 00:51:22",3EA3BC,Germany,Germany,82+0?,,,,,,,AS32,"Eurocopter AS 532UC Cougar",,,,,,,"German Air Force",,,,,,"JT: 2026-02-08 00:51:22",0,,,,,,1,0,0,0,0,,,,,,0,0,0,0,0,GAF-AS32
29487777,"2026-02-08 00:51:22","2026-02-08 00:51:22",3C55C4,Germany,Germany,D-AEND,,,,,,,GLEX,"Bombardier Global 6000",,,,,,,Unknown,,,,,,"JT: 2026-02-08 00:51:22",0,,,,,,0,0,0,0,0,,,,,,0,0,0,0,0,GAF
29487862,"2026-02-08 00:51:22","2026-02-08 00:51:22",3EADA2,Germany,Germany,3?+??,,,,,,,EUFI,"Eurofighter Typhoon EF2000",,,,,,,"German Air Force",,,,,,"JT: 2026-02-08 00:51:22",0,,,,,,1,0,0,0,0,,,,,,0,0,0,0,0,GAF-EUFI
29488112,"2026-02-08 00:51:22","2026-02-08 00:51:22",3FB5F0,Germany,Germany,3?+??,,,,,,,EUFI,"Eurofighter Typhoon EF2000",,,,,,,"German Air Force",,,,,,"JT: 2026-02-08 00:51:22",0,,,,,,1,0,0,0,0,,,,,,0,0,0,0,0,GAF-EUFI
29488159,"2026-02-08 00:51:22","2026-02-08 00:51:22",3F8D29,Germany,Germany,30+65,,,,,,,EUFI,"Eurofighter Typhoon EF2000",,,,,,,"German Air Force",,,,,,"JT: 2026-02-08 00:51:22",0,,,,,,1,0,0,0,0,,,,,,0,0,0,0,0,GAF-EUFI
29488173,"2026-02-08 00:51:22","2026-02-08 00:51:22",3F4DB2,Germany,Germany,30+97,,,,,,,EUFI,"Eurofighter Typhoon EF2000",,,,,,,"German Air Force",,,,,,"JT: 2026-02-08 00:51:22",0,,,,,,1,0,0,0,0,,,,,,0,0,0,0,0,GAF-EUFI
29488349,"2026-02-08 00:51:22","2026-02-08 00:51:22",3EA24A,Germany,Germany,46+11,,,,,,,TOR,"Panavia Tornado",,,,,,,"German Air Force",,,,,,"JT: 2026-02-08 00:51:22",0,,,,,,1,0,0,0,0,,,,,,0,0,0,0,0,GAF-TOR
29488394,"2026-02-08 00:51:22","2026-02-08 00:51:22",3E8A18,Germany,Germany,74+??,,,,,,,TIGR,"Eurocopter EC.665 Tiger",,,,,,,"German Army",,,,,,"JT: 2026-02-08 00:51:22",0,,,,,,1,0,0,0,0,,,,,,0,0,0,0,0,GAM-TIGR
29488401,"2026-02-08 00:51:22","2026-02-08 00:51:22",3E8D58,Germany,Germany,74+??,,,,,,,TIGR,"Eurocopter EC.665 Tiger",,,,,,,"German Army",,,,,,"JT: 2026-02-08 00:51:22",0,,,,,,1,0,0,0,0,,,,,,0,0,0,0,0,GAM-TIGR
29488492,"2026-02-08 00:51:22","2026-02-08 00:51:22",3F54E3,Germany,Germany,74+??,,,,,,,TIGR,"Eurocopter EC.665 Tiger",,,,,,,"German Army",,,,,,"JT: 2026-02-08 00:51:22",0,,,,,,1,0,0,0,0,,,,,,0,0,0,0,0,GAM-TIGR
29488652,"2026-02-08 00:51:22","2026-02-08 00:51:22",3E958B,Germany,Germany,76+??,,,,,,,EC45,"Airbus Helicopters H-145M",,,,,,,"German Army",,,,,,"JT: 2026-02-08 00:51:22",0,,,,,,1,0,0,0,0,,,,,,0,0,0,0,0,GAM-EC45
29488787,"2026-02-08 00:51:22","2026-02-08 00:51:22",3E9F07,Germany,Germany,77+??,,,,,,,EC45,"Airbus Helicopters H-145M",,,,,,,"German Army",,,,,,"JT: 2026-02-08 00:51:22",0,,,,,,1,0,0,0,0,,,,,,0,0,0,0,0,GAM-EC45
29488835,"2026-02-08 00:51:22","2026-02-08 00:51:22",3E8321,Germany,Germany,7?+??,,,,,,,NH90,"NHIndustries NH90-TTH",,,,,,,"German Army",,,,,,"JT: 2026-02-08 00:51:22",0,,,,,,1,0,0,0,0,,,,,,0,0,0,0,0,GAM-NH90
29489084,"2026-02-08 00:51:22","2026-02-08 00:51:22",3F933C,Germany,Germany,7?+??,,,,,,,NH90,"NHIndustries NH90-TTH",,,,,,,"German Army",,,,,,"JT: 2026-02-08 00:51:22",0,,,,,,1,0,0,0,0,,,,,,0,0,0,0,0,GAM-NH90
29489225,"2026-02-08 00:51:22","2026-02-08 00:51:22",3E9ADC,Germany,Germany,82+0?,,,,,,,AS32,"Eurocopter AS 532UC Cougar",,,,,,,"German Air Force",,,,,,"JT: 2026-02-08 00:51:22",0,,,,,,1,0,0,0,0,,,,,,0,0,0,0,0,GAF-AS32
29489432,"2026-02-08 00:51:22","2026-02-08 00:51:22",3FBDC8,Germany,Germany,83+23,,,,,,,LYNX,"Westland Lynx Mk.88A",,,,,,,"German Navy",,,,,,"JT: 2026-02-08 00:51:22",0,,,,,,1,0,0,0,0,,,,,,0,0,0,0,0,GNY-LYNX
29489474,"2026-02-08 00:51:22","2026-02-08 00:51:22",3E8C88,Germany,Germany,8?+??,,,,,,,H53,"Sikorsky CH-53GA Stallion",,,,,,,"German Air Force",,,,,,"JT: 2026-02-08 00:51:22",0,,,,,,1,0,0,0,0,,,,,,0,0,0,0,0,GAF-H53
29489496,"2026-02-08 00:51:22","2026-02-08 00:51:22",3E954B,Germany,Germany,8?+??,,,,,,,H53,"Sikorsky CH-53GA Stallion",,,,,,,"German Air Force",,,,,,"JT: 2026-02-08 00:51:22",0,,,,,,1,0,0,0,0,,,,,,0,0,0,0,0,GAF-H53
29489620,"2026-02-08 00:51:22","2026-02-08 00:51:22",3F4583,Germany,Germany,8?+??,,,,,,,H53,"Sikorsky CH-53GA Stallion",,,,,,,"German Air Force",,,,,,"JT: 2026-02-08 00:51:22",0,,,,,,1,0,0,0,0,,,,,,0,0,0,0,0,GAF-H53
29489703,"2026-02-08 00:51:22","2026-02-08 00:51:22",3F6405,Germany,Germany,8?+??,,,,,,,H53,"Sikorsky CH-53GA Stallion",,,,,,,"German Air Force",,,,,,"JT: 2026-02-08 00:51:22",0,,,,,,1,0,0,0,0,,,,,,0,0,0,0,0,GAF-H53
29489742,"2026-02-08 00:51:22","2026-02-08 00:51:22",3F75A1,Germany,Germany,8?+??,,,,,,,H53,"Sikorsky CH-53GA Stallion",,,,,,,"German Air Force",,,,,,"JT: 2026-02-08 00:51:22",0,,,,,,1,0,0,0,0,,,,,,0,0,0,0,0,GAF-H53
29489780,"2026-02-08 00:51:22","2026-02-08 00:51:22",3F80B6,Germany,Germany,8?+??,,,,,,,H53,"Sikorsky CH-53GA Stallion",,,,,,,"German Air Force",,,,,,"JT: 2026-02-08 00:51:22",0,,,,,,1,0,0,0,0,,,,,,0,0,0,0,0,GAF-H53
29489811,"2026-02-08 00:51:22","2026-02-08 00:51:22",3F8DFB,Germany,Germany,8?+??,,,,,,,H53,"Sikorsky CH-53GA Stallion",,,,,,,"German Air Force",,,,,,"JT: 2026-02-08 00:51:22",0,,,,,,1,0,0,0,0,,,,,,0,0,0,0,0,GAF-H53
29489850,"2026-02-08 00:51:22","2026-02-08 00:51:22",3F9D56,Germany,Germany,8?+??,,,,,,,H53,"Sikorsky CH-53GA Stallion",,,,,,,"German Air Force",,,,,,"JT: 2026-02-08 00:51:22",0,,,,,,1,0,0,0,0,,,,,,0,0,0,0,0,GAF-H53
29489918,"2026-02-08 00:51:22","2026-02-08 00:51:22",3FBBEF,Germany,Germany,8?+??,,,,,,,H53,"Sikorsky CH-53GA Stallion",,,,,,,"German Air Force",,,,,,"JT: 2026-02-08 00:51:22",0,,,,,,1,0,0,0,0,,,,,,0,0,0,0,0,GAF-H53
29490034,"2026-02-08 00:51:22","2026-02-08 00:51:22",3F753B,Germany,Germany,??+??,,,,,,,FFLO,"Rheinmetall KZO",,,,,,,Unknown,,,,,,"JT: 2026-02-08 00:51:22",0,,,,,,1,0,0,0,0,,,,,,0,0,0,0,0,GAF
31067257,"2026-02-08 00:49:49","2026-02-08 00:49:49",A5D95A,"United States","United States",N476WB,,,,,,Bell,B407,"Bell 407",54122,,,,,,Private,,,2012,,,,0,,,,,,0,0,0,0,0,,,,,,0,0,0,0,0,GEN-B407
31067234,"2026-02-08 00:49:30","2026-02-08 00:49:30",78052D,China,China,B-5432,,,,,,Boeing,B738,"Boeing 737NG 86N/W",35641,,,,,,"Xiamen Airlines",,,2009,,,,0,,,,,,0,0,0,0,0,,,,,,0,0,0,0,0,CXA
31066927,"2026-02-08 00:45:25","2026-02-08 00:45:25",3CD422,Germany,Germany,D-AEAB,,,,,,Airbus,A306,"Airbus A300 B4-622RF",837,,,,,,"DHL Air",,,2002,,,,0,,,,,,0,0,0,0,0,,,,,,0,0,0,0,0,BCS
31066802,"2026-02-08 00:43:45","2026-02-08 00:43:45",A6E7DD,"United States","United States",N544MB,,,,,,Bell,B429,"Bell 429 Global Ranger",57247,,,,,,"Bell Helicopter Textron Inc",,,,,,,0,,,,,,0,0,0,0,0,,,,,,0,0,0,0,0,GEN-B429
31066511,"2026-02-08 00:39:26","2026-02-08 00:39:26",ABEF9B,"United States","United States",N8685E,,,,,,"Amateur Built",GYRO,"Amateur Built Bensen Gyrocopter B.8M",LR1,,,,,,Private,,,1960,,,,0,,,,,,0,0,0,0,0,,,,,,0,0,0,0,0,GEN-GYRO
31064828,"2026-02-08 00:16:23","2026-02-08 00:16:23",4A34A9,Romania,Romania,YR-MEI,,,,,,IAR,IR23,IAR.823,38,,,,,,Private,,,,,,,0,,,,,,0,0,0,0,0,,,,,,0,0,0,0,0,GEN-IR23
31064569,"2026-02-08 00:12:46","2026-02-08 00:12:46",A28CB6,"United States","United States",N26310,,,,,,Aeronca,AR50,"Aeronca Chief 50-C",C-7750,,,,,,Private,,,1940,,,,0,,,,,,0,0,0,0,0,,,,,,0,0,0,0,0,GEN-AR50
31064354,"2026-02-08 00:10:00","2026-02-08 00:10:00",880049,Thailand,Thailand,60201,,,,,,Airbus,A310,"Airbus A310 324",591,,,,,,"Royal Thai Air Force",,,1991,,,,0,,,,,,1,0,0,0,0,,,,,,0,0,0,0,0,
31063881,"2026-02-08 00:03:36","2026-02-08 00:03:36",0D043B,Mexico,Mexico,XA-AET,,,,,,"Hawker Beechcraft Corp",H25B,"Hawker Beechcraft Corp Hawker 900XP",HA-0045,,,,,,"Aereo Taxi Mexicana SA",,,2008,,,,0,,,,,,0,0,0,0,0,,,,,,0,0,0,0,0,GEN-H25B
