AircraftID,FirstCreated,LastModified,ModeS,ModeSCountry,Country,Registration,CurrentRegDate,PreviousID,FirstRegDate,Status,DeRegDate,Manufacturer,ICAOTypeCode,Type,SerialNo,PopularName,GenericName,AircraftClass,Engines,OwnershipStatus,RegisteredOwners,MTOW,TotalHours,YearBuilt,CofACategory,CofAExpiry,UserNotes,Interested,UserTag,InfoURL,PictureURL1,PictureURL2,PictureURL3,UserBool1,UserBool2,UserBool3,UserBool4,UserBool5,UserString1,UserString2,UserString3,UserString4,UserString5,UserInt1,UserInt2,UserInt3,UserInt4,UserInt5,OperatorFlagCode
29635685,"2026-01-26 23:51:10","2026-01-26 23:51:10",A4E3EF,"United States","United States",N414KT,,,,,,Cessna,C414,"Cessna 414A Chancellor",414A0436,,,,,,Private,,,1979,,,,0,,,,,,0,0,0,0,0,,,,,,0,0,0,0,0,GEN-C414
29635299,"2026-01-26 23:45:56","2026-01-26 23:45:56",A30C28,"United States","United States",N296E,,,,,,Eagle,BALL,"Eagle C-7 Hot Air Balloon",E81708,,,,,,Private,,,1981,,,,0,,,,,,0,0,0,0,0,,,,,,0,0,0,0,0,GEN-BALL
29634440,"2026-01-26 23:34:58","2026-01-26 23:34:58",152B07,Russia,Russia,RA-76551,,,,,,Ilyushin,IL76,"Ilyushin IL-76 MD",0033445309,,,,,,"Russian Air Force",,,,,,,0,,,https://cdn.jetphotos.com/full/6/46343_1557731697.jpg,https://cdn.jetphotos.com/full/5/19070_1556812409.jpg,https://cdn.jetphotos.com/full/6/79435_1508673033.jpg,1,0,0,0,0,,,,,,0,0,0,0,0,
29634374,"2026-01-26 23:34:03","2026-01-26 23:34:03",A906EB,"United States","United States",N68098,,,,,,Oldfield,BLKS,"Oldfield Baby Lakes",CDK-1,,,,,,Private,,,1976,,,,0,,,,,,0,0,0,0,0,,,,,,0,0,0,0,0,GEN-BLKS
29632820,"2026-01-26 23:13:23","2026-01-26 23:13:23",A80351,"United States","United States",N615WM,,,,,,"Cirrus Design",SR22,"Cirrus Design SR22",2027,,,,,,Private,,,2006,,,,0,,,,,,0,0,0,0,0,,,,,,0,0,0,0,0,GEN-SR22
29631753,"2026-01-26 23:00:18","2026-01-26 23:00:18",A23432,"United States","United States",N241EZ,,,,,,Rutan,LGEZ,"Rutan Long-Ez",1250,,,,,,Private,,,,,,,0,,,,,,0,0,0,0,0,,,,,,0,0,0,0,0,GEN-LGEZ
29631553,"2026-01-26 22:57:38","2026-01-26 22:57:38",A3A7C5,"United States","United States",N3345U,,,,,,Cessna,C182,"Cessna 182F Skylane",18254745,,,,,,Private,,,,,,,0,,,,,,0,0,0,0,0,,,,,,0,0,0,0,0,GEN-C182
29630734,"2026-01-26 22:47:24","2026-01-26 22:47:24",AC6FBD,"United States","United States",N900FV,,,,,,DAHER-SOCATA,TBM9,"DAHER-SOCATA TBM 900",1077,,,,,,"Godish.Com LLC",,,2015,,,,0,,,,,,0,0,0,0,0,,,,,,0,0,0,0,0,GEN-TBM9
29630621,"2026-01-26 22:46:10","2026-01-26 22:46:10",A5750A,"United States","United States",N4504K,,,,,,Ryan,NAVI,"Ryan Navion",NAV-4-1504,,,,,,Private,,,1948,,,,0,,,,,,0,0,0,0,0,,,,,,0,0,0,0,0,GEN-NAVI
29630386,"2026-01-26 22:43:20","2026-01-26 22:43:20",800D7D,India,India,VT-SYM,,,,,,Boeing,B738,"Boeing 737NG 8BK/W",29685,,,,,,Spicejet,,,2007,,,,0,,,,,,0,0,0,0,0,,,,,,0,0,0,0,0,SEJ
29630331,"2026-01-26 22:42:34","2026-01-26 22:42:34",A2B85A,"United States","United States",N27445,,,,,,Taylorcraft,TAYB,"Taylorcraft BC -65",2087,,,,,,Private,,,1940,,,,0,,,,,,0,0,0,0,0,,,,,,0,0,0,0,0,GEN-TAYB
29630287,"2026-01-26 22:41:54","2026-01-26 22:41:54",C05A90,Canada,Canada,C-GIHR,,,,,,"Zénith",CH70,"Zénith Zenair STOL CH 701",7-2048,,,,,,Private,,,2001,,,,0,,,,,,0,0,0,0,0,,,,,,0,0,0,0,0,GEN-CH70
29629463,"2026-01-26 22:31:32","2026-01-26 22:31:32",A1D23D,"United States","United States",N21600,,,,,,Piper,PA44,"Piper PA-44 180 Seminole",44-7995057,,,,,,Private,,,1978,,,,0,,,,,,0,0,0,0,0,,,,,,0,0,0,0,0,GEN-PA44
29629261,"2026-01-26 22:29:03","2026-01-26 22:29:03",750477,Malaysia,Malaysia,9M-XBD,,,,,,Airbus,A333,"Airbus A330 343X",713,,,,,,"AirAsia X",,,2005,,,,0,,,,,,0,0,0,0,0,,,,,,0,0,0,0,0,XAX
29628633,"2026-01-26 22:21:33","2026-01-26 22:21:33",A69614,"United States","United States",N523WN,,,,,,Bell,UH1,"Bell UH-1H Iroquois",13222,,,,,,"Dpu Vietnam Helicopters",,,,,,,0,,,,,,0,0,0,0,0,,,,,,0,0,0,0,0,GEN-UH1
29628153,"2026-01-26 22:16:05","2026-01-26 22:16:05",A67B27,"United States","United States",N51678,,,,,,Enstrom,EN28,"Enstrom F-28 C",408,,,,,,Private,,,,,,,0,,,,,,0,0,0,0,0,,,,,,0,0,0,0,0,GEN-EN28
29627536,"2026-01-26 22:08:20","2026-01-26 22:08:20",3EEBC4,Germany,Germany,D-2861,,,,,,Glasflugel,GLID,"Glasflugel H206 C Hornet",96,,,,,,Private,,,1979,,,,0,,,,,,0,0,0,0,0,,,,,,0,0,0,0,0,GEN-GLID
29627115,"2026-01-26 22:03:14","2026-01-26 22:03:14",C063CF,Canada,Canada,C-GLUS,,,,,,Bombardier,GLEX,"Bombardier Global 6500",60028,,,,,,"Bombardier Inc",,,2020,,,,0,,,,,,0,0,0,0,0,,,,,,0,0,0,0,0,GEN-GLEX
29627092,"2026-01-26 22:03:03","2026-01-26 22:03:03",A9C024,"United States","United States",N72713,,,,,,Cessna,C140,"Cessna 140",9892,,,,,,Private,,,1946,,,,0,,,,,,0,0,0,0,0,,,,,,0,0,0,0,0,GEN-C140
29626680,"2026-01-26 21:58:15","2026-01-26 21:58:15",405D7C,"United Kingdom","United Kingdom",G-DCUD,,,,,,"Yorkshire Sailplanes",GLID,"Yorkshire Sailplanes YS-53 Sovereign",1574,,,,,,Private,,,,,,,0,,,,,,0,0,0,0,0,,,,,,0,0,0,0,0,GEN-GLID
29626458,"2026-01-26 21:55:24","2026-01-26 21:55:24",A9D40A,"United States","United States",N732SA,,,,,,Cessna,C210,"Cessna 210M Centurion",21061727,,,,,,Private,,,1977,,,,0,,,,,,0,0,0,0,0,,,,,,0,0,0,0,0,GEN-C210
29626080,"2026-01-26 21:50:57","2026-01-26 21:50:57",4040DF,"United Kingdom","United Kingdom",G-KDEY,,,,,,Scheibe,SF25,"Scheibe SF-25E Super Falke",4325,,,,,,Private,,,1976,,,,0,,,,,,0,0,0,0,0,,,,,,0,0,0,0,0,GEN-SF25
29625728,"2026-01-26 21:46:42","2026-01-26 21:46:42",ABB148,"United States","United States",N8521G,,,,,,Cessna,C310,"Cessna 310R",310R-0931,,,,,,Private,,,,,,,0,,,,,,0,0,0,0,0,,,,,,0,0,0,0,0,GEN-C310
29625055,"2026-01-26 21:38:54","2026-01-26 21:38:54",A9B239,"United States","United States",N7238Z,,,,,,Consolidated,CAT,"Consolidated Catalina PBY-5A",1774,,,,,,"Caribbean Airport Facilities Inc",,,,,,,0,,,,,,0,0,0,0,0,,,,,,0,0,0,0,0,GEN-CAT
29624943,"2026-01-26 21:37:51","2026-01-26 21:37:51",00A72C,"South Africa","South Africa",ZS-OVB,,,,,,Beech,BE58,"Beech Baron 58",TH-2013,,,,,,Private,,,2001,,,,0,,,,,,0,0,0,0,0,,,,,,0,0,0,0,0,GEN-BE58
29624851,"2026-01-26 21:36:45","2026-01-26 21:36:45",403384,"United Kingdom","United Kingdom",G-BTCZ,,,,,,Cameron,BALL,"Cameron 84 SS Hot Air Balloon Chateau",2246,,,,,,Private,,,1991,,,,0,,,,,,0,0,0,0,0,,,,,,0,0,0,0,0,GEN-BALL
29624515,"2026-01-26 21:33:19","2026-01-26 21:33:19",3F533D,Germany,Germany,86+95,,,,,,MBB,B105,"MBB Bo.105 P",6095,,,,,,"German Army",,,,,,,0,,,,,,1,0,0,0,0,,,,,,0,0,0,0,0,
29624244,"2026-01-26 21:30:05","2026-01-26 21:30:05",3EFB91,Germany,Germany,D-6906,,,,,,Schleicher,GLID,"Schleicher Ka 6 CR Rhonsegler",6001,,,,,,Private,,,1962,,,,0,,,,,,0,0,0,0,0,,,,,,0,0,0,0,0,GEN-GLID
29623484,"2026-01-26 21:21:10","2026-01-26 21:21:10",E08305,Argentina,Argentina,LV-HLE,,,,,,"Aero Commander",AC50,"Aero Commander Twin Commander 500B",500B-1127-73,,,,,,Private,,,,,,,0,,,,,,0,0,0,0,0,,,,,,0,0,0,0,0,GEN-AC50
29622537,"2026-01-26 21:10:05","2026-01-26 21:10:05",A4363A,"United States","United States",N3700Y,,,,,,Cessna,C210,"Cessna 210C",21058200,,,,,,Private,,,1963,,,,0,,,,,,0,0,0,0,0,,,,,,0,0,0,0,0,GEN-C210
29622079,"2026-01-26 21:04:48","2026-01-26 21:04:48",3FE088,Germany,Germany,D-OWLS,,,,,,GEFA-Flug,SHIP,"GEFA-Flug AS.105GD Hot Air Airship",0067,,,,,,Private,,,2013,,,,0,,,,,,0,0,0,0,0,,,,,,0,0,0,0,0,GEN-SHIP
29621434,"2026-01-26 20:57:37","2026-01-26 20:57:37",4CABB1,Ireland,Ireland,EI-FZZ,,,,,,Boeing,B738,"Boeing 737NG 800/W",44796,,,,,,Ryanair,,,2017,,,,0,,,,,,0,0,0,0,0,,,,,,0,0,0,0,0,RYR
29620648,"2026-01-26 20:48:37","2026-01-26 20:48:37",C09EE6,Canada,Canada,C-IIEN,,,,,,"Amateur Built",NPOR,"Amateur Built Nieuport 17 Ultralight",4831,,,,,,Private,,,,,,,0,,,,,,0,0,0,0,0,,,,,,0,0,0,0,0,GEN-NPOR
29619867,"2026-01-26 20:39:59","2026-01-26 20:39:59",AD0ABF,"United States","United States",N9399V,,,,,,Mooney,M20P,"Mooney M.20F Aerostar 220",700021,,,,,,Private,,,,,,,0,,,,,,0,0,0,0,0,,,,,,0,0,0,0,0,GEN-M20P
29619083,"2026-01-26 20:31:03","2026-01-26 20:31:03",3D3D67,Germany,Germany,D-EVMT,,,,,,Piper,P46T,"Piper PA-46 JetPROP",4636204,,,,,,Private,,,1999,,,,0,,,,,,0,0,0,0,0,,,,,,0,0,0,0,0,GEN-P46T
29617437,"2026-01-26 20:13:13","2026-01-26 20:13:13",A4A9EA,"United States","United States",N4WG,,,,,,"Israel Aircraft Industries",WW24,"Israel Aircraft Industries 1124 Westwind",200,,,,,,"Pilot Leasing Inc",,,1976,,,,0,,,,,,0,0,0,0,0,,,,,,0,0,0,0,0,GEN-WW24
29617246,"2026-01-26 20:10:50","2026-01-26 20:10:50",4048FD,"United Kingdom","United Kingdom",G-CCDM,,,,,,"Mainair Sports",ULAC,"Mainair Sports Mainair Blade",1352-0203-7-W1147,,,,,,Private,,,2003,,,,0,,,,,,0,0,0,0,0,,,,,,0,0,0,0,0,GEN-ULAC
29615199,"2026-01-26 19:47:50","2026-01-26 19:47:50",391E0C,France,France,F-GHQM,,,,,,Airbus,A320,"Airbus A320 211",237,,,,,,"Air France",,,1991,,,,0,,,,,,0,0,0,0,0,,,,,,0,0,0,0,0,AFR
27212,"2022-05-18 03:27:49","2026-01-26 19:21:13",48425C,Netherlands,Netherlands,"",,,,"",,"",-GND,"","",,,,,,"",,,,,,"",0,,,,,,0,0,0,0,0,Missing,,,"","",0,0,0,0,0,GEN--GND
29612788,"2026-01-26 19:19:49","2026-01-26 19:19:49",406851,"United Kingdom","United Kingdom",G-XCII,,,,,,Sikorsky,S92,"Sikorsky S-92 A",920174,,,,,,"Bristow Helicopters Ltd",,,2012,,,,0,,,,,,0,0,0,0,0,,,,,,0,0,0,0,0,BHL
29612604,"2026-01-26 19:17:51","2026-01-26 19:17:51",ADA947,"United States","United States",N98EZ,,,,,,Rutan,VEZE,"Rutan VariEze",106,,,,,,Private,,,1979,,,,0,,,,,,0,0,0,0,0,,,,,,0,0,0,0,0,GEN-VEZE
29612466,"2026-01-26 19:16:00","2026-01-26 19:16:00",ABC0DF,"United States","United States",N8566U,,,,,,Cessna,C172,"Cessna 172F Skyhawk",17252466,,,,,,Private,,,1965,,,,0,,,,,,0,0,0,0,0,,,,,,0,0,0,0,0,GEN-C172
29611881,"2026-01-26 19:08:42","2026-01-26 19:08:42",AA67E8,"United States","United States",N77NP,,,,,,Cessna,C180,"Cessna 180K Skywagon 180",18052937,,,,,,Private,,,1977,,,,0,,,,,,0,0,0,0,0,,,,,,0,0,0,0,0,GEN-C180
29611657,"2026-01-26 19:06:07","2026-01-26 19:06:07",A873C4,"United States","United States",N6437Y,,,,,,Piper,PA27,"Piper PA-23 Aztec 250C",27-3738,,,,,,Private,,,,,,,0,,,,,,0,0,0,0,0,,,,,,0,0,0,0,0,GEN-PA27
29611602,"2026-01-26 19:05:27","2026-01-26 19:05:27",A2E38F,"United States","United States",N28544,,,,,,"Grumman American",AA5,"Grumman American AA-5B Tiger",AA5B-0669,,,,,,Private,,,1977,,,,0,,,,,,0,0,0,0,0,,,,,,0,0,0,0,0,GEN-AA5
29610995,"2026-01-26 18:58:19","2026-01-26 18:58:19",AC8727,"United States","United States",N906TH,,,,,,Vans,RV9,"Vans RV-9 A",90680,,,,,,Private,,,,,,,0,,,,,,0,0,0,0,0,,,,,,0,0,0,0,0,GEN-RV9
29610996,"2026-01-26 18:58:19","2026-01-26 18:58:19",A911D8,"United States","United States",N6838M,,,,,,Stinson,S108,"Stinson Voyager 108-3",108-4838,,,,,,Private,,,1949,,,,0,,,,,,0,0,0,0,0,,,,,,0,0,0,0,0,GEN-S108
29610791,"2026-01-26 18:56:00","2026-01-26 18:56:00",A4D0E4,"United States","United States",N4093U,,,,,,Lindstrand,BALL,"Lindstrand LBL.90A Hot Air Balloon",5057,,,,,,Private,,,,,,,0,,,,,,0,0,0,0,0,,,,,,0,0,0,0,0,GEN-BALL
29610741,"2026-01-26 18:55:26","2026-01-26 18:55:26",A4E62D,"United States","United States",N4146G,,,,,,Cameron,BALL,"Cameron V-90 Hot Air Balloon",5736,,,,,,Private,,,1991,,,,0,,,,,,0,0,0,0,0,,,,,,0,0,0,0,0,GEN-BALL
29608915,"2026-01-26 18:34:58","2026-01-26 18:34:58",AA71FE,"United States","United States",N772RT,,,,,,"Quest Aircraft Company",KODI,"Quest Aircraft Company Kodiak 100",100-0140,,,,,,"Lease Air LLC",,,2015,,,,0,,,,,,0,0,0,0,0,,,,,,0,0,0,0,0,GEN-KODI
29608623,"2026-01-26 18:31:34","2026-01-26 18:31:34",402AC5,"United Kingdom","United Kingdom",G-PVIP,,,,,,Cessna,C421,"Cessna 421C Golden Eagle",421C0118,,,,,,"Passion 4 Autos Ltd",,,1976,,,,0,,,,,,0,0,0,0,0,,,,,,0,0,0,0,0,GEN-C421
29608513,"2026-01-26 18:30:20","2026-01-26 18:30:20",0D81B0,Venezuela,Venezuela,YV2976,,,,,,Fokker,F50,"Fokker F50",20188,,,,,,"Gran Colombia de Aviacion",,,1990,,,,0,,,,,,0,0,0,0,0,,,,,,0,0,0,0,0,GEN-F50
29608029,"2026-01-26 18:24:51","2026-01-26 18:24:51",448172,Belgium,Belgium,"",,,,,,"",-GND,"Ground Vehicle",,,,,,,"Brussels Airport",,,,,,,0,,,,,,0,0,0,0,0,,,,,,0,0,0,0,0,GEN--GND
29606656,"2026-01-26 18:10:44","2026-01-26 18:10:44",4D4013,Monaco,Monaco,3A-MWI,,,,,,Eurocopter,AS50,"Eurocopter Squirrel AS.350 B3",4484,,,,,,"Heli Air Monaco",,,2008,,,,0,,,,,,0,0,0,0,0,,,,,,0,0,0,0,0,GEN-AS50
29606642,"2026-01-26 18:10:34","2026-01-26 18:10:34",A539E6,"United States","United States",N436FA,,,,,,Bell,B407,"Bell 407",54067,,,,,,Private,,,2011,,,,0,,,,,,0,0,0,0,0,,,,,,0,0,0,0,0,GEN-B407
29604508,"2026-01-26 17:47:15","2026-01-26 17:47:15",A1A44E,"United States","United States",N20479,,,,,,Cessna,C172,"Cessna 172M Skyhawk",17261322,,,,,,Private,,,,,,,0,,,,,,0,0,0,0,0,,,,,,0,0,0,0,0,GEN-C172
29604010,"2026-01-26 17:42:06","2026-01-26 17:42:06",A5DEA3,"United States","United States",N4778Z,,,,,,Piper,PA22,"Piper PA-22 108 Colt",22-8340,,,,,,Private,,,1961,,,,0,,,,,,0,0,0,0,0,,,,,,0,0,0,0,0,GEN-PA22
29602965,"2026-01-26 17:30:30","2026-01-26 17:30:30",A7D40E,"United States","United States",N603TA,,,,,,Tecnam,P208,"Tecnam P.2008",059,,,,,,Private,,,2012,,,,0,,,,,,0,0,0,0,0,,,,,,0,0,0,0,0,GEN-P208
29602298,"2026-01-26 17:23:16","2026-01-26 17:23:16",A0C934,"United States","United States",N15Q,,,,,,Bell,B06,"Bell 206B Jet Ranger III",2235,,,,,,"Helicopter Logistics Inc",,,1977,,,,0,,,,,,0,0,0,0,0,,,,,,0,0,0,0,0,GEN-B06
29601232,"2026-01-26 17:11:44","2026-01-26 17:11:44",A643DB,"United States","United States",N5021B,,,,,,Pietenpol,CAMP,"Pietenpol Aircamper",1,,,,,,Private,,,,,,,0,,,,,,0,0,0,0,0,,,,,,0,0,0,0,0,GEN-CAMP
29600789,"2026-01-26 17:07:00","2026-01-26 17:07:00",C015C5,Canada,Canada,C-FIGI,,,,,,Dassault,F900,"Dassault Falcon 900EX",46,,,,,,"Skyservice Business Aviation",,,1999,,,,0,,,,,,0,0,0,0,0,,,,,,0,0,0,0,0,GEN-F900
29600312,"2026-01-26 17:02:25","2026-01-26 17:02:25",AD8684,"United States","United States",N97035,,,,,,Stinson,S108,"Stinson Voyager 108-1",108-1035,,,,,,Private,,,1946,,,,0,,,,,,0,0,0,0,0,,,,,,0,0,0,0,0,GEN-S108
29599488,"2026-01-26 16:53:33","2026-01-26 16:53:33",706018,Kuwait,Kuwait,9K-AOB,,,,,,Boeing,B772,"Boeing 777 269ER",28744,,,,,,"Kuwait Airways",,,1998,,,,0,,,,,,0,0,0,0,0,,,,,,0,0,0,0,0,KAC
29599134,"2026-01-26 16:49:41","2026-01-26 16:49:41",A6BB1F,"United States","United States",N53261,,,,,,Fairchild,FA62,"Fairchild PT-19A M-62A",T42-1601,,,,,,Private,,,1942,,,,0,,,,,,0,0,0,0,0,,,,,,0,0,0,0,0,GEN-FA62
29598312,"2026-01-26 16:41:05","2026-01-26 16:41:05",A5CD95,"United States","United States",N473PS,,,,,,Dornier,D328,"Dornier Do 328 120",3010,,,,,,"Berry Aviation",,,1994,,,,0,,,,,,0,0,0,0,0,,,,,,0,0,0,0,0,GEN-D328
29597849,"2026-01-26 16:35:44","2026-01-26 16:35:44",A57D62,"United States","United States",N453BH,,,,,,Dassault,FA20,"Dassault Falcon 20 F-5",444,,,,,,"Bleeker Holdings Corp",,,1981,,,,0,,,,,,0,0,0,0,0,,,,,,0,0,0,0,0,GEN-FA20
29597779,"2026-01-26 16:34:59","2026-01-26 16:34:59",0B04EC,Cuba,Cuba,CU-T1260,,,,,,Antonov,AN24,"Antonov An-24 RV",57310307,,,,,,Cubana,,,,,,,0,,,,,,0,0,0,0,0,,,,,,0,0,0,0,0,CUB
29597117,"2026-01-26 16:27:58","2026-01-26 16:27:58",A5A824,"United States","United States",N4637Y,,,,,,Cessna,C210,"Cessna 210N Centurion",21063965,,,,,,Private,,,1980,,,,0,,,,,,0,0,0,0,0,,,,,,0,0,0,0,0,GEN-C210
29596920,"2026-01-26 16:25:55","2026-01-26 16:25:55",403B2D,"United Kingdom","United Kingdom",G-MYYJ,,,,,,"Hunt Wing",ULAC,"Hunt Wing Avon Sky-Trike",BMAA/HB/033,,,,,,Private,,,1996,,,,0,,,,,,0,0,0,0,0,,,,,,0,0,0,0,0,GEN-ULAC
29596719,"2026-01-26 16:23:42","2026-01-26 16:23:42",A3B52E,"United States","United States",N338SY,,,,,,"Cirrus Design",S22T,"Cirrus Design SR22T",1796,,,,,,Private,,,2018,,,,0,,,,,,0,0,0,0,0,,,,,,0,0,0,0,0,GEN-S22T
29596676,"2026-01-26 16:23:10","2026-01-26 16:23:10",AD28C5,"United States","United States",N947SM,,,,,,Cessna,C172,"Cessna 172P Skyhawk",17274230,,,,,,Private,,,1980,,,,0,,,,,,0,0,0,0,0,,,,,,0,0,0,0,0,GEN-C172
29596579,"2026-01-26 16:21:57","2026-01-26 16:21:57",A115B9,"United States","United States",N16918,,,,,,Embraer,E145,"Embraer ERJ-145 LR",145397,,,,,,"United Express",,,,,,,0,,,,,,0,0,0,0,0,,,,,,0,0,0,0,0,ASQ
29594753,"2026-01-26 16:02:03","2026-01-26 16:02:03",A53E1A,"United States","United States",N437LA,,,,,,"Air Tractor",AT6T,"Air Tractor AT-602",602-1237,,,,,,Private,,,2013,,,,0,,,,,,0,0,0,0,0,,,,,,0,0,0,0,0,GEN-AT6T
29593720,"2026-01-26 15:51:06","2026-01-26 15:51:06",ACF21B,"United States","United States",N933PH,,,,,,Sikorsky,S92,"Sikorsky S-92 A",920165,,,,,,"PHI Inc",,,2012,,,,0,,,,,,0,0,0,0,0,,,,,,0,0,0,0,0,PHM
29593464,"2026-01-26 15:48:20","2026-01-26 15:48:20",C8222D,"New Zealand","New Zealand",ZK-WBD,,,,,,"Aero Vodochody",L29,"Aero Vodochody L-29 Delfin",395190,,,,,,Private,,,1973,,,,0,,,,,,0,0,0,0,0,,,,,,0,0,0,0,0,GEN-L29
29593141,"2026-01-26 15:44:28","2026-01-26 15:44:28",A74732,"United States","United States",N5681W,,,,,,Piper,P28A,"Piper PA-28 160 Cherokee B",28-936,,,,,,Private,,,1962,,,,0,,,,,,0,0,0,0,0,,,,,,0,0,0,0,0,GEN-P28A
29592018,"2026-01-26 15:31:38","2026-01-26 15:31:38",A20CE6,"United States","United States",N231H,,,,,,Beech,BE18,"Beech 18 E / S",BA-281,,,,,,"Kamaka Air",,,,,,,0,,,,,,0,0,0,0,0,,,,,,0,0,0,0,0,GEN-BE18
29219,"2022-08-30 09:24:20","2026-01-26 15:17:41",000005,"Not Allocated","Not Allocated","",,,,"",,"",UAV,"","",,,,,,"",,,,,,"",0,,,,,,0,0,0,0,0,Missing,,,"","",0,0,0,0,0,GEN-UAV
29590287,"2026-01-26 15:13:05","2026-01-26 15:13:05",0D06BD,Mexico,Mexico,XA-HMX,,,,,,Bombardier,CL60,"Bombardier Challenger 601 3A",5131,,,,,,Corporate,,,1993,,,,0,,,,,,0,0,0,0,0,,,,,,0,0,0,0,0,GEN-CL60
29589973,"2026-01-26 15:09:29","2026-01-26 15:09:29",403AE2,"United Kingdom","United Kingdom",G-BWFN,,,,,,HAPI,SF2,"HAPI Cygnet SF-2A","PFA 182-11335",,,,,,Private,,,1995,,,,0,,,,,,0,0,0,0,0,,,,,,0,0,0,0,0,GEN-SF2
29586795,"2026-01-26 14:36:33","2026-01-26 14:36:33",A57DC9,"United States","United States",N453FL,,,,,,Piper,P28A,"Piper PA-28 140 Cherokee D",28-7125247,,,,,,Private,,,1971,,,,0,,,,,,0,0,0,0,0,,,,,,0,0,0,0,0,GEN-P28A
29586289,"2026-01-26 14:31:18","2026-01-26 14:31:18",3C5CB4,Germany,Germany,D-AGET,,,,,,Boeing,B737,"Boeing 737NG 75B/W",28109,,,,,,Germania,,,1998,,,,0,,,,,,0,0,0,0,0,,,,,,0,0,0,0,0,GMI
29586157,"2026-01-26 14:29:37","2026-01-26 14:29:37",403DF5,"United Kingdom","United Kingdom",G-BXHO,,,,,,Lindstrand,BALL,"Lindstrand SS Hot Air Balloon Telewest Sphere",474,,,,,,Private,,,1997,,,,0,,,,,,0,0,0,0,0,,,,,,0,0,0,0,0,GEN-BALL
29585955,"2026-01-26 14:27:14","2026-01-26 14:27:14",43C635,"United Kingdom","United Kingdom",ZH544,,,,,,Westland,S61,"Westland Sea King HAR.3A",WA1010,,,,,,"Royal Air Force",,,1995,,,,0,,,,,,1,0,0,0,0,,,,,,0,0,0,0,0,
29584898,"2026-01-26 14:15:46","2026-01-26 14:15:46",AB56D4,"United States","United States",N83JL,,,,,,Steen,BOLT,"Steen Skybolt",1AC,,,,,,Private,,,,,,,0,,,,,,0,0,0,0,0,,,,,,0,0,0,0,0,GEN-BOLT
29584332,"2026-01-26 14:09:54","2026-01-26 14:09:54",A84D32,"United States","United States",N634GD,,,,,,"Gulfstream Aerospace",GLF6,"Gulfstream Aerospace G650",6134,,,,,,"Gulfstream Aerospace Corp",,,2014,,,,0,,,,,,0,0,0,0,0,,,,,,0,0,0,0,0,GEN-GLF6
29582808,"2026-01-26 13:52:30","2026-01-26 13:52:30",A481A4,"United States","United States",N39NH,,,,,,Hughes,H500,"Hughes 369 D",11-0882D,,,,,,"Vertol Systems Co Inc",,,1981,,,,0,,,,,,0,0,0,0,0,,,,,,0,0,0,0,0,GEN-H500
30100,"2023-03-08 09:27:16","2026-01-26 13:49:08",F0B825,"Not Allocated","Not Allocated",,,,,,,,BOATLG,,,,,,,,,,,,,,,0,,,,,,0,0,0,0,0,Missing,,,,,0,0,0,0,0,GEN-BOATLG
29581803,"2026-01-26 13:41:47","2026-01-26 13:41:47",E47F20,Brazil,Brazil,PR-MAV,,,,,,Airbus,A320,"Airbus A320 232",2393,,,,,,"LATAM Brasil",,,2005,,,,0,,,,,,0,0,0,0,0,,,,,,0,0,0,0,0,TAM
29581464,"2026-01-26 13:37:54","2026-01-26 13:37:54",A509A5,"United States","United States",N42337,,,,,,Bell,UH1,"Bell UH-1H Iroquois",12203,,,,,,Private,,,,,,,0,,,,,,0,0,0,0,0,,,,,,0,0,0,0,0,GEN-UH1
29580707,"2026-01-26 13:29:08","2026-01-26 13:29:08",A38431,"United States","United States",N3257A,,,,,,Rotec,ULAC,"Rotec Rally 3",25055,,,,,,Private,,,,,,,0,,,,,,0,0,0,0,0,,,,,,0,0,0,0,0,GEN-ULAC
29579727,"2026-01-26 13:18:34","2026-01-26 13:18:34",A2C4A8,"United States","United States",N278ER,,,,,,"Amateur Built",ZZZZ,"Amateur Built Seawind 3000",138,,,,,,Private,,,,,,,0,,,,,,0,0,0,0,0,,,,,,0,0,0,0,0,GEN-ZZZZ
29578792,"2026-01-26 13:08:08","2026-01-26 13:08:08",A6B154,"United States","United States",N530KF,,,,,,"McDonnell Douglas Helicopters",H500,"McDonnell Douglas Helicopters 369 530F",0097FF,,,,,,Private,,,,,,,0,,,,,,0,0,0,0,0,,,,,,0,0,0,0,0,GEN-H500
29578643,"2026-01-26 13:06:16","2026-01-26 13:06:16",390539,France,France,F-GBJZ,,,,,,Reims/Cessna,C172,"Reims/Cessna F172N",1779,,,,,,Private,,,1978,,,,0,,,,,,0,0,0,0,0,,,,,,0,0,0,0,0,GEN-C172
29577975,"2026-01-26 12:58:57","2026-01-26 12:58:57",458C6A,Denmark,Denmark,OY-CCJ,,,,,,Gates,LJ35,"Gates Learjet 35 A",35A-468,,,,,,"North Flying A/S",,,,,,,0,,,,,,0,0,0,0,0,,,,,,0,0,0,0,0,NFA
29577660,"2026-01-26 12:55:17","2026-01-26 12:55:17",4719E1,Hungary,Hungary,HA-JUV,,,,,,Cessna,C177,"Cessna 177 Cardinal",17700885,,,,,,Private,,,1968,,,,0,,,,,,0,0,0,0,0,,,,,,0,0,0,0,0,GEN-C177
29577044,"2026-01-26 12:48:20","2026-01-26 12:48:20",A8F12B,"United States","United States",N67536,,,,,,Beech,BE33,"Beech Bonanza F33A",CE-1025,,,,,,Private,,,,,,,0,,,,,,0,0,0,0,0,,,,,,0,0,0,0,0,GEN-BE33
29576284,"2026-01-26 12:39:36","2026-01-26 12:39:36",A880D4,"United States","United States",B-704S,,,,,,"AgustaWestland Philadelphia",A139,"AgustaWestland Philadelphia AW.139",41542,,,,,,"Shanghai King Wing General Aviation",,,2018,,,,0,,,,,,0,0,0,0,0,,,,,,0,0,0,0,0,GEN-A139
29576264,"2026-01-26 12:39:20","2026-01-26 12:39:20",781695,China,China,B-20AH,,,,,,Boeing,B38M,"Boeing 737MAX 8",61856,,,,,,"Lucky Air",,,2019,,,,0,,,,,,0,0,0,0,0,,,,,,0,0,0,0,0,LKE
29575810,"2026-01-26 12:34:20","2026-01-26 12:34:20",484E82,Netherlands,Netherlands,PH-3L1,,,,,,ASO,ULAC,"ASO Viper Hazard 15","V111 12070503",,,,,,Private,,,,,,,0,,,,,,0,0,0,0,0,,,,,,0,0,0,0,0,GEN-ULAC
29575517,"2026-01-26 12:31:06","2026-01-26 12:31:06",AD29AF,"United States","United States",N9471L,,,,,,"American Aviation",AA1,"American Aviation AA-1A Trainer",AA1A-0271,,,,,,Private,,,,,,,0,,,,,,0,0,0,0,0,,,,,,0,0,0,0,0,GEN-AA1
29574486,"2026-01-26 12:20:38","2026-01-26 12:20:38",A6941B,"United States","United States",N523AH,,,,,,"Airbus Helicopters",AS50,"Airbus Helicopters Squirrel AS.350 B3e (H125)",8615,,,,,,"REACH Air Medical Services",,,2018,,,,0,,,,,,0,0,0,0,0,,,,,,0,0,0,0,0,GEN-AS50
29573996,"2026-01-26 12:15:15","2026-01-26 12:15:15",402BCE,"United Kingdom","United Kingdom",G-MVCR,,,,,,"Solar Wings",ULAC,"Solar Wings Pegasus XL-Q",SW-WQ-0080,,,,,,Private,,,1988,,,,0,,,,,,0,0,0,0,0,,,,,,0,0,0,0,0,GEN-ULAC
29573844,"2026-01-26 12:13:46","2026-01-26 12:13:46",A2CA45,"United States","United States",N2790B,,,,,,"Raytheon Aircraft Company",TEX2,"Raytheon Aircraft Company T-6C Texan T.1",PM-139,,,,,,"Royal Air Force",,,,,,,0,,,,,,1,0,0,0,0,,,,,,0,0,0,0,0,
29573774,"2026-01-26 12:12:52","2026-01-26 12:12:52",A559B2,"United States","United States",N444CG,,,,,,Aviat,HUSK,"Aviat Husky A-1B",2097,,,,,,Private,,,2000,,,,0,,,,,,0,0,0,0,0,,,,,,0,0,0,0,0,GEN-HUSK
29573775,"2026-01-26 12:12:52","2026-01-26 12:12:52",AA24C5,"United States","United States",N7527A,,,,,,"McDonnell Douglas",MD82,"McDonnell Douglas DC-9 82",49919,,,,,,LASER,,,1990,,,,0,,,,,,0,0,0,0,0,,,,,,0,0,0,0,0,LER
29573752,"2026-01-26 12:12:35","2026-01-26 12:12:35",44F42A,Belgium,Belgium,CH-10,,,,,,Lockheed,C130,"Lockheed C-130H Hercules",4481,,,,,,"Belgian Air Component",,,1973,,,,0,,,https://cdn.jetphotos.com/full/6/93873_1637227497.jpg,https://cdn.jetphotos.com/full/5/17976_1635271034.jpg,https://cdn.jetphotos.com/full/5/29542_1632518187.jpg,1,0,0,0,0,,,,,,0,0,0,0,0,BAF
29573705,"2026-01-26 12:11:56","2026-01-26 12:11:56",4688B6,Greece,Greece,YV485T,,,,,,"McDonnell Douglas",MD83,"McDonnell Douglas DC-9 83",49668,,,,,,"SBA Airlines",,,1988,,,,0,,,,,,0,0,0,0,0,,,,,,0,0,0,0,0,BBR
29573214,"2026-01-26 12:06:23","2026-01-26 12:06:23",A4E006,"United States","United States",N413HT,,,,,,Hughes,H269,"Hughes QTH-55A Osage",?8-0933,,,,,,Private,,,,,,,0,,,,,,0,0,0,0,0,,,,,,0,0,0,0,0,GEN-H269
29573167,"2026-01-26 12:05:54","2026-01-26 12:05:54",7608A7,Pakistan,Pakistan,AP-BEG,,,,,,Airbus,A310,"Airbus A310 308",653,,,,,,"Pakistan International Airlines",,,1992,,,,0,,,,,,0,0,0,0,0,,,,,,0,0,0,0,0,PIA
29572933,"2026-01-26 12:03:00","2026-01-26 12:03:00",4B05FD,Switzerland,Switzerland,HB-CGZ,,,,,,Reims/Cessna,C152,"Reims/Cessna F152",1727,,,,,,Private,,,1980,,,,0,,,,,,0,0,0,0,0,,,,,,0,0,0,0,0,GEN-C152
29572177,"2026-01-26 11:54:18","2026-01-26 11:54:18",3D66D1,Germany,Germany,D-FLEN,,,,,,"De Havilland Canada",DHC2,"De Havilland Canada DHC-2 Beaver",1056,,,,,,"Clipper Aviation",,,1957,,,,0,,,,,,0,0,0,0,0,,,,,,0,0,0,0,0,GEN-DHC2
29572178,"2026-01-26 11:54:18","2026-01-26 11:54:18",A959A7,"United States","United States",N701QD,,,,,,SOCATA,TBM7,"SOCATA TBM 700",126,,,,,,"Quest Diagnostics Inc",,,1999,,,,0,,,,,,0,0,0,0,0,,,,,,0,0,0,0,0,LBQ
29571823,"2026-01-26 11:50:02","2026-01-26 11:50:02",4242B2,Bermuda,Bermuda,VP-BMT,,,,,,Airbus,A320,"Airbus A320 214",2349,,,,,,"Ural Airlines",,,2004,,,,0,,,,,,0,0,0,0,0,,,,,,0,0,0,0,0,SVR
29570628,"2026-01-26 11:37:21","2026-01-26 11:37:21",43EBA3,Guernsey,Guernsey,2-MMTT,,,,,,Boeing,B721,"Boeing 727 76/W",19254,,,,,,"Platinum Services",,,1966,,,,0,,,,,,0,0,0,0,0,,,,,,0,0,0,0,0,GEN-B721
29570089,"2026-01-26 11:30:57","2026-01-26 11:30:57",A7136B,"United States","United States",N555QQ,,,,,,Glasair,GLST,"Glasair GlaStar GS-1",5668,,,,,,Private,,,,,,,0,,,,,,0,0,0,0,0,,,,,,0,0,0,0,0,GEN-GLST
29569445,"2026-01-26 11:23:44","2026-01-26 11:23:44",A67677,"United States","United States",N51504,,,,,,"Raven Industries",BALL,"Raven Industries S-50A Hot Air Balloon",S50A-225,,,,,,Private,,,1973,,,,0,,,,,,0,0,0,0,0,,,,,,0,0,0,0,0,GEN-BALL
29569066,"2026-01-26 11:19:39","2026-01-26 11:19:39",3E6719,Germany,Germany,D-KEFX,,,,,,Scheibe,SF25,"Scheibe SF-25C Falke",44171,,,,,,Private,,,1976,,,,0,,,,,,0,0,0,0,0,,,,,,0,0,0,0,0,GEN-SF25
29569020,"2026-01-26 11:19:11","2026-01-26 11:19:11",A7CA7D,"United States","United States",N6006V,,,,,,Beech,BE24,"Beech Sierra C24R",MC-642,,,,,,Private,,,,,,,0,,,,,,0,0,0,0,0,,,,,,0,0,0,0,0,GEN-BE24
29568315,"2026-01-26 11:11:07","2026-01-26 11:11:07",AAE67C,"United States","United States",N801KG,,,,,,"DG Flugzeugbau",DG80,"DG Flugzeugbau DG-800B",8-323B223,,,,,,Private,,,2004,,,,0,,,,,,0,0,0,0,0,,,,,,0,0,0,0,0,GEN-DG80
29568010,"2026-01-26 11:07:47","2026-01-26 11:07:47",44CEB0,Belgium,Belgium,OO-SUP,,,,,,Schweizer,H269,"Schweizer 269 C",S1495,,,,,,Private,,,1990,,,,0,,,,,,0,0,0,0,0,,,,,,0,0,0,0,0,GEN-H269
29567255,"2026-01-26 10:58:48","2026-01-26 10:58:48",A5F22D,"United States","United States",N482Y,,,,,,Schweizer-Grumman,G164,"Schweizer-Grumman G-164 Ag-Cat A",127,,,,,,Private,,,1962,,,,0,,,,,,0,0,0,0,0,,,,,,0,0,0,0,0,GEN-G164
29566455,"2026-01-26 10:50:12","2026-01-26 10:50:12",A9BAFB,"United States","United States",N726MT,,,,,,Bell,B407,"Bell 407 GX",54726,,,,,,"Bell Helicopter Textron Inc",,,2017,,,,0,,,,,,0,0,0,0,0,,,,,,0,0,0,0,0,GEN-B407
29565400,"2026-01-26 10:39:10","2026-01-26 10:39:10",4072B9,"United Kingdom","United Kingdom",G-MEPS,,,,,,Embraer,E50P,"Embraer Phenom 100",50000377,,,,,,"Royal Air Force",,,2016,,,,0,,,"","","",1,0,0,0,0,,,,,,0,0,0,0,0,RRR
29564682,"2026-01-26 10:31:03","2026-01-26 10:31:03",A07BFD,"United States","United States",N130JD,,,,,,"Weaver Aircraft Company",WACA,"Weaver Aircraft Company Waco PBA",3611,,,,,,Private,,,1940,,,,0,,,,,,0,0,0,0,0,,,,,,0,0,0,0,0,GEN-WACA
29563995,"2026-01-26 10:23:54","2026-01-26 10:23:54",A69350,"United States","United States",N5224R,,,,,,"Raven Aerostar",BALL,"Raven Aerostar S-57A Hot Air Balloon",S57A-3246,,,,,,Private,,,2006,,,,0,,,,,,0,0,0,0,0,,,,,,0,0,0,0,0,GEN-BALL
29563174,"2026-01-26 10:14:49","2026-01-26 10:14:49",A82838,"United States","United States",N6245Z,,,,,,Piper,PA25,"Piper PA-25 150 Pawnee",25-301,,,,,,Private,,,1960,,,,0,,,,,,0,0,0,0,0,,,,,,0,0,0,0,0,GEN-PA25
29562646,"2026-01-26 10:09:06","2026-01-26 10:09:06",402293,"United Kingdom","United Kingdom",G-OTOW,,,,,,Cessna,C175,"Cessna 175B Skylark",17556997,,,,,,Private,,,1961,,,,0,,,,,,0,0,0,0,0,,,,,,0,0,0,0,0,GEN-C175
29562574,"2026-01-26 10:08:23","2026-01-26 10:08:23",45E449,Denmark,Denmark,OY-YBI,,,,,,"Avions de Transport Regional",AT75,"Avions de Transport Regional ATR 72 500",918,,,,,,"Nordic Aviation Capital",,,2010,,,,0,,,,,,0,0,0,0,0,,,,,,0,0,0,0,0,GEN-AT75
29561464,"2026-01-26 09:56:31","2026-01-26 09:56:31",A5A477,"United States","United States",N46278,,,,,,Weatherly,W201,"Weatherly 620 B",1550,,,,,,Private,,,1992,,,,0,,,,,,0,0,0,0,0,,,,,,0,0,0,0,0,GEN-W201
29560965,"2026-01-26 09:51:20","2026-01-26 09:51:20",3E6610,Germany,Germany,D-KDVS,,,,,,Schempp-Hirth,VENT,"Schempp-Hirth Ventus 2c xT",122/,,,,,,Private,,,,,,,0,,,,,,0,0,0,0,0,,,,,,0,0,0,0,0,GEN-VENT
29560874,"2026-01-26 09:50:19","2026-01-26 09:50:19",A10C00,"United States","United States",N167DF,,,,,,"Raytheon Aircraft Company",H25B,"Raytheon Aircraft Company 125 800XP",258500,,,,,,"Paradise Shipping Depot Inc",,,,,,,0,,,,,,0,0,0,0,0,,,,,,0,0,0,0,0,GEN-H25B
29560535,"2026-01-26 09:46:27","2026-01-26 09:46:27",0D070A,Mexico,Mexico,XA-JAV,,,,,,Airbus,A320,"Airbus A320 214",5221,,,,,,Interjet,,,2012,,,,0,,,,,,0,0,0,0,0,,,,,,0,0,0,0,0,AIJ
29559601,"2026-01-26 09:36:40","2026-01-26 09:36:40",AA1024,"United States","United States",N7479F,,,,,,Hughes,H269,"Hughes 269 C",67-0607,,,,,,Private,,,1977,,,,0,,,,,,0,0,0,0,0,,,,,,0,0,0,0,0,GEN-H269
29559414,"2026-01-26 09:34:48","2026-01-26 09:34:48",ABD207,"United States","United States",N8606F,,,,,,Hughes,H500,"Hughes 369 D",37-0100D,,,,,,Private,,,1977,,,,0,,,,,,0,0,0,0,0,,,,,,0,0,0,0,0,GEN-H500
29559246,"2026-01-26 09:32:57","2026-01-26 09:32:57",AD759B,"United States","United States",N9666A,,,,,,Boland,BALL,"Boland XXUS-3-Fairplay Hot Air Balloon",9,,,,,,Private,,,1978,,,,0,,,,,,0,0,0,0,0,,,,,,0,0,0,0,0,GEN-BALL
29558936,"2026-01-26 09:29:20","2026-01-26 09:29:20",AAA6E2,"United States","United States",PR-IOF,,,,,,Boeing,B722,"Boeing 727 214F",21692,,,,,,"RIO Linhas Aereas",,,1979,,,,0,,,,,,0,0,0,0,0,,,,,,0,0,0,0,0,RIO
29558372,"2026-01-26 09:23:01","2026-01-26 09:23:01",4A11F2,Romania,Romania,YR-DOR,,,,,,Kamov,KA26,"Kamov Ka-26",7505305,,,,,,Private,,,1975,,,,0,,,,,,0,0,0,0,0,,,,,,0,0,0,0,0,GEN-KA26
29557983,"2026-01-26 09:18:41","2026-01-26 09:18:41",A2DB90,"United States","United States",N2830Z,,,,,,Piper,PA22,"Piper PA-22 160 Tri-Pacer",22-6825,,,,,,Private,,,1959,,,,0,,,,,,0,0,0,0,0,,,,,,0,0,0,0,0,GEN-PA22
29557884,"2026-01-26 09:17:40","2026-01-26 09:17:40",A7C963,"United States","United States",N600XY,,,,,,"Ted Smith",AEST,"Ted Smith Aerostar 600",60-0363-129,,,,,,Private,,,1976,,,,0,,,,,,0,0,0,0,0,,,,,,0,0,0,0,0,GEN-AEST
29557478,"2026-01-26 09:13:39","2026-01-26 09:13:39",4CA341,Ireland,Ireland,EI-FSB,,,,,,Airbus,A321,"Airbus A321 211",1554,,,,,,MetroJet,,,2001,,,,0,,,,,,0,0,0,0,0,,,,,,0,0,0,0,0,KGL
29555561,"2026-01-26 08:51:25","2026-01-26 08:51:25",ADA460,"United States","United States",N97846,,,,,,Stinson,S108,"Stinson Voyager 108-1",108-846,,,,,,Private,,,1946,,,,0,,,,,,0,0,0,0,0,,,,,,0,0,0,0,0,GEN-S108
29554633,"2026-01-26 08:41:04","2026-01-26 08:41:04",A34114,"United States","United States",N309DH,,,,,,Boeing,B752,"Boeing 757 23N/W",29330,,,,,,"Yakutia Airlines",,,1998,,,,0,,,,,,0,0,0,0,0,,,,,,0,0,0,0,0,GEN-B752
29553476,"2026-01-26 08:27:41","2026-01-26 08:27:41",40408A,"United Kingdom","United Kingdom",G-KAAT,,,,,,"McDonnell Douglas Helicopters",EXPL,"McDonnell Douglas Helicopters MD 900 Explorer",900-00056,,,,,,"Kent Air Ambulance",,,1998,,,,0,,,,,,0,0,0,0,0,,,,,,0,0,0,0,0,GEN-EXPL
29553339,"2026-01-26 08:25:56","2026-01-26 08:25:56",88082D,Thailand,Thailand,HS-BAM,,,,,,Cessna,C172,"Cessna 172N Skyhawk",17269625,,,,,,"Bangkok Aviation Center",,,1977,,,,0,,,,,,0,0,0,0,0,,,,,,0,0,0,0,0,GEN-C172
29553249,"2026-01-26 08:24:55","2026-01-26 08:24:55",A64402,"United States","United States",N5022F,,,,,,Monnett,MRAI,"Monnett Monerai S",0028,,,,,,Private,,,,,,,0,,,,,,0,0,0,0,0,,,,,,0,0,0,0,0,GEN-MRAI
29552884,"2026-01-26 08:20:44","2026-01-26 08:20:44",C046C9,Canada,Canada,C-GAUY,,,,,,Bell,B505,"Bell 505 Jet Ranger X",65073,,,,,,"Bell Helicopter Textron Canada",,,2018,,,,0,,,,,,0,0,0,0,0,,,,,,0,0,0,0,0,GEN-B505
29552773,"2026-01-26 08:19:22","2026-01-26 08:19:22",A76F59,"United States","United States",N5786P,,,,,,Piper,PA24,"Piper PA-24 250 Comanche",24-865,,,,,,Private,,,,,,,0,,,,,,0,0,0,0,0,,,,,,0,0,0,0,0,GEN-PA24
29551737,"2026-01-26 08:07:15","2026-01-26 08:07:15",AB9D46,"United States","United States",N84776,,,,,,Aeronca,CH7A,"Aeronca Champion 7AC",7AC-3493,,,,,,Private,,,1946,,,,0,,,,,,0,0,0,0,0,,,,,,0,0,0,0,0,GEN-CH7A
29550928,"2026-01-26 07:57:24","2026-01-26 07:57:24",AE020A,"United States","United States",79-1711,,,,,,Douglas,DC10,"Douglas KC-10A Extender",48203,,,,,,"United States Air Force",,,,,,,0,,,https://cdn.jetphotos.com/full/6/82692_1631704619.jpg,https://cdn.jetphotos.com/full/6/70691_1631704587.jpg,https://cdn.jetphotos.com/full/6/42894_1631301473.jpg,1,0,0,0,0,,,,,,0,0,0,0,0,
29550918,"2026-01-26 07:57:19","2026-01-26 07:57:19",A10A7C,"United States","United States",N1661J,,,,,,Piper,P28A,"Piper PA-28 140 Cherokee",28-24058,,,,,,Private,,,,,,,0,,,,,,0,0,0,0,0,,,,,,0,0,0,0,0,GEN-P28A
29550863,"2026-01-26 07:56:46","2026-01-26 07:56:46",A38196,"United States","United States",N325HD,,,,,,"Gulfstream Aerospace",G150,"Gulfstream Aerospace G150",325,,,,,,"QM Holding Corp",,,2016,,,,0,,,,,,0,0,0,0,0,,,,,,0,0,0,0,0,GEN-G150
29550769,"2026-01-26 07:56:13","2026-01-26 07:56:13",A022A3,"United States","United States",N108CE,,,,,,"Gulfstream Aerospace",GLF5,"Gulfstream Aerospace GV",561,,,,,,Corporate,,,1998,,,,0,,,,,,0,0,0,0,0,,,,,,0,0,0,0,0,GEN-GLF5
29550617,"2026-01-26 07:53:34","2026-01-26 07:53:34",A05395,"United States","United States",N12YX,,,,,,"Sonex Aircraft",WAIX,"Sonex Aircraft Waiex",0001,,,,,,Private,,,2003,,,,0,,,,,,0,0,0,0,0,,,,,,0,0,0,0,0,GEN-WAIX
29550552,"2026-01-26 07:52:50","2026-01-26 07:52:50",514078,Georgia,Georgia,4L-KAB,,,,,,Boeing,B742,"Boeing 747 246F",22477,,,,,,"The Cargo Airlines",,,1980,,,,0,,,,,,0,0,0,0,0,,,,,,0,0,0,0,0,TZS
29549525,"2026-01-26 07:40:44","2026-01-26 07:40:44",4AD054,Sweden,Sweden,SE-TBT,,,,,,Scheibe,GLID,"Scheibe Bergfalke III",5512,,,,,,Private,,,1964,,,,0,,,,,,0,0,0,0,0,,,,,,0,0,0,0,0,GEN-GLID
29549416,"2026-01-26 07:39:20","2026-01-26 07:39:20",A36586,"United States","United States",N318LC,,,,,,Hughes,H500,"Hughes OH-6A Cayuse",1278,,,,,,Private,,,,,,,0,,,,,,0,0,0,0,0,,,,,,0,0,0,0,0,GEN-H500
29548308,"2026-01-26 07:25:27","2026-01-26 07:25:27",AC7731,"United States","United States",N902GA,,,,,,"Gulfstream Aerospace",G280,"Gulfstream Aerospace G280",2102,,,,,,Corporate,,,2016,,,,0,,,,,,0,0,0,0,0,,,,,,0,0,0,0,0,GEN-G280
29546346,"2026-01-26 07:02:02","2026-01-26 07:02:02",A2F6D8,"United States","United States",N290Q,,,,,,Enstrom,EN28,"Enstrom F-28 A",306,,,,,,Private,,,,,,,0,,,,,,0,0,0,0,0,,,,,,0,0,0,0,0,GEN-EN28
29545607,"2026-01-26 06:53:50","2026-01-26 06:53:50",3EE588,Germany,Germany,D-1265,,,,,,Schleicher,GLID,"Schleicher ASW 24",24108,,,,,,Private,,,,,,,0,,,,,,0,0,0,0,0,,,,,,0,0,0,0,0,GEN-GLID
29544897,"2026-01-26 06:44:58","2026-01-26 06:44:58",A84C99,"United States","United States",N634AA,,,,,,Boeing,B752,"Boeing 757 223/W",24592,,,,,,"American Airlines",,,1990,,,,0,,,,,,0,0,0,0,0,,,,,,0,0,0,0,0,GEN-B752
29544691,"2026-01-26 06:42:44","2026-01-26 06:42:44",3004B5,Italy,Italy,I-CORT,,,,,,Tecnam,ECHO,"Tecnam P.92 Echo",,,,,,,Private,,,,,,,0,,,,,,0,0,0,0,0,,,,,,0,0,0,0,0,GEN-ECHO
29543592,"2026-01-26 06:29:58","2026-01-26 06:29:58",A4AAC7,"United States","United States",N40FB,,,,,,Piper,PA31,"Piper PA-31 Navajo",31-518,,,,,,Private,,,,,,,0,,,,,,0,0,0,0,0,,,,,,0,0,0,0,0,GEN-PA31
29543425,"2026-01-26 06:28:02","2026-01-26 06:28:02",404438,"United Kingdom","United Kingdom",G-IMBJ,,,,,,QAC,QUIC,"QAC Quickie Q.1","PFA 094-10619",,,,,,Private,,,2000,,,,0,,,,,,0,0,0,0,0,,,,,,0,0,0,0,0,GEN-QUIC
29541294,"2026-01-26 06:00:18","2026-01-26 06:00:18",A83846,"United States","United States",N629GD,,,,,,"Gulfstream Aerospace",GA6C,"Gulfstream Aerospace GVII-G600",73029,,,,,,"Gulfstream Aerospace Corp",,,2019,,,,0,,,,,,0,0,0,0,0,,,,,,0,0,0,0,0,GEN-GA6C
29541283,"2026-01-26 06:00:07","2026-01-26 06:00:07",C013E5,Canada,Canada,C-FHNW,,,,,,Embraer,E190,"Embraer EMB-190 AR",19000077,,,,,,"Air Canada",,,2007,,,,0,,,,,,0,0,0,0,0,,,,,,0,0,0,0,0,ACA
29541046,"2026-01-26 05:56:34","2026-01-26 05:56:34",ADA0F8,"United States","United States",N9777E,,,,,,Bellanca,BL17,"Bellanca Super Viking 17-30A",75-30769,,,,,,Private,,,1975,,,,0,,,,,,0,0,0,0,0,,,,,,0,0,0,0,0,GEN-BL17
29539471,"2026-01-26 05:34:44","2026-01-26 05:34:44",A196B2,"United States","United States",N201KY,,,,,,Mooney,M20P,"Mooney M.20J Model 201",24-0462,,,,,,Private,,,1978,,,,0,,,,,,0,0,0,0,0,,,,,,0,0,0,0,0,GEN-M20P
29538535,"2026-01-26 05:22:12","2026-01-26 05:22:12",AC79C0,"United States","United States",N90256,,,,,,"Textron Aviation",C172,"Textron Aviation 172S Skyhawk SP",172S12116,,,,,,Private,,,2018,,,,0,,,,,,0,0,0,0,0,,,,,,0,0,0,0,0,GEN-C172
29538504,"2026-01-26 05:21:48","2026-01-26 05:21:48",E48C48,Brazil,Brazil,PR-DEA,,,,,,"Gulfstream Aerospace",G200,"Gulfstream Aerospace G200",250,,,,,,"Orm Air Taxi Aereo Ltda",,,2011,,,,0,,,,,,0,0,0,0,0,,,,,,0,0,0,0,0,GEN-G200
29536979,"2026-01-26 04:59:11","2026-01-26 04:59:11",401193,"United Kingdom","United Kingdom",G-CBMD,,,,,,Aerostar,YK52,"Aerostar Yak-52",822710,,,,,,Private,,,1982,,,,0,,,,,,0,0,0,0,0,,,,,,0,0,0,0,0,GEN-YK52
29536644,"2026-01-26 04:54:51","2026-01-26 04:54:51",AB02FE,"United States","United States",N80873,,,,,,"British Aircraft Corporation",JPRO,"British Aircraft Corporation Jet Provost T.5A",EEP/JP/1059,,,,,,Private,,,1974,,,,0,,,,,,0,0,0,0,0,,,,,,0,0,0,0,0,GEN-JPRO
29536591,"2026-01-26 04:54:05","2026-01-26 04:54:05",43C68E,"United Kingdom","United Kingdom",ZF341,,,,,,Short,TUCA,"Short Tucano T.1",T76,,,,,,"Royal Air Force",,,1991,,,,0,,,,,,1,0,0,0,0,,,,,,0,0,0,0,0,
29536261,"2026-01-26 04:49:25","2026-01-26 04:49:25",AB8927,"United States","United States",N842VE,,,,,,Enstrom,EN28,"Enstrom Shark 280 FX",2155,,,,,,"Enstrom Helicopter Corp",,,2018,,,,0,,,,,,0,0,0,0,0,,,,,,0,0,0,0,0,GEN-EN28
29536176,"2026-01-26 04:48:09","2026-01-26 04:48:09",A9F5C7,"United States","United States",N7406U,,,,,,"Balloon Works",BALL,"Balloon Works Firefly 7 Hot Air Balloon",F7-367,,,,,,Private,,,1986,,,,0,,,,,,0,0,0,0,0,,,,,,0,0,0,0,0,GEN-BALL
29535309,"2026-01-26 04:36:08","2026-01-26 04:36:08",71D189,"South Korea","South Korea",HL9189,,,,,,Aerospatiale,AS50,"Aerospatiale Squirrel AS.350 B2",1219,,,,,,"Hongik Air Service Co Ltd",,,1980,,,,0,,,,,,0,0,0,0,0,,,,,,0,0,0,0,0,GEN-AS50
29535282,"2026-01-26 04:35:47","2026-01-26 04:35:47",A0E723,"United States","United States",N1574Q,,,,,,Cessna,C150,"Cessna 150L",15072874,,,,,,Private,,,,,,,0,,,,,,0,0,0,0,0,,,,,,0,0,0,0,0,GEN-C150
29535250,"2026-01-26 04:35:26","2026-01-26 04:35:26",C071CE,Canada,Canada,C-GRCN,,,,,,Fairey,FFLY,"Fairey Firefly FR.1",F.6173,,,,,,"Government of Canada",,,1945,,,,0,,,,,,0,0,0,0,0,,,,,,0,0,0,0,0,GEN-FFLY
29534443,"2026-01-26 04:24:04","2026-01-26 04:24:04",145CA5,Russia,Russia,RA-23717,,,,,,Mil,MI2,"Mil Mi-2",549917086,,,,,,"Malaya Avia Dona",,,,,,,0,,,,,,0,0,0,0,0,,,,,,0,0,0,0,0,GEN-MI2
29534062,"2026-01-26 04:18:54","2026-01-26 04:18:54",484AD6,Netherlands,Netherlands,PH-GAU,,,,,,Piper,PA18,"Piper PA-18 L-21B Super Cub",18-3871,,,,,,Private,,,1954,,,,0,,,,,,0,0,0,0,0,,,,,,0,0,0,0,0,GEN-PA18
29533936,"2026-01-26 04:17:16","2026-01-26 04:17:16",A979EC,"United States","United States",N71CF,,,,,,Piper,PA27,"Piper PA-23 Aztec 250F",27-7954092,,,,,,Private,,,1979,,,,0,,,,,,0,0,0,0,0,,,,,,0,0,0,0,0,GEN-PA27
29533432,"2026-01-26 04:09:23","2026-01-26 04:09:23",AD75CF,"United States","United States",N9667T,,,,,,Cessna,C210,"Cessna 210",57467,,,,,,Private,,,1960,,,,0,,,,,,0,0,0,0,0,,,,,,0,0,0,0,0,GEN-C210
29532110,"2026-01-26 03:50:15","2026-01-26 03:50:15",A7B270,"United States","United States",N59505,,,,,,Ryan,PT22,"Ryan Recruit ST3-KR",1412,,,,,,Private,,,1941,,,,0,,,,,,0,0,0,0,0,,,,,,0,0,0,0,0,GEN-PT22
29531842,"2026-01-26 03:46:23","2026-01-26 03:46:23",A7517C,"United States","United States",N5705M,,,,,,Cessna,C310,"Cessna 310P Turbo",310P-0005,,,,,,Private,,,,,,,0,,,,,,0,0,0,0,0,,,,,,0,0,0,0,0,GEN-C310
29530651,"2026-01-26 03:29:09","2026-01-26 03:29:09",42442C,"United Kingdom","United Kingdom",VQ-BHD,,,,,,Boeing,B738,"Boeing 737NG 800/W",41221,,,,,,Aeroflot,,,2018,,,,0,,,,,,0,0,0,0,0,,,,,,0,0,0,0,0,AFL
29529499,"2026-01-26 03:12:51","2026-01-26 03:12:51",ABF963,"United States","United States",N8705F,,,,,,Hughes,H269,"Hughes 269 A",101-0016,,,,,,Private,,,1961,,,,0,,,,,,0,0,0,0,0,,,,,,0,0,0,0,0,GEN-H269
29529291,"2026-01-26 03:10:11","2026-01-26 03:10:11",424196,"Cayman Islands","Cayman Islands",VP-CDG,,,,,,Dassault,FA50,"Dassault Falcon 50",184,,,,,,"Win Aviation",,,1988,,,,0,,,,,,0,0,0,0,0,,,,,,0,0,0,0,0,GEN-FA50
29529169,"2026-01-26 03:08:35","2026-01-26 03:08:35",AD7DA9,"United States","United States",N969AV,,,,,,Airbus,A332,"Airbus A330 243",1016,,,,,,Avianca,,,2009,,,,0,,,,,,0,0,0,0,0,,,,,,0,0,0,0,0,AVA
29528612,"2026-01-26 03:00:13","2026-01-26 03:00:13",A32012,"United States","United States",N300HS,,,,,,Wag-Aero,J3,"Wag-Aero CUBy Acro Trainer",Price3,,,,,,Private,,,1979,,,,0,,,,,,0,0,0,0,0,,,,,,0,0,0,0,0,GEN-J3
29528406,"2026-01-26 02:57:00","2026-01-26 02:57:00",A3F1FF,"United States","United States",N353X,,,,,,Schweizer,GLID,"Schweizer SGS 1-26 B",353,,,,,,Private,,,1966,,,,0,,,,,,0,0,0,0,0,,,,,,0,0,0,0,0,GEN-GLID
29527810,"2026-01-26 02:48:23","2026-01-26 02:48:23",AC65EA,"United States","United States",N89834,,,,,,Bellanca,CH7B,"Bellanca Citabria 7KCAB",435-74,,,,,,Private,,,1974,,,,0,,,,,,0,0,0,0,0,,,,,,0,0,0,0,0,GEN-CH7B
29527476,"2026-01-26 02:43:18","2026-01-26 02:43:18",3CDB28,Germany,Germany,D-CKHK,,,,,,Cessna,C56X,"Cessna Citation XLS+",560-6051,,,,,,"SFD Stuttgarter Flugdienst",,,2009,,,,0,,,,,,0,0,0,0,0,,,,,,0,0,0,0,0,FFD
29525990,"2026-01-26 02:22:48","2026-01-26 02:22:48",728618,Iraq,Iraq,YI-APX,,,,,,Airbus,A30B,"Airbus A300 B4-203",239,,,,,,"Government of Iraq",,,1983,,,,0,,,https://cdn.jetphotos.com/full/5/93565_1529404562.jpg,https://cdn.jetphotos.com/full/3/49209_1367927078.jpg,https://cdn.jetphotos.com/full/4/70467_1356299657.jpg,0,0,0,0,0,,,,,,0,0,0,0,0,GEN-A30B
29525906,"2026-01-26 02:21:41","2026-01-26 02:21:41",A622B3,"United States","United States",N495AH,,,,,,"Airbus Helicopters",AS50,"Airbus Helicopters Squirrel AS.350 B3",8553,,,,,,"Air Methods Corp",,,2018,,,,0,,,,,,0,0,0,0,0,,,,,,0,0,0,0,0,GEN-AS50
29525731,"2026-01-26 02:19:29","2026-01-26 02:19:29",C0015A,Canada,Canada,C-FANH,,,,,,Bombardier,CL60,"Bombardier Challenger 650",6065,,,,,,"Bombardier Inc",,,2015,,,,0,,,,,,0,0,0,0,0,,,,,,0,0,0,0,0,GEN-CL60
29525646,"2026-01-26 02:18:18","2026-01-26 02:18:18",C082C6,Canada,Canada,C-GXNP,,,,,,Eurocopter,AS55,"Eurocopter Twin Squirrel AS.355",5757,,,,,,"Phoenix Heli-Flight Inc",,,2008,,,,0,,,,,,0,0,0,0,0,,,,,,0,0,0,0,0,GEN-AS55
29525432,"2026-01-26 02:14:40","2026-01-26 02:14:40",A10769,"United States","United States",N16558,,,,,,Piper,PA34,"Piper PA-34 200 Seneca",34-7350159,,,,,,Private,,,1973,,,,0,,,,,,0,0,0,0,0,,,,,,0,0,0,0,0,GEN-PA34
29525390,"2026-01-26 02:14:05","2026-01-26 02:14:05",A550F6,"United States","United States",N4412D,,,,,,Beech,BE35,"Beech Bonanza G35",D-4563,,,,,,Private,,,,,,,0,,,,,,0,0,0,0,0,,,,,,0,0,0,0,0,GEN-BE35
29522700,"2026-01-26 01:36:43","2026-01-26 01:36:43",A94C0C,"United States","United States",N6989L,,,,,,Cessna,C310,"Cessna 310K",310K0089,,,,,,Private,,,1966,,,,0,,,,,,0,0,0,0,0,,,,,,0,0,0,0,0,GEN-C310
29522599,"2026-01-26 01:35:15","2026-01-26 01:35:15",AC1AEF,"United States","United States",N8796,,,,,,Cessna,CAW,"Cessna AW",181,,,,,,Private,,,1929,,,,0,,,,,,0,0,0,0,0,,,,,,0,0,0,0,0,GEN-CAW
29520557,"2026-01-26 01:04:46","2026-01-26 01:04:46",A69188,"United States","United States",N522N,,,,,,Wag-Aero,J3,"Wag-Aero Sport Trainer",1246,,,,,,Private,,,,,,,0,,,,,,0,0,0,0,0,,,,,,0,0,0,0,0,GEN-J3
29520088,"2026-01-26 00:57:48","2026-01-26 00:57:48",A55ABE,"United States","United States",N444P,,,,,,Cessna,C320,"Cessna 320 Skyknight",320-0041,,,,,,Private,,,1961,,,,0,,,,,,0,0,0,0,0,,,,,,0,0,0,0,0,GEN-C320
29519531,"2026-01-26 00:52:27","2026-01-26 00:52:27",A0962D,"United States","United States",N137LA,,,,,,"Raytheon Aircraft Company",H25B,"Raytheon Aircraft Company 125 800XP",258697,,,,,,"Glencove Holdings LLC",,,,,,,0,,,,,,0,0,0,0,0,,,,,,0,0,0,0,0,GEN-H25B
28358855,"2026-01-26 00:51:34","2026-01-26 00:51:34",3FB796,Germany,Germany,7?+??,,,,,,,NH90,"NHIndustries NH90-NTH",,,,,,,"German Navy",,,,,,"JT: 2026-01-26 00:51:03",0,,,,,,1,0,0,0,0,,,,,,0,0,0,0,0,GNY-NH90
29487978,"2026-01-26 00:51:34","2026-01-26 00:51:34",3F65D8,Germany,Germany,3?+??,,,,,,,EUFI,"Eurofighter Typhoon EF2000",,,,,,,"German Air Force",,,,,,"JT: 2026-01-26 00:51:03",0,,,,,,1,0,0,0,0,,,,,,0,0,0,0,0,GAF-EUFI
29488650,"2026-01-26 00:51:34","2026-01-26 00:51:34",3E930D,Germany,Germany,76+??,,,,,,,EC45,"Airbus Helicopters H-145M",,,,,,,"German Army",,,,,,"JT: 2026-01-26 00:51:03",0,,,,,,1,0,0,0,0,,,,,,0,0,0,0,0,GAM-EC45
29519430,"2026-01-26 00:51:34","2026-01-26 00:51:34",3E8056,Germany,Germany,3?+??,,,,,,,EUFI,"Eurofighter Typhoon EF2000",,,,,,,"German Air Force",,,,,,"JT: 2026-01-26 00:51:03",0,,,,,,1,0,0,0,0,,,,,,0,0,0,0,0,GAF-EUFI
29519431,"2026-01-26 00:51:34","2026-01-26 00:51:34",3F422B,Germany,Germany,3?+??,,,,,,,EUFI,"Eurofighter Typhoon EF2000",,,,,,,"German Air Force",,,,,,"JT: 2026-01-26 00:51:03",0,,,,,,1,0,0,0,0,,,,,,0,0,0,0,0,GAF-EUFI
29519432,"2026-01-26 00:51:34","2026-01-26 00:51:34",3F5A9A,Germany,Germany,3?+??,,,,,,,EUFI,"Eurofighter Typhoon EF2000",,,,,,,"German Air Force",,,,,,"JT: 2026-01-26 00:51:03",0,,,,,,1,0,0,0,0,,,,,,0,0,0,0,0,GAF-EUFI
29519433,"2026-01-26 00:51:34","2026-01-26 00:51:34",3F757D,Germany,Germany,3?+??,,,,,,,EUFI,"Eurofighter Typhoon EF2000",,,,,,,"German Air Force",,,,,,"JT: 2026-01-26 00:51:03",0,,,,,,1,0,0,0,0,,,,,,0,0,0,0,0,GAF-EUFI
29519434,"2026-01-26 00:51:34","2026-01-26 00:51:34",3F7BDC,Germany,Germany,7?+??,,,,,,,NH90,"NHIndustries NH90-TTH",,,,,,,"German Army",,,,,,"JT: 2026-01-26 00:51:03",0,,,,,,1,0,0,0,0,,,,,,0,0,0,0,0,GAM-NH90
29519435,"2026-01-26 00:51:34","2026-01-26 00:51:34",3EA072,Germany,Germany,82+0?,,,,,,,AS32,"Eurocopter AS 532UC Cougar",,,,,,,"German Air Force",,,,,,"JT: 2026-01-26 00:51:03",0,,,,,,1,0,0,0,0,,,,,,0,0,0,0,0,GAF-AS32
29519436,"2026-01-26 00:51:34","2026-01-26 00:51:34",3EA829,Germany,Germany,8?+??,,,,,,,H53,"Sikorsky CH-53GA Stallion",,,,,,,"German Air Force",,,,,,"JT: 2026-01-26 00:51:03",0,,,,,,1,0,0,0,0,,,,,,0,0,0,0,0,GAF-H53
29519437,"2026-01-26 00:51:34","2026-01-26 00:51:34",3F8220,Germany,Germany,8?+??,,,,,,,H53,"Sikorsky CH-53GA Stallion",,,,,,,"German Air Force",,,,,,"JT: 2026-01-26 00:51:03",0,,,,,,1,0,0,0,0,,,,,,0,0,0,0,0,GAF-H53
29519438,"2026-01-26 00:51:34","2026-01-26 00:51:34",3F8822,Germany,Germany,8?+??,,,,,,,H53,"Sikorsky CH-53GA Stallion",,,,,,,"German Air Force",,,,,,"JT: 2026-01-26 00:51:03",0,,,,,,1,0,0,0,0,,,,,,0,0,0,0,0,GAF-H53
29518634,"2026-01-26 00:39:04","2026-01-26 00:39:04",A50FD6,"United States","United States",N425SV,,,,,,Grumman,GLF3,"Grumman GIII",360,,,,,,"Sky Opt LLC",,,1982,,,,0,,,,,,0,0,0,0,0,,,,,,0,0,0,0,0,GEN-GLF3
29517478,"2026-01-26 00:22:23","2026-01-26 00:22:23",AB0F77,"United States","United States",N8110M,,,,,,Cessna,C310,"Cessna 310I",310I0110,,,,,,Private,,,1964,,,,0,,,,,,0,0,0,0,0,,,,,,0,0,0,0,0,GEN-C310
29517212,"2026-01-26 00:18:35","2026-01-26 00:18:35",A27E02,"United States","United States",N26Q,,,,,,Davis,DA2,"Davis DA-2 A",168,,,,,,Private,,,,,,,0,,,,,,0,0,0,0,0,,,,,,0,0,0,0,0,GEN-DA2
29517195,"2026-01-26 00:18:14","2026-01-26 00:18:14",7C43CF,Australia,Australia,VH-NOH,,,,,,Vans,RV7,"Vans RV-7 A",73307,,,,,,Private,,,,,,,0,,,,,,0,0,0,0,0,,,,,,0,0,0,0,0,GEN-RV7
29516575,"2026-01-26 00:09:42","2026-01-26 00:09:42",3CD942,Germany,Germany,D-CJOS,,,,,,Cessna,C25B,"Cessna Citation CJ3",525B0367,,,,,,"Luxaviation Germany",,,,,,,0,,,,,,0,0,0,0,0,,,,,,0,0,0,0,0,LXG
29516495,"2026-01-26 00:08:47","2026-01-26 00:08:47",AD27B6,"United States","United States",N947FR,,,,,,Airbus,A319,"Airbus A319 112",2806,,,,,,"Cambodia Airways",,,2006,,,,0,,,,,,0,0,0,0,0,,,,,,0,0,0,0,0,KME
29516242,"2026-01-26 00:05:16","2026-01-26 00:05:16",A898F2,"United States","United States",N653M,,,,,,CubCrafters,CC19,"CubCrafters CC19 180",CC19-0017,,,,,,Private,,,,,,,0,,,,,,0,0,0,0,0,,,,,,0,0,0,0,0,GEN-CC19
29516024,"2026-01-26 00:02:13","2026-01-26 00:02:13",0C6044,"Trinidad and Tobago","Trinidad and Tobago",9Y-TAJ,,,,,,AgustaWestland,A139,"AgustaWestland AW.139",41234,,,,,,"Bristow Caribbean",,,2010,,,,0,,,,,,0,0,0,0,0,,,,,,0,0,0,0,0,GEN-A139
29516000,"2026-01-26 00:01:57","2026-01-26 00:01:57",4B12F6,Switzerland,Switzerland,HB-HES,,,,,,FFA,AS02,"FFA AS.202 Bravo 15",012,,,,,,Private,,,,,,,0,,,,,,0,0,0,0,0,,,,,,0,0,0,0,0,GEN-AS02
