AircraftID,FirstCreated,LastModified,ModeS,ModeSCountry,Country,Registration,CurrentRegDate,PreviousID,FirstRegDate,Status,DeRegDate,Manufacturer,ICAOTypeCode,Type,SerialNo,PopularName,GenericName,AircraftClass,Engines,OwnershipStatus,RegisteredOwners,MTOW,TotalHours,YearBuilt,CofACategory,CofAExpiry,UserNotes,Interested,UserTag,InfoURL,PictureURL1,PictureURL2,PictureURL3,UserBool1,UserBool2,UserBool3,UserBool4,UserBool5,UserString1,UserString2,UserString3,UserString4,UserString5,UserInt1,UserInt2,UserInt3,UserInt4,UserInt5,OperatorFlagCode
32039706,"2026-02-15 23:58:55","2026-02-15 23:58:55",3EF40C,Germany,Germany,D-4981,,,,,,Schempp-Hirth,NIMB,"Schempp-Hirth Nimbus 2 B",152,,,,,,Private,,,1977,,,,0,,,,,,0,0,0,0,0,,,,,,0,0,0,0,0,GEN-NIMB
32039384,"2026-02-15 23:54:14","2026-02-15 23:54:14",A43E5A,"United States","United States",N37251,,,,,,Interstate,S1,"Interstate Cadet S-1A",94,,,,,,Private,,,1941,,,,0,,,,,,0,0,0,0,0,,,,,,0,0,0,0,0,GEN-S1
32039217,"2026-02-15 23:51:39","2026-02-15 23:51:39",E05295,Argentina,Argentina,LV-EJU,,,,,,PZL-Bielsko,GLID,"PZL-Bielsko SZD-48-3 Jantar Standard 3",B-1448,,,,,,Private,,,1984,,,,0,,,,,,0,0,0,0,0,,,,,,0,0,0,0,0,GEN-GLID
32038082,"2026-02-15 23:36:46","2026-02-15 23:36:46",A46452,"United States","United States",N382SK,,,,,,Embraer,E135,"Embraer ERJ-140",145624,,,,,,"American Connection",,,,,,,0,,,,,,0,0,0,0,0,,,,,,0,0,0,0,0,GEN-E135
32037915,"2026-02-15 23:34:43","2026-02-15 23:34:43",A5802F,"United States","United States",N4534K,,,,,,Ryan,NAVI,"Ryan Navion",NAV-4-1534,,,,,,Private,,,1948,,,,0,,,,,,0,0,0,0,0,,,,,,0,0,0,0,0,GEN-NAVI
32037763,"2026-02-15 23:33:03","2026-02-15 23:33:03",A19C19,"United States","United States",N2022K,,,,,,Luscombe,L8,"Luscombe Silvaire 8E",4749,,,,,,Private,,,1947,,,,0,,,,,,0,0,0,0,0,,,,,,0,0,0,0,0,GEN-L8
29219,"2022-08-30 09:24:20","2026-02-15 23:26:46",000005,"Not Allocated","Not Allocated","",,,,"",,"",UAV,"","",,,,,,"",,,,,,"",0,,,,,,0,0,0,0,0,Missing,,,"","",0,0,0,0,0,GEN-UAV
32037266,"2026-02-15 23:26:19","2026-02-15 23:26:19",403E3B,"United Kingdom","United Kingdom",G-MZHO,,,,,,"Quad City",ULAC,"Quad City Challenger II UK","PFA 177-12936",,,,,,Private,,,1997,,,,0,,,,,,0,0,0,0,0,,,,,,0,0,0,0,0,GEN-ULAC
32036493,"2026-02-15 23:16:12","2026-02-15 23:16:12",ABD7BD,"United States","United States",N862RA,,,,,,Piper,PAY1,"Piper PA-31T1 Cheyenne I",31T-8104048,,,,,,"South Regional Aviation Enterprises Inc",,,1981,,,,0,,,,,,0,0,0,0,0,,,,,,0,0,0,0,0,GEN-PAY1
32036058,"2026-02-15 23:10:27","2026-02-15 23:10:27",A1045B,"United States","United States",N165BA,,,,,,Swearingen,SW4,"Swearingen Metro II",TC-215,,,,,,"Berry Aviation",,,1975,,,,0,,,,,,0,0,0,0,0,,,,,,0,0,0,0,0,GEN-SW4
32035970,"2026-02-15 23:09:24","2026-02-15 23:09:24",C01792,Canada,Canada,CF-IYB,,,,,,Cessna,C172,"Cessna 172",28885,,,,,,Private,,,1956,,,,0,,,,,,0,0,0,0,0,,,,,,0,0,0,0,0,GEN-C172
32035754,"2026-02-15 23:06:20","2026-02-15 23:06:20",383DCE,France,France,F-BPOO,,,,,,Robin,DR30,"Robin DR.340 Major",301,,,,,,Private,,,,,,,0,,,,,,0,0,0,0,0,,,,,,0,0,0,0,0,GEN-DR30
32035605,"2026-02-15 23:04:23","2026-02-15 23:04:23",AC8F89,"United States","United States",N9082G,,,,,,Viking,DFLY,"Viking Dragonfly Mk.II",H-5019,,,,,,Private,,,2000,,,,0,,,,,,0,0,0,0,0,,,,,,0,0,0,0,0,GEN-DFLY
32035083,"2026-02-15 22:57:37","2026-02-15 22:57:37",5113DE,Estonia,Estonia,"",,,,,,"",-GND,"Ground Vehicle",,,,,,,"Tallinn Airport",,,,,,,0,,,,,,0,0,0,0,0,,,,,,0,0,0,0,0,GEN--GND
32035078,"2026-02-15 22:57:32","2026-02-15 22:57:32",AA8DAF,"United States","United States",N7796Q,,,,,,Cessna,C310,"Cessna 310Q",310Q-0406,,,,,,Private,,,,,,,0,,,,,,0,0,0,0,0,,,,,,0,0,0,0,0,GEN-C310
32034744,"2026-02-15 22:53:03","2026-02-15 22:53:03",ADB83E,"United States","United States",N983WA,,,,,,SIAI-Marchetti,S05R,"SIAI-Marchetti S.205 22/R",4-124,,,,,,Private,,,,,,,0,,,,,,0,0,0,0,0,,,,,,0,0,0,0,0,GEN-S05R
32034487,"2026-02-15 22:49:21","2026-02-15 22:49:21",718879,"South Korea","South Korea",HL1079,,,,,,Cessna,C172,"Cessna 172R Skyhawk",17280466,,,,,,"Korea Aerospace University",,,1998,,,,0,,,,,,0,0,0,0,0,,,,,,0,0,0,0,0,GEN-C172
32034068,"2026-02-15 22:43:38","2026-02-15 22:43:38",A6458F,"United States","United States",N503EX,,,,,,"Textron Aviation",C208,"Textron Aviation 208 EX",208B5503,,,,,,"Textron Aviation Inc",,,2019,,,,0,,,,,,0,0,0,0,0,,,,,,0,0,0,0,0,GEN-C208
32034045,"2026-02-15 22:43:16","2026-02-15 22:43:16",A5E8DD,"United States","United States",N480CT,,,,,,"Hawker Beechcraft Corp",BE40,"Hawker Beechcraft Corp Hawker 400XP",RK-544,,,,,,"Fly to the Beech LLC",,,,,,,0,,,,,,0,0,0,0,0,,,,,,0,0,0,0,0,GEN-BE40
32033783,"2026-02-15 22:39:45","2026-02-15 22:39:45",A2A9F3,"United States","United States",N2708G,,,,,,Cessna,C182,"Cessna 182B Skylane",52008,,,,,,Private,,,1959,,,,0,,,,,,0,0,0,0,0,,,,,,0,0,0,0,0,GEN-C182
32032379,"2026-02-15 22:21:57","2026-02-15 22:21:57",A2E801,"United States","United States",N287AE,,,,,,Bell,B06,"Bell 206L Long Ranger III",51404,,,,,,"Air Evac EMS Inc",,,1990,,,,0,,,,,,0,0,0,0,0,,,,,,0,0,0,0,0,GEN-B06
32031830,"2026-02-15 22:15:14","2026-02-15 22:15:14",A6C2A6,"United States","United States",N5347R,,,,,,Cessna,C172,"Cessna 172F Skyhawk",17252876,,,,,,Private,,,,,,,0,,,,,,0,0,0,0,0,,,,,,0,0,0,0,0,GEN-C172
32031259,"2026-02-15 22:08:10","2026-02-15 22:08:10",A12834,"United States","United States",N174BT,,,,,,Pietenpol,ZZZZ,"Pietenpol Sky Scout",174,,,,,,Private,,,2001,,,,0,,,,,,0,0,0,0,0,,,,,,0,0,0,0,0,GEN-ZZZZ
32031164,"2026-02-15 22:06:55","2026-02-15 22:06:55",A59D22,"United States","United States",N4608Y,,,,,,Piper,PA25,"Piper PA-25 235 Pawnee C",25-4306,,,,,,Private,,,,,,,0,,,,,,0,0,0,0,0,,,,,,0,0,0,0,0,GEN-PA25
32030987,"2026-02-15 22:04:52","2026-02-15 22:04:52",A4C59C,"United States","United States",N4062U,,,,,,"Balloon Works",BALL,"Balloon Works Firefly 7 Hot Air Balloon",7994,,,,,,Private,,,1979,,,,0,,,,,,0,0,0,0,0,,,,,,0,0,0,0,0,GEN-BALL
32030935,"2026-02-15 22:04:05","2026-02-15 22:04:05",141796,Russia,Russia,RA-06038,,,,,,Mil,MI26,"Mil Mi-26 T",34001212428,,,,,,"Panh Air",,,,,,,0,,,,,,0,0,0,0,0,,,,,,0,0,0,0,0,GEN-MI26
32028908,"2026-02-15 21:38:34","2026-02-15 21:38:34",34440F,Spain,Spain,EC-LVA,,,,,,Airbus,A320,"Airbus A320 214",1171,,,,,,"Vueling Airlines",,,1999,,,,0,,,,,,0,0,0,0,0,,,,,,0,0,0,0,0,VLG
32028434,"2026-02-15 21:32:57","2026-02-15 21:32:57",A1444E,"United States","United States",N1809Q,,,,,,Cessna,C207,"Cessna 207A Skywagon",20700787,,,,,,Private,,,,,,,0,,,,,,0,0,0,0,0,,,,,,0,0,0,0,0,GEN-C207
32028003,"2026-02-15 21:27:50","2026-02-15 21:27:50",A4CFB5,"United States","United States",N409SW,,,,,,Bombardier,CRJ2,"Bombardier CRJ 200LR",7056,,,,,,"Delta Connection",,,,,,,0,,,,,,0,0,0,0,0,,,,,,0,0,0,0,0,SKW
32027489,"2026-02-15 21:21:32","2026-02-15 21:21:32",A0A430,"United States","United States",N140RJ,,,,,,Glasair,GLST,"Glasair Sportsman 2+2 GS-2",7408,,,,,,Private,,,,,,,0,,,,,,0,0,0,0,0,,,,,,0,0,0,0,0,GEN-GLST
32027373,"2026-02-15 21:19:56","2026-02-15 21:19:56",A6E2EA,"United States","United States",N54287,,,,,,Fairchild,FA62,"Fairchild PT-19A M-62A",T43-5030,,,,,,Private,,,1943,,,,0,,,,,,0,0,0,0,0,,,,,,0,0,0,0,0,GEN-FA62
32025897,"2026-02-15 21:03:09","2026-02-15 21:03:09",A1B8E4,"United States","United States",N21TT,,,,,,Schreder,GLID,"Schreder HP 14",8,,,,,,Private,,,,,,,0,,,,,,0,0,0,0,0,,,,,,0,0,0,0,0,GEN-GLID
32025485,"2026-02-15 20:58:21","2026-02-15 20:58:21",A23388,"United States","United States",N24080,,,,,,Bowers,FB1A,"Bowers Fly Baby 1A",GIF-1,,,,,,Private,,,1967,,,,0,,,,,,0,0,0,0,0,,,,,,0,0,0,0,0,GEN-FB1A
32023221,"2026-02-15 20:31:58","2026-02-15 20:31:58",0D81D7,Venezuela,Venezuela,YV3277,,,,,,Cessna,C56X,"Cessna Citation Excel",560-5287,,,,,,Corporate,,,2002,,,,0,,,,,,0,0,0,0,0,,,,,,0,0,0,0,0,GEN-C56X
32023065,"2026-02-15 20:30:14","2026-02-15 20:30:14",A36005,"United States","United States",N3164F,,,,,,Cessna,C182,"Cessna 182J Skylane",18257264,,,,,,Private,,,,,,,0,,,,,,0,0,0,0,0,,,,,,0,0,0,0,0,GEN-C182
32022906,"2026-02-15 20:28:23","2026-02-15 20:28:23",43C253,"United Kingdom","United Kingdom",ZJ190,,,,,,AgustaWestland,H64,"AgustaWestland Apache AH.1",WAH-25,,,,,,"Army Air Corps",,,,,,,0,,,,,,1,0,0,0,0,,,,,,0,0,0,0,0,
32021796,"2026-02-15 20:15:00","2026-02-15 20:15:00",A0DBCA,"United States","United States",N15428,,,,,,Piper,P28R,"Piper PA-28R 200 Cherokee Arrow II",28R-7335058,,,,,,Private,,,1972,,,,0,,,,,,0,0,0,0,0,,,,,,0,0,0,0,0,GEN-P28R
32021475,"2026-02-15 20:11:10","2026-02-15 20:11:10",00A761,"South Africa","South Africa",ZS-OXC,,,,,,Pzl-Mielec,M18,"Pzl-Mielec Dromader M-18A",1Z018-03,,,,,,Private,,,1987,,,,0,,,,,,0,0,0,0,0,,,,,,0,0,0,0,0,GEN-M18
32021201,"2026-02-15 20:07:46","2026-02-15 20:07:46",AD6EA8,"United States","United States",N9649U,,,,,,"Grumman American",AA1,"Grumman American AA-1C Lynx",AA1C-0086,,,,,,Private,,,1977,,,,0,,,,,,0,0,0,0,0,,,,,,0,0,0,0,0,GEN-AA1
32020774,"2026-02-15 20:02:17","2026-02-15 20:02:17",AB8440,"United States","United States",N841HA,,,,,,Bombardier,DH8B,"Bombardier DHC-8 202",468,,,,,,"Operator Unknown",,,1997,,,,0,,,,,,0,0,0,0,0,,,,,,0,0,0,0,0,GEN-DH8B
32020174,"2026-02-15 19:55:10","2026-02-15 19:55:10",A57942,"United States","United States",N45179,,,,,,"Naval Aircraft Factory",N3N,"Naval Aircraft Factory N3N 3",2866,,,,,,Private,,,1941,,,,0,,,,,,0,0,0,0,0,,,,,,0,0,0,0,0,GEN-N3N
32019161,"2026-02-15 19:42:12","2026-02-15 19:42:12",A42950,"United States","United States",N36746,,,,,,Stinson,S10,"Stinson Voyager 10A",8146,,,,,,Private,,,1941,,,,0,,,,,,0,0,0,0,0,,,,,,0,0,0,0,0,GEN-S10
32017525,"2026-02-15 19:22:20","2026-02-15 19:22:20",1488E3,Russia,Russia,RA-35043,,,,,,Antonov,AN2,"Antonov An-2",1G110-09,,,,,,"Sasovo Flying  School",,,,,,,0,,,,,,0,0,0,0,0,,,,,,0,0,0,0,0,GEN-AN2
32015973,"2026-02-15 19:03:54","2026-02-15 19:03:54",A49159,"United States","United States",N39375,,,,,,Lake,LA4,"Lake Buccaneer LA-4-200",525,,,,,,Private,,,,,,,0,,,,,,0,0,0,0,0,,,,,,0,0,0,0,0,GEN-LA4
32015412,"2026-02-15 18:58:28","2026-02-15 18:58:28",AC5110,"United States","United States",N893GA,,,,,,"McDonnell Douglas",MD83,"McDonnell Douglas DC-9 83",53051,,,,,,"Allegiant Air",,,1990,,,,0,,,,,,0,0,0,0,0,,,,,,0,0,0,0,0,AAY
32015413,"2026-02-15 18:58:28","2026-02-15 18:58:28",A99AA7,"United States","United States",N718KA,,,,,,Kolb,ULAC,Kolbra,KB0030001,,,,,,Private,,,,,,,0,,,,,,0,0,0,0,0,,,,,,0,0,0,0,0,GEN-ULAC
32015200,"2026-02-15 18:54:32","2026-02-15 18:54:32",AD3736,"United States","United States",N9501V,,,,,,Mooney,M20P,"Mooney M.20E Chaparral",690021,,,,,,Private,,,,,,,0,,,,,,0,0,0,0,0,,,,,,0,0,0,0,0,GEN-M20P
32014339,"2026-02-15 18:44:01","2026-02-15 18:44:01",A40F95,"United States","United States",N36066,,,,,,Piper,P28R,"Piper PA-28R 201 Arrow III",28R-7837263,,,,,,Private,,,,,,,0,,,,,,0,0,0,0,0,,,,,,0,0,0,0,0,GEN-P28R
32014062,"2026-02-15 18:40:58","2026-02-15 18:40:58",49BA12,"Czech Republic","Czech Republic",OK-NPR,,,,,,Orlican,L40,"Orlican Meta-Sokol L-40",150811,,,,,,Private,,,,,,,0,,,,,,0,0,0,0,0,,,,,,0,0,0,0,0,GEN-L40
32011877,"2026-02-15 18:14:00","2026-02-15 18:14:00",A35635,"United States","United States",N314FL,,,,,,Embraer,E55P,"Embraer Phenom 300",50500050,,,,,,"Flight Options",,,2011,,,,0,,,,,,0,0,0,0,0,,,,,,0,0,0,0,0,OPT
32011478,"2026-02-15 18:09:04","2026-02-15 18:09:04",3FC420,Germany,Germany,D-OLSA,,,,,,Lindstrand,BALL,"Lindstrand LBL.180A Hot Air Balloon",1216,,,,,,Private,,,2008,,,,0,,,,,,0,0,0,0,0,,,,,,0,0,0,0,0,GEN-BALL
32011285,"2026-02-15 18:07:10","2026-02-15 18:07:10",AC3331,"United States","United States",N8853H,,,,,,"North American",NAVI,"North American Navion",NAV-4-853,,,,,,Private,,,1947,,,,0,,,,,,0,0,0,0,0,,,,,,0,0,0,0,0,GEN-NAVI
32010460,"2026-02-15 17:57:26","2026-02-15 17:57:26",44D98F,Belgium,Belgium,OO-VLO,,,,,,Fokker,F50,"Fokker F50",20127,,,,,,"VLM Airlines",,,1988,,,,0,,,,,,0,0,0,0,0,,,,,,0,0,0,0,0,GEN-F50
32010206,"2026-02-15 17:54:21","2026-02-15 17:54:21",A98665,"United States","United States",N7124F,,,,,,"Textron Aviation",C208,"Textron Aviation 208 EX",208B-5233,,,,,,Corporate,,,2015,,,,0,,,,,,0,0,0,0,0,,,,,,0,0,0,0,0,GEN-C208
32009877,"2026-02-15 17:50:26","2026-02-15 17:50:26",A6568A,"United States","United States",N50715,,,,,,"Textron Aviation",C68A,"Textron Aviation Citation Latitude",680A-0107,,,,,,"Textron Aviation Inc",,,2017,,,,0,,,,,,0,0,0,0,0,,,,,,0,0,0,0,0,GEN-C68A
32009560,"2026-02-15 17:46:55","2026-02-15 17:46:55",A3A3C7,"United States","United States",N3333T,,,,,,Cessna,C310,"Cessna 310H",310H-0137,,,,,,Private,,,1963,,,,0,,,,,,0,0,0,0,0,,,,,,0,0,0,0,0,GEN-C310
32009270,"2026-02-15 17:43:44","2026-02-15 17:43:44",407095,"United Kingdom","United Kingdom",G-AVHD,,,,,,Mooney,M20P,"Mooney M.20F Executive 21",670260,,,,,,Private,,,,,,,0,,,,,,0,0,0,0,0,,,,,,0,0,0,0,0,GEN-M20P
32009021,"2026-02-15 17:40:47","2026-02-15 17:40:47",A6567D,"United States","United States",N5071S,,,,,,"Air Tractor",AT3P,"Air Tractor AT-301",301-0112,,,,,,Private,,,1977,,,,0,,,,,,0,0,0,0,0,,,,,,0,0,0,0,0,GEN-AT3P
32008838,"2026-02-15 17:38:40","2026-02-15 17:38:40",449C18,Belgium,Belgium,OO-G92,,,,,,Aero-Kros,MP02,"Aero-Kros MP-02 Czajka",MP-02/06/11,,,,,,Private,,,,,,,0,,,,,,0,0,0,0,0,,,,,,0,0,0,0,0,GEN-MP02
32008658,"2026-02-15 17:36:30","2026-02-15 17:36:30",064168,Nigeria,Nigeria,5N-JEE,,,,,,Bombardier,CRJX,"Bombardier CRJ 1000 NG",19037,,,,,,"Arik Air",,,2013,,,,0,,,,,,0,0,0,0,0,,,,,,0,0,0,0,0,ARA
32007839,"2026-02-15 17:27:32","2026-02-15 17:27:32",A7DD4E,"United States","United States",N6058M,,,,,,Stinson,S108,"Stinson Voyager 108-3",108-4058,,,,,,Private,,,1947,,,,0,,,,,,0,0,0,0,0,,,,,,0,0,0,0,0,GEN-S108
32006782,"2026-02-15 17:15:58","2026-02-15 17:15:58",3004E4,Italy,Italy,I-SEAN,,,,,,Tecnam,P06T,"Tecnam P.2006T",074,,,,,,Private,,,,,,,0,,,,,,0,0,0,0,0,,,,,,0,0,0,0,0,GEN-P06T
32006745,"2026-02-15 17:15:37","2026-02-15 17:15:37",AB24D4,"United States","United States",N817R,,,,,,Beech,BE35,"Beech Bonanza K35",D-6015,,,,,,Private,,,,,,,0,,,,,,0,0,0,0,0,,,,,,0,0,0,0,0,GEN-BE35
32006712,"2026-02-15 17:15:12","2026-02-15 17:15:12",458825,Denmark,Denmark,OY-BAE,,,,,,Piper,P28A,"Piper PA-28 180 Cherokee C",28-2171,,,,,,Private,,,1965,,,,0,,,,,,0,0,0,0,0,,,,,,0,0,0,0,0,GEN-P28A
32006642,"2026-02-15 17:14:25","2026-02-15 17:14:25",A1A122,"United States","United States",N204CS,,,,,,Beech,BE80,"Beech Queen Air 65-80",LD-148,,,,,,Private,,,1964,,,,0,,,,,,0,0,0,0,0,,,,,,0,0,0,0,0,GEN-BE80
32006573,"2026-02-15 17:13:47","2026-02-15 17:13:47",AB7949,"United States","United States",N8386N,,,,,,Beech,BE55,"Beech Baron D55",TE-555,,,,,,Private,,,1968,,,,0,,,,,,0,0,0,0,0,,,,,,0,0,0,0,0,GEN-BE55
32006331,"2026-02-15 17:11:00","2026-02-15 17:11:00",406BDB,"United Kingdom","United Kingdom",G-TNDR,,,,,,Tecnam,P208,"Tecnam P.2008 JC",1035,,,,,,"Omega Sky Taxi",,,,,,,0,,,,,,0,0,0,0,0,,,,,,0,0,0,0,0,GEN-P208
32006263,"2026-02-15 17:10:02","2026-02-15 17:10:02",3F3A03,Germany,Germany,D-OHWL,,,,,,"Schroeder Fire Balloons",BALL,"Schroeder Fire Balloons Hot Air Balloon",1363,,,,,,Private,,,2009,,,,0,,,,,,0,0,0,0,0,,,,,,0,0,0,0,0,GEN-BALL
32005770,"2026-02-15 17:04:38","2026-02-15 17:04:38",400E3D,"United Kingdom","United Kingdom",G-ZZSC,,,,,,Eurocopter,EC25,"Eurocopter EC225 LP",2654,,,,,,"Bristow Helicopters",,,2006,,,,0,,,,,,0,0,0,0,0,,,,,,0,0,0,0,0,BHL
32004248,"2026-02-15 16:47:22","2026-02-15 16:47:22",146A27,Russia,Russia,RA-27175,,,,,,Mil,MI8,"Mil Mi-8 MTV-1",96114,,,,,,"United Nations",,,,,,,0,,,,,,0,0,0,0,0,,,,,,0,0,0,0,0,GEN-MI8
32003344,"2026-02-15 16:36:52","2026-02-15 16:36:52",AB17E3,"United States","United States",N8137W,,,,,,Piper,P28A,"Piper PA-28 180 Cherokee C",28-2250,,,,,,Private,,,1965,,,,0,,,,,,0,0,0,0,0,,,,,,0,0,0,0,0,GEN-P28A
32002980,"2026-02-15 16:32:49","2026-02-15 16:32:49",E485B1,Brazil,Brazil,PR-MYG,,,,,,Airbus,A320,"Airbus A320 214",4320,,,,,,"LATAM Brasil",,,2010,,,,0,,,,,,0,0,0,0,0,,,,,,0,0,0,0,0,GEN-A320
32002501,"2026-02-15 16:27:16","2026-02-15 16:27:16",00C462,"South Africa","South Africa",ZS-ZWR,,,,,,Boeing,B738,"Boeing 737NG 85P/W",28382,,,,,,"British Airways",,,1999,,,,0,,,,,,0,0,0,0,0,,,,,,0,0,0,0,0,CAW
32002314,"2026-02-15 16:25:24","2026-02-15 16:25:24",780A30,"China Hong Kong","China Hong Kong",B-LDL,,,,,,"Gulfstream Aerospace",GLF5,"Gulfstream Aerospace G550",5335,,,,,,"HK Bellawings",,,2011,,,,0,,,,,,0,0,0,0,0,,,,,,0,0,0,0,0,GEN-GLF5
32001473,"2026-02-15 16:15:54","2026-02-15 16:15:54",A0A6E0,"United States","United States",N141EW,,,,,,"Europa Aviation",EUPA,"Europa Aviation Europa XS Monowheel",A141,,,,,,Private,,,2005,,,,0,,,,,,0,0,0,0,0,,,,,,0,0,0,0,0,GEN-EUPA
32001190,"2026-02-15 16:12:33","2026-02-15 16:12:33",A2CB10,"United States","United States",N27955,,,,,,"Raven Industries",BALL,"Raven Industries Rally RX.7 Hot Air Balloon",RX7-416,,,,,,Private,,,,,,,0,,,,,,0,0,0,0,0,,,,,,0,0,0,0,0,GEN-BALL
32000815,"2026-02-15 16:08:39","2026-02-15 16:08:39",3F06BE,Germany,Germany,D-9767,,,,,,Schleicher,GLID,"Schleicher ASW 27",27008,,,,,,Private,,,1996,,,,0,,,,,,0,0,0,0,0,,,,,,0,0,0,0,0,GEN-GLID
32000594,"2026-02-15 16:06:06","2026-02-15 16:06:06",AADCA2,"United States","United States",N7996D,,,,,,Vans,RV8,"Vans RV-8",81710,,,,,,Private,,,2004,,,,0,,,,,,0,0,0,0,0,,,,,,0,0,0,0,0,GEN-RV8
31998977,"2026-02-15 15:48:33","2026-02-15 15:48:33",407832,"United Kingdom","United Kingdom",G-HITN,,,,,,"Airbus Helicopters",AS50,"Airbus Helicopters Squirrel AS.350 B3e (H125)",8664,,,,,,"Elstree Ink Ltd",,,2019,,,,0,,,,,,0,0,0,0,0,,,,,,0,0,0,0,0,GEN-AS50
31998218,"2026-02-15 15:39:14","2026-02-15 15:39:14",3411D6,Spain,Spain,EC-GNK,,,,,,Dassault,F2TH,"Dassault Falcon 2000",37,,,,,,"Gestair Executive Jet SA",,,1996,,,,0,,,,,,0,0,0,0,0,,,,,,0,0,0,0,0,GES
31997496,"2026-02-15 15:30:59","2026-02-15 15:30:59",A2AD69,"United States","United States",N2716M,,,,,,Piper,PA12,"Piper PA-12 Super Cruiser",12-1214,,,,,,Private,,,1947,,,,0,,,,,,0,0,0,0,0,,,,,,0,0,0,0,0,GEN-PA12
31996717,"2026-02-15 15:21:44","2026-02-15 15:21:44",A40239,"United States","United States",N35775,,,,,,Piper,J5,"Piper J-5 A Cub Cruiser",5-761,,,,,,Private,,,1941,,,,0,,,,,,0,0,0,0,0,,,,,,0,0,0,0,0,GEN-J5
31996303,"2026-02-15 15:17:16","2026-02-15 15:17:16",402CEC,"United Kingdom","United Kingdom",G-AKUK,,,,,,Luscombe,L8,"Luscombe Silvaire 8E",5793,,,,,,Private,,,1947,,,,0,,,,,,0,0,0,0,0,,,,,,0,0,0,0,0,GEN-L8
31995413,"2026-02-15 15:07:18","2026-02-15 15:07:18",424791,"Cayman Islands","Cayman Islands",VP-CGY,,,,,,Airbus,A320,"Airbus A320 232SL",6583,,,,,,"Saudi Gulf Airlines",,,2015,,,,0,,,,,,0,0,0,0,0,,,,,,0,0,0,0,0,SGQ
31994854,"2026-02-15 15:00:47","2026-02-15 15:00:47",A8BF2B,"United States","United States",N6628V,,,,,,Bellanca,BL17,"Bellanca Super Viking 17-30A",30295,,,,,,Private,,,1970,,,,0,,,,,,0,0,0,0,0,,,,,,0,0,0,0,0,GEN-BL17
31994216,"2026-02-15 14:53:30","2026-02-15 14:53:30",A26291,"United States","United States",N2529T,,,,,,"Lancair Columbia",COL4,"Lancair Columbia 400 LC41-550FG",41507,,,,,,Private,,,2005,,,,0,,,,,,0,0,0,0,0,,,,,,0,0,0,0,0,GEN-COL4
31993533,"2026-02-15 14:45:32","2026-02-15 14:45:32",C048CE,Canada,Canada,C-GBOV,,,,,,Piper,PAY3,"Piper PA-42 Cheyenne III",42-8001027,,,,,,"Transport Passion R Inc",,,1981,,,,0,,,,,,0,0,0,0,0,,,,,,0,0,0,0,0,GEN-PAY3
31992737,"2026-02-15 14:37:03","2026-02-15 14:37:03",A1D14C,"United States","United States",N216RJ,,,,,,Cessna,C501,"Cessna Citation I",501-0099,,,,,,"N504D LLC",,,,,,,0,,,,,,0,0,0,0,0,,,,,,0,0,0,0,0,GEN-C501
31991966,"2026-02-15 14:28:33","2026-02-15 14:28:33",06A1EF,Qatar,Qatar,A7-MGK,,,,,,SOCATA,TRIN,"SOCATA TB20 Trinidad GT",2004,,,,,,Private,,,,,,,0,,,,,,0,0,0,0,0,,,,,,0,0,0,0,0,GEN-TRIN
31991606,"2026-02-15 14:24:48","2026-02-15 14:24:48",A7BEAB,"United States","United States",N59883,,,,,,Boeing,ST75,"Boeing Stearman A75N1 PT-17 Kaydet",75-1730,,,,,,Private,,,1941,,,,0,,,,,,0,0,0,0,0,,,,,,0,0,0,0,0,GEN-ST75
31988801,"2026-02-15 13:51:10","2026-02-15 13:51:10",3C4898,Germany,Germany,D-ABDX,,,,,,Airbus,A320,"Airbus A320 214",3995,,,,,,"Air Berlin",,,2009,,,,0,,,,,,0,0,0,0,0,,,,,,0,0,0,0,0,BER
31988604,"2026-02-15 13:48:35","2026-02-15 13:48:35",A9C857,"United States","United States",N7297Q,,,,,,Cessna,C172,"Cessna 172L Skyhawk",17260597,,,,,,Private,,,1972,,,,0,,,,,,0,0,0,0,0,,,,,,0,0,0,0,0,GEN-C172
31988506,"2026-02-15 13:47:33","2026-02-15 13:47:33",A84B51,"United States","United States",N6330Z,,,,,,"Raven Aerostar",BALL,"Raven Aerostar RX.8 Hot Air Balloon",RX8-3092,,,,,,Private,,,,,,,0,,,,,,0,0,0,0,0,,,,,,0,0,0,0,0,GEN-BALL
18416,"2022-02-24 15:35:39","2026-02-15 13:45:21",3C424B,Germany,Germany,,,,,,,,-GND,,,,,,,,,,,,,,,0,,,,,,0,0,0,0,0,Missing,,,,,0,0,0,0,0,"BERLIN AIRPORT"
31987570,"2026-02-15 13:37:10","2026-02-15 13:37:10",A75BF1,"United States","United States",N5730L,,,,,,"Raven Aerostar",BALL,"Raven Aerostar S-55A Hot Air Balloon",S55A-622,,,,,,Private,,,,,,,0,,,,,,0,0,0,0,0,,,,,,0,0,0,0,0,GEN-BALL
31987175,"2026-02-15 13:32:54","2026-02-15 13:32:54",141ECF,Russia,Russia,RA-07887,,,,,,Piper,M600,"Piper PA-46-600TP M600",4698029,,,,,,Corporate,,,2017,,,,0,,,,,,0,0,0,0,0,,,,,,0,0,0,0,0,GEN-M600
31986622,"2026-02-15 13:26:30","2026-02-15 13:26:30",44EAE9,Belgium,Belgium,OO-ZWI,,,,,,Breguet,GLID,"Breguet Br.905S Fauvette",33,,,,,,Private,,,1960,,,,0,,,,,,0,0,0,0,0,,,,,,0,0,0,0,0,GEN-GLID
31985585,"2026-02-15 13:13:33","2026-02-15 13:13:33",A0E3C6,"United States","United States",N1567,,,,,,Schleicher,GLID,"Schleicher K 8 B",SH8551,,,,,,Private,,,1968,,,,0,,,,,,0,0,0,0,0,,,,,,0,0,0,0,0,GEN-GLID
31985149,"2026-02-15 13:08:43","2026-02-15 13:08:43",A14422,"United States","United States",N1808F,,,,,,Cessna,C210,"Cessna 210E Centurion",21058708,,,,,,Private,,,1965,,,,0,,,,,,0,0,0,0,0,,,,,,0,0,0,0,0,GEN-C210
31984293,"2026-02-15 12:59:24","2026-02-15 12:59:24",A1A098,"United States","United States",N2038,,,,,,ERCO,ERCO,"Ercoupe 415-C",2661,,,,,,Private,,,1946,,,,0,,,,,,0,0,0,0,0,,,,,,0,0,0,0,0,GEN-ERCO
31982990,"2026-02-15 12:44:24","2026-02-15 12:44:24",A9B6EA,"United States","United States",N725JC,,,,,,"Innovator Technologies",UHEL,"Innovator Technologies Mosquito XE",MXE1123110B,,,,,,Private,,,2012,,,,0,,,,,,0,0,0,0,0,,,,,,0,0,0,0,0,GEN-UHEL
31982894,"2026-02-15 12:43:12","2026-02-15 12:43:12",76CE84,Singapore,Singapore,9V-STD,,,,,,Airbus,A333,"Airbus A330 343E",997,,,,,,"Singapore Airlines",,,2009,,,,0,,,,,,0,0,0,0,0,,,,,,0,0,0,0,0,SIA
31982805,"2026-02-15 12:42:20","2026-02-15 12:42:20",ACEA2C,"United States","United States",N931JD,,,,,,"Amateur Built",ULAC,"Amateur Built Loehle 5151 Mustang",92193,,,,,,Private,,,1995,,,,0,,,,,,0,0,0,0,0,,,,,,0,0,0,0,0,GEN-ULAC
31979756,"2026-02-15 12:08:31","2026-02-15 12:08:31",AC5A82,"United States","United States",N89517,,,,,,Cessna,C140,"Cessna 140",8553,,,,,,Private,,,1946,,,,0,,,,,,0,0,0,0,0,,,,,,0,0,0,0,0,GEN-C140
31979739,"2026-02-15 12:08:20","2026-02-15 12:08:20",4013C5,"United Kingdom","United Kingdom",G-AEXT,,,,,,Dart,ZZZZ,"Dart Kitten II",123,,,,,,Private,,,,,,,0,,,,,,0,0,0,0,0,,,,,,0,0,0,0,0,GEN-ZZZZ
31979062,"2026-02-15 12:00:36","2026-02-15 12:00:36",AA8E45,"United States","United States",N78AZ,,,,,,Brandli,BX2,"Brandli BX-2 TW",189,,,,,,Private,,,,,,,0,,,,,,0,0,0,0,0,,,,,,0,0,0,0,0,GEN-BX2
31978208,"2026-02-15 11:50:40","2026-02-15 11:50:40",800D2E,India,India,VT-YMA,,,,,,Leonardo,A109,"LEONARDO AW.109 SP Grand New",,,,,,,Private,,,,,,,0,,,,,,0,0,0,0,0,,,,,,0,0,0,0,0,GEN-A109
31976494,"2026-02-15 11:31:58","2026-02-15 11:31:58",ACCCC5,"United States","United States",N9238F,,,,,,Hughes,H500,"Hughes 369 HS",25-0713S,,,,,,Private,,,1975,,,,0,,,,,,0,0,0,0,0,,,,,,0,0,0,0,0,GEN-H500
31976186,"2026-02-15 11:28:40","2026-02-15 11:28:40",384459,France,France,F-BRCZ,,,,,,Robin,DR30,"Robin DR.340 Major",354,,,,,,Private,,,,,,,0,,,,,,0,0,0,0,0,,,,,,0,0,0,0,0,GEN-DR30
31975767,"2026-02-15 11:23:57","2026-02-15 11:23:57",ABC072,"United States","United States",N8563Q,,,,,,Cessna,C185,"Cessna A185F Skywagon 185",18503736,,,,,,Private,,,1978,,,,0,,,,,,0,0,0,0,0,,,,,,0,0,0,0,0,GEN-C185
31974976,"2026-02-15 11:15:31","2026-02-15 11:15:31",A261A5,"United States","United States",N25222,,,,,,Luscombe,L8,"Luscombe Silvaire 8E",1127,,,,,,Private,,,,,,,0,,,,,,0,0,0,0,0,,,,,,0,0,0,0,0,GEN-L8
31974865,"2026-02-15 11:14:18","2026-02-15 11:14:18",A9F21A,"United States","United States",N74VP,,,,,,"Cirrus Design",SR20,"Cirrus Design SR20",2556,,,,,,Private,,,,,,,0,,,,,,0,0,0,0,0,,,,,,0,0,0,0,0,GEN-SR20
31974425,"2026-02-15 11:09:40","2026-02-15 11:09:40",A57C01,"United States","United States",N45206,,,,,,"Naval Aircraft Factory",N3N,"Naval Aircraft Factory N3N 3",4411,,,,,,Private,,,1941,,,,0,,,,,,0,0,0,0,0,,,,,,0,0,0,0,0,GEN-N3N
31973968,"2026-02-15 11:04:53","2026-02-15 11:04:53",A6DB81,"United States","United States",N5409B,,,,,,Cessna,C182,"Cessna 182",33409,,,,,,Private,,,,,,,0,,,,,,0,0,0,0,0,,,,,,0,0,0,0,0,GEN-C182
31973932,"2026-02-15 11:04:31","2026-02-15 11:04:31",84C5BE,Japan,Japan,JA2526,,,,,,Schempp-Hirth,NIMB,"Schempp-Hirth Nimbus 3D",14/65,,,,,,Private,,,1994,,,,0,,,,,,0,0,0,0,0,,,,,,0,0,0,0,0,GEN-NIMB
31973333,"2026-02-15 10:58:15","2026-02-15 10:58:15",385290,France,France,F-BUUQ,,,,,,Piper,P28A,"Piper PA-28 180 Cherokee",28-7305537,,,,,,Private,,,1973,,,,0,,,,,,0,0,0,0,0,,,,,,0,0,0,0,0,GEN-P28A
31972829,"2026-02-15 10:52:33","2026-02-15 10:52:33",4C4884,Serbia,Serbia,YU-SEE,,,,,,Reims/Cessna,C172,"Reims/Cessna F172H",0329,,,,,,Private,,,1967,,,,0,,,,,,0,0,0,0,0,,,,,,0,0,0,0,0,GEN-C172
31972784,"2026-02-15 10:51:56","2026-02-15 10:51:56",503CAD,Lithuania,Lithuania,LY-SPG,,,,,,Airbus,A320,"Airbus A320 214",1041,,,,,,"Small Planet Airlines Cambodia",,,1999,,,,0,,,,,,0,0,0,0,0,,,,,,0,0,0,0,0,GEN-A320
31972510,"2026-02-15 10:48:53","2026-02-15 10:48:53",AD74D5,"United States","United States",N9660N,,,,,,Stoddard-Hamilton,GLAS,"Stoddard-Hamilton Glasair",566,,,,,,Private,,,1986,,,,0,,,,,,0,0,0,0,0,,,,,,0,0,0,0,0,GEN-GLAS
31972485,"2026-02-15 10:48:40","2026-02-15 10:48:40",488138,Poland,Poland,SP-AKV,,,,,,Cessna,C152,"Cessna 152",15283550,,,,,,Private,,,1979,,,,0,,,,,,0,0,0,0,0,,,,,,0,0,0,0,0,GEN-C152
31972283,"2026-02-15 10:46:21","2026-02-15 10:46:21",A6C57D,"United States","United States",N5351B,,,,,,"North American",P51,"North American TF-51D Mustang",122-39601,,,,,,Private,,,,,,,0,,,,,,0,0,0,0,0,,,,,,0,0,0,0,0,GEN-P51
31972203,"2026-02-15 10:45:36","2026-02-15 10:45:36",448A85,Belgium,Belgium,OO-BTE,,,,,,Cameron,BALL,"Cameron N-90 Hot Air Balloon",3556,,,,,,Private,,,1995,,,,0,,,,,,0,0,0,0,0,,,,,,0,0,0,0,0,GEN-BALL
31971147,"2026-02-15 10:33:29","2026-02-15 10:33:29",A09D7A,"United States","United States",N139JT,,,,,,"Aero Vodochody",L39,"Aero Vodochody L-39 C",734156,,,,,,Private,,,1987,,,,0,,,,,,0,0,0,0,0,,,,,,0,0,0,0,0,GEN-L39
31970444,"2026-02-15 10:25:32","2026-02-15 10:25:32",A52A16,"United States","United States",N4316Y,,,,,,"Amateur Built",BALL,"Amateur Built W57A Hot Air Balloon",W57A-101,,,,,,Private,,,,,,,0,,,,,,0,0,0,0,0,,,,,,0,0,0,0,0,GEN-BALL
31970365,"2026-02-15 10:24:37","2026-02-15 10:24:37",A53CB4,"United States","United States",N43669,,,,,,Taylorcraft,TAYB,"Taylorcraft BC-12D",7328,,,,,,Private,,,1946,,,,0,,,,,,0,0,0,0,0,,,,,,0,0,0,0,0,GEN-TAYB
31969238,"2026-02-15 10:12:27","2026-02-15 10:12:27",A047B7,"United States","United States",N117RM,,,,,,Monnett,MRAI,"Monnett Monerai",8,,,,,,Private,,,,,,,0,,,,,,0,0,0,0,0,,,,,,0,0,0,0,0,GEN-MRAI
31969117,"2026-02-15 10:11:15","2026-02-15 10:11:15",86D9CA,Japan,Japan,JA8362,,,,,,Boeing,B763,"Boeing 767 381ERBCF",24632,,,,,,"All Nippon Airways",,,1989,,,,0,,,,,,0,0,0,0,0,,,,,,0,0,0,0,0,ANA
31968556,"2026-02-15 10:04:52","2026-02-15 10:04:52",A9ADF1,"United States","United States",N7224U,,,,,,Robinson,R44,"Robinson R44 Raven",1442,,,,,,Private,,,,,,,0,,,,,,0,0,0,0,0,,,,,,0,0,0,0,0,GEN-R44
31968327,"2026-02-15 10:02:12","2026-02-15 10:02:12",AA0C93,"United States","United States",N747AH,,,,,,Cessna,C525,"Cessna Citation CJ1",525-0304,,,,,,"Ricks Custom Fencing & Decking Inc",,,,,,,0,,,,,,0,0,0,0,0,,,,,,0,0,0,0,0,GEN-C525
31967434,"2026-02-15 09:51:39","2026-02-15 09:51:39",A608E8,"United States","United States",N48813,,,,,,Aeronca,CH7A,"Aeronca O-58B Grasshopper",O58B-5102,,,,,,Private,,,1943,,,,0,,,,,,0,0,0,0,0,,,,,,0,0,0,0,0,GEN-CH7A
31967389,"2026-02-15 09:51:18","2026-02-15 09:51:18",AA6A7E,"United States","United States",N770R,,,,,,Schempp-Hirth,GLID,"Schempp-Hirth Standard Cirrus",75,,,,,,Private,,,,,,,0,,,,,,0,0,0,0,0,,,,,,0,0,0,0,0,GEN-GLID
31967357,"2026-02-15 09:50:56","2026-02-15 09:50:56",A3FB1C,"United States","United States",N356AE,,,,,,Fouga,FOUG,"Fouga Magister CM.170",356,,,,,,Private,,,,,,,0,,,,,,0,0,0,0,0,,,,,,0,0,0,0,0,GEN-FOUG
31967222,"2026-02-15 09:49:31","2026-02-15 09:49:31",A33603,"United States","United States",YV549T,,,,,,Cessna,C525,"Cessna Citation CJ1",525-0084,,,,,,"Servicios 5250084 CA",,,1994,,,,0,,,,,,0,0,0,0,0,,,,,,0,0,0,0,0,GEN-C525
31966624,"2026-02-15 09:42:40","2026-02-15 09:42:40",AA8526,"United States","United States",N777XS,,,,,,Cessna,C650,"Cessna Citation III",650-0008,,,,,,"Giralda Group LLC",,,,,,,0,,,,,,0,0,0,0,0,,,,,,0,0,0,0,0,GEN-C650
31966208,"2026-02-15 09:37:44","2026-02-15 09:37:44",30063E,Italy,Italy,I-AWTK,,,,,,AgustaWestland,A139,"AgustaWestland AW.139",31353,,,,,,Monacair,,,2011,,,,0,,,,,,0,0,0,0,0,,,,,,0,0,0,0,0,GEN-A139
31965814,"2026-02-15 09:33:16","2026-02-15 09:33:16",A1BF90,"United States","United States",N211ZZ,,,,,,Thorp,T211,"Thorp T-211 Thorpedo",0803D0353,,,,,,Private,,,,,,,0,,,,,,0,0,0,0,0,,,,,,0,0,0,0,0,GEN-T211
31965492,"2026-02-15 09:29:12","2026-02-15 09:29:12",A18997,"United States","United States",N19898,,,,,,Cessna,C172,"Cessna 172M Skyhawk",17260845,,,,,,Private,,,1972,,,,0,,,,,,0,0,0,0,0,,,,,,0,0,0,0,0,GEN-C172
31962591,"2026-02-15 08:55:54","2026-02-15 08:55:54",14B623,Russia,Russia,RA-46627,,,,,,Antonov,AN24,"Antonov An-24 RV",37308806,,,,,,"Tomsk Avia",,,,,,,0,,,,,,0,0,0,0,0,,,,,,0,0,0,0,0,TSK
31962349,"2026-02-15 08:52:44","2026-02-15 08:52:44",A35586,"United States","United States",N31387,,,,,,Neico,LNC2,"Neico Lancair 320",660-320-404FB,,,,,,Private,,,,,,,0,,,,,,0,0,0,0,0,,,,,,0,0,0,0,0,GEN-LNC2
31961222,"2026-02-15 08:38:03","2026-02-15 08:38:03",AC2FD3,"United States","United States",N88452,,,,,,Bellanca,CH7B,"Bellanca Citabria 7GCBC",787-75,,,,,,Private,,,1974,,,,0,,,,,,0,0,0,0,0,,,,,,0,0,0,0,0,GEN-CH7B
11102,"2021-11-08 16:26:52","2026-02-15 08:09:54",C87EE8,"New Zealand","New Zealand","",,,,"",,"",ZZZZ,"","",,,,,,"",,,,,,"",0,,,,,,0,0,0,0,0,Missing,,,"","",0,0,0,0,0,GEN-ZZZZ
766556,"2023-10-30 20:59:55","2026-02-15 08:09:54",43BF96,"United Kingdom","United Kingdom","",,,,"",,"",ZANT,"","",,,,,,"",,,,,,"",0,,,,,,0,0,0,0,0,Missing,,,"","",0,0,0,0,0,ZANT
31958495,"2026-02-15 08:05:48","2026-02-15 08:05:48",A8B174,"United States","United States",N65968,,,,,,Schweizer,GLID,"Schweizer SGS 1-26 E",608,,,,,,Private,,,1974,,,,0,,,,,,0,0,0,0,0,,,,,,0,0,0,0,0,GEN-GLID
31958339,"2026-02-15 08:03:41","2026-02-15 08:03:41",C8173D,"New Zealand","New Zealand",ZK-YJP,,,,,,"Amateur Built",ULAC,"Amateur Built TEAM Hi-Max",966,,,,,,Private,,,,,,,0,,,,,,0,0,0,0,0,,,,,,0,0,0,0,0,GEN-ULAC
31956186,"2026-02-15 07:36:30","2026-02-15 07:36:30",3EF3D3,Germany,Germany,D-4924,,,,,,Schleicher,GLID,"Schleicher ASW 24",24003,,,,,,Private,,,1988,,,,0,,,,,,0,0,0,0,0,,,,,,0,0,0,0,0,GEN-GLID
31956160,"2026-02-15 07:36:07","2026-02-15 07:36:07",0DE47F,Venezuela,Venezuela,91-0463,,,,,,"General Dynamics",F16,"General Dynamics F-16DG Fighting Falcon",CD-18,,,,,,"United States Air Force",,,,,,,0,,,,,,1,0,0,0,0,,,,,,0,0,0,0,0,
31955955,"2026-02-15 07:33:37","2026-02-15 07:33:37",405E65,"United Kingdom","United Kingdom",G-FBEN,,,,,,Embraer,E190,"Embraer EMB-195 LR",19000213,,,,,,Flybe,,,2008,,,,0,,,,,,0,0,0,0,0,,,,,,0,0,0,0,0,BEE
31955693,"2026-02-15 07:30:17","2026-02-15 07:30:17",A067BE,"United States","United States",N125RB,,,,,,"Raven Aerostar",BALL,"Raven Aerostar S-60 Hot Air Balloon",S60-209,,,,,,Private,,,,,,,0,,,,,,0,0,0,0,0,,,,,,0,0,0,0,0,GEN-BALL
31955291,"2026-02-15 07:25:21","2026-02-15 07:25:21",A9C7C6,"United States","United States",N7293K,,,,,,Piper,PA18,"Piper PA-18 Super Cub",18-204,,,,,,Private,,,,,,,0,,,,,,0,0,0,0,0,,,,,,0,0,0,0,0,GEN-PA18
31954802,"2026-02-15 07:19:14","2026-02-15 07:19:14",A222E2,"United States","United States",N237DX,,,,,,"British Aerospace",H25B,"British Aerospace 125 700A",257148,,,,,,"Global Jets LLC",,,,,,,0,,,,,,0,0,0,0,0,,,,,,0,0,0,0,0,GEN-H25B
31954533,"2026-02-15 07:16:06","2026-02-15 07:16:06",AA7445,"United States","United States",N773B,,,,,,Beech,BE95,"Beech Travel Air 95",TD-85,,,,,,Private,,,1958,,,,0,,,,,,0,0,0,0,0,,,,,,0,0,0,0,0,GEN-BE95
31954303,"2026-02-15 07:13:34","2026-02-15 07:13:34",C08BD0,Canada,Canada,C-IAYP,,,,,,Kolb,FLSS,"Kolb Flyer",TC12516,,,,,,Private,,,,,,,0,,,,,,0,0,0,0,0,,,,,,0,0,0,0,0,GEN-FLSS
31953870,"2026-02-15 07:08:17","2026-02-15 07:08:17",A3315A,"United States","United States",FAH-020,,,,,,Cessna,C208,"Cessna 208 EX",208B5223,,,,,,"Honduran Air Force",,,2015,,,,0,,,,,,1,0,0,0,0,,,,,,0,0,0,0,0,
31953862,"2026-02-15 07:08:12","2026-02-15 07:08:12",A82263,"United States","United States",N623LG,,,,,,"American Blimp Corporation",SHIP,"American Blimp Corporation A-60+ Lightship",023,,,,,,Private,,,,,,,0,,,,,,0,0,0,0,0,,,,,,0,0,0,0,0,GEN-SHIP
31953704,"2026-02-15 07:06:13","2026-02-15 07:06:13",ACAC35,"United States","United States",N9154U,,,,,,Cessna,C150,"Cessna 150M",15078105,,,,,,Private,,,1976,,,,0,,,,,,0,0,0,0,0,,,,,,0,0,0,0,0,GEN-C150
31953373,"2026-02-15 07:01:59","2026-02-15 07:01:59",01006E,Egypt,Egypt,SU-BGU,,,,,,Grumman,GLF3,"Grumman GIII",439,,,,,,"Egyptian Air Force",,,1984,,,,0,,,,,,1,0,0,0,0,,,,,,0,0,0,0,0,
31952941,"2026-02-15 06:56:52","2026-02-15 06:56:52",C0657E,Canada,Canada,C-GMLH,,,,,,Dassault,F900,"Dassault Falcon 900EX",76,,,,,,Flightexec,,,2000,,,,0,,,,,,0,0,0,0,0,,,,,,0,0,0,0,0,FEX
31952407,"2026-02-15 06:50:34","2026-02-15 06:50:34",AA4515,"United States","United States",N76084,,,,,,Cessna,C140,"Cessna 140",10481,,,,,,Private,,,1946,,,,0,,,,,,0,0,0,0,0,,,,,,0,0,0,0,0,GEN-C140
31952392,"2026-02-15 06:50:24","2026-02-15 06:50:24",A41099,"United States","United States",N361G,,,,,,AgustaWestland,A139,"AgustaWestland AW.139",41240,,,,,,"General Electric Company",,,2010,,,,0,,,,,,0,0,0,0,0,,,,,,0,0,0,0,0,GEN-A139
31951861,"2026-02-15 06:44:11","2026-02-15 06:44:11",A0D341,"United States","United States",N152SV,,,,,,Pilatus,PC24,"Pilatus PC-24",152,,,,,,"Pilatus Business Aircraft Ltd",,,2019,,,,0,,,,,,0,0,0,0,0,,,,,,0,0,0,0,0,GEN-PC24
31951427,"2026-02-15 06:38:57","2026-02-15 06:38:57",0D049F,Mexico,Mexico,XA-VON,,,,,,Airbus,A320,"Airbus A320 233",3672,,,,,,Volaris,,,2008,,,,0,,,,,,0,0,0,0,0,,,,,,0,0,0,0,0,VOI
31950982,"2026-02-15 06:33:45","2026-02-15 06:33:45",A0DAAB,"United States","United States",N154SR,,,,,,"Murphy Aircraft",MR25,"Murphy Aircraft SR-2500 Super Rebel",184SR,,,,,,Private,,,,,,,0,,,,,,0,0,0,0,0,,,,,,0,0,0,0,0,GEN-MR25
31950546,"2026-02-15 06:28:19","2026-02-15 06:28:19",A1055D,"United States","United States",N165MJ,,,,,,Vans,RV10,"Vans RV-10",41537,,,,,,Private,,,,,,,0,,,,,,0,0,0,0,0,,,,,,0,0,0,0,0,GEN-RV10
27212,"2022-05-18 03:27:49","2026-02-15 06:27:52",48425C,Netherlands,Netherlands,"",,,,"",,"",-GND,"","",,,,,,"",,,,,,"",0,,,,,,0,0,0,0,0,Missing,,,"","",0,0,0,0,0,GEN--GND
31949445,"2026-02-15 06:13:46","2026-02-15 06:13:46",008D46,"South Africa","South Africa",ZS-FAB,,,,,,Beech,B190,"Beech 1900 D",UE-227,,,,,,"Awesome Aviation P/L",,,1996,,,,0,,,,,,0,0,0,0,0,,,,,,0,0,0,0,0,GEN-B190
31948949,"2026-02-15 06:07:10","2026-02-15 06:07:10",A32264,"United States","United States",N3005L,,,,,,Cessna,T206,"Cessna T206H Turbo Stationair",T20609715,,,,,,Private,,,2023,,,,0,,,,,,0,0,0,0,0,,,,,,0,0,0,0,0,GEN-T206
31948851,"2026-02-15 06:05:46","2026-02-15 06:05:46",A4AF8A,"United States","United States",N4004E,,,,,,Piper,PA18,"Piper PA-18 150 Super Cub",18-7809015,,,,,,Private,,,1978,,,,0,,,,,,0,0,0,0,0,,,,,,0,0,0,0,0,GEN-PA18
31948852,"2026-02-15 06:05:46","2026-02-15 06:05:46",A20FEE,"United States","United States",N232A,,,,,,"Zénith",CH60,"Zénith Zenair Zodiac CH 601 L",6-5731,,,,,,Private,,,2007,,,,0,,,,,,0,0,0,0,0,,,,,,0,0,0,0,0,GEN-CH60
31948718,"2026-02-15 06:04:13","2026-02-15 06:04:13",AABF6A,"United States","United States",N79192,,,,,,Fairchild,FA62,"Fairchild PT-19A M-62A",,,,,,,Private,,,,,,,0,,,,,,0,0,0,0,0,,,,,,0,0,0,0,0,GEN-FA62
31948668,"2026-02-15 06:03:30","2026-02-15 06:03:30",020081,Morocco,Morocco,CN-TJB,,,,,,Bombardier,LJ45,"Bombardier Learjet 45",45-112,,,,,,"Medi Business Jet",,,,,,,0,,,,,,0,0,0,0,0,,,,,,0,0,0,0,0,GEN-LJ45
31948335,"2026-02-15 05:59:11","2026-02-15 05:59:11",A8A5AC,"United States","United States",N6562K,,,,,,Republic,RC3,"Republic RC-3 Seabee",832,,,,,,Private,,,,,,,0,,,,,,0,0,0,0,0,,,,,,0,0,0,0,0,GEN-RC3
31948195,"2026-02-15 05:57:22","2026-02-15 05:57:22",473E01,Hungary,Hungary,HA-LAD,,,,,,Let,L410,"Let L-410 UVP-E8A",902516,,,,,,"ABC Air Hungary",,,,,,,0,,,,,,0,0,0,0,0,,,,,,0,0,0,0,0,GEN-L410
31948136,"2026-02-15 05:56:43","2026-02-15 05:56:43",4785DD,Norway,Norway,LN-OHS,,,,,,Robinson,R44,"Robinson R44 Clipper II",12155,,,,,,"Fonnafly AS",,,2008,,,,0,,,,,,0,0,0,0,0,,,,,,0,0,0,0,0,GEN-R44
31946696,"2026-02-15 05:37:44","2026-02-15 05:37:44",E1A402,Argentina,Argentina,LV-ZPB,,,,,,Cessna,C188,"Cessna A188B AgTruck",18802092T,,,,,,Private,,,1975,,,,0,,,,,,0,0,0,0,0,,,,,,0,0,0,0,0,GEN-C188
31944720,"2026-02-15 05:11:20","2026-02-15 05:11:20",C0165D,Canada,Canada,C-FIME,,,,,,Beech,BE10,"Beech King Air B100",BE-115,,,,,,Coopair,,,,,,,0,,,,,,0,0,0,0,0,,,,,,0,0,0,0,0,GEN-BE10
31944062,"2026-02-15 05:02:44","2026-02-15 05:02:44",A48F6D,"United States","United States",N393RH,,,,,,Mil,MI8,"Mil Mi-8 MTV-1",95716,,,,,,"US Army Aviation",,,,,,,0,,,,,,1,0,0,0,0,,,,,,0,0,0,0,0,
31943748,"2026-02-15 04:58:30","2026-02-15 04:58:30",AB803D,"United States","United States",N840E,,,,,,Bell,B47G,"Bell 47G-2A",2412-32,,,,,,Private,,,1959,,,,0,,,,,,0,0,0,0,0,,,,,,0,0,0,0,0,GEN-B47G
31943064,"2026-02-15 04:48:58","2026-02-15 04:48:58",A2C6D9,"United States","United States",N2782G,,,,,,Douglas,DC3,"Douglas C-47 B",26104/14659,,,,,,"Operator Unknown",,,,,,,0,,,,,,0,0,0,0,0,,,,,,0,0,0,0,0,GEN-DC3
31942532,"2026-02-15 04:41:25","2026-02-15 04:41:25",A583BF,"United States","United States",N4543F,,,,,,Piper,P28A,"Piper PA-28 151 Cherokee Warrior",28-7715047,,,,,,Private,,,,,,,0,,,,,,0,0,0,0,0,,,,,,0,0,0,0,0,GEN-P28A
31941870,"2026-02-15 04:32:15","2026-02-15 04:32:15",0C2023,Panama,Panama,HP-1557CMP,,,,,,Embraer,E190,"Embraer EMB-190 AR",19000034,,,,,,"Copa Airlines",,,2006,,,,0,,,,,,0,0,0,0,0,,,,,,0,0,0,0,0,CMP
31941092,"2026-02-15 04:21:03","2026-02-15 04:21:03",A120A3,"United States","United States",N172AH,,,,,,"Airbus Helicopters",AS50,"Airbus Helicopters Squirrel AS.350 B3",7992,,,,,,"Guardian Flight Inc",,,2015,,,,0,,,,,,0,0,0,0,0,,,,,,0,0,0,0,0,GEN-AS50
31940806,"2026-02-15 04:17:10","2026-02-15 04:17:10",A38239,"United States","United States",N325PS,,,,,,"SG Aviation",SGRA,"SG Aviation Storm Rally LSA",R3-0US-0002,,,,,,Private,,,,,,,0,,,,,,0,0,0,0,0,,,,,,0,0,0,0,0,GEN-SGRA
31940587,"2026-02-15 04:13:52","2026-02-15 04:13:52",A0C4E9,"United States","United States",N149JB,,,,,,"Amateur Built",BALL,"Amateur Built SS-33-SB Hot Air Balloon",200065,,,,,,Private,,,2001,,,,0,,,,,,0,0,0,0,0,,,,,,0,0,0,0,0,GEN-BALL
31939392,"2026-02-15 03:57:08","2026-02-15 03:57:08",A7EFCE,"United States","United States",N610LX,,,,,,Piper,M600,"Piper PA-46-600TP M600",4698110,,,,,,"Puja Leasing LLC",,,2019,,,,0,,,,,,0,0,0,0,0,,,,,,0,0,0,0,0,GEN-M600
31938322,"2026-02-15 03:42:30","2026-02-15 03:42:30",C087B8,Canada,Canada,C-GZKH,,,,,,Bell,B06,"Bell 206B Jet Ranger III",3408,,,,,,"552615 B C Ltd",,,1981,,,,0,,,,,,0,0,0,0,0,,,,,,0,0,0,0,0,GEN-B06
31938177,"2026-02-15 03:40:34","2026-02-15 03:40:34",A93A39,"United States","United States",N694GS,,,,,,"Gulfstream Aerospace",GLF6,"Gulfstream Aerospace G650",6494,,,,,,"Gulfstream Aerospace Corp",,,2021,,,,0,,,,,,0,0,0,0,0,,,,,,0,0,0,0,0,GEN-GLF6
31937712,"2026-02-15 03:34:02","2026-02-15 03:34:02",AD7205,"United States","United States",N96569,,,,,,Taylorcraft,TAYB,"Taylorcraft BC-12 D",8869,,,,,,Private,,,1946,,,,0,,,,,,0,0,0,0,0,,,,,,0,0,0,0,0,GEN-TAYB
31935799,"2026-02-15 03:09:18","2026-02-15 03:09:18",A08639,"United States","United States",N1329G,,,,,,Cessna,C525,"Cessna Citation CJ1",525-0146,,,,,,Private,,,,,,,0,,,,,,0,0,0,0,0,,,,,,0,0,0,0,0,GEN-C525
31935596,"2026-02-15 03:06:33","2026-02-15 03:06:33",AB9CDA,"United States","United States",N84743,,,,,,Aeronca,CH7A,"Aeronca Champion 7AC",7AC-3455,,,,,,Private,,,1946,,,,0,,,,,,0,0,0,0,0,,,,,,0,0,0,0,0,GEN-CH7A
31934964,"2026-02-15 02:58:31","2026-02-15 02:58:31",0D00BD,Mexico,Mexico,XA-CYM,,,,,,Boeing,B737,"Boeing 737NG 752/W",35124,,,,,,"Aeroméxico",,,2007,,,,0,,,,,,0,0,0,0,0,,,,,,0,0,0,0,0,AMX
31933741,"2026-02-15 02:42:49","2026-02-15 02:42:49",A55887,"United States","United States",N4433D,,,,,,Beech,BE35,"Beech Bonanza G35",D-4578,,,,,,Private,,,1956,,,,0,,,,,,0,0,0,0,0,,,,,,0,0,0,0,0,GEN-BE35
31931709,"2026-02-15 02:17:15","2026-02-15 02:17:15",A848A5,"United States","United States",N6328L,,,,,,"American Aviation",AA1,"American Aviation AA-1B",AA1B-0028,,,,,,Private,,,,,,,0,,,,,,0,0,0,0,0,,,,,,0,0,0,0,0,GEN-AA1
31930802,"2026-02-15 02:03:31","2026-02-15 02:03:31",390A74,France,France,F-GCTU,,,,,,Piper,PA38,"Piper PA-38 112 Tomahawk",38-80A0085,,,,,,Private,,,,,,,0,,,,,,0,0,0,0,0,,,,,,0,0,0,0,0,GEN-PA38
31929517,"2026-02-15 01:45:51","2026-02-15 01:45:51",A28015,"United States","United States",N260ME,,,,,,SIAI-Marchetti,F260,"SIAI-Marchetti SF.260",117,,,,,,Private,,,1968,,,,0,,,,,,0,0,0,0,0,,,,,,0,0,0,0,0,GEN-F260
31928891,"2026-02-15 01:37:06","2026-02-15 01:37:06",AD28A9,"United States","United States",N947RJ,,,,,,"Adventure Air",ADVN,"Adventure Air Adventurer",148,,,,,,Private,,,,,,,0,,,,,,0,0,0,0,0,,,,,,0,0,0,0,0,GEN-ADVN
31926448,"2026-02-15 01:02:36","2026-02-15 01:02:36",A18993,"United States","United States",N19894,,,,,,Cameron,BALL,"Cameron V-77 Hot Air Balloon",5264,,,,,,Private,,,,,,,0,,,,,,0,0,0,0,0,,,,,,0,0,0,0,0,GEN-BALL
26442,"2026-02-15 00:52:20","2026-02-15 00:52:20",3EA435,Germany,Germany,4?+??,,,,,,,TOR,"Panavia Tornado",,,,,,,"German Air Force",,,,,,"JT: 2026-02-15 00:51:20",0,,,,,,1,0,0,0,0,,,,,,0,0,0,0,0,GAF-TOR
29438545,"2026-02-15 00:52:20","2026-02-15 00:52:20",3EA3BC,Germany,Germany,82+0?,,,,,,,AS32,"Eurocopter AS 532UC Cougar",,,,,,,"German Air Force",,,,,,"JT: 2026-02-15 00:51:20",0,,,,,,1,0,0,0,0,,,,,,0,0,0,0,0,GAF-AS32
29487815,"2026-02-15 00:52:20","2026-02-15 00:52:20",3E93E9,Germany,Germany,3?+??,,,,,,,EUFI,"Eurofighter Typhoon EF2000",,,,,,,"German Air Force",,,,,,"JT: 2026-02-15 00:51:20",0,,,,,,1,0,0,0,0,,,,,,0,0,0,0,0,GAF-EUFI
29487858,"2026-02-15 00:52:20","2026-02-15 00:52:20",3EAC1D,Germany,Germany,3?+??,,,,,,,EUFI,"Eurofighter Typhoon EF2000",,,,,,,"German Air Force",,,,,,"JT: 2026-02-15 00:51:20",0,,,,,,1,0,0,0,0,,,,,,0,0,0,0,0,GAF-EUFI
29488253,"2026-02-15 00:52:20","2026-02-15 00:52:20",3F5435,Germany,Germany,4?+??,,,,,,,TOR,"Panavia Tornado",,,,,,,"German Air Force",,,,,,"JT: 2026-02-15 00:51:20",0,,,,,,1,0,0,0,0,,,,,,0,0,0,0,0,GAF-TOR
29488451,"2026-02-15 00:52:20","2026-02-15 00:52:20",3EB70A,Germany,Germany,74+??,,,,,,,TIGR,"Eurocopter EC.665 Tiger",,,,,,,"German Army",,,,,,"JT: 2026-02-15 00:51:20",0,,,,,,1,0,0,0,0,,,,,,0,0,0,0,0,GAM-TIGR
29488464,"2026-02-15 00:52:20","2026-02-15 00:52:20",3F40E6,Germany,Germany,74+??,,,,,,,TIGR,"Eurocopter EC.665 Tiger",,,,,,,"German Army",,,,,,"JT: 2026-02-15 00:51:20",0,,,,,,1,0,0,0,0,,,,,,0,0,0,0,0,GAM-TIGR
29488553,"2026-02-15 00:52:20","2026-02-15 00:52:20",3F8A8C,Germany,Germany,74+??,,,,,,,TIGR,"Eurocopter EC.665 Tiger",,,,,,,"German Army",,,,,,"JT: 2026-02-15 00:51:20",0,,,,,,1,0,0,0,0,,,,,,0,0,0,0,0,GAM-TIGR
29488926,"2026-02-15 00:52:20","2026-02-15 00:52:20",3EB463,Germany,Germany,7?+??,,,,,,,NH90,"NHIndustries NH90-TTH",,,,,,,"German Army",,,,,,"JT: 2026-02-15 00:51:20",0,,,,,,1,0,0,0,0,,,,,,0,0,0,0,0,GAM-NH90
29489201,"2026-02-15 00:52:20","2026-02-15 00:52:20",3F53AE,Germany,Germany,79+41,,,,,,,NH90,"NHIndustries NH90-TTH",,,,,,,"German Army",,,,,,"JT: 2026-02-15 00:51:20",0,,,,,,1,0,0,0,0,,,,,,0,0,0,0,0,GAM-NH90
29489233,"2026-02-15 00:52:20","2026-02-15 00:52:20",3EBE56,Germany,Germany,82+0?,,,,,,,AS32,"Eurocopter AS 532UC Cougar",,,,,,,"German Air Force",,,,,,"JT: 2026-02-15 00:51:20",0,,,,,,1,0,0,0,0,,,,,,0,0,0,0,0,GAF-AS32
29489473,"2026-02-15 00:52:20","2026-02-15 00:52:20",3E8C58,Germany,Germany,8?+??,,,,,,,H53,"Sikorsky CH-53GA Stallion",,,,,,,"German Air Force",,,,,,"JT: 2026-02-15 00:51:20",0,,,,,,1,0,0,0,0,,,,,,0,0,0,0,0,GAF-H53
29489479,"2026-02-15 00:52:20","2026-02-15 00:52:20",3E8F67,Germany,Germany,8?+??,,,,,,,H53,"Sikorsky CH-53GA Stallion",,,,,,,"German Air Force",,,,,,"JT: 2026-02-15 00:51:20",0,,,,,,1,0,0,0,0,,,,,,0,0,0,0,0,GAF-H53
29489620,"2026-02-15 00:52:20","2026-02-15 00:52:20",3F4583,Germany,Germany,8?+??,,,,,,,H53,"Sikorsky CH-53GA Stallion",,,,,,,"German Air Force",,,,,,"JT: 2026-02-15 00:51:20",0,,,,,,1,0,0,0,0,,,,,,0,0,0,0,0,GAF-H53
29489743,"2026-02-15 00:52:20","2026-02-15 00:52:20",3F75F1,Germany,Germany,8?+??,,,,,,,H53,"Sikorsky CH-53GA Stallion",,,,,,,"German Air Force",,,,,,"JT: 2026-02-15 00:51:20",0,,,,,,1,0,0,0,0,,,,,,0,0,0,0,0,GAF-H53
29489793,"2026-02-15 00:52:20","2026-02-15 00:52:20",3F87E1,Germany,Germany,8?+??,,,,,,,H53,"Sikorsky CH-53GA Stallion",,,,,,,"German Air Force",,,,,,"JT: 2026-02-15 00:51:20",0,,,,,,1,0,0,0,0,,,,,,0,0,0,0,0,GAF-H53
29489843,"2026-02-15 00:52:20","2026-02-15 00:52:20",3F9A90,Germany,Germany,8?+??,,,,,,,H53,"Sikorsky CH-53GA Stallion",,,,,,,"German Air Force",,,,,,"JT: 2026-02-15 00:51:20",0,,,,,,1,0,0,0,0,,,,,,0,0,0,0,0,GAF-H53
29519436,"2026-02-15 00:52:20","2026-02-15 00:52:20",3EA829,Germany,Germany,8?+??,,,,,,,H53,"Sikorsky CH-53GA Stallion",,,,,,,"German Air Force",,,,,,"JT: 2026-02-15 00:51:20",0,,,,,,1,0,0,0,0,,,,,,0,0,0,0,0,GAF-H53
31255828,"2026-02-15 00:52:20","2026-02-15 00:52:20",3F755F,Germany,Germany,3?+??,,,,,,,EUFI,"Eurofighter Typhoon EF2000",,,,,,,"German Air Force",,,,,,"JT: 2026-02-15 00:51:20",0,,,,,,1,0,0,0,0,,,,,,0,0,0,0,0,GAF-EUFI
31924404,"2026-02-15 00:35:17","2026-02-15 00:35:17",A44604,"United States","United States",N3747R,,,,,,Cessna,C172,"Cessna 172H Skyhawk",17255547,,,,,,Private,,,1966,,,,0,,,,,,0,0,0,0,0,,,,,,0,0,0,0,0,GEN-C172
31924050,"2026-02-15 00:30:31","2026-02-15 00:30:31",A619F6,"United States","United States",N4920Z,,,,,,Piper,PA22,"Piper PA-22 108 Colt",22-8509,,,,,,Private,,,1961,,,,0,,,,,,0,0,0,0,0,,,,,,0,0,0,0,0,GEN-PA22
31922133,"2026-02-15 00:04:45","2026-02-15 00:04:45",A5B259,"United States","United States",N46603,,,,,,Cessna,C172,"Cessna 172K Skyhawk",17257379,,,,,,Private,,,1968,,,,0,,,,,,0,0,0,0,0,,,,,,0,0,0,0,0,GEN-C172
31921983,"2026-02-15 00:03:05","2026-02-15 00:03:05",C09F6D,Canada,Canada,C-IIJS,,,,,,Evektor-Aerotechnik,EVSS,"Evektor-Aerotechnik EV-97 Sportstar","2009 1104",,,,,,Private,,,,,,,0,,,,,,0,0,0,0,0,,,,,,0,0,0,0,0,GEN-EVSS
31921878,"2026-02-15 00:01:43","2026-02-15 00:01:43",A28CCA,"United States","United States",N2632K,,,,,,Luscombe,L8,"Luscombe Silvaire 8E",5359,,,,,,Private,,,,,,,0,,,,,,0,0,0,0,0,,,,,,0,0,0,0,0,GEN-L8
