AircraftID,FirstCreated,LastModified,ModeS,ModeSCountry,Country,Registration,CurrentRegDate,PreviousID,FirstRegDate,Status,DeRegDate,Manufacturer,ICAOTypeCode,Type,SerialNo,PopularName,GenericName,AircraftClass,Engines,OwnershipStatus,RegisteredOwners,MTOW,TotalHours,YearBuilt,CofACategory,CofAExpiry,UserNotes,Interested,UserTag,InfoURL,PictureURL1,PictureURL2,PictureURL3,UserBool1,UserBool2,UserBool3,UserBool4,UserBool5,UserString1,UserString2,UserString3,UserString4,UserString5,UserInt1,UserInt2,UserInt3,UserInt4,UserInt5,OperatorFlagCode
32273316,"2026-02-17 23:58:26","2026-02-17 23:58:26",A89E1F,"United States","United States",N6541P,,,,,,Piper,PA24,"Piper PA-24 250 Comanche",24-1663,,,,,,Private,,,,,,,0,,,,,,0,0,0,0,0,,,,,,0,0,0,0,0,GEN-PA24
32272909,"2026-02-17 23:52:30","2026-02-17 23:52:30",A45DB1,"United States","United States",N3800Q,,,,,,Cessna,C185,"Cessna A185F Skywagon 185",18502196,,,,,,Private,,,1973,,,,0,,,,,,0,0,0,0,0,,,,,,0,0,0,0,0,GEN-C185
32272387,"2026-02-17 23:44:53","2026-02-17 23:44:53",A7A386,"United States","United States",N5910R,,,,,,Cessna,C172,"Cessna 172G Skyhawk",17253579,,,,,,Private,,,1966,,,,0,,,,,,0,0,0,0,0,,,,,,0,0,0,0,0,GEN-C172
32271272,"2026-02-17 23:28:14","2026-02-17 23:28:14",A21948,"United States","United States",N234VS,,,,,,"Advanced Aviation",BUCA,"Advanced Aviation Buccaneer",3722513,,,,,,Private,,,,,,,0,,,,,,0,0,0,0,0,,,,,,0,0,0,0,0,GEN-BUCA
32270794,"2026-02-17 23:21:37","2026-02-17 23:21:37",A72A6B,"United States","United States",N5608S,,,,,,Beech,BE35,"Beech Bonanza V35",D-8315,,,,,,Private,,,,,,,0,,,,,,0,0,0,0,0,,,,,,0,0,0,0,0,GEN-BE35
32270619,"2026-02-17 23:19:00","2026-02-17 23:19:00",A7672A,"United States","United States",N57606,,,,,,Fairchild,FA62,"Fairchild PT-23A M-62C",T42-3164,,,,,,Private,,,1942,,,,0,,,,,,0,0,0,0,0,,,,,,0,0,0,0,0,GEN-FA62
32270047,"2026-02-17 23:11:27","2026-02-17 23:11:27",A1C98A,"United States","United States",N214N,,,,,,"Cameron Iron Works",TNAV,"Cameron Iron Works Twin Navion Camair 480",1-058,,,,,,Private,,,1955,,,,0,,,,,,0,0,0,0,0,,,,,,0,0,0,0,0,GEN-TNAV
32269759,"2026-02-17 23:07:50","2026-02-17 23:07:50",3D0F2A,Germany,Germany,D-EDZM,,,,,,Cessna,C182,"Cessna 182P Skylane",18263788,,,,,,Private,,,,,,,0,,,,,,0,0,0,0,0,,,,,,0,0,0,0,0,GEN-C182
32268375,"2026-02-17 22:48:51","2026-02-17 22:48:51",3EE116,Germany,Germany,D-0127,,,,,,Focke-Wulf,GLID,"Focke-Wulf Kranich (108-30) III",87,,,,,,Private,,,,,,,0,,,,,,0,0,0,0,0,,,,,,0,0,0,0,0,GEN-GLID
32268359,"2026-02-17 22:48:39","2026-02-17 22:48:39",AD8DA4,"United States","United States",N9721X,,,,,,Cessna,C210,"Cessna 210B",21058021,,,,,,Private,,,1962,,,,0,,,,,,0,0,0,0,0,,,,,,0,0,0,0,0,GEN-C210
32267906,"2026-02-17 22:42:15","2026-02-17 22:42:15",ABF174,"United States","United States",N869NB,,,,,,Bell,B407,"Bell 407 GXi",54857,,,,,,"Bell Textron Inc",,,2019,,,,0,,,,,,0,0,0,0,0,,,,,,0,0,0,0,0,GEN-B407
32266868,"2026-02-17 22:28:22","2026-02-17 22:28:22",C02A9F,Canada,Canada,C-FQDQ,,,,,,Robinson,R22,"Robinson R22 Beta",1398,,,,,,Private,,,,,,,0,,,,,,0,0,0,0,0,,,,,,0,0,0,0,0,GEN-R22
32266611,"2026-02-17 22:25:00","2026-02-17 22:25:00",ABAA4A,"United States","United States",N8504P,,,,,,Piper,PA24,"Piper PA-24 400 Comanche 400",26-84,,,,,,Private,,,1964,,,,0,,,,,,0,0,0,0,0,,,,,,0,0,0,0,0,GEN-PA24
32266483,"2026-02-17 22:23:30","2026-02-17 22:23:30",A9A151,"United States","United States",N72BE,,,,,,Beech,BE58,"Beech Baron 58",TH-243,,,,,,Private,,,1972,,,,0,,,,,,0,0,0,0,0,,,,,,0,0,0,0,0,GEN-BE58
32266265,"2026-02-17 22:20:52","2026-02-17 22:20:52",402E44,"United Kingdom","United Kingdom",G-LEGO,,,,,,Cameron,BALL,"Cameron O-77 Hot Air Balloon",1975,,,,,,Private,,,1989,,,,0,,,,,,0,0,0,0,0,,,,,,0,0,0,0,0,GEN-BALL
32266245,"2026-02-17 22:20:41","2026-02-17 22:20:41",A17E2C,"United States","United States",N19578,,,,,,Cessna,C150,"Cessna 150L",15074501,,,,,,Private,,,,,,,0,,,,,,0,0,0,0,0,,,,,,0,0,0,0,0,GEN-C150
32265986,"2026-02-17 22:17:07","2026-02-17 22:17:07",A4C1FC,"United States","United States",N4053G,,,,,,"Zénith",CH70,"Zénith Zenair STOL CH 701",73177,,,,,,Private,,,1994,,,,0,,,,,,0,0,0,0,0,,,,,,0,0,0,0,0,GEN-CH70
32264755,"2026-02-17 22:01:25","2026-02-17 22:01:25",A69A28,"United States","United States",N5240F,,,,,,Cessna,C172,"Cessna T-41A Mescalero",17253318,,,,,,Private,,,1965,,,,0,,,,,,0,0,0,0,0,,,,,,0,0,0,0,0,GEN-C172
32263885,"2026-02-17 21:50:08","2026-02-17 21:50:08",140901,Russia,Russia,RA-02305,,,,,,Antonov,AN2,"Antonov An-2",1G240-07,,,,,,"Avialift Vladivostok",,,,,,,0,,,,,,0,0,0,0,0,,,,,,0,0,0,0,0,GEN-AN2
32262620,"2026-02-17 21:34:22","2026-02-17 21:34:22",A30FF2,"United States","United States",N297EU,,,,,,"Hawker Beechcraft Corp",PRM1,"Hawker Beechcraft Corp Premier I",RB-297,,,,,,"Beechcraft Corp",,,,,,,0,,,,,,0,0,0,0,0,,,,,,0,0,0,0,0,GEN-PRM1
32262415,"2026-02-17 21:31:43","2026-02-17 21:31:43",A05B5A,"United States","United States",N122CH,,,,,,Robinson,R22,"Robinson R22 Beta II",4492,,,,,,"Housel LLC DBA",,,,,,,0,,,,,,0,0,0,0,0,,,,,,0,0,0,0,0,GEN-R22
32262293,"2026-02-17 21:30:12","2026-02-17 21:30:12",4A94E3,Sweden,Sweden,SE-EGC,,,,,,"Avions Fairey",NIPR,"Avions Fairey Tipsy Nipper T.66 Srs.2",22,,,,,,Private,,,,,,,0,,,,,,0,0,0,0,0,,,,,,0,0,0,0,0,GEN-NIPR
32261777,"2026-02-17 21:24:05","2026-02-17 21:24:05",A996DE,"United States","United States",N717JH,,,,,,"Progressive Aerodyne",SREY,"Progressive Aerodyne SeaRey",1LK499C,,,,,,Private,,,,,,,0,,,,,,0,0,0,0,0,,,,,,0,0,0,0,0,GEN-SREY
32261537,"2026-02-17 21:21:13","2026-02-17 21:21:13",AD55E0,"United States","United States",N9588S,,,,,,Champion,CH7B,"Champion Citabria 7GCAA",7,,,,,,Private,,,1965,,,,0,,,,,,0,0,0,0,0,,,,,,0,0,0,0,0,GEN-CH7B
32260963,"2026-02-17 21:14:41","2026-02-17 21:14:41",A5D0C6,"United States","United States",N474JH,,,,,,Grumman,G44,"Grumman Widgeon G-44A",1474,,,,,,"Latshaw Drilling and Exploration Company",,,1947,,,,0,,,,,,0,0,0,0,0,,,,,,0,0,0,0,0,GEN-G44
32260867,"2026-02-17 21:13:34","2026-02-17 21:13:34",404972,"United Kingdom","United Kingdom",G-CCHT,,,,,,Cessna,C152,"Cessna 152",15285176,,,,,,Private,,,1981,,,,0,,,,,,0,0,0,0,0,,,,,,0,0,0,0,0,GEN-C152
32259120,"2026-02-17 20:53:31","2026-02-17 20:53:31",ACC48B,"United States","United States",N9212M,,,,,,Mooney,M20P,"Mooney M.20C Mark 21",3436,,,,,,Private,,,,,,,0,,,,,,0,0,0,0,0,,,,,,0,0,0,0,0,GEN-M20P
32259110,"2026-02-17 20:53:20","2026-02-17 20:53:20",A74E18,"United States","United States",N57WV,,,,,,Piper,P28A,"Piper PA-28 180 Cherokee D",28-4648,,,,,,Private,,,,,,,0,,,,,,0,0,0,0,0,,,,,,0,0,0,0,0,GEN-P28A
32259095,"2026-02-17 20:53:15","2026-02-17 20:53:15",A507E2,"United States","United States",N423ML,,,,,,Robinson,R44,"Robinson R44 Raven II",13453,,,,,,Private,,,2013,,,,0,,,,,,0,0,0,0,0,,,,,,0,0,0,0,0,GEN-R44
32258575,"2026-02-17 20:47:13","2026-02-17 20:47:13",4059B5,"United Kingdom","United Kingdom",G-CJDT,,,,,,Rolladen-Schneider,GLID,"Rolladen-Schneider LS8 a",8172,,,,,,Private,,,1998,,,,0,,,,,,0,0,0,0,0,,,,,,0,0,0,0,0,GEN-GLID
509766,"2023-05-23 01:48:05","2026-02-17 20:45:38",344043,Spain,Spain,"",,,,"",,"",ZANT,"","",,,,,,"",,,,,,"",0,,,,,,0,0,0,0,0,Missing,,,"","",0,0,0,0,0,ZANT
32258428,"2026-02-17 20:45:26","2026-02-17 20:45:26",3E7195,Germany,Germany,D-KIFD,,,,,,Sportavia-Putzer,RF5,"Sportavia-Putzer RF-5",5045,,,,,,Private,,,1970,,,,0,,,,,,0,0,0,0,0,,,,,,0,0,0,0,0,GEN-RF5
32257994,"2026-02-17 20:40:32","2026-02-17 20:40:32",C02BFE,Canada,Canada,CF-QRD,,,,,,"Amateur Built",D11,"Amateur Built Jodel D.11","F 5005",,,,,,Private,,,1971,,,,0,,,,,,0,0,0,0,0,,,,,,0,0,0,0,0,GEN-D11
32257301,"2026-02-17 20:32:25","2026-02-17 20:32:25",A26611,"United States","United States",N25378,,,,,,SOCATA,TRIN,"SOCATA TB20 Trinidad",1047,,,,,,Private,,,,,,,0,,,,,,0,0,0,0,0,,,,,,0,0,0,0,0,GEN-TRIN
32256913,"2026-02-17 20:27:50","2026-02-17 20:27:50",45B4AE,Denmark,Denmark,OY-MEN,,,,,,"Raytheon Aircraft Company",B350,"Raytheon Aircraft Company King Air B350",FL-229,,,,,,"Aerdan November ApS",,,,,,,0,,,,,,0,0,0,0,0,,,,,,0,0,0,0,0,GEN-B350
32256729,"2026-02-17 20:25:34","2026-02-17 20:25:34",45D1F9,Denmark,Denmark,OY-TOY,,,,,,Piper,PA32,"Piper PA-32 300 Cherokee Six",32-7540130,,,,,,Private,,,1975,,,,0,,,,,,0,0,0,0,0,,,,,,0,0,0,0,0,GEN-PA32
32256546,"2026-02-17 20:23:24","2026-02-17 20:23:24",A676CB,"United States","United States",N5153H,,,,,,Piper,PA14,"Piper PA-14 Family Cruiser",14-163,,,,,,Private,,,1948,,,,0,,,,,,0,0,0,0,0,,,,,,0,0,0,0,0,GEN-PA14
32254356,"2026-02-17 19:56:20","2026-02-17 19:56:20",A3A9E5,"United States","United States",N335RM,,,,,,QAC,QIC2,"QAC Quickie Q.2",2061,,,,,,Private,,,,,,,0,,,,,,0,0,0,0,0,,,,,,0,0,0,0,0,GEN-QIC2
32253871,"2026-02-17 19:50:21","2026-02-17 19:50:21",4029C1,"United Kingdom","United Kingdom",G-MTNU,,,,,,"Thruster Aircraft",ULAC,"Thruster Aircraft Thruster TST Mk.1",897-TST-035,,,,,,Private,,,1987,,,,0,,,,,,0,0,0,0,0,,,,,,0,0,0,0,0,GEN-ULAC
32253296,"2026-02-17 19:43:25","2026-02-17 19:43:25",3843DB,France,France,F-CEPG,,,,,,Schempp-Hirth,GLID,"Schempp-Hirth Janus",32,,,,,,Private,,,1977,,,,0,,,,,,0,0,0,0,0,,,,,,0,0,0,0,0,GEN-GLID
32253131,"2026-02-17 19:41:28","2026-02-17 19:41:28",AD79B9,"United States","United States",N96789,,,,,,Taylorcraft,TAYB,"Taylorcraft BC-12D",9089,,,,,,Private,,,1946,,,,0,,,,,,0,0,0,0,0,,,,,,0,0,0,0,0,GEN-TAYB
32252515,"2026-02-17 19:34:14","2026-02-17 19:34:14",A60F9C,"United States","United States",N49VB,,,,,,Ultramagic,BALL,"Ultramagic T-210 Hot Air Balloon",210/38,,,,,,Private,,,2007,,,,0,,,,,,0,0,0,0,0,,,,,,0,0,0,0,0,GEN-BALL
32252295,"2026-02-17 19:31:22","2026-02-17 19:31:22",AAA0A7,"United States","United States",N784P,,,,,,Sikorsky,S76,"Sikorsky S-76 C",760634,,,,,,Private,,,2006,,,,0,,,,,,0,0,0,0,0,,,,,,0,0,0,0,0,GEN-S76
32250903,"2026-02-17 19:14:01","2026-02-17 19:14:01",A4C6A4,"United States","United States",N407AB,,,,,,Bell,B407,"Bell 407",53634,,,,,,Private,,,,,,,0,,,,,,0,0,0,0,0,,,,,,0,0,0,0,0,GEN-B407
32250368,"2026-02-17 19:07:52","2026-02-17 19:07:52",AD588B,"United States","United States",N95904,,,,,,Cessna,C152,"Cessna 152",15285983,,,,,,Private,,,1984,,,,0,,,,,,0,0,0,0,0,,,,,,0,0,0,0,0,GEN-C152
32250331,"2026-02-17 19:07:23","2026-02-17 19:07:23",009023,"South Africa","South Africa",ZS-GCG,,,,,,"Jonker Sailplanes",GLID,"Jonker Sailplanes JS-1 B Revelation",1B-004,,,,,,Private,,,2008,,,,0,,,,,,0,0,0,0,0,,,,,,0,0,0,0,0,GEN-GLID
32249640,"2026-02-17 18:58:58","2026-02-17 18:58:58",4073E1,"United Kingdom","United Kingdom",G-DAYP,,,,,,"Hawker Beechcraft Corp",B350,"Hawker Beechcraft Corp King Air 350C",FM-29,,,,,,"Gama Aviation",,,,,,,0,,,https://cdn.jetphotos.com/full/5/96563_1551211722.jpg,https://cdn.jetphotos.com/full/6/24576_1517600745.jpg,"",0,0,0,0,0,,,,,,0,0,0,0,0,GMA
32249447,"2026-02-17 18:56:30","2026-02-17 18:56:30",AD8039,"United States","United States",N9692F,,,,,,Hughes,H269,"Hughes 269 C",20-0892,,,,,,Private,,,1980,,,,0,,,,,,0,0,0,0,0,,,,,,0,0,0,0,0,GEN-H269
32249249,"2026-02-17 18:54:10","2026-02-17 18:54:10",A7BB0D,"United States","United States",N5979T,,,,,,Cessna,C150,"Cessna 150D",15060679,,,,,,Private,,,,,,,0,,,,,,0,0,0,0,0,,,,,,0,0,0,0,0,GEN-C150
32249081,"2026-02-17 18:52:08","2026-02-17 18:52:08",484765,Netherlands,Netherlands,PH-3X2,,,,,,Aeropro,EFOX,"Aeropro EuroFox",16705,,,,,,Private,,,,,,,0,,,,,,0,0,0,0,0,,,,,,0,0,0,0,0,GEN-EFOX
32248825,"2026-02-17 18:48:46","2026-02-17 18:48:46",0D07A5,Mexico,Mexico,XA-VTE,,,,,,Bombardier,CL60,"Bombardier Challenger 604",5321,,,,,,Corporate,,,1996,,,,0,,,,,,0,0,0,0,0,,,,,,0,0,0,0,0,GEN-CL60
32247665,"2026-02-17 18:35:31","2026-02-17 18:35:31",C82475,"New Zealand","New Zealand",ZK-IEI,,,,,,MBB,B105,"MBB Bo.105 CBS-5",S-907,,,,,,"Oceania Aviation Limited",,,1997,,,,0,,,,,,0,0,0,0,0,,,,,,0,0,0,0,0,GEN-B105
32246990,"2026-02-17 18:27:24","2026-02-17 18:27:24",4B2D0A,Switzerland,Switzerland,HB-RBM,,,,,,Pilatus,PP3,"Pilatus P-3 05",478-27,,,,,,Private,,,,,,,0,,,,,,0,0,0,0,0,,,,,,0,0,0,0,0,GEN-PP3
32246841,"2026-02-17 18:25:24","2026-02-17 18:25:24",AB86D8,"United States","United States",N84165,,,,,,Aeronca,CH7A,"Aeronca Defender 7BCM",7AC-2852,,,,,,Private,,,1946,,,,0,,,,,,0,0,0,0,0,,,,,,0,0,0,0,0,GEN-CH7A
32245173,"2026-02-17 18:06:16","2026-02-17 18:06:16",A5E6A9,"United States","United States",N48EE,,,,,,Schleicher,AS26,"Schleicher ASH 26 E",26159,,,,,,Private,,,1999,,,,0,,,,,,0,0,0,0,0,,,,,,0,0,0,0,0,GEN-AS26
32244706,"2026-02-17 18:00:39","2026-02-17 18:00:39",A6AE07,"United States","United States",N5299Y,,,,,,Piper,PA27,"Piper PA-23 Aztec 250B",27-2371,,,,,,Private,,,,,,,0,,,,,,0,0,0,0,0,,,,,,0,0,0,0,0,GEN-PA27
32244436,"2026-02-17 17:59:05","2026-02-17 17:59:05",A28798,"United States","United States",N262NA,,,,,,Cessna,C680,"Cessna Citation Sovereign",680-0167,,,,,,Corporate,,,,,,,0,,,,,,0,0,0,0,0,,,,,,0,0,0,0,0,GEN-C680
32243906,"2026-02-17 17:51:22","2026-02-17 17:51:22",A7842A,"United States","United States",N5835X,,,,,,Cessna,C310,"Cessna 310F",310-0135,,,,,,Private,,,1961,,,,0,,,,,,0,0,0,0,0,,,,,,0,0,0,0,0,GEN-C310
32243856,"2026-02-17 17:50:48","2026-02-17 17:50:48",A98ED9,"United States","United States",N715CG,,,,,,Bombardier,CL35,"Bombardier Challenger 350",20537,,,,,,"Dodson International Air",,,2014,,,,0,,,,,,0,0,0,0,0,,,,,,0,0,0,0,0,GEN-CL35
32243811,"2026-02-17 17:50:13","2026-02-17 17:50:13",A03E3A,"United States","United States",N1146A,,,,,,"Raytheon Aircraft Company",B350,"Raytheon Aircraft Company King Air B350",FL-452,,,,,,"Bank of Utah Trustee",,,,,,,0,,,,,,0,0,0,0,0,,,,,,0,0,0,0,0,GEN-B350
32243250,"2026-02-17 17:43:43","2026-02-17 17:43:43",AC27CE,"United States","United States",N8821R,,,,,,"North American",T6,"North American AT-6C Texan",,,,,,,Private,,,,,,,0,,,,,,0,0,0,0,0,,,,,,0,0,0,0,0,GEN-T6
32242218,"2026-02-17 17:31:36","2026-02-17 17:31:36",AAE2C6,"United States","United States",N800KH,,,,,,Sikorsky,S76,"Sikorsky S-76 C",760800,,,,,,Private,,,2010,,,,0,,,,,,0,0,0,0,0,,,,,,0,0,0,0,0,GEN-S76
32240751,"2026-02-17 17:13:55","2026-02-17 17:13:55",A2BFA0,"United States","United States",N27630,,,,,,Taylorcraft,TAYB,"Taylorcraft BF -60",2272,,,,,,Private,,,1940,,,,0,,,,,,0,0,0,0,0,,,,,,0,0,0,0,0,GEN-TAYB
32240063,"2026-02-17 17:05:54","2026-02-17 17:05:54",A5D639,"United States","United States",N4751S,,,,,,Cessna,C82R,"Cessna R182 Turbo Skylane RG",R18201413,,,,,,Private,,,1979,,,,0,,,,,,0,0,0,0,0,,,,,,0,0,0,0,0,GEN-C82R
32238847,"2026-02-17 16:51:52","2026-02-17 16:51:52",A55950,"United States","United States",N44385,,,,,,Taylorcraft,TAYB,"Taylorcraft BF",10185,,,,,,Private,,,1946,,,,0,,,,,,0,0,0,0,0,,,,,,0,0,0,0,0,GEN-TAYB
32238698,"2026-02-17 16:49:57","2026-02-17 16:49:57",385DF0,France,France,F-BXPQ,,,,,,Piper,P28A,"Piper PA-28 151 Cherokee Warrior",28-7615122,,,,,,Private,,,1976,,,,0,,,,,,0,0,0,0,0,,,,,,0,0,0,0,0,GEN-P28A
32238137,"2026-02-17 16:43:41","2026-02-17 16:43:41",00A87F,"South Africa","South Africa",ZS-PIC,,,,,,Cessna,C152,"Cessna 152",15285204,,,,,,Private,,,1981,,,,0,,,,,,0,0,0,0,0,,,,,,0,0,0,0,0,GEN-C152
32237921,"2026-02-17 16:41:07","2026-02-17 16:41:07",406FC3,"United Kingdom","United Kingdom",G-EDMK,,,,,,Boeing,ST75,"Boeing Stearman E75N1 PT-13D Kaydet",75-5476,,,,,,Private,,,1942,,,,0,,,,,,0,0,0,0,0,,,,,,0,0,0,0,0,GEN-ST75
32237411,"2026-02-17 16:35:04","2026-02-17 16:35:04",A7281A,"United States","United States",N560ND,,,,,,Cessna,C172,"Cessna 172S Skyhawk SP",172S11098,,,,,,Private,,,2011,,,,0,,,,,,0,0,0,0,0,,,,,,0,0,0,0,0,GEN-C172
32236002,"2026-02-17 16:19:02","2026-02-17 16:19:02",ACDF3D,"United States","United States",N9287P,,,,,,Piper,PA24,"Piper PA-24 260 Comanche B",24-4787,,,,,,Private,,,,,,,0,,,,,,0,0,0,0,0,,,,,,0,0,0,0,0,GEN-PA24
32235811,"2026-02-17 16:16:50","2026-02-17 16:16:50",A6D2E3,"United States","United States",N539LN,,,,,,Eurocopter,EC35,"Eurocopter EC135 P2+",0487,,,,,,"Air Methods Corp",,,,,,,0,,,,,,0,0,0,0,0,,,,,,0,0,0,0,0,GEN-EC35
32235417,"2026-02-17 16:11:58","2026-02-17 16:11:58",ADA3F0,"United States","United States",N9781Z,,,,,,Cessna,C206,"Cessna U206G Turbo Stationair 6",U20606657,,,,,,Private,,,,,,,0,,,,,,0,0,0,0,0,,,,,,0,0,0,0,0,GEN-C206
32234270,"2026-02-17 15:58:05","2026-02-17 15:58:05",C816E7,"New Zealand","New Zealand",ZK-RAW,,,,,,"Rotor Flight",GYRO,"Rotor Flight Dominator",3,,,,,,Private,,,,,,,0,,,,,,0,0,0,0,0,,,,,,0,0,0,0,0,GEN-GYRO
32234080,"2026-02-17 15:55:43","2026-02-17 15:55:43",3ED3B5,Germany,Germany,D-KXYZ,,,,,,Schempp-Hirth,VENT,"Schempp-Hirth Ventus 2c xM",260,,,,,,Private,,,2011,,,,0,,,,,,0,0,0,0,0,,,,,,0,0,0,0,0,GEN-VENT
32233716,"2026-02-17 15:51:23","2026-02-17 15:51:23",50838D,Ukraine,Ukraine,UR-CPQ,,,,,,Boeing,B733,"Boeing 737 3S3",29245,,,,,,"ATA Airlines",,,1998,,,,0,,,,,,0,0,0,0,0,,,,,,0,0,0,0,0,TBZ
27212,"2022-05-18 03:27:49","2026-02-17 15:51:13",48425C,Netherlands,Netherlands,"",,,,"",,"",-GND,"","",,,,,,"",,,,,,"",0,,,,,,0,0,0,0,0,Missing,,,"","",0,0,0,0,0,GEN--GND
32233620,"2026-02-17 15:50:12","2026-02-17 15:50:12",A39170,"United States","United States",N329TH,,,,,,"Rotary Air Force",RAF2,"Rotary Air Force RAF 2000 GTX-SE",H2-06-17-662,,,,,,Private,,,2006,,,,0,,,,,,0,0,0,0,0,,,,,,0,0,0,0,0,GEN-RAF2
32233515,"2026-02-17 15:49:05","2026-02-17 15:49:05",A7BA2F,"United States","United States",N5973F,,,,,,Cessna,C210,"Cessna 210H Centurion",21058973,,,,,,Private,,,1968,,,,0,,,,,,0,0,0,0,0,,,,,,0,0,0,0,0,GEN-C210
32232357,"2026-02-17 15:35:30","2026-02-17 15:35:30",01001D,Egypt,Egypt,SU-GCL,,,,,,Airbus,A320,"Airbus A320 231",322,,,,,,"Air Go Egypt",,,1992,,,,0,,,,,,0,0,0,0,0,,,,,,0,0,0,0,0,AGY
32231702,"2026-02-17 15:28:21","2026-02-17 15:28:21",A0A5FA,"United States","United States",N14067,,,,,,Pzl-Mielec,M18,"Pzl-Mielec Dromader M-18B",1Z026-25,,,,,,Private,,,,,,,0,,,,,,0,0,0,0,0,,,,,,0,0,0,0,0,GEN-M18
32229503,"2026-02-17 15:03:30","2026-02-17 15:03:30",A13924,"United States","United States",N178Z,,,,,,Short,SH33,"Short C-23A",SH3119,,,,,,"United States Forestry Service",,,1985,,,,0,,,,,,0,0,0,0,0,,,,,,0,0,0,0,0,GEN-SH33
32229219,"2026-02-17 15:00:32","2026-02-17 15:00:32",AB5A2E,"United States","United States",N830UT,,,,,,Piccard,BALL,"Piccard AX.6 Hot Air Balloon",730,,,,,,Private,,,1974,,,,0,,,,,,0,0,0,0,0,,,,,,0,0,0,0,0,GEN-BALL
32229177,"2026-02-17 15:00:07","2026-02-17 15:00:07",A03713,"United States","United States",N1128B,,,,,,Dassault,F2TH,"Dassault Falcon 2000",83,,,,,,"Nextera Energy Inc",,,1999,,,,0,,,,,,0,0,0,0,0,,,,,,0,0,0,0,0,GEN-F2TH
32229024,"2026-02-17 14:58:21","2026-02-17 14:58:21",424460,"United Kingdom","United Kingdom",VQ-BGR,,,,,,Airbus,A21N,"Airbus A321 271NSL",8571,,,,,,"S7 Airlines",,,2018,,,,0,,,,,,0,0,0,0,0,,,,,,0,0,0,0,0,SBI
32228816,"2026-02-17 14:56:05","2026-02-17 14:56:05",A945FE,"United States","United States",N697PB,,,,,,Ayres,SS2T,"Ayres Turbo Thrush S2R-T65",T65-021DC,,,,,,Private,,,,,,,0,,,,,,0,0,0,0,0,,,,,,0,0,0,0,0,GEN-SS2T
32228474,"2026-02-17 14:51:54","2026-02-17 14:51:54",E48161,Brazil,Brazil,PR-GIT,,,,,,Boeing,B738,"Boeing 737NG 809",28403,,,,,,GOL,,,1998,,,,0,,,,,,0,0,0,0,0,,,,,,0,0,0,0,0,GLO
32228274,"2026-02-17 14:49:34","2026-02-17 14:49:34",3DE753,Germany,Germany,D-HHVV,,,,,,Bell,B412,"Bell 412",33091,,,,,,"Agrarflug Helilift GmbH",,,1982,,,,0,,,,,,0,0,0,0,0,,,,,,0,0,0,0,0,GEN-B412
32227128,"2026-02-17 14:35:59","2026-02-17 14:35:59",A1DFA7,"United States","United States",N22LE,,,,,,Cessna,C310,"Cessna 310R",310R-0033,,,,,,"Royal Air Freight Inc",,,,,,,0,,,,,,0,0,0,0,0,,,,,,0,0,0,0,0,GEN-C310
32226307,"2026-02-17 14:25:53","2026-02-17 14:25:53",ADD669,"United States","United States",N991AQ,,,,,,"Textron Aviation",C172,"Textron Aviation 172S Skyhawk SP",172S12452,,,,,,Private,,,,,,,0,,,,,,0,0,0,0,0,,,,,,0,0,0,0,0,GEN-C172
32223841,"2026-02-17 13:57:18","2026-02-17 13:57:18",45D256,Denmark,Denmark,OY-TRV,,,,,,"Avions Fairey",NIPR,"Avions Fairey Tipsy Nipper T.66 Srs.2",18,,,,,,Private,,,1959,,,,0,,,,,,0,0,0,0,0,,,,,,0,0,0,0,0,GEN-NIPR
32223633,"2026-02-17 13:54:25","2026-02-17 13:54:25",A81317,"United States","United States",N6194F,,,,,,Cessna,C210,"Cessna 210J Centurion",21059094,,,,,,Private,,,1968,,,,0,,,,,,0,0,0,0,0,,,,,,0,0,0,0,0,GEN-C210
32222678,"2026-02-17 13:43:00","2026-02-17 13:43:00",AB7CB7,"United States","United States",N8394K,,,,,,Stinson,S108,"Stinson Voyager 108-1",108-1394,,,,,,Private,,,1946,,,,0,,,,,,0,0,0,0,0,,,,,,0,0,0,0,0,GEN-S108
32221923,"2026-02-17 13:33:39","2026-02-17 13:33:39",AAE62C,"United States","United States",N801GB,,,,,,Aveko,VL3,"Aveko VL-3 LSA",VL-3-012,,,,,,Private,,,2007,,,,0,,,,,,0,0,0,0,0,,,,,,0,0,0,0,0,GEN-VL3
32221140,"2026-02-17 13:24:09","2026-02-17 13:24:09",3F38E9,Germany,Germany,D-OHLP,,,,,,"Schroeder Fire Balloons",BALL,"Schroeder Fire Balloons G60/24 Hot Air Balloon",1201,,,,,,Private,,,2006,,,,0,,,,,,0,0,0,0,0,,,,,,0,0,0,0,0,GEN-BALL
32221070,"2026-02-17 13:23:19","2026-02-17 13:23:19",A7EB37,"United States","United States",N6091P,,,,,,"Air Command",CMDE,"Air Command 582 Tandem",D00002,,,,,,Private,,,,,,,0,,,,,,0,0,0,0,0,,,,,,0,0,0,0,0,GEN-CMDE
32219250,"2026-02-17 13:01:27","2026-02-17 13:01:27",391431,France,France,F-GFBR,,,,,,Cessna,C72R,"Cessna 172RG Cutlass RG",172RG0668,,,,,,Private,,,1980,,,,0,,,,,,0,0,0,0,0,,,,,,0,0,0,0,0,GEN-C72R
32219045,"2026-02-17 12:59:03","2026-02-17 12:59:03",AA4215,"United States","United States",N760FR,,,,,,Morane-Saulnier,MS76,"Morane-Saulnier MS.760 Paris 1A",72,,,,,,"My Old Flying Machine LLC",,,,,,,0,,,,,,0,0,0,0,0,,,,,,0,0,0,0,0,GEN-MS76
32218665,"2026-02-17 12:54:40","2026-02-17 12:54:40",AC667E,"United States","United States",N8988B,,,,,,Cessna,C172,"Cessna 172",36688,,,,,,Private,,,1958,,,,0,,,,,,0,0,0,0,0,,,,,,0,0,0,0,0,GEN-C172
32218470,"2026-02-17 12:52:21","2026-02-17 12:52:21",A52889,"United States","United States",N431TL,,,,,,"Gulfstream Aerospace",GLF4,"Gulfstream Aerospace GIV",1031,,,,,,"Jet Midwest",,,1987,,,,0,,,,,,0,0,0,0,0,,,,,,0,0,0,0,0,GEN-GLF4
32217064,"2026-02-17 12:35:25","2026-02-17 12:35:25",894070,Bahrain,Bahrain,A9C-AO,,,,,,Airbus,A320,"Airbus A320 214",4860,,,,,,"Gulf Air",,,2011,,,,0,,,,,,0,0,0,0,0,,,,,,0,0,0,0,0,GFA
32215561,"2026-02-17 12:18:54","2026-02-17 12:18:54",A40593,"United States","United States",N3585G,,,,,,"Raven Aerostar",BALL,"Raven Aerostar RX.8 Hot Air Balloon",RX8-3051,,,,,,Private,,,1990,,,,0,,,,,,0,0,0,0,0,,,,,,0,0,0,0,0,GEN-BALL
32215520,"2026-02-17 12:18:32","2026-02-17 12:18:32",402B3D,"United Kingdom","United Kingdom",G-DIPI,,,,,,Cameron,BALL,"Cameron 80 SS Hot Air Balloon Tub",1745,,,,,,Private,,,1988,,,,0,,,,,,0,0,0,0,0,,,,,,0,0,0,0,0,GEN-BALL
32215288,"2026-02-17 12:15:46","2026-02-17 12:15:46",29CC11,"Not Allocated","Not Allocated",N730LM,,,,,,Dassault,F900,"Dassault Falcon 900EX",101,,,,,,"Liberty Media Corp",,,2001,,,,0,,,,,,0,0,0,0,0,,,,,,0,0,0,0,0,GEN-F900
32214978,"2026-02-17 12:11:54","2026-02-17 12:11:54",AAB53C,"United States","United States",N78964,,,,,,Mooney,M20P,"Mooney M.20C Mark 21",1998,,,,,,Private,,,,,,,0,,,,,,0,0,0,0,0,,,,,,0,0,0,0,0,GEN-M20P
32214805,"2026-02-17 12:09:42","2026-02-17 12:09:42",ABDF9C,"United States","United States",N864VP,,,,,,Bell,B427,"Bell 427",56038,,,,,,"Ambrose Consulting Corp",,,2003,,,,0,,,,,,0,0,0,0,0,,,,,,0,0,0,0,0,GEN-B427
32214457,"2026-02-17 12:05:35","2026-02-17 12:05:35",A9C47A,"United States","United States",N7286M,,,,,,Cessna,C175,"Cessna 175 Skylark",55586,,,,,,Private,,,1958,,,,0,,,,,,0,0,0,0,0,,,,,,0,0,0,0,0,GEN-C175
32214437,"2026-02-17 12:05:19","2026-02-17 12:05:19",AB1B06,"United States","United States",N8143N,,,,,,"Advanced Soaring Concepts",GLID,"Advanced Soaring Concepts Falcon",009,,,,,,Private,,,1996,,,,0,,,,,,0,0,0,0,0,,,,,,0,0,0,0,0,GEN-GLID
32213511,"2026-02-17 11:54:31","2026-02-17 11:54:31",3D157C,Germany,Germany,D-EGJS,,,,,,Reims/Cessna,C150,"Reims/Cessna F150L",1046,,,,,,Private,,,1973,,,,0,,,,,,0,0,0,0,0,,,,,,0,0,0,0,0,GEN-C150
32211622,"2026-02-17 11:33:07","2026-02-17 11:33:07",ABA498,"United States","United States",N8497C,,,,,,"Aero Commander",AC68,"Aero Commander Twin Commander 680E",680E-867-84,,,,,,Private,,,,,,,0,,,,,,0,0,0,0,0,,,,,,0,0,0,0,0,GEN-AC68
32210228,"2026-02-17 11:17:06","2026-02-17 11:17:06",AB098E,"United States","United States",N810C,,,,,,Stinson,S108,"Stinson Voyager 108-3",108-3810,,,,,,Private,,,1947,,,,0,,,,,,0,0,0,0,0,,,,,,0,0,0,0,0,GEN-S108
32208358,"2026-02-17 10:56:01","2026-02-17 10:56:01",A9D3A0,"United States","United States",N732MV,,,,,,Cessna,C210,"Cessna 210M Centurion",21061628,,,,,,Private,,,1976,,,,0,,,,,,0,0,0,0,0,,,,,,0,0,0,0,0,GEN-C210
32208224,"2026-02-17 10:54:26","2026-02-17 10:54:26",76D026,Singapore,Singapore,9V-TAF,,,,,,Airbus,A320,"Airbus A320 232",2728,,,,,,Scoot,,,2006,,,,0,,,,,,0,0,0,0,0,,,,,,0,0,0,0,0,TGW
32207536,"2026-02-17 10:46:21","2026-02-17 10:46:21",A66BC2,"United States","United States",N5124A,,,,,,"Thrush Aircraft",SS2T,"Thrush Aircraft Turbo Thrush S2R-T34",T34-512,,,,,,Private,,,2021,,,,0,,,,,,0,0,0,0,0,,,,,,0,0,0,0,0,GEN-SS2T
32207478,"2026-02-17 10:45:36","2026-02-17 10:45:36",3EED43,Germany,Germany,D-3244,,,,,,Rolladen-Schneider,GLID,"Rolladen-Schneider LS4 a",4733,,,,,,Private,,,1989,,,,0,,,,,,0,0,0,0,0,,,,,,0,0,0,0,0,GEN-GLID
32205830,"2026-02-17 10:26:11","2026-02-17 10:26:11",A29537,"United States","United States",N2659V,,,,,,Cessna,C421,"Cessna 421C Golden Eagle",421C0842,,,,,,Private,,,,,,,0,,,,,,0,0,0,0,0,,,,,,0,0,0,0,0,GEN-C421
32204439,"2026-02-17 10:10:46","2026-02-17 10:10:46",008CC9,"South Africa","South Africa",ZS-EVG,,,,,,Piper,PA25,"Piper PA-25 235 Pawnee B",25-3938,,,,,,Private,,,1966,,,,0,,,,,,0,0,0,0,0,,,,,,0,0,0,0,0,GEN-PA25
32204288,"2026-02-17 10:08:58","2026-02-17 10:08:58",A80A53,"United States","United States",N617SD,,,,,,Slingsby,GLID,"Slingsby T.51 Dart 17R",1503,,,,,,Private,,,1966,,,,0,,,,,,0,0,0,0,0,,,,,,0,0,0,0,0,GEN-GLID
32202775,"2026-02-17 09:50:47","2026-02-17 09:50:47",AD673B,"United States","United States",N9629V,,,,,,Cessna,C172,"Cessna 172M Skyhawk",17264409,,,,,,Private,,,1974,,,,0,,,,,,0,0,0,0,0,,,,,,0,0,0,0,0,GEN-C172
32202175,"2026-02-17 09:43:09","2026-02-17 09:43:09",A844FB,"United States","United States",N6318Z,,,,,,"AS +",GLID,"AS + AC Hercules B+",01,,,,,,Private,,,1997,,,,0,,,,,,0,0,0,0,0,,,,,,0,0,0,0,0,GEN-GLID
32202037,"2026-02-17 09:41:41","2026-02-17 09:41:41",A51806,"United States","United States",N4270P,,,,,,"Raven Aerostar",BALL,"Raven Aerostar S-60 Hot Air Balloon",S60-290,,,,,,Private,,,,,,,0,,,,,,0,0,0,0,0,,,,,,0,0,0,0,0,GEN-BALL
32200595,"2026-02-17 09:24:52","2026-02-17 09:24:52",4B3F89,Switzerland,Switzerland,HB-YBP,,,,,,Rotorway,EXEC,"Rotorway Exec 90",5222,,,,,,Private,,,1997,,,,0,,,,,,0,0,0,0,0,,,,,,0,0,0,0,0,GEN-EXEC
32200209,"2026-02-17 09:20:26","2026-02-17 09:20:26",A905A9,"United States","United States",N68001,,,,,,Cessna,C152,"Cessna 152",15282131,,,,,,Private,,,1978,,,,0,,,,,,0,0,0,0,0,,,,,,0,0,0,0,0,GEN-C152
32200099,"2026-02-17 09:19:09","2026-02-17 09:19:09",A81333,"United States","United States",N61949,,,,,,Howard,FA62,"Howard M-62C PT-23A",321HO,,,,,,Private,,,1942,,,,0,,,,,,0,0,0,0,0,,,,,,0,0,0,0,0,GEN-FA62
32199790,"2026-02-17 09:15:14","2026-02-17 09:15:14",AB22AA,"United States","United States",N81647,,,,,,Aeronca,CH7A,"Aeronca Champion 7AC",7AC-267,,,,,,Private,,,1945,,,,0,,,,,,0,0,0,0,0,,,,,,0,0,0,0,0,GEN-CH7A
32199380,"2026-02-17 09:10:51","2026-02-17 09:10:51",AE5B7A,"United States","United States",08-0646,,,,,,Pilatus,PC12,"Pilatus PC-XII U-28A",646,,,,,,"United States Air Force",,,2005,,,,0,,,"","","",1,0,0,0,0,,,,,,0,0,0,0,0,
32199268,"2026-02-17 09:09:40","2026-02-17 09:09:40",27A7C0,"Not Allocated","Not Allocated",V5-LRJ,,,,,,Bombardier,LJ45,"Bombardier Learjet 45",45-228,,,,,,Corporate,,,2003,,,,0,,,,,,0,0,0,0,0,,,,,,0,0,0,0,0,GEN-LJ45
32199031,"2026-02-17 09:06:56","2026-02-17 09:06:56",A6E88B,"United States","United States",N544UA,,,,,,Boeing,B752,"Boeing 757 222/W",25322,,,,,,"United Airlines",,,1991,,,,0,,,,,,0,0,0,0,0,,,,,,0,0,0,0,0,UAL
32197140,"2026-02-17 08:44:53","2026-02-17 08:44:53",8A03F1,Indonesia,Indonesia,PK-TXW,,,,,,Dornier,D328,"Dornier Do 328 100",3044,,,,,,"Xpress Air",,,1995,,,,0,,,,,,0,0,0,0,0,,,,,,0,0,0,0,0,XAR
32196903,"2026-02-17 08:42:16","2026-02-17 08:42:16",ACA916,"United States","United States",N91486,,,,,,"North American",NAVI,"North American Navion",NAV-4-141,,,,,,Private,,,1946,,,,0,,,,,,0,0,0,0,0,,,,,,0,0,0,0,0,GEN-NAVI
32196415,"2026-02-17 08:36:14","2026-02-17 08:36:14",C07C0E,Canada,Canada,C-GUZL,,,,,,Neico,LNC2,"Neico Lancair 360",470-320-216,,,,,,Private,,,,,,,0,,,,,,0,0,0,0,0,,,,,,0,0,0,0,0,GEN-LNC2
32196232,"2026-02-17 08:34:25","2026-02-17 08:34:25",3A19D4,"French Overseas","French Overseas",F-OGOU,,,,,,Aerospatiale,AS55,"Aerospatiale Twin Squirrel AS.355 F2",5051,,,,,,Private,,,1981,,,,0,,,,,,0,0,0,0,0,,,,,,0,0,0,0,0,GEN-AS55
32196073,"2026-02-17 08:32:38","2026-02-17 08:32:38",406652,"United Kingdom","United Kingdom",G-WWLF,,,,,,Extra,E300,"Extra EA.300 L",020,,,,,,Private,,,1996,,,,0,,,,,,0,0,0,0,0,,,,,,0,0,0,0,0,GEN-E300
32195735,"2026-02-17 08:28:06","2026-02-17 08:28:06",A4868A,"United States","United States",N391AK,,,,,,Helio,COUR,"Helio Courier H.391B",068,,,,,,Private,,,1957,,,,0,,,,,,0,0,0,0,0,,,,,,0,0,0,0,0,GEN-COUR
11102,"2021-11-08 16:26:52","2026-02-17 08:11:52",C87EE8,"New Zealand","New Zealand","",,,,"",,"",ZZZZ,"","",,,,,,"",,,,,,"",0,,,,,,0,0,0,0,0,Missing,,,"","",0,0,0,0,0,GEN-ZZZZ
766556,"2023-10-30 20:59:55","2026-02-17 08:11:52",43BF96,"United Kingdom","United Kingdom","",,,,"",,"",ZANT,"","",,,,,,"",,,,,,"",0,,,,,,0,0,0,0,0,Missing,,,"","",0,0,0,0,0,ZANT
32194011,"2026-02-17 08:07:20","2026-02-17 08:07:20",AA83F9,"United States","United States",N777KR,,,,,,Piper,PA27,"Piper PA-23 Aztec 250E",27-7305149,,,,,,Private,,,,,,,0,,,,,,0,0,0,0,0,,,,,,0,0,0,0,0,GEN-PA27
32193809,"2026-02-17 08:05:12","2026-02-17 08:05:12",381521,France,France,F-BFJB,,,,,,Nord,N120,"Nord 1203 Norecrin",238,,,,,,Private,,,,,,,0,,,,,,0,0,0,0,0,,,,,,0,0,0,0,0,GEN-N120
32193106,"2026-02-17 07:56:37","2026-02-17 07:56:37",4AAC83,Sweden,Sweden,SE-KDC,,,,,,Aerostar,YK52,"Aerostar Yak-52",801002,,,,,,Private,,,1980,,,,0,,,,,,0,0,0,0,0,,,,,,0,0,0,0,0,GEN-YK52
32193018,"2026-02-17 07:55:25","2026-02-17 07:55:25",A62552,"United States","United States",N4952J,,,,,,Piper,P28R,"Piper PA-28R 180 Cherokee Arrow",28R-30698,,,,,,Private,,,1968,,,,0,,,,,,0,0,0,0,0,,,,,,0,0,0,0,0,GEN-P28R
32192771,"2026-02-17 07:52:04","2026-02-17 07:52:04",A394B3,"United States","United States",N33NS,,,,,,Beech,BE58,"Beech Baron 58",TH-1340,,,,,,Private,,,1982,,,,0,,,,,,0,0,0,0,0,,,,,,0,0,0,0,0,GEN-BE58
32191583,"2026-02-17 07:36:51","2026-02-17 07:36:51",49D08F,"Czech Republic","Czech Republic",OK-TVE,,,,,,Boeing,B738,"Boeing 737NG 86Q/W",30294,,,,,,"Travel Service Airlines",,,2004,,,,0,,,,,,0,0,0,0,0,,,,,,0,0,0,0,0,TVS
32190537,"2026-02-17 07:23:56","2026-02-17 07:23:56",4C8063,Cyprus,Cyprus,5B-DCY,,,,,,Airbus,A320,"Airbus A320 214",2920,,,,,,"Cobalt Air",,,2006,,,,0,,,,,,0,0,0,0,0,,,,,,0,0,0,0,0,FCB
32189957,"2026-02-17 07:16:42","2026-02-17 07:16:42",AC6F3E,"United States","United States",N900AT,,,,,,DAHER-SOCATA,TBM9,"DAHER-SOCATA TBM 900",1070,,,,,,"Columbia Aircraft Sales Inc",,,2015,,,,0,,,,,,0,0,0,0,0,,,,,,0,0,0,0,0,GEN-TBM9
32189942,"2026-02-17 07:16:29","2026-02-17 07:16:29",A40BF9,"United States","United States",N36WT,,,,,,Republic,RC3,"Republic RC-3 Seabee",1054,,,,,,Private,,,1947,,,,0,,,,,,0,0,0,0,0,,,,,,0,0,0,0,0,GEN-RC3
32186200,"2026-02-17 06:28:48","2026-02-17 06:28:48",ACDBD8,"United States","United States",N92791,,,,,,Piper,PA12,"Piper PA-12 Super Cruiser",12-237,,,,,,Private,,,1946,,,,0,,,,,,0,0,0,0,0,,,,,,0,0,0,0,0,GEN-PA12
32185859,"2026-02-17 06:24:31","2026-02-17 06:24:31",403255,"United Kingdom","United Kingdom",G-BSSW,,,,,,Piper,P28A,"Piper PA-28 161 Warrior II",28-7816143,,,,,,Private,,,,,,,0,,,,,,0,0,0,0,0,,,,,,0,0,0,0,0,GEN-P28A
32185125,"2026-02-17 06:14:36","2026-02-17 06:14:36",0C202F,Panama,Panama,HP-1563CMP,,,,,,Embraer,E190,"Embraer EMB-190 AR",19000098,,,,,,"Copa Airlines",,,2007,,,,0,,,,,,0,0,0,0,0,,,,,,0,0,0,0,0,CMP
32184611,"2026-02-17 06:07:45","2026-02-17 06:07:45",A0341E,"United States","United States",N112F,,,,,,Beech,BE35,"Beech Bonanza H35",D-5200,,,,,,Private,,,,,,,0,,,,,,0,0,0,0,0,,,,,,0,0,0,0,0,GEN-BE35
32184149,"2026-02-17 06:01:16","2026-02-17 06:01:16",3EE21C,Germany,Germany,D-0389,,,,,,Schempp-Hirth,GLID,"Schempp-Hirth Cirrus",85,,,,,,Private,,,1969,,,,0,,,,,,0,0,0,0,0,,,,,,0,0,0,0,0,GEN-GLID
32184078,"2026-02-17 06:00:15","2026-02-17 06:00:15",405D3D,"United Kingdom","United Kingdom",G-DDLS,,,,,,Schleicher,GLID,"Schleicher K 8 B",8650,,,,,,"North Devon Gliding Club",,,,,,,0,,,,,,0,0,0,0,0,,,,,,0,0,0,0,0,GEN-GLID
32183158,"2026-02-17 05:47:49","2026-02-17 05:47:49",1501A4,Russia,Russia,RA-65956,,,,,,Tupolev,T134,"Tupolev Tu-134 A",2351709,,,,,,"Kosmos Airlines",,,,,,,0,,,,,,0,0,0,0,0,,,,,,0,0,0,0,0,GEN-T134
32183033,"2026-02-17 05:46:09","2026-02-17 05:46:09",155624,Russia,Russia,RA-87588,,,,,,Yakovlev,YK40,"Yakovlev Yak-40",9222022,,,,,,"Ak Bars Aero",,,,,,,0,,,,,,0,0,0,0,0,,,,,,0,0,0,0,0,GEN-YK40
32182651,"2026-02-17 05:40:55","2026-02-17 05:40:55",A4257E,"United States","United States",N3664D,,,,,,Cessna,C310,"Cessna 310",35364,,,,,,Private,,,,,,,0,,,,,,0,0,0,0,0,,,,,,0,0,0,0,0,GEN-C310
32182561,"2026-02-17 05:39:43","2026-02-17 05:39:43",A5296C,"United States","United States",N43113,,,,,,Piper,P28A,"Piper PA-28 140 Cherokee F",28-7425334,,,,,,Private,,,,,,,0,,,,,,0,0,0,0,0,,,,,,0,0,0,0,0,GEN-P28A
32182246,"2026-02-17 05:35:09","2026-02-17 05:35:09",A51938,"United States","United States",N4279E,,,,,,Piper,PA38,"Piper PA-38 112 Tomahawk",38-78A0527,,,,,,Private,,,,,,,0,,,,,,0,0,0,0,0,,,,,,0,0,0,0,0,GEN-PA38
32182171,"2026-02-17 05:34:03","2026-02-17 05:34:03",143B05,Russia,Russia,RA-15109,,,,,,Myasishchev,M101,"Myasishchev M-101T",1501009,,,,,,"Dexter Aero",,,,,,,0,,,,,,0,0,0,0,0,,,,,,0,0,0,0,0,GEN-M101
32182128,"2026-02-17 05:33:28","2026-02-17 05:33:28",0D097E,Mexico,Mexico,XA-RAB,,,,,,Bombardier,LJ75,"Bombardier Learjet 75",45-527,,,,,,"Taxis Aereo del Noroeste",,,2015,,,,0,,,,,,0,0,0,0,0,,,,,,0,0,0,0,0,GEN-LJ75
32181747,"2026-02-17 05:28:10","2026-02-17 05:28:10",4906A6,Portugal,Portugal,CS-AUF,,,,,,Cessna,C206,"Cessna U206G Turbo Stationair 6",U20603577,,,,,,Private,,,,,,,0,,,,,,0,0,0,0,0,,,,,,0,0,0,0,0,GEN-C206
32181554,"2026-02-17 05:25:24","2026-02-17 05:25:24",A22D7C,"United States","United States",N23984,,,,,,Beech,BE24,"Beech Sierra C24R",MC-471,,,,,,Private,,,1977,,,,0,,,,,,0,0,0,0,0,,,,,,0,0,0,0,0,GEN-BE24
32181180,"2026-02-17 05:20:17","2026-02-17 05:20:17",A83169,"United States","United States",N627MZ,,,,,,"Raytheon Aircraft Company",H25B,"Raytheon Aircraft Company 125 800XP",258531,,,,,,"Hemlock Properties LLC",,,,,,,0,,,,,,0,0,0,0,0,,,,,,0,0,0,0,0,GEN-H25B
32180643,"2026-02-17 05:12:46","2026-02-17 05:12:46",A678FE,"United States","United States",N516P,,,,,,Bell,B06,"Bell OH-58C Kiowa",40214,,,,,,Private,,,,,,,0,,,,,,0,0,0,0,0,,,,,,0,0,0,0,0,GEN-B06
32180387,"2026-02-17 05:09:17","2026-02-17 05:09:17",C046CD,Canada,Canada,C-GAVC,,,,,,MBB,B105,"MBB Bo.105 P",6066,,,,,,"Red Deer Auto Group Inc",,,1981,,,,0,,,,,,0,0,0,0,0,,,,,,0,0,0,0,0,GEN-B105
32180254,"2026-02-17 05:07:30","2026-02-17 05:07:30",ACB504,"United States","United States",N918GL,,,,,,Bombardier,GL5T,"Bombardier Global 5000",9465,,,,,,"Bozeman Direct LLC",,,2011,,,,0,,,,,,0,0,0,0,0,,,,,,0,0,0,0,0,GEN-GL5T
29219,"2022-08-30 09:24:20","2026-02-17 04:59:21",000005,"Not Allocated","Not Allocated","",,,,"",,"",UAV,"","",,,,,,"",,,,,,"",0,,,,,,0,0,0,0,0,Missing,,,"","",0,0,0,0,0,GEN-UAV
32179499,"2026-02-17 04:57:19","2026-02-17 04:57:19",A8E2A7,"United States","United States",N6716P,,,,,,Beech,BE77,"Beech Skipper 77",WA-68,,,,,,Private,,,1979,,,,0,,,,,,0,0,0,0,0,,,,,,0,0,0,0,0,GEN-BE77
32179478,"2026-02-17 04:57:03","2026-02-17 04:57:03",A26385,"United States","United States",N253KA,,,,,,"Textron Aviation",BE20,"Textron Aviation King Air 200GT",BY-253,,,,,,"Rightway Drywall Inc",,,2016,,,,0,,,,,,0,0,0,0,0,,,,,,0,0,0,0,0,GEN-BE20
32176385,"2026-02-17 04:12:57","2026-02-17 04:12:57",A4806F,"United States","United States",N39,,,,,,Convair,CVLT,"Convair 580",480,,,,,,"Federal Aviation Administration",,,1957,,,,0,,,,,,0,0,0,0,0,,,,,,0,0,0,0,0,GEN-CVLT
32176127,"2026-02-17 04:09:43","2026-02-17 04:09:43",A95046,"United States","United States",N7EF,,,,,,Piper,PA34,"Piper PA-34 200T Seneca II",34-7970457,,,,,,Private,,,,,,,0,,,,,,0,0,0,0,0,,,,,,0,0,0,0,0,GEN-PA34
32175281,"2026-02-17 03:57:48","2026-02-17 03:57:48",14F10A,Russia,Russia,RA-61706,,,,,,Antonov,A148,"Antonov An-148 100V",27015040006,,,,,,"Saratov Airlines",,,,,,,0,,,,,,0,0,0,0,0,,,,,,0,0,0,0,0,GEN-A148
32174717,"2026-02-17 03:49:45","2026-02-17 03:49:45",C039B0,Canada,Canada,C-FVVZ,,,,,,Cessna,C182,"Cessna T182T Turbo Skylane",T18208816,,,,,,Private,,,2007,,,,0,,,,,,0,0,0,0,0,,,,,,0,0,0,0,0,GEN-C182
32174209,"2026-02-17 03:42:48","2026-02-17 03:42:48",AA85FD,"United States","United States",N7774S,,,,,,Schweizer,GLID,"Schweizer SGS 2-33 A",144,,,,,,Private,,,1969,,,,0,,,,,,0,0,0,0,0,,,,,,0,0,0,0,0,GEN-GLID
32173585,"2026-02-17 03:34:03","2026-02-17 03:34:03",402476,"United Kingdom","United Kingdom",G-MMSP,,,,,,"Mainair Sports",ULAC,"Mainair Sports Gemini Flash",265-984-2,,,,,,Private,,,1984,,,,0,,,,,,0,0,0,0,0,,,,,,0,0,0,0,0,GEN-ULAC
32173111,"2026-02-17 03:26:25","2026-02-17 03:26:25",A17B00,"United States","United States",N195CR,,,,,,Dassault,F900,"Dassault Falcon 900 B",147,,,,,,"WRO LLC",,,1994,,,,0,,,,,,0,0,0,0,0,,,,,,0,0,0,0,0,GEN-F900
32172875,"2026-02-17 03:22:42","2026-02-17 03:22:42",A75136,"United States","United States",N5703M,,,,,,"Raven Aerostar",BALL,"Raven Aerostar S-55A Hot Air Balloon",S55A-617,,,,,,Private,,,,,,,0,,,,,,0,0,0,0,0,,,,,,0,0,0,0,0,GEN-BALL
32172815,"2026-02-17 03:21:46","2026-02-17 03:21:46",A6A553,"United States","United States",N5270M,,,,,,"Textron Aviation",C208,"Textron Aviation 208 EX",208B-5347,,,,,,"Textron Aviation Inc",,,,,,,0,,,,,,0,0,0,0,0,,,,,,0,0,0,0,0,GEN-C208
32172771,"2026-02-17 03:21:14","2026-02-17 03:21:14",A08760,"United States","United States",N133LR,,,,,,"RotorSport UK",CLON,"RotorSport UK Cavalon",RSUK-V00428,,,,,,"AGUSA PC Inc",,,2019,,,,0,,,,,,0,0,0,0,0,,,,,,0,0,0,0,0,GEN-CLON
32172363,"2026-02-17 03:15:08","2026-02-17 03:15:08",14180C,Russia,Russia,RA-06156,,,,,,Mil,MI8,"Mil Mi-8 MTV-1",93395,,,,,,Arktikugol,,,,,,,0,,,,,,0,0,0,0,0,,,,,,0,0,0,0,0,GEN-MI8
32172229,"2026-02-17 03:13:06","2026-02-17 03:13:06",A98E1E,"United States","United States",N7146L,,,,,,"Textron Aviation",C172,"Textron Aviation 172S Skyhawk SP",172S11676,,,,,,Private,,,,,,,0,,,,,,0,0,0,0,0,,,,,,0,0,0,0,0,GEN-C172
32172230,"2026-02-17 03:13:06","2026-02-17 03:13:06",145AD1,Russia,Russia,RA-23249,,,,,,Mil,MI2,"Mil Mi-2",5210305067,,,,,,"Vologda Air Enterprise",,,,,,,0,,,,,,0,0,0,0,0,,,,,,0,0,0,0,0,VGV
32170866,"2026-02-17 02:53:46","2026-02-17 02:53:46",A10743,"United States","United States",YV3367,,,,,,"McDonnell Douglas",MD82,"McDonnell Douglas DC-9 82",53027,,,,,,LASER,,,1990,,,,0,,,,,,0,0,0,0,0,,,,,,0,0,0,0,0,LER
32170007,"2026-02-17 02:40:26","2026-02-17 02:40:26",A24C89,"United States","United States",N2471P,,,,,,Pipistrel,PIVI,"Pipistrel Virus 912","222 VSW 912 0207 KIT49",,,,,,Private,,,2007,,,,0,,,,,,0,0,0,0,0,,,,,,0,0,0,0,0,GEN-PIVI
32169058,"2026-02-17 02:27:20","2026-02-17 02:27:20",0D0830,Mexico,Mexico,XA-GME,,,,,,Cessna,C680,"Cessna Citation Sovereign+",680-0522,,,,,,"Mexico Transportes Aereos SA de CV",,,2013,,,,0,,,,,,0,0,0,0,0,,,,,,0,0,0,0,0,GEN-C680
32168042,"2026-02-17 02:13:05","2026-02-17 02:13:05",A3DE53,"United States","United States",N3487,,,,,,"Amateur Built",GYRO,"Amateur Built Bensen Gyrocopter B.8M",11222,,,,,,Private,,,,,,,0,,,,,,0,0,0,0,0,,,,,,0,0,0,0,0,GEN-GYRO
32166726,"2026-02-17 01:53:13","2026-02-17 01:53:13",A13F8A,"United States","United States",N18NL,,,,,,Extra,E300,"Extra EA.300 L",137,,,,,,Private,,,2001,,,,0,,,,,,0,0,0,0,0,,,,,,0,0,0,0,0,GEN-E300
32166539,"2026-02-17 01:50:21","2026-02-17 01:50:21",A006E6,"United States","United States",N100YM,,,,,,Cameron,BALL,"Cameron O-77 Hot Air Balloon",305,,,,,,Private,,,,,,,0,,,,,,0,0,0,0,0,,,,,,0,0,0,0,0,GEN-BALL
32166322,"2026-02-17 01:47:06","2026-02-17 01:47:06",A38776,"United States","United States",N32632,,,,,,Piper,P28A,"Piper PA-28 151 Cherokee Warrior",28-7515205,,,,,,Private,,,1974,,,,0,,,,,,0,0,0,0,0,,,,,,0,0,0,0,0,GEN-P28A
32165678,"2026-02-17 01:37:28","2026-02-17 01:37:28",C8187D,"New Zealand","New Zealand",ZK-GDF,,,,,,Schleicher,GLID,"Schleicher ASW 20 L",20315,,,,,,Private,,,1979,,,,0,,,,,,0,0,0,0,0,,,,,,0,0,0,0,0,GEN-GLID
32163826,"2026-02-17 01:11:13","2026-02-17 01:11:13",ADE4C0,"United States","United States",N9946Y,,,,,,Champion,CH7B,"Champion Challenger 7GCB",7GCB-153,,,,,,Private,,,1962,,,,0,,,,,,0,0,0,0,0,,,,,,0,0,0,0,0,GEN-CH7B
32163737,"2026-02-17 01:09:52","2026-02-17 01:09:52",A6B5AB,"United States","United States",N531RR,,,,,,Bell,B06,"Bell 206B Jet Ranger II",839,,,,,,"Vertical Access Helicopters LLC",,,1972,,,,0,,,,,,0,0,0,0,0,,,,,,0,0,0,0,0,GEN-B06
32163280,"2026-02-17 01:03:19","2026-02-17 01:03:19",A69AF1,"United States","United States",N52457,,,,,,"Textron Aviation",C56X,"Textron Aviation Citation XLS+",560-6198,,,,,,"Textron Aviation Inc",,,,,,,0,,,,,,0,0,0,0,0,,,,,,0,0,0,0,0,GEN-C56X
32163057,"2026-02-17 00:59:26","2026-02-17 00:59:26",A30779,"United States","United States",N29453,,,,,,Cessna,C177,"Cessna 177 Cardinal",17700897,,,,,,Private,,,1968,,,,0,,,,,,0,0,0,0,0,,,,,,0,0,0,0,0,GEN-C177
32162122,"2026-02-17 00:47:31","2026-02-17 00:47:31",A918A0,"United States","United States",N6853W,,,,,,Piper,P28A,"Piper PA-28 140 Cherokee",28-21009,,,,,,Private,,,1965,,,,0,,,,,,0,0,0,0,0,,,,,,0,0,0,0,0,GEN-P28A
32162063,"2026-02-17 00:46:36","2026-02-17 00:46:36",A37BE0,"United States","United States",N3230U,,,,,,Rotec,ULAC,"Rotec Rally 3",64624,,,,,,Private,,,1982,,,,0,,,,,,0,0,0,0,0,,,,,,0,0,0,0,0,GEN-ULAC
32161353,"2026-02-17 00:36:45","2026-02-17 00:36:45",E0268E,Argentina,Argentina,LV-BZN,,,,,,Pzl-Mielec,M18,"Pzl-Mielec Dromader M-18A",1Z020-08,,,,,,Private,,,,,,,0,,,,,,0,0,0,0,0,,,,,,0,0,0,0,0,GEN-M18
