AircraftID,FirstCreated,LastModified,ModeS,ModeSCountry,Country,Registration,CurrentRegDate,PreviousID,FirstRegDate,Status,DeRegDate,Manufacturer,ICAOTypeCode,Type,SerialNo,PopularName,GenericName,AircraftClass,Engines,OwnershipStatus,RegisteredOwners,MTOW,TotalHours,YearBuilt,CofACategory,CofAExpiry,UserNotes,Interested,UserTag,InfoURL,PictureURL1,PictureURL2,PictureURL3,UserBool1,UserBool2,UserBool3,UserBool4,UserBool5,UserString1,UserString2,UserString3,UserString4,UserString5,UserInt1,UserInt2,UserInt3,UserInt4,UserInt5,OperatorFlagCode
31920410,"2026-02-14 23:40:43","2026-02-14 23:40:43",A838D2,"United States","United States",N629MU,,,,,,"Diamond Aircraft",DA62,"Diamond Aircraft DA62",62.091,,,,,,Private,,,,,,,0,,,,,,0,0,0,0,0,,,,,,0,0,0,0,0,GEN-DA62
31920194,"2026-02-14 23:38:10","2026-02-14 23:38:10",A6E4B7,"United States","United States",N543SX,,,,,,"Sonex Aircraft",SONX,"Sonex Aircraft Sonex Trainer",0543,,,,,,Private,,,2014,,,,0,,,,,,0,0,0,0,0,,,,,,0,0,0,0,0,GEN-SONX
31919960,"2026-02-14 23:35:12","2026-02-14 23:35:12",A73846,"United States","United States",N5641E,,,,,,Cessna,C150,"Cessna 150",17141,,,,,,Private,,,1959,,,,0,,,,,,0,0,0,0,0,,,,,,0,0,0,0,0,GEN-C150
31919147,"2026-02-14 23:24:20","2026-02-14 23:24:20",4B28B2,Switzerland,Switzerland,HB-PKS,,,,,,Piper,P46T,"Piper PA-46 JetPROP",4636180,,,,,,Private,,,1998,,,,0,,,,,,0,0,0,0,0,,,,,,0,0,0,0,0,GEN-P46T
31918674,"2026-02-14 23:18:17","2026-02-14 23:18:17",3D354E,Germany,Germany,D-ESLA,,,,,,SOCATA,RALL,"SOCATA Rallye MS.880B 100ST-D",2888,,,,,,Private,,,,,,,0,,,,,,0,0,0,0,0,,,,,,0,0,0,0,0,GEN-RALL
31918366,"2026-02-14 23:14:04","2026-02-14 23:14:04",A8B440,"United States","United States",N660AG,,,,,,Boeing,B733,"Boeing 737 36Q",28660,,,,,,VivaAeroBus,,,1997,,,,0,,,,,,0,0,0,0,0,,,,,,0,0,0,0,0,GEN-B733
31918299,"2026-02-14 23:13:09","2026-02-14 23:13:09",ABA28A,"United States","United States",N849NX,,,,,,Boeing,B734,"Boeing 737 436SF",25849,,,,,,"Kalitta Charters",,,1992,,,,0,,,,,,0,0,0,0,0,,,,,,0,0,0,0,0,KFS
31918023,"2026-02-14 23:09:32","2026-02-14 23:09:32",A4AD2A,"United States","United States",N400FM,,,,,,"Lancair International",LNC4,"Lancair International Lancair IV",147,,,,,,Private,,,,,,,0,,,,,,0,0,0,0,0,,,,,,0,0,0,0,0,GEN-LNC4
31917922,"2026-02-14 23:08:14","2026-02-14 23:08:14",A00092,"United States","United States",N1FU,,,,,,"Airbus Helicopters",AS50,"Airbus Helicopters Squirrel AS.350 B3",8165,,,,,,"Airbus Helicopters Inc",,,2016,,,,0,,,,,,0,0,0,0,0,,,,,,0,0,0,0,0,GEN-AS50
31917822,"2026-02-14 23:07:19","2026-02-14 23:07:19",A277A7,"United States","United States",N25800,,,,,,Cessna,C152,"Cessna 152",15280792,,,,,,Private,,,1977,,,,0,,,,,,0,0,0,0,0,,,,,,0,0,0,0,0,GEN-C152
31917099,"2026-02-14 22:57:40","2026-02-14 22:57:40",403A9B,"United Kingdom","United Kingdom",G-NVBF,,,,,,Lindstrand,BALL,"Lindstrand LBL.210A Hot Air Balloon",249,,,,,,"Airxcite Ltd",,,1995,,,,0,,,,,,0,0,0,0,0,,,,,,0,0,0,0,0,GEN-BALL
31915347,"2026-02-14 22:34:07","2026-02-14 22:34:07",A3452C,"United States","United States",N31HE,,,,,,"Velocity Aircraft",VELO,"Velocity Aircraft Velocity 1",14,,,,,,Private,,,,,,,0,,,,,,0,0,0,0,0,,,,,,0,0,0,0,0,GEN-VELO
31915213,"2026-02-14 22:32:20","2026-02-14 22:32:20",A24D1E,"United States","United States",N2475Y,,,,,,Cessna,C172,"Cessna 172D Skyhawk",17249775,,,,,,Private,,,1962,,,,0,,,,,,0,0,0,0,0,,,,,,0,0,0,0,0,GEN-C172
31915081,"2026-02-14 22:30:47","2026-02-14 22:30:47",A7A008,"United States","United States",N5902C,,,,,,Beech,BE35,"Beech Bonanza C35",D-3261,,,,,,Private,,,,,,,0,,,,,,0,0,0,0,0,,,,,,0,0,0,0,0,GEN-BE35
31914723,"2026-02-14 22:26:20","2026-02-14 22:26:20",4343C0,"United Kingdom","United Kingdom",HB-ZRC,,,,,,Eurocopter,EC45,"Eurocopter MBB-BK 117 C-2 (EC145)",9032,,,,,,"Swiss Air Ambulance AG",,,2003,,,,0,,,,,,0,0,0,0,0,,,,,,0,0,0,0,0,SAZ
31914386,"2026-02-14 22:21:24","2026-02-14 22:21:24",4B4AED,Switzerland,Switzerland,HB-1606,,,,,,Glasflugel/Jastreb,GLID,"Glasflugel/Jastreb 304 Wasp B",349,,,,,,Private,,,1985,,,,0,,,,,,0,0,0,0,0,,,,,,0,0,0,0,0,GEN-GLID
31912264,"2026-02-14 21:53:51","2026-02-14 21:53:51",4A914F,Sweden,Sweden,SE-DJO,,,,,,Avro,RJ85,"Avro 146 RJ85",E2226,,,,,,"Braathens Regional Aviation",,,1992,,,,0,,,,,,0,0,0,0,0,,,,,,0,0,0,0,0,GEN-RJ85
31912122,"2026-02-14 21:52:02","2026-02-14 21:52:02",AA7420,"United States","United States",N7729Z,,,,,,Piper,PA25,"Piper PA-25 235 Pawnee B",25-3902,,,,,,Private,,,,,,,0,,,,,,0,0,0,0,0,,,,,,0,0,0,0,0,GEN-PA25
31911968,"2026-02-14 21:50:00","2026-02-14 21:50:00",A1ABC2,"United States","United States",N2068E,,,,,,"Textron Aviation",C208,"Textron Aviation 208 EX",208B-5292,,,,,,Corporate,,,2016,,,,0,,,,,,0,0,0,0,0,,,,,,0,0,0,0,0,GEN-C208
31910479,"2026-02-14 21:31:59","2026-02-14 21:31:59",A700BC,"United States","United States",N550PM,,,,,,"Gulfstream Aerospace",GLF5,"Gulfstream Aerospace G550",5252,,,,,,"Hinson Corporate Flight Services",,,2009,,,,0,,,,,,0,0,0,0,0,,,,,,0,0,0,0,0,GEN-GLF5
31909910,"2026-02-14 21:24:58","2026-02-14 21:24:58",00926D,"South Africa","South Africa",ZS-GYU,,,,,,Glasflugel,GLID,"Glasflugel H301 B Libelle",106,,,,,,Private,,,1969,,,,0,,,,,,0,0,0,0,0,,,,,,0,0,0,0,0,GEN-GLID
31909683,"2026-02-14 21:22:17","2026-02-14 21:22:17",800BCA,India,India,VT-SLI,,,,,,Boeing,B738,"Boeing 737NG 8V3/W",29670,,,,,,Spicejet,,,2005,,,,0,,,,,,0,0,0,0,0,,,,,,0,0,0,0,0,SEJ
31909457,"2026-02-14 21:19:38","2026-02-14 21:19:38",8579F9,Japan,Japan,JA4577,,,,,,Beech,BE36,"Beech Bonanza A36",E-2616,,,,,,Private,,,1991,,,,0,,,,,,0,0,0,0,0,,,,,,0,0,0,0,0,GEN-BE36
31907590,"2026-02-14 20:56:53","2026-02-14 20:56:53",A2D16F,"United States","United States",N2808D,,,,,,"Raven Aerostar",BALL,"Raven Aerostar S-60 Hot Air Balloon",S60-405,,,,,,Private,,,,,,,0,,,,,,0,0,0,0,0,,,,,,0,0,0,0,0,GEN-BALL
31907203,"2026-02-14 20:51:53","2026-02-14 20:51:53",ABC576,"United States","United States",N858EB,,,,,,"Beechcraft Corp",B350,"Beechcraft Corp King Air B350",FL-858,,,,,,"Carog II LLC",,,,,,,0,,,,,,0,0,0,0,0,,,,,,0,0,0,0,0,GEN-B350
31907164,"2026-02-14 20:51:35","2026-02-14 20:51:35",A892EE,"United States","United States",N6511B,,,,,,Mooney,M20P,"Mooney M.20 Mark 20",1178,,,,,,Private,,,1957,,,,0,,,,,,0,0,0,0,0,,,,,,0,0,0,0,0,GEN-M20P
31905799,"2026-02-14 20:36:14","2026-02-14 20:36:14",A45E02,"United States","United States",N38021,,,,,,Beech,BE77,"Beech Skipper 77",WA-205,,,,,,Private,,,,,,,0,,,,,,0,0,0,0,0,,,,,,0,0,0,0,0,GEN-BE77
31904457,"2026-02-14 20:20:07","2026-02-14 20:20:07",800B97,India,India,VT-SVA,,,,,,Boeing,B734,"Boeing 737 43QSF",28490,,,,,,"Quikjet Cargo Airlines",,,1996,,,,0,,,,,,0,0,0,0,0,,,,,,0,0,0,0,0,GEN-B734
31903996,"2026-02-14 20:13:26","2026-02-14 20:13:26",A211F3,"United States","United States",N232WS,,,,,,"Amateur Built",PTS1,"Amateur Built Pitts Special S-1",1,,,,,,Private,,,1966,,,,0,,,,,,0,0,0,0,0,,,,,,0,0,0,0,0,GEN-PTS1
31902701,"2026-02-14 19:56:41","2026-02-14 19:56:41",3F0590,Germany,Germany,D-9465,,,,,,Glasflugel,GLID,"Glasflugel H205 Club Libelle",12,,,,,,Private,,,1974,,,,0,,,,,,0,0,0,0,0,,,,,,0,0,0,0,0,GEN-GLID
31902146,"2026-02-14 19:49:50","2026-02-14 19:49:50",449F33,Belgium,Belgium,OO-GYS,,,,,,SOCATA,RALL,"SOCATA Rallye MS.880B Club",2857,,,,,,Private,,,,,,,0,,,,,,0,0,0,0,0,,,,,,0,0,0,0,0,GEN-RALL
31901723,"2026-02-14 19:44:27","2026-02-14 19:44:27",ABE3D7,"United States","United States",N8650W,,,,,,Piper,P28B,"Piper PA-28 235 Cherokee",28-10166,,,,,,Private,,,1963,,,,0,,,,,,0,0,0,0,0,,,,,,0,0,0,0,0,GEN-P28B
31901684,"2026-02-14 19:44:04","2026-02-14 19:44:04",A9BDD0,"United States","United States",N727CS,,,,,,Piper,P28R,"Piper PA-28R 201T Turbo Arrow III",28R-7703262,,,,,,Private,,,1977,,,,0,,,,,,0,0,0,0,0,,,,,,0,0,0,0,0,GEN-P28R
31900000,"2026-02-14 19:23:17","2026-02-14 19:23:17",40395E,"United Kingdom","United Kingdom",G-MYSW,,,,,,"Solar Wings",ULAC,"Solar Wings Pegasus Quantum 15",6834,,,,,,Private,,,1994,,,,0,,,,,,0,0,0,0,0,,,,,,0,0,0,0,0,GEN-ULAC
31899959,"2026-02-14 19:22:48","2026-02-14 19:22:48",A9414E,"United States","United States",N696DC,,,,,,Rutan,VEZE,"Rutan VariEze",10001,,,,,,Private,,,,,,,0,,,,,,0,0,0,0,0,,,,,,0,0,0,0,0,GEN-VEZE
31899842,"2026-02-14 19:21:22","2026-02-14 19:21:22",A688B0,"United States","United States",N52XP,,,,,,Beech,BE58,"Beech Baron 58",TH-1729,,,,,,Private,,,1994,,,,0,,,,,,0,0,0,0,0,,,,,,0,0,0,0,0,GEN-BE58
31899700,"2026-02-14 19:19:40","2026-02-14 19:19:40",C81B17,"New Zealand","New Zealand",ZK-MXT,,,,,,"MXR Technologies",MX2,"MXR Technologies MX2",7,,,,,,Private,,,,,,,0,,,,,,0,0,0,0,0,,,,,,0,0,0,0,0,GEN-MX2
31899261,"2026-02-14 19:13:57","2026-02-14 19:13:57",A5CB26,"United States","United States",N4722,,,,,,Bowers,FB1A,"Bowers Fly Baby 1A",65-56,,,,,,Private,,,,,,,0,,,,,,0,0,0,0,0,,,,,,0,0,0,0,0,GEN-FB1A
31896694,"2026-02-14 18:43:28","2026-02-14 18:43:28",A29B9E,"United States","United States",N2672B,,,,,,"Aero Commander",AC56,"Aero Commander Twin Commander 560",560-172,,,,,,Private,,,1954,,,,0,,,,,,0,0,0,0,0,,,,,,0,0,0,0,0,GEN-AC56
31896596,"2026-02-14 18:42:05","2026-02-14 18:42:05",C80564,"New Zealand","New Zealand",ZK-FDS,,,,,,"Ultralight Flight",ULAC,"Ultralight Flight Mirage II",MAANZ/150,,,,,,Private,,,,,,,0,,,,,,0,0,0,0,0,,,,,,0,0,0,0,0,GEN-ULAC
29219,"2022-08-30 09:24:20","2026-02-14 18:39:33",000005,"Not Allocated","Not Allocated","",,,,"",,"",UAV,"","",,,,,,"",,,,,,"",0,,,,,,0,0,0,0,0,Missing,,,"","",0,0,0,0,0,GEN-UAV
31896269,"2026-02-14 18:38:13","2026-02-14 18:38:13",A9097D,"United States","United States",N6811V,,,,,,Mooney,M20P,"Mooney M.20F Aerostar 220",22-0003,,,,,,Private,,,1971,,,,0,,,,,,0,0,0,0,0,,,,,,0,0,0,0,0,GEN-M20P
31895682,"2026-02-14 18:31:19","2026-02-14 18:31:19",A26373,"United States","United States",N253JH,,,,,,Aerospatiale,LAMA,"Aerospatiale Lama SA.315B",2530,,,,,,Private,,,,,,,0,,,,,,0,0,0,0,0,,,,,,0,0,0,0,0,GEN-LAMA
31895579,"2026-02-14 18:29:57","2026-02-14 18:29:57",ACD59B,"United States","United States",N926MV,,,,,,Eurocopter,EC30,"Eurocopter EC130 B4",3609,,,,,,"Nadar Corp",,,2002,,,,0,,,,,,0,0,0,0,0,,,,,,0,0,0,0,0,GEN-EC30
31894806,"2026-02-14 18:20:47","2026-02-14 18:20:47",AD66CA,"United States","United States",N9626M,,,,,,Mooney,M20P,"Mooney M.20F Executive 21",670203,,,,,,Private,,,,,,,0,,,,,,0,0,0,0,0,,,,,,0,0,0,0,0,GEN-M20P
31893202,"2026-02-14 18:01:48","2026-02-14 18:01:48",A5A490,"United States","United States",N4628Y,,,,,,Piper,PA25,"Piper PA-25 235 Pawnee C",25-4343,,,,,,Private,,,,,,,0,,,,,,0,0,0,0,0,,,,,,0,0,0,0,0,GEN-PA25
31893053,"2026-02-14 18:00:17","2026-02-14 18:00:17",A7DA6B,"United States","United States",N605GC,,,,,,Douglas,DC10,"Douglas DC-10 30F",47925,,,,,,"Gemini Air Cargo",,,1974,,,,0,,,,,,0,0,0,0,0,,,,,,0,0,0,0,0,GEN-DC10
31893045,"2026-02-14 18:00:10","2026-02-14 18:00:10",3D1961,Germany,Germany,D-EHWB,,,,,,Beech,BE23,"Beech Musketeer C23 Sundowner 180",M-2233,,,,,,Private,,,,,,,0,,,,,,0,0,0,0,0,,,,,,0,0,0,0,0,GEN-BE23
31892191,"2026-02-14 17:50:28","2026-02-14 17:50:28",40727B,"United Kingdom","United Kingdom",G-CJTZ,,,,,,"Airbus Helicopters",EC35,"Airbus Helicopters Juno HT.1",2007,,,,,,"Airbus Helicopters UK Ltd",,,2017,,,,0,,,,,,0,0,0,0,0,,,,,,0,0,0,0,0,GEN-EC35
31892072,"2026-02-14 17:49:02","2026-02-14 17:49:02",ADE875,"United States","United States",N9956W,,,,,,Piper,P28A,"Piper PA-28 140 Cherokee",28-23503,,,,,,Private,,,1967,,,,0,,,,,,0,0,0,0,0,,,,,,0,0,0,0,0,GEN-P28A
31891867,"2026-02-14 17:46:43","2026-02-14 17:46:43",43E8CA,"Isle of Man","Isle of Man",M-PREI,,,,,,"Raytheon Aircraft Company",PRM1,"Raytheon Aircraft Company Premier I",RB-60,,,,,,"Aquerelle Investments Ltd",,,2003,,,,0,,,,,,0,0,0,0,0,,,,,,0,0,0,0,0,GEN-PRM1
31891458,"2026-02-14 17:41:26","2026-02-14 17:41:26",A9A14F,"United States","United States",N72BC,,,,,,Dassault,F2TH,"Dassault Falcon 2000",187,,,,,,"EC Aviation LLC",,,2002,,,,0,,,,,,0,0,0,0,0,,,,,,0,0,0,0,0,GEN-F2TH
31890873,"2026-02-14 17:35:01","2026-02-14 17:35:01",402848,"United Kingdom","United Kingdom",G-BNCS,,,,,,Cessna,C180,"Cessna 180",30022,,,,,,Private,,,1953,,,,0,,,,,,0,0,0,0,0,,,,,,0,0,0,0,0,GEN-C180
31890446,"2026-02-14 17:30:22","2026-02-14 17:30:22",406041,"United Kingdom","United Kingdom",G-DDZV,,,,,,Scheibe,GLID,"Scheibe SF-27 A Zugvogel V",6065,,,,,,Private,,,,,,,0,,,,,,0,0,0,0,0,,,,,,0,0,0,0,0,GEN-GLID
31889773,"2026-02-14 17:23:09","2026-02-14 17:23:09",0A805E,Bahamas,Bahamas,C6-TIA,,,,,,Cessna,C402,"Cessna 402C",402C0436,,,,,,"Trans Island Airways",,,1981,,,,0,,,,,,0,0,0,0,0,,,,,,0,0,0,0,0,GEN-C402
31889239,"2026-02-14 17:17:00","2026-02-14 17:17:00",C00F17,Canada,Canada,C-FFSO,,,,,,Robinson,R44,"Robinson R44 Raven II",11971,,,,,,Private,,,2007,,,,0,,,,,,0,0,0,0,0,,,,,,0,0,0,0,0,GEN-R44
31889219,"2026-02-14 17:16:38","2026-02-14 17:16:38",AC1744,"United States","United States",N8786M,,,,,,Beech,BE23,"Beech Musketeer A23 II",M-571,,,,,,Private,,,,,,,0,,,,,,0,0,0,0,0,,,,,,0,0,0,0,0,GEN-BE23
31888089,"2026-02-14 17:04:02","2026-02-14 17:04:02",A7A1B6,"United States","United States",N591GB,,,,,,Bell,B407,"Bell 407 GX",54635,,,,,,"Bell Helicopter Textron Inc",,,2015,,,,0,,,,,,0,0,0,0,0,,,,,,0,0,0,0,0,GEN-B407
31887839,"2026-02-14 17:01:11","2026-02-14 17:01:11",43EA01,"Isle of Man","Isle of Man",M-MSGG,,,,,,Bombardier,CL60,"Bombardier Challenger 605",5936,,,,,,"Artoc Air Company",,,2013,,,,0,,,,,,0,0,0,0,0,,,,,,0,0,0,0,0,GEN-CL60
31887376,"2026-02-14 16:56:04","2026-02-14 16:56:04",A95950,"United States","United States",N701LS,,,,,,"Zénith",CH70,"Zénith Zenair STOL CH 701",7-1294,,,,,,Private,,,,,,,0,,,,,,0,0,0,0,0,,,,,,0,0,0,0,0,GEN-CH70
31886898,"2026-02-14 16:50:38","2026-02-14 16:50:38",400054,"Cayman Islands","Cayman Islands",VP-CAY,,,,,,Boeing,B733,"Boeing 737 3Q8",26286,,,,,,"Cayman Airways",,,1993,,,,0,,,,,,0,0,0,0,0,,,,,,0,0,0,0,0,CAY
31885987,"2026-02-14 16:40:12","2026-02-14 16:40:12",A439DF,"United States","United States",N3710E,,,,,,Aeronca,AR11,"Aeronca Chief 11AC",11AC-1859,,,,,,Private,,,1947,,,,0,,,,,,0,0,0,0,0,,,,,,0,0,0,0,0,GEN-AR11
31884866,"2026-02-14 16:27:16","2026-02-14 16:27:16",4070CB,"United Kingdom","United Kingdom",G-EZPS,,,,,,Airbus,A320,"Airbus A320 214SL",7410,,,,,,easyJet,,,2016,,,,0,,,,,,0,0,0,0,0,,,,,,0,0,0,0,0,EZY
31884723,"2026-02-14 16:25:54","2026-02-14 16:25:54",E0314B,Argentina,Argentina,LV-CEK,,,,,,Airbus,A343,"Airbus A340 312",94,,,,,,"Aerolíneas Argentinas",,,1995,,,,0,,,,,,0,0,0,0,0,,,,,,0,0,0,0,0,GEN-A343
31884587,"2026-02-14 16:24:21","2026-02-14 16:24:21",3D098B,Germany,Germany,D-EBWD,,,,,,SOCATA,RALL,"SOCATA Rallye MS.893E 180GT Gaillard",12682,,,,,,Private,,,,,,,0,,,,,,0,0,0,0,0,,,,,,0,0,0,0,0,GEN-RALL
31884017,"2026-02-14 16:18:12","2026-02-14 16:18:12",A66434,"United States","United States",N5103D,,,,,,Lockheed,C30J,"Lockheed LM-100J Hercules",5818,,,,,,"Lockheed Martin",,,2017,,,,0,,,,,,0,0,0,0,0,,,,,,0,0,0,0,0,GEN-C30J
31883319,"2026-02-14 16:10:39","2026-02-14 16:10:39",A16A27,"United States","United States",N190WH,,,,,,Bombardier,GLEX,"Bombardier Global Express",9091,,,,,,"DTI LLC",,,2001,,,,0,,,,,,0,0,0,0,0,,,,,,0,0,0,0,0,GEN-GLEX
31882438,"2026-02-14 16:00:58","2026-02-14 16:00:58",A5A0D2,"United States","United States",N4618R,,,,,,Cessna,C72R,"Cessna 172RG Cutlass RG",172RG0005,,,,,,Private,,,1979,,,,0,,,,,,0,0,0,0,0,,,,,,0,0,0,0,0,GEN-C72R
31882137,"2026-02-14 15:58:02","2026-02-14 15:58:02",A57478,"United States","United States",N4500D,,,,,,Cameron,BALL,"Cameron N-77 Hot Air Balloon",6335,,,,,,Private,,,2003,,,,0,,,,,,0,0,0,0,0,,,,,,0,0,0,0,0,GEN-BALL
31881098,"2026-02-14 15:45:40","2026-02-14 15:45:40",4A9909,Sweden,Sweden,SE-FHI,,,,,,Piper,P28A,"Piper PA-28 140 Cherokee C",28-26844,,,,,,Private,,,1970,,,,0,,,,,,0,0,0,0,0,,,,,,0,0,0,0,0,GEN-P28A
31880775,"2026-02-14 15:42:04","2026-02-14 15:42:04",4068DE,"United Kingdom","United Kingdom",G-ODDF,,,,,,"Issoire Aviation",PK20,"Issoire Aviation PIK-30 Siren",728,,,,,,Private,,,1990,,,,0,,,,,,0,0,0,0,0,,,,,,0,0,0,0,0,GEN-PK20
31880635,"2026-02-14 15:40:30","2026-02-14 15:40:30",A1F14C,"United States","United States",N224QS,,,,,,Dassault,F2TH,"Dassault Falcon 2000",124,,,,,,NetJets,,,2000,,,,0,,,,,,0,0,0,0,0,,,,,,0,0,0,0,0,EJA
31880009,"2026-02-14 15:33:32","2026-02-14 15:33:32",A8EA90,"United States","United States",N67397,,,,,,Cessna,C152,"Cessna 152",15281813,,,,,,Private,,,1978,,,,0,,,,,,0,0,0,0,0,,,,,,0,0,0,0,0,GEN-C152
31879790,"2026-02-14 15:31:20","2026-02-14 15:31:20",A1C012,"United States","United States",N2113Z,,,,,,Bell,B06,"Bell 206B Jet Ranger III",4067,,,,,,Private,,,1989,,,,0,,,,,,0,0,0,0,0,,,,,,0,0,0,0,0,GEN-B06
31879461,"2026-02-14 15:28:11","2026-02-14 15:28:11",A8FFF5,"United States","United States",N6793N,,,,,,Mooney,M20P,"Mooney M.20C Ranger",680097,,,,,,Private,,,1968,,,,0,,,,,,0,0,0,0,0,,,,,,0,0,0,0,0,GEN-M20P
31878993,"2026-02-14 15:23:21","2026-02-14 15:23:21",A80F8B,"United States","United States",N6185P,,,,,,Piper,PA24,"Piper PA-24 180 Comanche",24-1287,,,,,,Private,,,,,,,0,,,,,,0,0,0,0,0,,,,,,0,0,0,0,0,GEN-PA24
31878889,"2026-02-14 15:22:24","2026-02-14 15:22:24",A8B4E4,"United States","United States",N660GW,,,,,,Beech,BE9L,"Beech King Air C90",LJ-673,,,,,,"Jetnet LLC",,,,,,,0,,,,,,0,0,0,0,0,,,,,,0,0,0,0,0,GEN-BE9L
31878857,"2026-02-14 15:22:07","2026-02-14 15:22:07",4B42E6,Switzerland,Switzerland,HB-ZIS,,,,,,Eurocopter,AS50,"Eurocopter Squirrel AS.350 B3",4493,,,,,,"Air Glaciers",,,2008,,,,0,,,,,,0,0,0,0,0,,,,,,0,0,0,0,0,GEN-AS50
31877172,"2026-02-14 15:03:59","2026-02-14 15:03:59",A88928,"United States","United States",N6491C,,,,,,Piper,P28R,"Piper PA-28R 201 Arrow III",28R-7837166,,,,,,Private,,,,,,,0,,,,,,0,0,0,0,0,,,,,,0,0,0,0,0,GEN-P28R
31876556,"2026-02-14 14:58:15","2026-02-14 14:58:15",A219F4,"United States","United States",N23414,,,,,,Piper,PA38,"Piper PA-38 112 Tomahawk",38-81A0095,,,,,,Private,,,,,,,0,,,,,,0,0,0,0,0,,,,,,0,0,0,0,0,GEN-PA38
31876338,"2026-02-14 14:55:43","2026-02-14 14:55:43",A177E8,"United States","United States",N194K,,,,,,Dassault,FA50,"Dassault Falcon 50",194,,,,,,"Harron Entertainment Company LLC",,,1988,,,,0,,,,,,0,0,0,0,0,,,,,,0,0,0,0,0,GEN-FA50
31875506,"2026-02-14 14:45:59","2026-02-14 14:45:59",867556,Japan,Japan,JA706J,,,,,,Boeing,B772,"Boeing 777 246ER",33394,,,,,,"Japan Airlines",,,2003,,,,0,,,,,,0,0,0,0,0,,,,,,0,0,0,0,0,JAL
31874626,"2026-02-14 14:36:32","2026-02-14 14:36:32",A55C61,"United States","United States",N4444D,,,,,,Beech,BE35,"Beech Bonanza G35",D-4637,,,,,,Private,,,,,,,0,,,,,,0,0,0,0,0,,,,,,0,0,0,0,0,GEN-BE35
31874563,"2026-02-14 14:36:03","2026-02-14 14:36:03",3EE96B,Germany,Germany,D-2260,,,,,,Rolladen-Schneider,GLID,"Rolladen-Schneider LS4",4539,,,,,,Private,,,1986,,,,0,,,,,,0,0,0,0,0,,,,,,0,0,0,0,0,GEN-GLID
31874557,"2026-02-14 14:35:58","2026-02-14 14:35:58",00B068,"South Africa","South Africa",ZS-SHZ,,,,,,Cessna,C172,"Cessna 172Q Cutlass",17276444,,,,,,Private,,,1985,,,,0,,,,,,0,0,0,0,0,,,,,,0,0,0,0,0,GEN-C172
31873768,"2026-02-14 14:27:19","2026-02-14 14:27:19",A99F0F,"United States","United States",N719SC,,,,,,AgustaWestland,A119,"AgustaWestland AW.119 MkII",14829,,,,,,"Summit Air Ambulance LLC",,,,,,,0,,,,,,0,0,0,0,0,,,,,,0,0,0,0,0,GEN-A119
31873674,"2026-02-14 14:26:29","2026-02-14 14:26:29",79A021,China,China,B-2373,,,,,,Airbus,A320,"Airbus A320 233",919,,,,,,"Sichuan Airlines",,,1998,,,,0,,,,,,0,0,0,0,0,,,,,,0,0,0,0,0,CSC
31873196,"2026-02-14 14:21:43","2026-02-14 14:21:43",A89E8A,"United States","United States",N6544R,,,,,,Beech,BE23,"Beech Musketeer A23-B19 Sport 150",MB-681,,,,,,Private,,,,,,,0,,,,,,0,0,0,0,0,,,,,,0,0,0,0,0,GEN-BE23
31872150,"2026-02-14 14:09:21","2026-02-14 14:09:21",A662A2,"United States","United States",N510NG,,,,,,"The Airplane Factory",SLG4,"The Airplane Factory Sling 4",060K,,,,,,Private,,,,,,,0,,,,,,0,0,0,0,0,,,,,,0,0,0,0,0,GEN-SLG4
31871824,"2026-02-14 14:05:20","2026-02-14 14:05:20",704007,Myanmar,Myanmar,XY-AMQ,,,,,,"Avions de Transport Regional",AT76,"Avions de Transport Regional ATR 72 600",1540,,,,,,"Air KBZ",,,2018,,,,0,,,,,,0,0,0,0,0,,,,,,0,0,0,0,0,KBZ
31871378,"2026-02-14 14:00:09","2026-02-14 14:00:09",899173,Taiwan,Taiwan,B-28266,,,,,,"Avions de Transport Regional",AT76,"Avions de Transport Regional ATR 72 600",1450,,,,,,"Far Eastern Air Transport",,,2017,,,,0,,,,,,0,0,0,0,0,,,,,,0,0,0,0,0,FEA
31871347,"2026-02-14 13:59:51","2026-02-14 13:59:51",4B8DAB,Turkey,Turkey,TC-CMK,,,,,,Bombardier,CL60,"Bombardier Challenger 605",5767,,,,,,Setair,,,2008,,,,0,,,,,,0,0,0,0,0,,,,,,0,0,0,0,0,GEN-CL60
31870576,"2026-02-14 13:50:59","2026-02-14 13:50:59",402DBC,"United Kingdom","United Kingdom",G-BPLZ,,,,,,Hughes,H500,"Hughes 369 HS",91-0342S,,,,,,Private,,,1971,,,,0,,,,,,0,0,0,0,0,,,,,,0,0,0,0,0,GEN-H500
31870517,"2026-02-14 13:50:09","2026-02-14 13:50:09",A59828,"United States","United States",N46KE,,,,,,Aeronca,CH7A,"Aeronca Champion 7AC",7AC-5327,,,,,,Private,,,1946,,,,0,,,,,,0,0,0,0,0,,,,,,0,0,0,0,0,GEN-CH7A
31870251,"2026-02-14 13:47:09","2026-02-14 13:47:09",A4CDCC,"United States","United States",N4088C,,,,,,Schreder,GLID,"Schreder HP 14 T",88,,,,,,Private,,,,,,,0,,,,,,0,0,0,0,0,,,,,,0,0,0,0,0,GEN-GLID
31870102,"2026-02-14 13:45:32","2026-02-14 13:45:32",064159,Nigeria,Nigeria,5N-FND,,,,,,Airbus,A319,"Airbus A319 113",647,,,,,,"FirstNation Airways",,,1996,,,,0,,,,,,0,0,0,0,0,,,,,,0,0,0,0,0,FRN
31869651,"2026-02-14 13:40:28","2026-02-14 13:40:28",C04844,Canada,Canada,C-GBJN,,,,,,Eurocopter,EC30,"Eurocopter EC130 B4",4637,,,,,,"Peak Aviation Inc",,,2008,,,,0,,,,,,0,0,0,0,0,,,,,,0,0,0,0,0,GEN-EC30
31869389,"2026-02-14 13:37:13","2026-02-14 13:37:13",AA3905,"United States","United States",N758NZ,,,,,,Cessna,C172,"Cessna R172K Hawk XP",R1723241,,,,,,Private,,,1979,,,,0,,,,,,0,0,0,0,0,,,,,,0,0,0,0,0,GEN-C172
31869162,"2026-02-14 13:34:37","2026-02-14 13:34:37",AA16A8,"United States","United States",N7492S,,,,,,"Butler Aircraft Company",AEST,"Butler Aircraft Company Aerostar 601",61-0055-104,,,,,,Private,,,1970,,,,0,,,,,,0,0,0,0,0,,,,,,0,0,0,0,0,GEN-AEST
31867889,"2026-02-14 13:20:03","2026-02-14 13:20:03",A1A4D2,"United States","United States",N205CK,,,,,,Bell,UH1,"Bell 205A-1",30152,,,,,,"Summit Sales & Leasing Inc",,,,,,,0,,,,,,0,0,0,0,0,,,,,,0,0,0,0,0,GEN-UH1
31867057,"2026-02-14 13:10:34","2026-02-14 13:10:34",C01BC3,Canada,Canada,C-FKNI,,,,,,Bell,B407,"Bell 407 GX",54614,,,,,,"Bell Helicopter Textron Canada",,,2015,,,,0,,,,,,0,0,0,0,0,,,,,,0,0,0,0,0,GEN-B407
31866636,"2026-02-14 13:05:48","2026-02-14 13:05:48",4AE172,Sweden,Sweden,SE-XKR,,,,,,Druine,D31,"Druine Turbulent D.31",363,,,,,,Private,,,,,,,0,,,,,,0,0,0,0,0,,,,,,0,0,0,0,0,GEN-D31
31866599,"2026-02-14 13:05:31","2026-02-14 13:05:31",4241C8,"Cayman Islands","Cayman Islands",VP-CCH,,,,,,Airbus,A318,"Airbus ACJ318 112 Elite",4211,,,,,,"Jet Aviation Business Jets AG",,,,,,,0,,,,,,0,0,0,0,0,,,,,,0,0,0,0,0,PJS
31866568,"2026-02-14 13:05:10","2026-02-14 13:05:10",A27C0F,"United States","United States",N25952,,,,,,Cessna,C152,"Cessna 152",15280878,,,,,,Private,,,1977,,,,0,,,,,,0,0,0,0,0,,,,,,0,0,0,0,0,GEN-C152
31866314,"2026-02-14 13:02:20","2026-02-14 13:02:20",341253,Spain,Spain,EC-GOM,,,,,,"McDonnell Douglas",MD83,"McDonnell Douglas DC-9 83",49579,,,,,,"Andes Líneas Aereas",,,1988,,,,0,,,,,,0,0,0,0,0,,,,,,0,0,0,0,0,GEN-MD83
31866307,"2026-02-14 13:02:14","2026-02-14 13:02:14",A7F2AF,"United States","United States",N611CH,,,,,,Cessna,C421,"Cessna 421C Golden Eagle",421C0611,,,,,,Private,,,,,,,0,,,,,,0,0,0,0,0,,,,,,0,0,0,0,0,GEN-C421
31866287,"2026-02-14 13:02:04","2026-02-14 13:02:04",396003,France,France,F-GYAD,,,,,,Robinson,R44,"Robinson R44 Clipper II",11892,,,,,,Private,,,2007,,,,0,,,,,,0,0,0,0,0,,,,,,0,0,0,0,0,GEN-R44
31865824,"2026-02-14 12:56:58","2026-02-14 12:56:58",AC1BA7,"United States","United States",N88BT,,,,,,Cessna,C414,"Cessna 414",414-0451,,,,,,Private,,,1973,,,,0,,,,,,0,0,0,0,0,,,,,,0,0,0,0,0,GEN-C414
31865158,"2026-02-14 12:49:33","2026-02-14 12:49:33",401F79,"United Kingdom","United Kingdom",G-BIZE,,,,,,SOCATA,TAMP,"SOCATA TB9 Tampico",209,,,,,,Private,,,1981,,,,0,,,,,,0,0,0,0,0,,,,,,0,0,0,0,0,GEN-TAMP
31864998,"2026-02-14 12:47:41","2026-02-14 12:47:41",A21E14,"United States","United States",N23544,,,,,,Aeronca,AR65,"Aeronca Chief 65-C",C-4929,,,,,,Private,,,1939,,,,0,,,,,,0,0,0,0,0,,,,,,0,0,0,0,0,GEN-AR65
31864358,"2026-02-14 12:40:16","2026-02-14 12:40:16",AA9626,"United States","United States",N781VP,,,,,,Denney,FOX,"Denney Kitfox Srs.5 Outback",S9701-0203,,,,,,Private,,,2000,,,,0,,,,,,0,0,0,0,0,,,,,,0,0,0,0,0,GEN-FOX
31863886,"2026-02-14 12:35:04","2026-02-14 12:35:04",4404E1,Austria,Austria,OE-LEF,,,,,,Airbus,A320,"Airbus A320 214",4368,,,,,,"Bangkok Airways",,,2010,,,,0,,,,,,0,0,0,0,0,,,,,,0,0,0,0,0,BKP
31863540,"2026-02-14 12:31:35","2026-02-14 12:31:35",406461,"United Kingdom","United Kingdom",G-DLAL,,,,,,Beech,BE9L,"Beech King Air E90",LW-187,,,,,,"Penylan Ltd",,,1976,,,,0,,,,,,0,0,0,0,0,,,,,,0,0,0,0,0,GEN-BE9L
31862532,"2026-02-14 12:21:07","2026-02-14 12:21:07",750116,Malaysia,Malaysia,9M-HML,,,,,,Diamond,DA40,"Diamond DA-40D Diamond Star",D4.175,,,,,,"HM Aerospace",,,,,,,0,,,,,,0,0,0,0,0,,,,,,0,0,0,0,0,GEN-DA40
31861944,"2026-02-14 12:15:21","2026-02-14 12:15:21",A5524F,"United States","United States",N442CT,,,,,,"Columbia Aircraft",COL4,"Columbia Aircraft 400 LC41-550FG",41729,,,,,,Private,,,2007,,,,0,,,,,,0,0,0,0,0,,,,,,0,0,0,0,0,GEN-COL4
31861916,"2026-02-14 12:15:15","2026-02-14 12:15:15",4AB212,Sweden,Sweden,SE-LPR,,,,,,"British Aerospace",ATP,"British Aerospace ATP",2057,,,,,,"West Atlantic",,,1992,,,,0,,,,,,0,0,0,0,0,,,,,,0,0,0,0,0,SWN
31861269,"2026-02-14 12:08:29","2026-02-14 12:08:29",3A1AF4,"French Overseas","French Overseas",F-OGXU,,,,,,Hughes,H269,"Hughes 269 C",118-0734,,,,,,Private,,,1978,,,,0,,,,,,0,0,0,0,0,,,,,,0,0,0,0,0,GEN-H269
31859509,"2026-02-14 11:49:25","2026-02-14 11:49:25",A06E85,"United States","United States",N127JK,,,,,,American,GLID,"American Spirit",4,,,,,,Private,,,,,,,0,,,,,,0,0,0,0,0,,,,,,0,0,0,0,0,GEN-GLID
31859510,"2026-02-14 11:49:25","2026-02-14 11:49:25",3FA456,Germany,Germany,72+86,,,,,,Dornier,UH1,"Dornier UH-1D Iroquois",8406,,,,,,"German Army",,,,,,,0,,,,,,1,0,0,0,0,,,,,,0,0,0,0,0,
31857912,"2026-02-14 11:32:52","2026-02-14 11:32:52",A02F14,"United States","United States",N11037,,,,,,Champion,CH7A,"Champion Citabria 7ECA",22,,,,,,Private,,,1964,,,,0,,,,,,0,0,0,0,0,,,,,,0,0,0,0,0,GEN-CH7A
31857825,"2026-02-14 11:31:50","2026-02-14 11:31:50",A76167,"United States","United States",N575EG,,,,,,Swearingen,SW4,"Swearingen Metro III",AC-575,,,,,,"Vent Airlines",,,1983,,,,0,,,,,,0,0,0,0,0,,,,,,0,0,0,0,0,GEN-SW4
31857697,"2026-02-14 11:30:23","2026-02-14 11:30:23",A065EA,"United States","United States",N1247Q,,,,,,Cessna,C150,"Cessna 150L",15072547,,,,,,Private,,,,,,,0,,,,,,0,0,0,0,0,,,,,,0,0,0,0,0,GEN-C150
31857646,"2026-02-14 11:29:49","2026-02-14 11:29:49",A39137,"United States","United States",N329RA,,,,,,SOCATA,RALL,"SOCATA Rallye 150ST",3069,,,,,,Private,,,1978,,,,0,,,,,,0,0,0,0,0,,,,,,0,0,0,0,0,GEN-RALL
31857235,"2026-02-14 11:25:23","2026-02-14 11:25:23",AD65F2,"United States","United States",N9620F,,,,,,Hughes,H269,"Hughes 269 C",70-0020,,,,,,Private,,,1970,,,,0,,,,,,0,0,0,0,0,,,,,,0,0,0,0,0,GEN-H269
31856436,"2026-02-14 11:16:29","2026-02-14 11:16:29",A3339E,"United States","United States",N305TR,,,,,,Cessna,O1,"Cessna O-1 Bird Dog",24501,,,,,,Private,,,,,,,0,,,,,,0,0,0,0,0,,,,,,0,0,0,0,0,GEN-O1
31856258,"2026-02-14 11:14:49","2026-02-14 11:14:49",4039D8,"United Kingdom","United Kingdom",G-MXPH,,,,,,"British Aircraft Corporation",STRK,"British Aircraft Corporation Strikemaster Mk.84",EEP/JP/1931,,,,,,Private,,,,,,,0,,,,,,0,0,0,0,0,,,,,,0,0,0,0,0,GEN-STRK
31855153,"2026-02-14 11:03:17","2026-02-14 11:03:17",5113A3,Estonia,Estonia,"",,,,,,"",-TWR,Tower,,,,,,,"Estonian Air Navigation Services",,,,,,,0,,,,,,0,0,0,0,0,,,,,,0,0,0,0,0,GEN--TWR
31854097,"2026-02-14 10:52:00","2026-02-14 10:52:00",ACBA3D,"United States","United States",N919XX,,,,,,"Airborne Windsports",ULAC,"Airborne Windsports Edge XT912-L",XT912-0284,,,,,,Private,,,,,,,0,,,,,,0,0,0,0,0,,,,,,0,0,0,0,0,GEN-ULAC
31853432,"2026-02-14 10:45:10","2026-02-14 10:45:10",A7683D,"United States","United States",N57681,,,,,,Taylorcraft,TAYD,"Taylorcraft DC-65 Tandem Trainer",4231,,,,,,Private,,,1942,,,,0,,,,,,0,0,0,0,0,,,,,,0,0,0,0,0,GEN-TAYD
31853011,"2026-02-14 10:40:31","2026-02-14 10:40:31",A029CA,"United States","United States",N1099V,,,,,,"Aero Commander",AC68,"Aero Commander Twin Commander 680 Super",680-348-39,,,,,,Private,,,,,,,0,,,,,,0,0,0,0,0,,,,,,0,0,0,0,0,GEN-AC68
31852646,"2026-02-14 10:36:36","2026-02-14 10:36:36",A857AD,"United States","United States",N6369V,,,,,,Alon,ERCO,"Alon Aircoupe A-2",A-45,,,,,,Private,,,1965,,,,0,,,,,,0,0,0,0,0,,,,,,0,0,0,0,0,GEN-ERCO
31852625,"2026-02-14 10:36:19","2026-02-14 10:36:19",A385E5,"United States","United States",N326PF,,,,,,Mil,MI2,"Mil Mi-2",514422095,,,,,,Private,,,,,,,0,,,,,,0,0,0,0,0,,,,,,0,0,0,0,0,GEN-MI2
31852034,"2026-02-14 10:29:50","2026-02-14 10:29:50",AD8AFC,"United States","United States",N9719N,,,,,,Partenavia,P68,"Partenavia P.68C TC",375-45-TC,,,,,,Private,,,,,,,0,,,,,,0,0,0,0,0,,,,,,0,0,0,0,0,GEN-P68
31850749,"2026-02-14 10:16:59","2026-02-14 10:16:59",3D0DF8,Germany,Germany,D-EDNS,,,,,,Mooney,M20P,"Mooney M.20E Chaparral 201",700041,,,,,,Private,,,1970,,,,0,,,,,,0,0,0,0,0,,,,,,0,0,0,0,0,GEN-M20P
31850167,"2026-02-14 10:10:41","2026-02-14 10:10:41",449BDF,Belgium,Belgium,OO-F35,,,,,,"B & F Funk",FK9,"B & F Funk FK-9 Mk.IV",09-04-301,,,,,,Private,,,,,,,0,,,,,,0,0,0,0,0,,,,,,0,0,0,0,0,GEN-FK9
31849493,"2026-02-14 10:02:56","2026-02-14 10:02:56",4B02A9,Switzerland,Switzerland,HB-BAF,,,,,,"Raven Industries",BALL,"Raven Industries RX.6 Hot Air Balloon",RX6-275,,,,,,Private,,,1978,,,,0,,,,,,0,0,0,0,0,,,,,,0,0,0,0,0,GEN-BALL
31848647,"2026-02-14 09:53:51","2026-02-14 09:53:51",44BA65,Belgium,Belgium,OO-NSE,,,,,,"Airbus Helicopters",EC75,"Airbus Helicopters EC175 B (H175)",5007,,,,,,"Noordzee Helikopters Vlaanderen",,,,,,,0,,,,,,0,0,0,0,0,,,,,,0,0,0,0,0,NHX
31848380,"2026-02-14 09:50:38","2026-02-14 09:50:38",A3F66B,"United States","United States",N3543A,,,,,,Piper,PA31,"Piper PA-31 350 Navajo Chieftain",31-7952242,,,,,,Private,,,1979,,,,0,,,,,,0,0,0,0,0,,,,,,0,0,0,0,0,GEN-PA31
31845947,"2026-02-14 09:23:26","2026-02-14 09:23:26",3DD688,Germany,Germany,D-HBMM,,,,,,Schweizer,H269,"Schweizer 269 C-1",0283,,,,,,Private,,,2007,,,,0,,,,,,0,0,0,0,0,,,,,,0,0,0,0,0,GEN-H269
31845679,"2026-02-14 09:20:21","2026-02-14 09:20:21",AD8E92,"United States","United States",N9728Q,,,,,,Beech,BE24,"Beech Sierra A24R Super R",MC-80,,,,,,Private,,,,,,,0,,,,,,0,0,0,0,0,,,,,,0,0,0,0,0,GEN-BE24
31845060,"2026-02-14 09:13:13","2026-02-14 09:13:13",868039,Japan,Japan,JA737P,,,,,,Boeing,B738,"Boeing 737NG 8HX",29681,,,,,,"Skymark Airlines",,,2008,,,,0,,,,,,0,0,0,0,0,,,,,,0,0,0,0,0,SKY
31844139,"2026-02-14 09:02:51","2026-02-14 09:02:51",A34EFC,"United States","United States",N312HP,,,,,,Bell,B06,"Bell OH-58A Kiowa",40050,,,,,,Private,,,1968,,,,0,,,,,,0,0,0,0,0,,,,,,0,0,0,0,0,GEN-B06
31843692,"2026-02-14 08:57:36","2026-02-14 08:57:36",733474,Iran,Iran,EP-MCT,,,,,,Tupolev,T154,"Tupolev Tu-154 M",90A860,,,,,,"Iran Air Tours",,,,,,,0,,,,,,0,0,0,0,0,,,,,,0,0,0,0,0,GEN-T154
31843286,"2026-02-14 08:53:13","2026-02-14 08:53:13",C08E06,Canada,Canada,C-IBUJ,,,,,,Birdman,ULAC,"Birdman Chinook WT-11",1547,,,,,,Private,,,,,,,0,,,,,,0,0,0,0,0,,,,,,0,0,0,0,0,GEN-ULAC
31843227,"2026-02-14 08:52:35","2026-02-14 08:52:35",ABFD22,"United States","United States",N8715P,,,,,,Piper,PA24,"Piper PA-24 260 Comanche",24-4163,,,,,,Private,,,,,,,0,,,,,,0,0,0,0,0,,,,,,0,0,0,0,0,GEN-PA24
31842883,"2026-02-14 08:48:50","2026-02-14 08:48:50",8A01DB,Indonesia,Indonesia,PK-GPK,,,,,,Airbus,A332,"Airbus A330 243",1028,,,,,,"Garuda Indonesia",,,2009,,,,0,,,,,,0,0,0,0,0,,,,,,0,0,0,0,0,GIA
31840909,"2026-02-14 08:27:05","2026-02-14 08:27:05",AC7738,"United States","United States",N902GH,,,,,,"Quad City",ULAC,"Quad City Challenger II",CH2-0990W0560,,,,,,Private,,,,,,,0,,,,,,0,0,0,0,0,,,,,,0,0,0,0,0,GEN-ULAC
11102,"2021-11-08 16:26:52","2026-02-14 08:09:26",C87EE8,"New Zealand","New Zealand","",,,,"",,"",ZZZZ,"","",,,,,,"",,,,,,"",0,,,,,,0,0,0,0,0,Missing,,,"","",0,0,0,0,0,GEN-ZZZZ
766556,"2023-10-30 20:59:55","2026-02-14 08:09:26",43BF96,"United Kingdom","United Kingdom","",,,,"",,"",ZANT,"","",,,,,,"",,,,,,"",0,,,,,,0,0,0,0,0,Missing,,,"","",0,0,0,0,0,ZANT
31838840,"2026-02-14 08:03:31","2026-02-14 08:03:31",A44B92,"United States","United States",N376RF,,,,,,"K & S",ZZZZ,"K & S Youngster V","B-00 34V",,,,,,Private,,,,,,,0,,,,,,0,0,0,0,0,,,,,,0,0,0,0,0,GEN-ZZZZ
31838374,"2026-02-14 07:58:08","2026-02-14 07:58:08",7C7A3A,Australia,Australia,VH-YFG,,,,,,Boeing,B738,"Boeing 737NG 8FE/W",40999,,,,,,"Virgin Australia",,,2011,,,,0,,,,,,0,0,0,0,0,,,,,,0,0,0,0,0,VOZ
31838128,"2026-02-14 07:55:15","2026-02-14 07:55:15",A965AB,"United States","United States",N704ZB,,,,,,Cessna,C150,"Cessna 150M",15078993,,,,,,Private,,,1976,,,,0,,,,,,0,0,0,0,0,,,,,,0,0,0,0,0,GEN-C150
31837543,"2026-02-14 07:48:36","2026-02-14 07:48:36",A65E95,"United States","United States",N5096M,,,,,,Taylorcraft,TAYB,"Taylorcraft BC-12D",10396,,,,,,Private,,,1946,,,,0,,,,,,0,0,0,0,0,,,,,,0,0,0,0,0,GEN-TAYB
31837502,"2026-02-14 07:48:01","2026-02-14 07:48:01",A06524,"United States","United States",N12412,,,,,,Bell-K-Copter,B47G,"Bell-K-Copter 47G-2",1487,,,,,,Private,,,1956,,,,0,,,,,,0,0,0,0,0,,,,,,0,0,0,0,0,GEN-B47G
31837482,"2026-02-14 07:47:51","2026-02-14 07:47:51",3986EF,France,France,F-HBXP,,,,,,Embraer,E170,"Embraer EMB-170 LR",17000036,,,,,,Hop!,,,,,,,0,,,,,,0,0,0,0,0,,,,,,0,0,0,0,0,HOP
31836239,"2026-02-14 07:33:26","2026-02-14 07:33:26",3420D1,Spain,Spain,EC-MJY,,,,,,Bombardier,CRJ2,"Bombardier CRJ 200ER",7915,,,,,,"Air Nostrum",,,,,,,0,,,,,,0,0,0,0,0,,,,,,0,0,0,0,0,ANE
31836066,"2026-02-14 07:31:30","2026-02-14 07:31:30",A01F31,"United States","United States",N107EZ,,,,,,"Cirrus Design",SR22,"Cirrus Design SR22",2031,,,,,,Private,,,2006,,,,0,,,,,,0,0,0,0,0,,,,,,0,0,0,0,0,GEN-SR22
31835812,"2026-02-14 07:28:16","2026-02-14 07:28:16",A4FE7A,"United States","United States",N42031,,,,,,Piper,J3,"Piper J-3 C-65 Cub",9083,,,,,,Private,,,1942,,,,0,,,,,,0,0,0,0,0,,,,,,0,0,0,0,0,GEN-J3
31835560,"2026-02-14 07:25:19","2026-02-14 07:25:19",882060,Thailand,Thailand,HS-LSK,,,,,,Boeing,B39M,"Boeing 737MAX 9",42989,,,,,,"Lion Air",,,2017,,,,0,,,,,,0,0,0,0,0,,,,,,0,0,0,0,0,LNI
31835510,"2026-02-14 07:24:45","2026-02-14 07:24:45",C04252,Canada,Canada,C-FZCZ,,,,,,"Progressive Aerodyne",SREY,"Progressive Aerodyne SeaRey",1DK-111,,,,,,Private,,,,,,,0,,,,,,0,0,0,0,0,,,,,,0,0,0,0,0,GEN-SREY
31835474,"2026-02-14 07:24:18","2026-02-14 07:24:18",3D282E,Germany,Germany,D-ENLU,,,,,,Reims/Cessna,C150,"Reims/Cessna F150H",0220,,,,,,Private,,,,,,,0,,,,,,0,0,0,0,0,,,,,,0,0,0,0,0,GEN-C150
31835383,"2026-02-14 07:23:22","2026-02-14 07:23:22",406FB0,"United Kingdom","United Kingdom",G-CIZI,,,,,,Piper,P32T,"Piper PA-32R T-300 Lance II",32R-7985100,,,,,,Private,,,1979,,,,0,,,,,,0,0,0,0,0,,,,,,0,0,0,0,0,GEN-P32T
31835329,"2026-02-14 07:22:42","2026-02-14 07:22:42",A2066F,"United States","United States",N23CX,,,,,,"Amateur Built",ULAC,"Amateur Built Thatcher CX4",23,,,,,,Private,,,,,,,0,,,,,,0,0,0,0,0,,,,,,0,0,0,0,0,GEN-ULAC
31835146,"2026-02-14 07:20:34","2026-02-14 07:20:34",4BE722,Turkey,Turkey,TC-YYB,,,,,,Piper,PA18,"Piper PA-18 L-18C Super Cub",18-449,,,,,,Private,,,1950,,,,0,,,,,,0,0,0,0,0,,,,,,0,0,0,0,0,GEN-PA18
31834485,"2026-02-14 07:12:42","2026-02-14 07:12:42",3EFF9D,Germany,Germany,D-7942,,,,,,LET,GLID,"LET L-23 Super Blanik",917810,,,,,,Private,,,1991,,,,0,,,,,,0,0,0,0,0,,,,,,0,0,0,0,0,GEN-GLID
31834216,"2026-02-14 07:09:33","2026-02-14 07:09:33",154EE0,Russia,Russia,RA-85728,,,,,,Tupolev,T154,"Tupolev Tu-154 M",92A910,,,,,,Alrosa,,,,,,,0,,,,,,0,0,0,0,0,,,,,,0,0,0,0,0,GEN-T154
31833735,"2026-02-14 07:03:43","2026-02-14 07:03:43",3FA453,Germany,Germany,72+83,,,,,,Dornier,UH1,"Dornier UH-1D Iroquois",8403,,,,,,"German Army",,,,,,,0,,,,,,1,0,0,0,0,,,,,,0,0,0,0,0,
31832470,"2026-02-14 06:48:52","2026-02-14 06:48:52",A64BF5,"United States","United States",N50459,,,,,,"Raven Aerostar",BALL,"Raven Aerostar S-55A Hot Air Balloon",S55A-609,,,,,,Private,,,,,,,0,,,,,,0,0,0,0,0,,,,,,0,0,0,0,0,GEN-BALL
31831942,"2026-02-14 06:42:51","2026-02-14 06:42:51",A09FEB,"United States","United States",N13968,,,,,,Embraer,E145,"Embraer ERJ-145 LR",145138,,,,,,"United Express",,,,,,,0,,,,,,0,0,0,0,0,,,,,,0,0,0,0,0,ASQ
31831261,"2026-02-14 06:35:11","2026-02-14 06:35:11",43BE98,Bermuda,Bermuda,VP-BMV,,,,,,Airbus,BCS3,"Airbus A220 300",55066,,,,,,"Bombardier Inc",,,2019,,,,0,,,,,,0,0,0,0,0,,,,,,0,0,0,0,0,GEN-BCS3
31830675,"2026-02-14 06:28:32","2026-02-14 06:28:32",3FA4A4,Germany,Germany,73+64,,,,,,Dornier,UH1,"Dornier UH-1D Iroquois",8484,,,,,,"German Army",,,,,,,0,,,,,,1,0,0,0,0,,,,,,0,0,0,0,0,
31830348,"2026-02-14 06:24:32","2026-02-14 06:24:32",A55931,"United States","United States",N44379,,,,,,Taylorcraft,TAYB,"Taylorcraft BF",10179,,,,,,Private,,,1946,,,,0,,,,,,0,0,0,0,0,,,,,,0,0,0,0,0,GEN-TAYB
31830242,"2026-02-14 06:23:21","2026-02-14 06:23:21",A9A19A,"United States","United States",N72EC,,,,,,Bowers,FB1A,"Bowers Fly Baby 1A",72-50,,,,,,Private,,,,,,,0,,,,,,0,0,0,0,0,,,,,,0,0,0,0,0,GEN-FB1A
31829595,"2026-02-14 06:15:44","2026-02-14 06:15:44",A0359E,"United States","United States",N112WJ,,,,,,"Gulfstream Aerospace",GLF4,"Gulfstream Aerospace GIV",1112,,,,,,"MSP Recovery Aviation LLC",,,1989,,,,0,,,,,,0,0,0,0,0,,,,,,0,0,0,0,0,GEN-GLF4
31828935,"2026-02-14 06:07:44","2026-02-14 06:07:44",4619A9,Finland,Finland,OH-JSR,,,,,,Cessna,C172,"Cessna 172R Skyhawk",17281239,,,,,,Private,,,2005,,,,0,,,,,,0,0,0,0,0,,,,,,0,0,0,0,0,GEN-C172
31828863,"2026-02-14 06:06:53","2026-02-14 06:06:53",C034EE,Canada,Canada,C-FUBD,,,,,,Piper,P28A,"Piper PA-28 180 Cherokee C",28-2974,,,,,,Private,,,1965,,,,0,,,,,,0,0,0,0,0,,,,,,0,0,0,0,0,GEN-P28A
31828233,"2026-02-14 05:58:57","2026-02-14 05:58:57",AD8C4F,"United States","United States",N972NR,,,,,,Rockwell,SBR2,"Rockwell Sabreliner 75 A",380-65,,,,,,"Compass Acquisitions & Development Inc",,,,,,,0,,,,,,0,0,0,0,0,,,,,,0,0,0,0,0,GEN-SBR2
31827164,"2026-02-14 05:45:44","2026-02-14 05:45:44",800BB2,India,India,VT-CMA,,,,,,"Avions de Transport Regional",AT75,"Avions de Transport Regional ATR 72 500",767,,,,,,"Air Carnival",,,2007,,,,0,,,,,,0,0,0,0,0,,,,,,0,0,0,0,0,ACV
31826968,"2026-02-14 05:43:15","2026-02-14 05:43:15",A2BCD7,"United States","United States",N276AS,,,,,,LET,GLID,"LET L-13 Blanik",026758,,,,,,Private,,,1976,,,,0,,,,,,0,0,0,0,0,,,,,,0,0,0,0,0,GEN-GLID
31825817,"2026-02-14 05:29:33","2026-02-14 05:29:33",A99D64,"United States","United States",N7189M,,,,,,Robinson,R44,"Robinson R44 Raven",0597,,,,,,Private,,,,,,,0,,,,,,0,0,0,0,0,,,,,,0,0,0,0,0,GEN-R44
31825799,"2026-02-14 05:29:23","2026-02-14 05:29:23",AE0CDA,"United States","United States",79-23330,,,,,,Sikorsky,H60,"Sikorsky UH-60A+ Blackhawk",70147,,,,,,"United States Army",,,,,,,0,,,,,,1,0,0,0,0,,,,,,0,0,0,0,0,
31825765,"2026-02-14 05:29:01","2026-02-14 05:29:01",4020A9,"United Kingdom","United Kingdom",G-PAZY,,,,,,Pazmany,PL4,"Pazmany PL-4 A","PFA 017-10378",,,,,,Private,,,1986,,,,0,,,,,,0,0,0,0,0,,,,,,0,0,0,0,0,GEN-PL4
31824747,"2026-02-14 05:16:11","2026-02-14 05:16:11",AB1EF6,"United States","United States",N8155,,,,,,Fairchild,FA24,"Fairchild F.24 W-46",W46-251,,,,,,Private,,,,,,,0,,,,,,0,0,0,0,0,,,,,,0,0,0,0,0,GEN-FA24
31824468,"2026-02-14 05:12:46","2026-02-14 05:12:46",A9EAD5,"United States","United States",N738XE,,,,,,Cessna,C172,"Cessna 172N Skyhawk",17270311,,,,,,Private,,,1978,,,,0,,,,,,0,0,0,0,0,,,,,,0,0,0,0,0,GEN-C172
31824455,"2026-02-14 05:12:35","2026-02-14 05:12:35",4B86A2,Turkey,Turkey,TC-AUB,,,,,,Antonov,AN2,"Antonov An-2 T",1G234-11,,,,,,"Anadolu Universitesi Sivil Havaciuk",,,,,,,0,,,,,,0,0,0,0,0,,,,,,0,0,0,0,0,GEN-AN2
31821847,"2026-02-14 04:36:45","2026-02-14 04:36:45",ADFDB1,"United States","United States",91-00108,,,,,,"Gulfstream Aerospace",GLF4,"Gulfstream Aerospace C-20F",1162,,,,,,"United States Army",,,1991,,,,0,,,,,,1,0,0,0,0,,,,,,0,0,0,0,0,PAT
31821192,"2026-02-14 04:27:53","2026-02-14 04:27:53",390E0D,France,France,F-GDQN,,,,,,"Sud Aviation",ALO2,"Sud Aviation Alouette Astazou SA.318 C",2059,,,,,,Private,,,,,,,0,,,,,,0,0,0,0,0,,,,,,0,0,0,0,0,GEN-ALO2
31820989,"2026-02-14 04:25:11","2026-02-14 04:25:11",A0612C,"United States","United States",N123ZX,,,,,,"Advanced Aviation",BUCA,"Advanced Aviation Buccaneer",B066-A279-447,,,,,,Private,,,,,,,0,,,,,,0,0,0,0,0,,,,,,0,0,0,0,0,GEN-BUCA
31820505,"2026-02-14 04:18:41","2026-02-14 04:18:41",400192,Bermuda,Bermuda,VP-BNR,,,,,,"Gulfstream Aerospace",GLF5,"Gulfstream Aerospace G550",5033,,,,,,"Rashid Engineering",,,2004,,,,0,,,,,,0,0,0,0,0,,,,,,0,0,0,0,0,GEN-GLF5
31820410,"2026-02-14 04:17:24","2026-02-14 04:17:24",ACC154,"United States","United States",N9206,,,,,,Curtiss,ZZZZ,"Curtiss Robin",276,,,,,,Private,,,1929,,,,0,,,,,,0,0,0,0,0,,,,,,0,0,0,0,0,GEN-ZZZZ
31820369,"2026-02-14 04:16:55","2026-02-14 04:16:55",A6A264,"United States","United States",N5266B,,,,,,Mooney,M20P,"Mooney M.20 Mark 20",1162,,,,,,Private,,,1957,,,,0,,,,,,0,0,0,0,0,,,,,,0,0,0,0,0,GEN-M20P
31819775,"2026-02-14 04:08:51","2026-02-14 04:08:51",15339A,Russia,Russia,RA-78750,,,,,,Ilyushin,IL76,"Ilyushin IL-76 MD",0083483510,,,,,,"Russian Air Force",,,,,,,0,,,,,,1,0,0,0,0,,,,,,0,0,0,0,0,
31819203,"2026-02-14 04:00:52","2026-02-14 04:00:52",ACDA21,"United States","United States",N927WB,,,,,,Cessna,P337,"Cessna T337G Pressurized Skymaster",P3370249,,,,,,Private,,,1976,,,,0,,,,,,0,0,0,0,0,,,,,,0,0,0,0,0,GEN-P337
31819025,"2026-02-14 03:58:24","2026-02-14 03:58:24",A33715,"United States","United States",N306RB,,,,,,Stoddard-Hamilton,GLAS,"Stoddard-Hamilton Glasair Super II-RG",2139,,,,,,Private,,,2006,,,,0,,,,,,0,0,0,0,0,,,,,,0,0,0,0,0,GEN-GLAS
31818894,"2026-02-14 03:56:47","2026-02-14 03:56:47",A38797,"United States","United States",N32640,,,,,,Piper,P28R,"Piper PA-28R 200 Cherokee Arrow II",28R-7535074,,,,,,Private,,,,,,,0,,,,,,0,0,0,0,0,,,,,,0,0,0,0,0,GEN-P28R
31818601,"2026-02-14 03:52:42","2026-02-14 03:52:42",A3655B,"United States","United States",N318JK,,,,,,"TL Ultralight",TL20,"TL Ultralight TL-2000 Sting S4",11ST368,,,,,,Private,,,,,,,0,,,,,,0,0,0,0,0,,,,,,0,0,0,0,0,GEN-TL20
31817965,"2026-02-14 03:44:13","2026-02-14 03:44:13",C0698E,Canada,Canada,C-GNZH,,,,,,Sikorsky,S92,"Sikorsky S-92 A",920096,,,,,,"Canadian Helicopters Ltd",,,2008,,,,0,,,,,,0,0,0,0,0,,,,,,0,0,0,0,0,GEN-S92
31816266,"2026-02-14 03:21:31","2026-02-14 03:21:31",A8E869,"United States","United States",N673RW,,,,,,"Raytheon Aircraft Company",H25B,"Raytheon Aircraft Company 125 800XP",258331,,,,,,"Meisner Aircraft Inc",,,,,,,0,,,,,,0,0,0,0,0,,,,,,0,0,0,0,0,GEN-H25B
31816078,"2026-02-14 03:18:49","2026-02-14 03:18:49",ADB1AC,"United States","United States",N9813R,,,,,,Beech,BE35,"Beech Bonanza M35",D-6324,,,,,,Private,,,1960,,,,0,,,,,,0,0,0,0,0,,,,,,0,0,0,0,0,GEN-BE35
31815833,"2026-02-14 03:15:36","2026-02-14 03:15:36",7502CC,Malaysia,Malaysia,9M-XXJ,,,,,,Airbus,A333,"Airbus A330 343E",1423,,,,,,"AirAsia X",,,2013,,,,0,,,,,,0,0,0,0,0,,,,,,0,0,0,0,0,XAX
31815355,"2026-02-14 03:09:39","2026-02-14 03:09:39",A7B47B,"United States","United States",N596JB,,,,,,Vans,RV6,"Vans RV-6",24723,,,,,,Private,,,2000,,,,0,,,,,,0,0,0,0,0,,,,,,0,0,0,0,0,GEN-RV6
31814328,"2026-02-14 02:56:01","2026-02-14 02:56:01",A7CB83,"United States","United States",N601FR,,,,,,Bombardier,CL60,"Bombardier Challenger 601 3A",5003,,,,,,"Furniture Row Leasing LLC",,,1987,,,,0,,,,,,0,0,0,0,0,,,,,,0,0,0,0,0,GEN-CL60
31814054,"2026-02-14 02:52:05","2026-02-14 02:52:05",AA730D,"United States","United States",N77214,,,,,,Briegleb,GLID,"Briegleb BG-12 BD",187,,,,,,Private,,,1972,,,,0,,,,,,0,0,0,0,0,,,,,,0,0,0,0,0,GEN-GLID
31813633,"2026-02-14 02:46:31","2026-02-14 02:46:31",A254CA,"United States","United States",N2497Q,,,,,,"American Aerolights",ULAC,"American Aerolights Falcon",F8155D,,,,,,Private,,,,,,,0,,,,,,0,0,0,0,0,,,,,,0,0,0,0,0,GEN-ULAC
31813433,"2026-02-14 02:43:56","2026-02-14 02:43:56",A37CE8,"United States","United States",N3238C,,,,,,Beech,BE35,"Beech Bonanza E35",D-3903,,,,,,Private,,,,,,,0,,,,,,0,0,0,0,0,,,,,,0,0,0,0,0,GEN-BE35
31813060,"2026-02-14 02:39:11","2026-02-14 02:39:11",A32674,"United States","United States",N30175,,,,,,"Weaver Aircraft Company",WACF,"Weaver Aircraft Company Waco UPF-7",5606,,,,,,Private,,,1941,,,,0,,,,,,0,0,0,0,0,,,,,,0,0,0,0,0,GEN-WACF
31810420,"2026-02-14 02:03:07","2026-02-14 02:03:07",A1AD97,"United States","United States",N207SC,,,,,,Stoddard-Hamilton,GLAS,"Stoddard-Hamilton Glasair II",207,,,,,,Private,,,1985,,,,0,,,,,,0,0,0,0,0,,,,,,0,0,0,0,0,GEN-GLAS
31809466,"2026-02-14 01:50:21","2026-02-14 01:50:21",AB98D1,"United States","United States",N8462R,,,,,,Piper,P28A,"Piper PA-28 140 Cherokee",28-22365,,,,,,Private,,,1966,,,,0,,,,,,0,0,0,0,0,,,,,,0,0,0,0,0,GEN-P28A
31808866,"2026-02-14 01:42:24","2026-02-14 01:42:24",A4AFA1,"United States","United States",N40043,,,,,,Bombardier,LJ75,"Bombardier Learjet 75",45-581,,,,,,"Learjet Inc",,,2019,,,,0,,,,,,0,0,0,0,0,,,,,,0,0,0,0,0,GEN-LJ75
31808512,"2026-02-14 01:37:19","2026-02-14 01:37:19",A51563,"United States","United States",N4268K,,,,,,"Raven Industries",BALL,"Raven Industries S-60A Hot Air Balloon",S60A-295,,,,,,Private,,,1984,,,,0,,,,,,0,0,0,0,0,,,,,,0,0,0,0,0,GEN-BALL
31808315,"2026-02-14 01:34:41","2026-02-14 01:34:41",A337A7,"United States","United States",N306WY,,,,,,Aviat,HUSK,"Aviat Husky A-1C-180",3306,,,,,,Private,,,2018,,,,0,,,,,,0,0,0,0,0,,,,,,0,0,0,0,0,GEN-HUSK
31808252,"2026-02-14 01:33:48","2026-02-14 01:33:48",05C05F,Mali,Mali,TZ-BSA,,,,,,"British Aircraft Corp",BA11,"British Aircraft Corp One-Eleven 492GM",260,,,,,,"Tombouctou Aviation",,,1984,,,,0,,,,,,0,0,0,0,0,,,,,,0,0,0,0,0,GEN-BA11
31807854,"2026-02-14 01:28:45","2026-02-14 01:28:45",4A815D,Sweden,Sweden,SE-DSV,,,,,,Avro,RJ1H,"Avro 146 RJ100",E3250,,,,,,"Summit Air",,,1994,,,,0,,,,,,0,0,0,0,0,,,,,,0,0,0,0,0,GEN-RJ1H
31807469,"2026-02-14 01:23:53","2026-02-14 01:23:53",0AC0C3,Colombia,Colombia,HK-4513,,,,,,Bombardier,DH8B,"Bombardier DHC-8 202",468,,,,,,"LAN Colombia",,,1997,,,,0,,,,,,0,0,0,0,0,,,,,,0,0,0,0,0,ARE
31806016,"2026-02-14 01:04:41","2026-02-14 01:04:41",71BD97,"South Korea","South Korea",HL7597,,,,,,Boeing,B772,"Boeing 777 28EER",28686,,,,,,"Asiana Airlines",,,2001,,,,0,,,,,,0,0,0,0,0,,,,,,0,0,0,0,0,AAR
31805481,"2026-02-14 00:57:26","2026-02-14 00:57:26",A5202C,"United States","United States",N4295Y,,,,,,Piper,P32R,"Piper PA-32R 301 Saratoga SP",32R-8313016,,,,,,Private,,,1983,,,,0,,,,,,0,0,0,0,0,,,,,,0,0,0,0,0,GEN-P32R
30444,"2026-02-14 00:52:58","2026-02-14 00:52:58",3EA763,Germany,Germany,8?+??,,,,,,,H53,"Sikorsky CH-53GA Stallion",,,,,,,"German Air Force",,,,,,"JT: 2026-02-14 00:51:57",0,,,,,,1,0,0,0,0,,,,,,0,0,0,0,0,GAF-H53
2502473,"2026-02-14 00:52:58","2026-02-14 00:52:58",3F5536,Germany,Germany,46+46,,,,,,Panavia,TOR,"Panavia Tornado",,,,,,,"German Air Force",,,,,,"JT: 2026-02-14 00:51:57",0,,,,,,1,0,0,0,0,,,,,,0,0,0,0,0,GAF-TOR
2524657,"2026-02-14 00:52:58","2026-02-14 00:52:58",3FAEA2,Germany,Germany,3?+??,,,,,,EUROFIGHTER,EUFI,"Eurofighter Typhoon EF2000",,,,,,,"German Air Force",,,,,,"JT: 2026-02-14 00:51:57",0,,,,,,1,0,0,0,0,,,,,,0,0,0,0,0,GAF-EUFI
28243949,"2026-02-14 00:52:58","2026-02-14 00:52:58",3F63B0,Germany,Germany,7?+??,,,,,,,NH90,"NHIndustries NH90-TTH",,,,,,,"German Army",,,,,,"JT: 2026-02-14 00:51:57",0,,,,,,1,0,0,0,0,,,,,,0,0,0,0,0,GAM-NH90
28247476,"2026-02-14 00:52:58","2026-02-14 00:52:58",3FB683,Germany,Germany,3?+??,,,,,,,EUFI,"Eurofighter Typhoon EF2000",,,,,,,"German Air Force",,,,,,"JT: 2026-02-14 00:51:57",0,,,,,,1,0,0,0,0,,,,,,0,0,0,0,0,GAF-EUFI
28265776,"2026-02-14 00:52:58","2026-02-14 00:52:58",3FB922,Germany,Germany,79+09,,,,,,,NH90,"NHIndustries NH90-TTH",,,,,,,"German Army",,,,,,"JT: 2026-02-14 00:51:57",0,,,,,,1,0,0,0,0,,,,,,0,0,0,0,0,GAM-NH90
28371146,"2026-02-14 00:52:58","2026-02-14 00:52:58",3FB480,Germany,Germany,30+85,,,,,,,EUFI,"Eurofighter Typhoon EF2000",,,,,,,"German Air Force",,,,,,"JT: 2026-02-14 00:51:57",0,,,,,,1,0,0,0,0,,,,,,0,0,0,0,0,GAF-EUFI
28726255,"2026-02-14 00:52:58","2026-02-14 00:52:58",3FAE8E,Germany,Germany,76+??,,,,,,,EC45,"Airbus Helicopters H-145M",,,,,,,"German Army",,,,,,"JT: 2026-02-14 00:51:57",0,,,,,,1,0,0,0,0,,,,,,0,0,0,0,0,GAM-EC45
28867318,"2026-02-14 00:52:58","2026-02-14 00:52:58",3F725F,Germany,Germany,45+92,,,,,,,TOR,"Panavia Tornado",,,,,,,"German Air Force",,,,,,"JT: 2026-02-14 00:51:57",0,,,,,,1,0,0,0,0,,,,,,0,0,0,0,0,GAF-TOR
29488119,"2026-02-14 00:52:58","2026-02-14 00:52:58",3FBA16,Germany,Germany,3?+??,,,,,,,EUFI,"Eurofighter Typhoon EF2000",,,,,,,"German Air Force",,,,,,"JT: 2026-02-14 00:51:57",0,,,,,,1,0,0,0,0,,,,,,0,0,0,0,0,GAF-EUFI
29488138,"2026-02-14 00:52:58","2026-02-14 00:52:58",3F8B28,Germany,Germany,30+15,,,,,,,EUFI,"Eurofighter Typhoon EF2000",,,,,,,"German Air Force",,,,,,"JT: 2026-02-14 00:51:57",0,,,,,,1,0,0,0,0,,,,,,0,0,0,0,0,GAF-EUFI
29488182,"2026-02-14 00:52:58","2026-02-14 00:52:58",3EA904,Germany,Germany,31+19,,,,,,,EUFI,"Eurofighter Typhoon EF2000",,,,,,,"German Air Force",,,,,,"JT: 2026-02-14 00:51:57",0,,,,,,1,0,0,0,0,,,,,,0,0,0,0,0,GAF-EUFI
29488252,"2026-02-14 00:52:58","2026-02-14 00:52:58",3F535B,Germany,Germany,4?+??,,,,,,,TOR,"Panavia Tornado",,,,,,,"German Air Force",,,,,,"JT: 2026-02-14 00:51:57",0,,,,,,1,0,0,0,0,,,,,,0,0,0,0,0,GAF-TOR
29488255,"2026-02-14 00:52:58","2026-02-14 00:52:58",3F5515,Germany,Germany,4?+??,,,,,,,TOR,"Panavia Tornado",,,,,,,"German Air Force",,,,,,"JT: 2026-02-14 00:51:57",0,,,,,,1,0,0,0,0,,,,,,0,0,0,0,0,GAF-TOR
29488400,"2026-02-14 00:52:58","2026-02-14 00:52:58",3E8C7F,Germany,Germany,74+??,,,,,,,TIGR,"Eurocopter EC.665 Tiger",,,,,,,"German Army",,,,,,"JT: 2026-02-14 00:51:57",0,,,,,,1,0,0,0,0,,,,,,0,0,0,0,0,GAM-TIGR
29488402,"2026-02-14 00:52:58","2026-02-14 00:52:58",3E8DB1,Germany,Germany,74+??,,,,,,,TIGR,"Eurocopter EC.665 Tiger",,,,,,,"German Army",,,,,,"JT: 2026-02-14 00:51:57",0,,,,,,1,0,0,0,0,,,,,,0,0,0,0,0,GAM-TIGR
29488422,"2026-02-14 00:52:58","2026-02-14 00:52:58",3E9D69,Germany,Germany,74+??,,,,,,,TIGR,"Eurocopter EC.665 Tiger",,,,,,,"German Army",,,,,,"JT: 2026-02-14 00:51:57",0,,,,,,1,0,0,0,0,,,,,,0,0,0,0,0,GAM-TIGR
29488469,"2026-02-14 00:52:58","2026-02-14 00:52:58",3F45CF,Germany,Germany,74+??,,,,,,,TIGR,"Eurocopter EC.665 Tiger",,,,,,,"German Army",,,,,,"JT: 2026-02-14 00:51:57",0,,,,,,1,0,0,0,0,,,,,,0,0,0,0,0,GAM-TIGR
29488646,"2026-02-14 00:52:58","2026-02-14 00:52:58",3E9155,Germany,Germany,76+??,,,,,,,EC45,"Airbus Helicopters H-145M",,,,,,,"German Army",,,,,,"JT: 2026-02-14 00:51:57",0,,,,,,1,0,0,0,0,,,,,,0,0,0,0,0,GAM-EC45
29488913,"2026-02-14 00:52:58","2026-02-14 00:52:58",3EAFA5,Germany,Germany,3?+??,,,,,,,EUFI,"Eurofighter Typhoon EF2000",,,,,,,"German Air Force",,,,,,"JT: 2026-02-14 00:51:57",0,,,,,,1,0,0,0,0,,,,,,0,0,0,0,0,GAF-EUFI
29488920,"2026-02-14 00:52:58","2026-02-14 00:52:58",3EB1E2,Germany,Germany,7?+??,,,,,,,NH90,"NHIndustries NH90-TTH",,,,,,,"German Army",,,,,,"JT: 2026-02-14 00:51:57",0,,,,,,1,0,0,0,0,,,,,,0,0,0,0,0,GAM-NH90
29489371,"2026-02-14 00:52:58","2026-02-14 00:52:58",3F709E,Germany,Germany,83+??,,,,,,,LYNX,"Westland Lynx Mk.88A",,,,,,,"German Navy",,,,,,"JT: 2026-02-14 00:51:57",0,,,,,,1,0,0,0,0,,,,,,0,0,0,0,0,GNY-LYNX
29489412,"2026-02-14 00:52:58","2026-02-14 00:52:58",3FBA5A,Germany,Germany,83+??,,,,,,,LYNX,"Westland Lynx Mk.88A",,,,,,,"German Navy",,,,,,"JT: 2026-02-14 00:51:57",0,,,,,,1,0,0,0,0,,,,,,0,0,0,0,0,GNY-LYNX
29489977,"2026-02-14 00:52:58","2026-02-14 00:52:58",3EBD64,Germany,Germany,89+??,,,,,,,S61,"Westland Sea King Mk. 41",,,,,,,"German Navy",,,,,,"JT: 2026-02-14 00:51:57",0,,,,,,1,0,0,0,0,,,,,,0,0,0,0,0,GNY-S61
29490024,"2026-02-14 00:52:58","2026-02-14 00:52:58",3F734A,Germany,Germany,??+??,,,,,,,FFLO,"Rheinmetall Luna NG",,,,,,,Unknown,,,,,,"JT: 2026-02-14 00:51:57",0,,,,,,1,0,0,0,0,,,,,,0,0,0,0,0,GAF
29552030,"2026-02-14 00:52:58","2026-02-14 00:52:58",3F642B,Germany,Germany,76+??,,,,,,,EC45,"Airbus Helicopters H-145M",,,,,,,"German Army",,,,,,"JT: 2026-02-14 00:51:57",0,,,,,,1,0,0,0,0,,,,,,0,0,0,0,0,GAM-EC45
29702662,"2026-02-14 00:52:58","2026-02-14 00:52:58",3E8A00,Germany,Germany,8?+??,,,,,,,H53,"Sikorsky CH-53GA Stallion",,,,,,,"German Air Force",,,,,,"JT: 2026-02-14 00:51:57",0,,,,,,1,0,0,0,0,,,,,,0,0,0,0,0,GAF-H53
29947728,"2026-02-14 00:52:58","2026-02-14 00:52:58",3F6CA4,Germany,Germany,8?+??,,,,,,,H53,"Sikorsky CH-53GA Stallion",,,,,,,"German Air Force",,,,,,"JT: 2026-02-14 00:51:57",0,,,,,,1,0,0,0,0,,,,,,0,0,0,0,0,GAF-H53
30560881,"2026-02-14 00:52:58","2026-02-14 00:52:58",3E8BD2,Germany,Germany,30+28,,,,,,,EUFI,"Eurofighter Typhoon EF2000",,,,,,,"German Air Force",,,,,,"JT: 2026-02-14 00:51:57",0,,,,,,1,0,0,0,0,,,,,,0,0,0,0,0,GAF-EUFI
30763997,"2026-02-14 00:52:58","2026-02-14 00:52:58",3F8298,Germany,Germany,3?+??,,,,,,,EUFI,"Eurofighter Typhoon EF2000",,,,,,,"German Air Force",,,,,,"JT: 2026-02-14 00:51:57",0,,,,,,1,0,0,0,0,,,,,,0,0,0,0,0,GAF-EUFI
30858280,"2026-02-14 00:52:58","2026-02-14 00:52:58",3F94C5,Germany,Germany,8?+??,,,,,,,H53,"Sikorsky CH-53GA Stallion",,,,,,,"German Air Force",,,,,,"JT: 2026-02-14 00:51:57",0,,,,,,1,0,0,0,0,,,,,,0,0,0,0,0,GAF-H53
31223859,"2026-02-14 00:52:58","2026-02-14 00:52:58",3F8CF5,Germany,Germany,30+87,,,,,,,EUFI,"Eurofighter Typhoon EF2000",,,,,,,"German Air Force",,,,,,"JT: 2026-02-14 00:51:57",0,,,,,,1,0,0,0,0,,,,,,0,0,0,0,0,GAF-EUFI
31229825,"2026-02-14 00:52:58","2026-02-14 00:52:58",3F84A6,Germany,Germany,3?+??,,,,,,,EUFI,"Eurofighter Typhoon EF2000",,,,,,,"German Air Force",,,,,,"JT: 2026-02-14 00:51:57",0,,,,,,1,0,0,0,0,,,,,,0,0,0,0,0,GAF-EUFI
31804708,"2026-02-14 00:49:09","2026-02-14 00:49:09",145254,Russia,Russia,RA-21076,,,,,,Mil,MI6,"Mil Mi-6",,,,,,,"Hevi Lift",,,,,,,0,,,,,,0,0,0,0,0,,,,,,0,0,0,0,0,GEN-MI6
31804582,"2026-02-14 00:47:28","2026-02-14 00:47:28",AB0C8B,"United States","United States",N8106E,,,,,,Mooney,M20P,"Mooney M.20A Mark 20",1377,,,,,,Private,,,,,,,0,,,,,,0,0,0,0,0,,,,,,0,0,0,0,0,GEN-M20P
31804257,"2026-02-14 00:42:28","2026-02-14 00:42:28",A69DF2,"United States","United States",N52500,,,,,,Taylorcraft,TAYD,"Taylorcraft DC-65 Tandem Trainer",4280,,,,,,Private,,,1942,,,,0,,,,,,0,0,0,0,0,,,,,,0,0,0,0,0,GEN-TAYD
31804225,"2026-02-14 00:41:59","2026-02-14 00:41:59",C011C9,Canada,Canada,C-FGTC,,,,,,Robinson,R22,"Robinson R22 Beta",0603,,,,,,Private,,,1986,,,,0,,,,,,0,0,0,0,0,,,,,,0,0,0,0,0,GEN-R22
31803814,"2026-02-14 00:36:21","2026-02-14 00:36:21",ABC9CD,"United States","United States",N859LM,,,,,,Cessna,C208,"Cessna 208 B",208B-1195,,,,,,"Southern Wings Aircraft Sales",,,2006,,,,0,,,,,,0,0,0,0,0,,,,,,0,0,0,0,0,GEN-C208
31802341,"2026-02-14 00:15:57","2026-02-14 00:15:57",AA875F,"United States","United States",N778GK,,,,,,Cessna,C421,"Cessna 421B Golden Eagle",421B0118,,,,,,Private,,,1971,,,,0,,,,,,0,0,0,0,0,,,,,,0,0,0,0,0,GEN-C421
