AircraftID,FirstCreated,LastModified,ModeS,ModeSCountry,Country,Registration,CurrentRegDate,PreviousID,FirstRegDate,Status,DeRegDate,Manufacturer,ICAOTypeCode,Type,SerialNo,PopularName,GenericName,AircraftClass,Engines,OwnershipStatus,RegisteredOwners,MTOW,TotalHours,YearBuilt,CofACategory,CofAExpiry,UserNotes,Interested,UserTag,InfoURL,PictureURL1,PictureURL2,PictureURL3,UserBool1,UserBool2,UserBool3,UserBool4,UserBool5,UserString1,UserString2,UserString3,UserString4,UserString5,UserInt1,UserInt2,UserInt3,UserInt4,UserInt5,OperatorFlagCode
30816996,"2026-02-05 23:55:42","2026-02-05 23:55:42",3E6C6D,Germany,Germany,D-KGGJ,,,,,,Glaser-Dirks,DG40,"Glaser-Dirks DG-400",4-17,,,,,,Private,,,1982,,,,0,,,,,,0,0,0,0,0,,,,,,0,0,0,0,0,GEN-DG40
30816946,"2026-02-05 23:55:10","2026-02-05 23:55:10",4030D1,"United Kingdom","United Kingdom",G-BSAV,,,,,,"Thunder & Colt",BALL,"Thunder & Colt AX.7-77 Hot Air Balloon",1555,,,,,,Private,,,1990,,,,0,,,,,,0,0,0,0,0,,,,,,0,0,0,0,0,GEN-BALL
30816770,"2026-02-05 23:52:54","2026-02-05 23:52:54",43F2CF,Jersey,Jersey,ZJ-HLH,,,,,,Eurocopter,EC35,"Eurocopter EC135 P2",0193,,,,,,"Gama Aviation",,,2001,,,,0,,,,,,0,0,0,0,0,,,,,,0,0,0,0,0,GMA
30816488,"2026-02-05 23:48:53","2026-02-05 23:48:53",800B96,India,India,VT-IDR,,,,,,Airbus,A320,"Airbus A320 232",2649,,,,,,"IndiGo Airlines",,,2005,,,,0,,,,,,0,0,0,0,0,,,,,,0,0,0,0,0,IGO
30816402,"2026-02-05 23:47:58","2026-02-05 23:47:58",A694AD,"United States","United States",N523GD,,,,,,"Gulfstream Aerospace",GA5C,"Gulfstream Aerospace GVII-G500",72023,,,,,,"Gulfstream Aerospace Corp",,,2018,,,,0,,,,,,0,0,0,0,0,,,,,,0,0,0,0,0,GEN-GA5C
30816093,"2026-02-05 23:43:37","2026-02-05 23:43:37",44EB4C,Belgium,Belgium,OO-ZZL,,,,,,Schleicher,GLID,"Schleicher K 7 Rhonadler",892,,,,,,Private,,,,,,,0,,,,,,0,0,0,0,0,,,,,,0,0,0,0,0,GEN-GLID
30815604,"2026-02-05 23:36:53","2026-02-05 23:36:53",3D3D62,Germany,Germany,D-EVMO,,,,,,Reims/Cessna,C152,"Reims/Cessna F152",1517,,,,,,Private,,,,,,,0,,,,,,0,0,0,0,0,,,,,,0,0,0,0,0,GEN-C152
30815216,"2026-02-05 23:31:52","2026-02-05 23:31:52",43C1CA,"United Kingdom","United Kingdom",ZA406,,,,,,Panavia,TOR,"Panavia Tornado GR.4",BS073,,,,,,"Royal Air Force",,,1982,,,,0,,,,,,1,0,0,0,0,,,,,,0,0,0,0,0,
30814016,"2026-02-05 23:16:59","2026-02-05 23:16:59",008DB0,"South Africa","South Africa",ZS-FED,,,,,,Cessna,C208,"Cessna 208 B",208B0437,,,,,,"Federal Air",,,1995,,,,0,,,,,,0,0,0,0,0,,,,,,0,0,0,0,0,GEN-C208
30813234,"2026-02-05 23:07:21","2026-02-05 23:07:21",A98E36,"United States","United States",N7147,,,,,,Scheibe,GLID,"Scheibe Leistung-Spatz 55",754,,,,,,Private,,,1962,,,,0,,,,,,0,0,0,0,0,,,,,,0,0,0,0,0,GEN-GLID
30812595,"2026-02-05 22:59:00","2026-02-05 22:59:00",AAFF0C,"United States","United States",N8076D,,,,,,Grumman,G44,"Grumman Widgeon G-44A",1438,,,,,,"Ace Aviation Inc",,,1946,,,,0,,,,,,0,0,0,0,0,,,,,,0,0,0,0,0,GEN-G44
30812460,"2026-02-05 22:57:23","2026-02-05 22:57:23",404414,"United Kingdom","United Kingdom",G-PGSA,,,,,,"Thruster Air Services",ULAC,"Thruster Air Services Thruster T600N",0080-T600N-046,,,,,,Private,,,2000,,,,0,,,,,,0,0,0,0,0,,,,,,0,0,0,0,0,GEN-ULAC
30812412,"2026-02-05 22:56:58","2026-02-05 22:56:58",3D2031,Germany,Germany,D-EKLD,,,,,,"Cirrus Design",SR20,"Cirrus Design SR20",1817,,,,,,Private,,,2007,,,,0,,,,,,0,0,0,0,0,,,,,,0,0,0,0,0,GEN-SR20
30812151,"2026-02-05 22:53:47","2026-02-05 22:53:47",A7C5FD,"United States","United States",N60MD,,,,,,"Amateur Built",PTS2,"Amateur Built Pitts Special S-2E",K0044,,,,,,Private,,,1984,,,,0,,,,,,0,0,0,0,0,,,,,,0,0,0,0,0,GEN-PTS2
30811660,"2026-02-05 22:47:22","2026-02-05 22:47:22",A425D4,"United States","United States",N3666V,,,,,,Cessna,C140,"Cessna 140",14937,,,,,,Private,,,1948,,,,0,,,,,,0,0,0,0,0,,,,,,0,0,0,0,0,GEN-C140
30811070,"2026-02-05 22:39:36","2026-02-05 22:39:36",A0344C,"United States","United States",N112GW,,,,,,Embraer,E55P,"Embraer Phenom 300",50500714,,,,,,Private,,,2023,,,,0,,,,,,0,0,0,0,0,,,,,,0,0,0,0,0,GEN-E55P
30810162,"2026-02-05 22:28:21","2026-02-05 22:28:21",A940E6,"United States","United States",N6959K,,,,,,Piper,PA20,"Piper PA-20 Pacer",20-63,,,,,,Private,,,1950,,,,0,,,,,,0,0,0,0,0,,,,,,0,0,0,0,0,GEN-PA20
30810150,"2026-02-05 22:28:12","2026-02-05 22:28:12",A42EE8,"United States","United States",N369NA,,,,,,Hughes,H500,"Hughes 369 HS",96-0860S,,,,,,Private,,,1976,,,,0,,,,,,0,0,0,0,0,,,,,,0,0,0,0,0,GEN-H500
30809870,"2026-02-05 22:24:55","2026-02-05 22:24:55",008390,"South Africa","South Africa",ZS-BIL,,,,,,Boeing,B732,"Boeing 737 277",22650,,,,,,"Allegiance Airways Gabon",,,1981,,,,0,,,,,,0,0,0,0,0,,,,,,0,0,0,0,0,GEN-B732
30809492,"2026-02-05 22:20:26","2026-02-05 22:20:26",A41B30,"United States","United States",N364AH,,,,,,"Airbus Helicopters",EC45,"Airbus Helicopters UH-72A Lakota",9771,,,,,,"Airbus Helicopters Inc",,,2016,,,,0,,,,,,0,0,0,0,0,,,,,,0,0,0,0,0,GEN-EC45
30809321,"2026-02-05 22:18:14","2026-02-05 22:18:14",3A0729,"French Overseas","French Overseas",F-OBZJ,,,,,,Pilatus,PC6P,"Pilatus PC-6",520,,,,,,"Aero Sud Ste",,,1961,,,,0,,,,,,0,0,0,0,0,,,,,,0,0,0,0,0,GEN-PC6P
30808895,"2026-02-05 22:12:35","2026-02-05 22:12:35",A96A08,"United States","United States",N7054C,,,,,,Hughes,H269,"Hughes TH-55A Osage",48-0831,,,,,,Private,,,,,,,0,,,,,,0,0,0,0,0,,,,,,0,0,0,0,0,GEN-H269
30808722,"2026-02-05 22:10:37","2026-02-05 22:10:37",A2CBEE,"United States","United States",N28DA,,,,,,Piper,PAY3,"Piper PA-42 Cheyenne III",42-8001078,,,,,,"Hortmont Aviation Services Inc",,,,,,,0,,,,,,0,0,0,0,0,,,,,,0,0,0,0,0,GEN-PAY3
30808247,"2026-02-05 22:04:12","2026-02-05 22:04:12",0640DA,Nigeria,Nigeria,NAF201,,,,,,"Hawker Beechcraft Corp",B350,"Hawker Beechcraft Corp King Air B350",FL-585,,,,,,"Nigerian Air Force",,,,,,,0,,,,,,1,0,0,0,0,,,,,,0,0,0,0,0,
30805837,"2026-02-05 21:34:10","2026-02-05 21:34:10",44E919,Belgium,Belgium,OO-ZHY,,,,,,Schempp-Hirth,NIMB,"Schempp-Hirth Nimbus 2",115,,,,,,Private,,,1976,,,,0,,,,,,0,0,0,0,0,,,,,,0,0,0,0,0,GEN-NIMB
30805801,"2026-02-05 21:33:44","2026-02-05 21:33:44",A81354,"United States","United States",N61957,,,,,,"De Havilland",DHC1,"De Havilland DHC-1 Chipmunk 22",C1/0307,,,,,,Private,,,1951,,,,0,,,,,,0,0,0,0,0,,,,,,0,0,0,0,0,GEN-DHC1
30805592,"2026-02-05 21:31:06","2026-02-05 21:31:06",A3EB37,"United States","United States",N3512W,,,,,,"Quad City",ULAC,"Quad City Challenger II",CH2-1096-1530-CW,,,,,,Private,,,1996,,,,0,,,,,,0,0,0,0,0,,,,,,0,0,0,0,0,GEN-ULAC
30804520,"2026-02-05 21:17:50","2026-02-05 21:17:50",A2D336,"United States","United States",N281RN,,,,,,Boeing,H47,"Boeing CH-47F Chinook",M2403,,,,,,"Boeing Company",,,2018,,,,0,,,,,,0,0,0,0,0,,,,,,0,0,0,0,0,BOE
30804471,"2026-02-05 21:17:25","2026-02-05 21:17:25",A2A80C,"United States","United States",N270S,,,,,,"Diamond Aircraft",DA42,"Diamond Aircraft Twin Star DA42",42.152,,,,,,Private,,,2006,,,,0,,,,,,0,0,0,0,0,,,,,,0,0,0,0,0,GEN-DA42
30804383,"2026-02-05 21:16:15","2026-02-05 21:16:15",AC2CFD,"United States","United States",N884DA,,,,,,"McDonnell Douglas",MD88,"McDonnell Douglas DC-9 88",49762,,,,,,"Dynamic Airways",,,1989,,,,0,,,,,,0,0,0,0,0,,,,,,0,0,0,0,0,GEN-MD88
30803400,"2026-02-05 21:04:16","2026-02-05 21:04:16",A70E0B,"United States","United States",N5538L,,,,,,"Thrush Aircraft",SS2T,"Thrush Aircraft Turbo Thrush S2R-H80",H80-212,,,,,,Private,,,,,,,0,,,,,,0,0,0,0,0,,,,,,0,0,0,0,0,GEN-SS2T
30803311,"2026-02-05 21:03:26","2026-02-05 21:03:26",42478E,"Cayman Islands","Cayman Islands",VP-CAR,,,,,,"Gulfstream Aerospace",GLF5,"Gulfstream Aerospace GV",577,,,,,,"Jet Aviation Business Jets (HK) Ltd",,,1999,,,,0,,,,,,0,0,0,0,0,,,,,,0,0,0,0,0,GEN-GLF5
30803312,"2026-02-05 21:03:26","2026-02-05 21:03:26",A40B49,"United States","United States",N36PS,,,,,,Beech,BE36,"Beech Bonanza A36",E-1012,,,,,,Private,,,1977,,,,0,,,,,,0,0,0,0,0,,,,,,0,0,0,0,0,GEN-BE36
30803261,"2026-02-05 21:02:48","2026-02-05 21:02:48",736832,Iran,Iran,EP-ZAR,,,,,,Airbus,A320,"Airbus A320 231",476,,,,,,"Iran Aseman Airlines",,,1994,,,,0,,,,,,0,0,0,0,0,,,,,,0,0,0,0,0,IRC
30802263,"2026-02-05 20:51:26","2026-02-05 20:51:26",A9799E,"United States","United States",N7099P,,,,,,"Raven Aerostar",BALL,"Raven Aerostar S-53A Hot Air Balloon",S53A-3006,,,,,,Private,,,1995,,,,0,,,,,,0,0,0,0,0,,,,,,0,0,0,0,0,GEN-BALL
30801700,"2026-02-05 20:44:38","2026-02-05 20:44:38",A0E3EA,"United States","United States",N1568A,,,,,,Beech,BE33,"Beech Bonanza F33A",CE-1332,,,,,,Private,,,,,,,0,,,,,,0,0,0,0,0,,,,,,0,0,0,0,0,GEN-BE33
30800185,"2026-02-05 20:25:53","2026-02-05 20:25:53",A99F28,"United States","United States",N719TC,,,,,,"Thunder & Colt",BALL,"Thunder & Colt AX.7-77 Hot Air Balloon",2484,,,,,,Private,,,1993,,,,0,,,,,,0,0,0,0,0,,,,,,0,0,0,0,0,GEN-BALL
30799963,"2026-02-05 20:23:29","2026-02-05 20:23:29",AD46A2,"United States","United States",N9545Z,,,,,,Beech,BE18,"Beech C-45G",AF-193,,,,,,"Air Taxi International",,,,,,,0,,,,,,0,0,0,0,0,,,,,,0,0,0,0,0,GEN-BE18
30799746,"2026-02-05 20:21:06","2026-02-05 20:21:06",4B506F,Switzerland,Switzerland,HB-3016,,,,,,Grob,GLID,"Grob G 103C Twin Astir III Acro",34129,,,,,,Private,,,1989,,,,0,,,,,,0,0,0,0,0,,,,,,0,0,0,0,0,GEN-GLID
30798944,"2026-02-05 20:11:51","2026-02-05 20:11:51",A0981E,"United States","United States",N1374H,,,,,,Aeronca,AR15,"Aeronca Sedan 15AC",15AC-423,,,,,,Private,,,1949,,,,0,,,,,,0,0,0,0,0,,,,,,0,0,0,0,0,GEN-AR15
30798830,"2026-02-05 20:10:23","2026-02-05 20:10:23",3A4901,"French Overseas","French Overseas",F-OTIB,,,,,,Airbus,A20N,"Airbus A320 271NSL",10049,,,,,,"Air Caledonie International",,,2020,,,,0,,,,,,0,0,0,0,0,,,,,,0,0,0,0,0,ACI
30798232,"2026-02-05 20:03:30","2026-02-05 20:03:30",A7C699,"United States","United States",N60TK,,,,,,Bombardier,CL60,"Bombardier Challenger 605",5756,,,,,,"Speedbird Aviation LLC",,,2008,,,,0,,,,,,0,0,0,0,0,,,,,,0,0,0,0,0,GEN-CL60
30798052,"2026-02-05 20:01:46","2026-02-05 20:01:46",AC5721,"United States","United States",N8944N,,,,,,Piper,PA32,"Piper PA-32 300 Cherokee Six B",32-40745,,,,,,Private,,,1969,,,,0,,,,,,0,0,0,0,0,,,,,,0,0,0,0,0,GEN-PA32
30797897,"2026-02-05 19:59:29","2026-02-05 19:59:29",49C090,"Czech Republic","Czech Republic",OK-PDP,,,,,,Let,L410,"Let L-410 UVP",851437,,,,,,Olimex,,,,,,,0,,,,,,0,0,0,0,0,,,,,,0,0,0,0,0,GEN-L410
30797541,"2026-02-05 19:55:38","2026-02-05 19:55:38",A0AE38,"United States","United States",N143DZ,,,,,,"North American",SBR1,"North American Sabreliner 60",306-142,,,,,,"Sabreliner Aviation LLC",,,1978,,,,0,,,,,,0,0,0,0,0,,,,,,0,0,0,0,0,GEN-SBR1
30796912,"2026-02-05 19:48:06","2026-02-05 19:48:06",4B2815,Switzerland,Switzerland,HB-PER,,,,,,Piper,P28A,"Piper PA-28 181 Archer II",28-8090221,,,,,,Private,,,1980,,,,0,,,,,,0,0,0,0,0,,,,,,0,0,0,0,0,GEN-P28A
30796273,"2026-02-05 19:40:19","2026-02-05 19:40:19",A694B1,"United States","United States",N523GH,,,,,,Pietenpol,CAMP,"Pietenpol Aircamper",WR1,,,,,,Private,,,1971,,,,0,,,,,,0,0,0,0,0,,,,,,0,0,0,0,0,GEN-CAMP
30796037,"2026-02-05 19:36:58","2026-02-05 19:36:58",C8274E,"New Zealand","New Zealand",ZK-CAU,,,,,,Cessna,C172,"Cessna 172S Skyhawk SP",172S8615,,,,,,Private,,,2000,,,,0,,,,,,0,0,0,0,0,,,,,,0,0,0,0,0,GEN-C172
30795999,"2026-02-05 19:36:34","2026-02-05 19:36:34",C03E63,Canada,Canada,C-FXQG,,,,,,Bell,B407,"Bell 407 GX",54710,,,,,,"Bell Helicopter Textron Canada",,,2017,,,,0,,,,,,0,0,0,0,0,,,,,,0,0,0,0,0,GEN-B407
30795762,"2026-02-05 19:34:00","2026-02-05 19:34:00",AC37C2,"United States","United States",N8869R,,,,,,"Inter Air",B14C,"Inter Air Bellanca 260 14-19-3",4231,,,,,,Private,,,1964,,,,0,,,,,,0,0,0,0,0,,,,,,0,0,0,0,0,GEN-B14C
30795698,"2026-02-05 19:33:05","2026-02-05 19:33:05",70C0A8,Oman,Oman,A4O-BF,,,,,,Boeing,B738,"Boeing 737NG 8FZ/W",29637,,,,,,"Oman Air",,,2009,,,,0,,,,,,0,0,0,0,0,,,,,,0,0,0,0,0,OMA
30795627,"2026-02-05 19:32:12","2026-02-05 19:32:12",AA6563,"United States","United States",N7690V,,,,,,Rockwell,A9,"Rockwell Callair A-9 B",1443,,,,,,Private,,,1969,,,,0,,,,,,0,0,0,0,0,,,,,,0,0,0,0,0,GEN-A9
30795425,"2026-02-05 19:29:52","2026-02-05 19:29:52",A6BEA3,"United States","United States",N5335K,,,,,,Ryan,NAVI,"Ryan Navion B",NAV-4-2235B,,,,,,Private,,,1950,,,,0,,,,,,0,0,0,0,0,,,,,,0,0,0,0,0,GEN-NAVI
30795185,"2026-02-05 19:26:57","2026-02-05 19:26:57",A123C5,"United States","United States",N1726,,,,,,"Amateur Built",GYRO,"Amateur Built Bensen Gyrocopter B.8M",BRS-948-7291,,,,,,Private,,,1967,,,,0,,,,,,0,0,0,0,0,,,,,,0,0,0,0,0,GEN-GYRO
30794349,"2026-02-05 19:16:53","2026-02-05 19:16:53",00B09F,"South Africa","South Africa",ZS-SKC,,,,,,Canadair,CL60,"Canadair Challenger 600 S",1030,,,,,,"Owenair P/L",,,1981,,,,0,,,,,,0,0,0,0,0,,,,,,0,0,0,0,0,OWE
30792542,"2026-02-05 18:55:36","2026-02-05 18:55:36",AD9684,"United States","United States",N975DA,,,,,,Piper,PA34,"Piper PA-34 200 Seneca",34-7250216,,,,,,Private,,,1972,,,,0,,,,,,0,0,0,0,0,,,,,,0,0,0,0,0,GEN-PA34
30791050,"2026-02-05 18:38:22","2026-02-05 18:38:22",43C1CB,"United Kingdom","United Kingdom",ZD749,,,,,,Panavia,TOR,"Panavia Tornado GR.4",BS130,,,,,,"Royal Air Force",,,1984,,,,0,,,,,,1,0,0,0,0,,,,,,0,0,0,0,0,
17912,"2022-02-16 07:49:47","2026-02-05 18:37:11",48421B,Netherlands,Netherlands,,,,,,,,-GND,,,,,,,,,,,,,,,0,,,,,,0,0,0,0,0,Missing,,,,,0,0,0,0,0,GEN--GND
30790574,"2026-02-05 18:33:07","2026-02-05 18:33:07",7802DC,China,China,B-6169,,,,,,Airbus,A319,"Airbus A319 112",2985,,,,,,"Capital Airlines",,,2006,,,,0,,,,,,0,0,0,0,0,,,,,,0,0,0,0,0,GEN-A319
30790208,"2026-02-05 18:28:53","2026-02-05 18:28:53",4AE2A7,Sweden,Sweden,SE-XUG,,,,,,Glasair,GLST,"Glasair GlaStar GS-1",5454,,,,,,Private,,,,,,,0,,,,,,0,0,0,0,0,,,,,,0,0,0,0,0,GEN-GLST
30790049,"2026-02-05 18:27:16","2026-02-05 18:27:16",A58761,"United States","United States",N4552V,,,,,,Beech,BE35,"Beech Bonanza 35",D-1380,,,,,,Private,,,1948,,,,0,,,,,,0,0,0,0,0,,,,,,0,0,0,0,0,GEN-BE35
30789962,"2026-02-05 18:26:25","2026-02-05 18:26:25",AC6B5E,"United States","United States",N9KC,,,,,,Bell,B06,"Bell 206L Long Ranger III",51061,,,,,,Private,,,,,,,0,,,,,,0,0,0,0,0,,,,,,0,0,0,0,0,GEN-B06
30789834,"2026-02-05 18:24:38","2026-02-05 18:24:38",44E6CF,Belgium,Belgium,OO-YVO,,,,,,SOCATA,RALL,"SOCATA Rallye MS.880B Club",2848,,,,,,Private,,,1976,,,,0,,,,,,0,0,0,0,0,,,,,,0,0,0,0,0,GEN-RALL
30789667,"2026-02-05 18:22:41","2026-02-05 18:22:41",AC7218,"United States","United States",N9004H,,,,,,"Balloon Works",BALL,"Balloon Works Firefly 7 Hot Air Balloon",F7-474,,,,,,Private,,,1989,,,,0,,,,,,0,0,0,0,0,,,,,,0,0,0,0,0,GEN-BALL
30789558,"2026-02-05 18:21:21","2026-02-05 18:21:21",70600F,Kuwait,Kuwait,9K-AME,,,,,,Airbus,A306,"Airbus A300 B4-605R",721,,,,,,"Kuwait Airways",,,1993,,,,0,,,,,,0,0,0,0,0,,,,,,0,0,0,0,0,GEN-A306
30789267,"2026-02-05 18:17:58","2026-02-05 18:17:58",A1A12C,"United States","United States",N204DB,,,,,,Fisher,ULAC,"Fisher Avenger",016,,,,,,Private,,,,,,,0,,,,,,0,0,0,0,0,,,,,,0,0,0,0,0,GEN-ULAC
30788867,"2026-02-05 18:12:43","2026-02-05 18:12:43",A9C969,"United States","United States",N73HH,,,,,,Cessna,C550,"Cessna Citation II",550-0682,,,,,,"Siddons Martin Aviation LLC",,,,,,,0,,,,,,0,0,0,0,0,,,,,,0,0,0,0,0,GEN-C550
30788399,"2026-02-05 18:06:43","2026-02-05 18:06:43",A126DD,"United States","United States",N1731R,,,,,,Cessna,C185,"Cessna A185F Skywagon 185",18502452,,,,,,Private,,,1974,,,,0,,,,,,0,0,0,0,0,,,,,,0,0,0,0,0,GEN-C185
30787249,"2026-02-05 17:54:04","2026-02-05 17:54:04",A6BD65,"United States","United States",N533US,,,,,,Boeing,B752,"Boeing 757 251",24264,,,,,,"Delta Air Lines",,,1988,,,,0,,,,,,0,0,0,0,0,,,,,,0,0,0,0,0,DAL
30786961,"2026-02-05 17:50:51","2026-02-05 17:50:51",A106E1,"United States","United States",N1652B,,,,,,Luscombe,L11,"Luscombe 11A Sedan",11-158,,,,,,Private,,,,,,,0,,,,,,0,0,0,0,0,,,,,,0,0,0,0,0,GEN-L11
30785895,"2026-02-05 17:37:51","2026-02-05 17:37:51",0D0ACC,Mexico,Mexico,XA-PCO,,,,,,Dassault,F2TH,"Dassault Falcon 2000",79,,,,,,"Aereo Cabo SA",,,1999,,,,0,,,,,,0,0,0,0,0,,,,,,0,0,0,0,0,GEN-F2TH
30784060,"2026-02-05 17:16:18","2026-02-05 17:16:18",A6734C,"United States","United States",N51444,,,,,,"Textron Aviation",C208,"Textron Aviation 208 EX",208B-5258,,,,,,"Textron Aviation Inc",,,2015,,,,0,,,,,,0,0,0,0,0,,,,,,0,0,0,0,0,GEN-C208
30783991,"2026-02-05 17:15:35","2026-02-05 17:15:35",AB9CEB,"United States","United States",N8475K,,,,,,Robinson,R22,"Robinson R22 Alpha",0391,,,,,,Private,,,1984,,,,0,,,,,,0,0,0,0,0,,,,,,0,0,0,0,0,GEN-R22
30783915,"2026-02-05 17:14:41","2026-02-05 17:14:41",3EF2BF,Germany,Germany,D-4648,,,,,,Schleicher,GLID,"Schleicher ASK 21",21495,,,,,,Private,,,1991,,,,0,,,,,,0,0,0,0,0,,,,,,0,0,0,0,0,GEN-GLID
30783494,"2026-02-05 17:09:39","2026-02-05 17:09:39",382A4A,France,France,F-BKSK,,,,,,S.A.N.,D140,"S.A.N. Jodel D.140C Mousquetaire III",99,,,,,,Private,,,,,,,0,,,,,,0,0,0,0,0,,,,,,0,0,0,0,0,GEN-D140
30783139,"2026-02-05 17:05:36","2026-02-05 17:05:36",A7C172,"United States","United States",N59918,,,,,,Boeing,ST75,"Boeing Stearman B75N1 N2S-3 Kaydet",75-1175,,,,,,Private,,,,,,,0,,,,,,0,0,0,0,0,,,,,,0,0,0,0,0,GEN-ST75
30782258,"2026-02-05 16:55:34","2026-02-05 16:55:34",A1049C,"United States","United States",N165DR,,,,,,Vans,RV4,"Vans RV-4",197,,,,,,Private,,,1986,,,,0,,,,,,0,0,0,0,0,,,,,,0,0,0,0,0,GEN-RV4
30781984,"2026-02-05 16:52:29","2026-02-05 16:52:29",A29BF9,"United States","United States",N2674Y,,,,,,Cessna,C180,"Cessna 180E",18051174,,,,,,Private,,,1962,,,,0,,,,,,0,0,0,0,0,,,,,,0,0,0,0,0,GEN-C180
534005,"2023-07-05 21:04:24","2026-02-05 16:48:59",424AF3,"United Kingdom","United Kingdom",,,,,,,,ZZZZ,,,,,,,,,,,,,,,0,,,,,,0,0,0,0,0,Missing,,,,,0,0,0,0,0,TEST
30780736,"2026-02-05 16:37:40","2026-02-05 16:37:40",A75C7C,"United States","United States",N5734K,,,,,,Beech,BE35,"Beech Bonanza S35",D-7576,,,,,,Private,,,1964,,,,0,,,,,,0,0,0,0,0,,,,,,0,0,0,0,0,GEN-BE35
30778883,"2026-02-05 16:15:13","2026-02-05 16:15:13",AAE497,"United States","United States",N80023,,,,,,"Quad City",ULAC,"Quad City Challenger I","0493 R0423",,,,,,Private,,,1993,,,,0,,,,,,0,0,0,0,0,,,,,,0,0,0,0,0,GEN-ULAC
30778694,"2026-02-05 16:13:09","2026-02-05 16:13:09",C05592,Canada,Canada,C-GGKN,,,,,,Cessna,C172,"Cessna 172N Skyhawk",17270417,,,,,,Private,,,1978,,,,0,,,,,,0,0,0,0,0,,,,,,0,0,0,0,0,GEN-C172
30778413,"2026-02-05 16:09:55","2026-02-05 16:09:55",A4A7C6,"United States","United States",N39985,,,,,,Taylorcraft,TAYB,"Taylorcraft BF",6644,,,,,,Private,,,1945,,,,0,,,,,,0,0,0,0,0,,,,,,0,0,0,0,0,GEN-TAYB
30778045,"2026-02-05 16:05:44","2026-02-05 16:05:44",A80C7E,"United States","United States",N618AH,,,,,,"Airbus Helicopters",AS50,"Airbus Helicopters Squirrel AS.350 B3",8794,,,,,,"Airbus Helicopters Inc",,,2019,,,,0,,,,,,0,0,0,0,0,,,,,,0,0,0,0,0,GEN-AS50
30777957,"2026-02-05 16:04:57","2026-02-05 16:04:57",A4F927,"United States","United States",N4199E,,,,,,"Advanced Aviation",BUCA,"Advanced Aviation Buccaneer",B2A-044,,,,,,Private,,,,,,,0,,,,,,0,0,0,0,0,,,,,,0,0,0,0,0,GEN-BUCA
30777488,"2026-02-05 15:59:29","2026-02-05 15:59:29",AC11A4,"United States","United States",N877PH,,,,,,Cessna,C182,"Cessna 182Q Skylane",18266154,,,,,,Private,,,1977,,,,0,,,,,,0,0,0,0,0,,,,,,0,0,0,0,0,GEN-C182
30777051,"2026-02-05 15:54:34","2026-02-05 15:54:34",4015CF,"United Kingdom","United Kingdom",G-ASLX,,,,,,Coopavia,CP30,"Coopavia Emeraude CP.301A",292,,,,,,Private,,,,,,,0,,,,,,0,0,0,0,0,,,,,,0,0,0,0,0,GEN-CP30
30776854,"2026-02-05 15:52:27","2026-02-05 15:52:27",A8B256,"United States","United States",N66ET,,,,,,Mooney,M20T,"Mooney M.20K Model 231",25-0394,,,,,,Private,,,1980,,,,0,,,,,,0,0,0,0,0,,,,,,0,0,0,0,0,GEN-M20T
30775796,"2026-02-05 15:40:27","2026-02-05 15:40:27",AD6012,"United States","United States",N961CC,,,,,,Cessna,C210,"Cessna 210N Centurion",21064620,,,,,,Private,,,1981,,,,0,,,,,,0,0,0,0,0,,,,,,0,0,0,0,0,GEN-C210
30774424,"2026-02-05 15:24:27","2026-02-05 15:24:27",AB5D6F,"United States","United States",N831Q,,,,,,Beech,BE65,"Beech Queen Air 65",LC-56,,,,,,Private,,,1960,,,,0,,,,,,0,0,0,0,0,,,,,,0,0,0,0,0,GEN-BE65
30773742,"2026-02-05 15:17:03","2026-02-05 15:17:03",AB8DD2,"United States","United States",N8433U,,,,,,Cessna,C150,"Cessna 150M",15077935,,,,,,Private,,,,,,,0,,,,,,0,0,0,0,0,,,,,,0,0,0,0,0,GEN-C150
30773378,"2026-02-05 15:12:54","2026-02-05 15:12:54",3934AF,France,France,F-GNFP,,,,,,Bell,B06,"Bell 206B Jet Ranger II",1148,,,,,,Private,,,,,,,0,,,,,,0,0,0,0,0,,,,,,0,0,0,0,0,GEN-B06
30773279,"2026-02-05 15:11:54","2026-02-05 15:11:54",AA4F77,"United States","United States",N7633J,,,,,,Piper,P28R,"Piper PA-28R 180 Cherokee Arrow",28R-31029,,,,,,Private,,,1969,,,,0,,,,,,0,0,0,0,0,,,,,,0,0,0,0,0,GEN-P28R
30772751,"2026-02-05 15:05:49","2026-02-05 15:05:49",AC8816,"United States","United States",N9062B,,,,,,"Balloon Works",BALL,"Balloon Works Firefly 7 Hot Air Balloon",F7-613,,,,,,Private,,,1989,,,,0,,,,,,0,0,0,0,0,,,,,,0,0,0,0,0,GEN-BALL
30772694,"2026-02-05 15:05:14","2026-02-05 15:05:14",A039C4,"United States","United States",N1130V,,,,,,"Weaver Aircraft Company",WACC,"Weaver Aircraft Company Waco ZQC-6",4592,,,,,,Private,,,,,,,0,,,,,,0,0,0,0,0,,,,,,0,0,0,0,0,GEN-WACC
30772088,"2026-02-05 14:58:14","2026-02-05 14:58:14",C066FE,Canada,Canada,C-GNAB,,,,,,Beech,BE20,"Beech King Air B200",BB-86,,,,,,"Northern Air Charter (PR) Inc",,,,,,,0,,,,,,0,0,0,0,0,,,,,,0,0,0,0,0,GEN-BE20
30771804,"2026-02-05 14:54:59","2026-02-05 14:54:59",44E42E,Belgium,Belgium,OO-YAN,,,,,,Piper,PA12,"Piper PA-12 Super Cruiser",12-2174,,,,,,Private,,,1947,,,,0,,,,,,0,0,0,0,0,,,,,,0,0,0,0,0,GEN-PA12
30771774,"2026-02-05 14:54:33","2026-02-05 14:54:33",88104A,Thailand,Thailand,HS-DBJ,,,,,,Boeing,B738,"Boeing 737NG 83N/W",32616,,,,,,"Nok Air",,,2002,,,,0,,,,,,0,0,0,0,0,,,,,,0,0,0,0,0,NOK
30771775,"2026-02-05 14:54:33","2026-02-05 14:54:33",A0B8EC,"United States","United States",N1459X,,,,,,Piper,P28A,"Piper PA-28 140 Cherokee F",28-7525289,,,,,,Private,,,1975,,,,0,,,,,,0,0,0,0,0,,,,,,0,0,0,0,0,GEN-P28A
30771577,"2026-02-05 14:52:23","2026-02-05 14:52:23",A04073,"United States","United States",N115TD,,,,,,Dassault,FA10,"Dassault Falcon 10",96,,,,,,"Any Name Will Do Inc",,,1977,,,,0,,,,,,0,0,0,0,0,,,,,,0,0,0,0,0,GEN-FA10
30771477,"2026-02-05 14:51:18","2026-02-05 14:51:18",AA2BE4,"United States","United States",N75442,,,,,,Boeing,ST75,"Boeing Stearman A75 PT-13A Kaydet",75-039,,,,,,Private,,,1937,,,,0,,,,,,0,0,0,0,0,,,,,,0,0,0,0,0,GEN-ST75
29219,"2022-08-30 09:24:20","2026-02-05 14:49:15",000005,"Not Allocated","Not Allocated","",,,,"",,"",UAV,"","",,,,,,"",,,,,,"",0,,,,,,0,0,0,0,0,Missing,,,"","",0,0,0,0,0,GEN-UAV
30771255,"2026-02-05 14:48:40","2026-02-05 14:48:40",AB068D,"United States","United States",N8096Y,,,,,,Piper,P32R,"Piper PA-32R 301T Turbo Saratoga SP",32R-8029005,,,,,,Private,,,1979,,,,0,,,,,,0,0,0,0,0,,,,,,0,0,0,0,0,GEN-P32R
30770546,"2026-02-05 14:40:49","2026-02-05 14:40:49",A5F9FC,"United States","United States",N4841M,,,,,,"Ultralight Soaring",ULAC,"Ultralight Soaring Wizard T38-BR503",66059,,,,,,Private,,,1984,,,,0,,,,,,0,0,0,0,0,,,,,,0,0,0,0,0,GEN-ULAC
30769750,"2026-02-05 14:31:53","2026-02-05 14:31:53",403C22,"United Kingdom","United Kingdom",G-BWSD,,,,,,Campbell,GYRO,"Campbell Cricket","PFA G/03-1216",,,,,,Private,,,1996,,,,0,,,,,,0,0,0,0,0,,,,,,0,0,0,0,0,GEN-GYRO
30769679,"2026-02-05 14:31:02","2026-02-05 14:31:02",4BE432,Turkey,Turkey,TC-YAR,,,,,,Embraer,E190,"Embraer EMB-195 LR",19000093,,,,,,AJet,,,,,,,0,,,,,,0,0,0,0,0,,,,,,0,0,0,0,0,TKJ
30769156,"2026-02-05 14:25:02","2026-02-05 14:25:02",A5380D,"United States","United States",N4350D,,,,,,Nanchang,CJ6,"Nanchang CJ-6 A",2232013,,,,,,Private,,,,,,,0,,,,,,0,0,0,0,0,,,,,,0,0,0,0,0,GEN-CJ6
30768759,"2026-02-05 14:19:53","2026-02-05 14:19:53",A135E9,"United States","United States",N17724,,,,,,"Weaver Aircraft Company",WACC,"Weaver Aircraft Company Waco EGC-7",4575,,,,,,Private,,,1937,,,,0,,,,,,0,0,0,0,0,,,,,,0,0,0,0,0,GEN-WACC
30767967,"2026-02-05 14:10:12","2026-02-05 14:10:12",4019EC,"United Kingdom","United Kingdom",G-BAII,,,,,,Reims/Cessna,C150,"Reims/Cessna FRA150L Aerobat",0178,,,,,,Private,,,1973,,,,0,,,,,,0,0,0,0,0,,,,,,0,0,0,0,0,GEN-C150
30767545,"2026-02-05 14:05:24","2026-02-05 14:05:24",AA5A5E,"United States","United States",N7661S,,,,,,Bellanca,CH7B,"Bellanca Citabria 7KCAB",578-76,,,,,,Private,,,1976,,,,0,,,,,,0,0,0,0,0,,,,,,0,0,0,0,0,GEN-CH7B
30767438,"2026-02-05 14:04:16","2026-02-05 14:04:16",4B0EB7,Switzerland,Switzerland,HB-FOX,,,,,,Pilatus,PC12,"Pilatus PC-XII 45",334,,,,,,"FLY 7 Executive Aviation",,,2000,,,,0,,,,,,0,0,0,0,0,,,,,,0,0,0,0,0,GEN-PC12
30767419,"2026-02-05 14:04:05","2026-02-05 14:04:05",A4F4DB,"United States","United States",N41846,,,,,,Fairchild,FA24,"Fairchild F.24 R-40",R40-424,,,,,,Private,,,1940,,,,0,,,,,,0,0,0,0,0,,,,,,0,0,0,0,0,GEN-FA24
30767260,"2026-02-05 14:01:55","2026-02-05 14:01:55",A1F464,"United States","United States",N225JH,,,,,,"Cirrus Design",SR22,"Cirrus Design SR22",0712,,,,,,Private,,,2003,,,,0,,,,,,0,0,0,0,0,,,,,,0,0,0,0,0,GEN-SR22
30766941,"2026-02-05 13:58:07","2026-02-05 13:58:07",A77899,"United States","United States",N5802U,,,,,,Piper,P28A,"Piper PA-28 140 Cherokee C",28-26629,,,,,,Private,,,1970,,,,0,,,,,,0,0,0,0,0,,,,,,0,0,0,0,0,GEN-P28A
30766407,"2026-02-05 13:51:33","2026-02-05 13:51:33",40509D,"United Kingdom","United Kingdom",G-GBAB,,,,,,Piper,P28A,"Piper PA-28 161 Warrior II",28-7816495,,,,,,Private,,,1978,,,,0,,,,,,0,0,0,0,0,,,,,,0,0,0,0,0,GEN-P28A
30765964,"2026-02-05 13:46:27","2026-02-05 13:46:27",ACD78F,"United States","United States",N9265V,,,,,,Mooney,M20P,"Mooney M.20E Chaparral",690059,,,,,,Private,,,1969,,,,0,,,,,,0,0,0,0,0,,,,,,0,0,0,0,0,GEN-M20P
30765913,"2026-02-05 13:45:44","2026-02-05 13:45:44",A98AD6,"United States","United States",ET-AUL,,,,,,"Textron Aviation",C208,"Textron Aviation 208 EX",208B5293,,,,,,"Operator Unknown",,,2016,,,,0,,,,,,0,0,0,0,0,,,,,,0,0,0,0,0,GEN-C208
30765752,"2026-02-05 13:44:10","2026-02-05 13:44:10",AA67D0,"United States","United States",N77MQ,,,,,,Glasflugel,GLID,"Glasflugel H303 Mosquito",73,,,,,,Private,,,1977,,,,0,,,,,,0,0,0,0,0,,,,,,0,0,0,0,0,GEN-GLID
30765470,"2026-02-05 13:40:37","2026-02-05 13:40:37",A97910,"United States","United States",N7095M,,,,,,Cessna,C175,"Cessna 175 Skylark",55395,,,,,,Private,,,1958,,,,0,,,,,,0,0,0,0,0,,,,,,0,0,0,0,0,GEN-C175
30765009,"2026-02-05 13:34:53","2026-02-05 13:34:53",406C47,"United Kingdom","United Kingdom",G-FFAT,,,,,,Piper,PA32,"Piper PA-32 301T Turbo Saratoga",32-8024011,,,,,,Private,,,1980,,,,0,,,,,,0,0,0,0,0,,,,,,0,0,0,0,0,GEN-PA32
30764073,"2026-02-05 13:23:30","2026-02-05 13:23:30",A9A3D9,"United States","United States",N720DB,,,,,,Robinson,R22,"Robinson R22 Beta II",3886,,,,,,Private,,,,,,,0,,,,,,0,0,0,0,0,,,,,,0,0,0,0,0,GEN-R22
30763936,"2026-02-05 13:21:54","2026-02-05 13:21:54",E48713,Brazil,Brazil,PP-PTZ,,,,,,"Avions de Transport Regional",AT75,"Avions de Transport Regional ATR 72 500",918,,,,,,"Azul Linhas Aereas Brasileiras",,,2010,,,,0,,,,,,0,0,0,0,0,,,,,,0,0,0,0,0,GEN-AT75
30763085,"2026-02-05 13:11:17","2026-02-05 13:11:17",0AC30E,Colombia,Colombia,HK-5051,,,,,,Airbus,A320,"Airbus A320 214",1757,,,,,,"Viva Air Colombia",,,2002,,,,0,,,,,,0,0,0,0,0,,,,,,0,0,0,0,0,VVC
30762836,"2026-02-05 13:08:05","2026-02-05 13:08:05",AD1AD2,"United States","United States",N9431K,,,,,,Stinson,S108,"Stinson Voyager 108-2",108-2431,,,,,,Private,,,1947,,,,0,,,,,,0,0,0,0,0,,,,,,0,0,0,0,0,GEN-S108
30761971,"2026-02-05 12:57:43","2026-02-05 12:57:43",A07059,"United States","United States",N1272H,,,,,,Aeronca,AR15,"Aeronca Sedan 15AC",15AC-286,,,,,,Private,,,1948,,,,0,,,,,,0,0,0,0,0,,,,,,0,0,0,0,0,GEN-AR15
30760872,"2026-02-05 12:43:59","2026-02-05 12:43:59",A7C692,"United States","United States",N60TC,,,,,,"Gulfstream Aerospace",GLF4,"Gulfstream Aerospace G450",4210,,,,,,"Aviation Advisor Inc",,,2009,,,,0,,,,,,0,0,0,0,0,,,,,,0,0,0,0,0,GEN-GLF4
30759974,"2026-02-05 12:32:49","2026-02-05 12:32:49",AD0336,"United States","United States",N93783,,,,,,ERCO,ERCO,"Ercoupe 415-C",1106,,,,,,Private,,,1946,,,,0,,,,,,0,0,0,0,0,,,,,,0,0,0,0,0,GEN-ERCO
30759375,"2026-02-05 12:26:15","2026-02-05 12:26:15",A643C2,"United States","United States",N5020M,,,,,,Taylorcraft,TAYB,"Taylorcraft BC-12 D",10320,,,,,,Private,,,1946,,,,0,,,,,,0,0,0,0,0,,,,,,0,0,0,0,0,GEN-TAYB
30758734,"2026-02-05 12:19:08","2026-02-05 12:19:08",A9D4DC,"United States","United States",N7320L,,,,,,Eagle,BALL,"Eagle C-7 Hot Air Balloon","E 85783",,,,,,Private,,,1985,,,,0,,,,,,0,0,0,0,0,,,,,,0,0,0,0,0,GEN-BALL
30757723,"2026-02-05 12:06:18","2026-02-05 12:06:18",A5CFB0,"United States","United States",N4738A,,,,,,Cessna,P210,"Cessna P210N Pressurized Centurion",P21000820,,,,,,Private,,,1983,,,,0,,,,,,0,0,0,0,0,,,,,,0,0,0,0,0,GEN-P210
30756718,"2026-02-05 11:53:59","2026-02-05 11:53:59",A172AD,"United States","United States",N1925N,,,,,,Sikorsky,S62,"Sikorsky S-62 A",62108,,,,,,Private,,,,,,,0,,,,,,0,0,0,0,0,,,,,,0,0,0,0,0,GEN-S62
30756637,"2026-02-05 11:53:03","2026-02-05 11:53:03",A99178,"United States","United States",N7153Y,,,,,,"Raven Aerostar",BALL,"Raven Aerostar RX.8 Hot Air Balloon",RX8-3245,,,,,,Private,,,1996,,,,0,,,,,,0,0,0,0,0,,,,,,0,0,0,0,0,GEN-BALL
30756092,"2026-02-05 11:46:10","2026-02-05 11:46:10",A7CDE9,"United States","United States",N6014Q,,,,,,Beech,BE76,"Beech Duchess 76",ME-153,,,,,,Private,,,1979,,,,0,,,,,,0,0,0,0,0,,,,,,0,0,0,0,0,GEN-BE76
30755994,"2026-02-05 11:44:58","2026-02-05 11:44:58",AAE6B5,"United States","United States",N801MP,,,,,,"Zénith",CH80,"Zénith Zenair STOL CH 801",84299,,,,,,Private,,,2007,,,,0,,,,,,0,0,0,0,0,,,,,,0,0,0,0,0,GEN-CH80
30755791,"2026-02-05 11:42:51","2026-02-05 11:42:51",A06D30,"United States","United States",N1266K,,,,,,Luscombe,L8,"Luscombe Silvaire 8E",3993,,,,,,Private,,,,,,,0,,,,,,0,0,0,0,0,,,,,,0,0,0,0,0,GEN-L8
30755695,"2026-02-05 11:41:44","2026-02-05 11:41:44",A35B21,"United States","United States",N315TV,,,,,,Schweizer,H269,"Schweizer 269 C",S1773,,,,,,Private,,,1998,,,,0,,,,,,0,0,0,0,0,,,,,,0,0,0,0,0,GEN-H269
30755595,"2026-02-05 11:40:20","2026-02-05 11:40:20",AC2A7F,"United States","United States",N883RP,,,,,,Cessna,C56X,"Cessna Citation XLS",560-5501,,,,,,"OIA Air Corp",,,,,,,0,,,,,,0,0,0,0,0,,,,,,0,0,0,0,0,GEN-C56X
30752437,"2026-02-05 11:01:58","2026-02-05 11:01:58",C822C1,"New Zealand","New Zealand",ZK-RJZ,,,,,,Cessna,C510,"Cessna Citation Mustang",510-0398,,,,,,"Tirohanga Holdings Ltd",,,2012,,,,0,,,,,,0,0,0,0,0,,,,,,0,0,0,0,0,GEN-C510
30751921,"2026-02-05 10:55:45","2026-02-05 10:55:45",A4B742,"United States","United States",N4026J,,,,,,Cessna,C150,"Cessna 150G",15065326,,,,,,Private,,,,,,,0,,,,,,0,0,0,0,0,,,,,,0,0,0,0,0,GEN-C150
30751914,"2026-02-05 10:55:39","2026-02-05 10:55:39",AAB211,"United States","United States",N789BC,,,,,,Avian,BALL,"Avian Skyhawk Hot Air Balloon",112,,,,,,Private,,,1983,,,,0,,,,,,0,0,0,0,0,,,,,,0,0,0,0,0,GEN-BALL
30751605,"2026-02-05 10:52:14","2026-02-05 10:52:14",468437,Greece,Greece,SX-AAW,,,,,,Cessna,C172,"Cessna 172N Skyhawk",17271024,,,,,,Private,,,1978,,,,0,,,,,,0,0,0,0,0,,,,,,0,0,0,0,0,GEN-C172
30751131,"2026-02-05 10:46:24","2026-02-05 10:46:24",A43302,"United States","United States",N37S,,,,,,Rutan,VEZE,"Rutan VariEze",1311,,,,,,Private,,,1978,,,,0,,,,,,0,0,0,0,0,,,,,,0,0,0,0,0,GEN-VEZE
30750760,"2026-02-05 10:41:41","2026-02-05 10:41:41",AD6345,"United States","United States",N96172,,,,,,Cessna,C172,"Cessna 172Q Cutlass",17276031,,,,,,Private,,,1983,,,,0,,,,,,0,0,0,0,0,,,,,,0,0,0,0,0,GEN-C172
30749923,"2026-02-05 10:32:00","2026-02-05 10:32:00",4045B7,"United Kingdom","United Kingdom",G-DMCT,,,,,,"Flight Design",FDCT,"Flight Design CT 2K",01-04-02-12,,,,,,Private,,,2001,,,,0,,,,,,0,0,0,0,0,,,,,,0,0,0,0,0,GEN-FDCT
30749662,"2026-02-05 10:28:57","2026-02-05 10:28:57",A1743B,"United States","United States",N193KK,,,,,,"Air Command",CMDE,"Air Command 532 Elite",3671616,,,,,,Private,,,,,,,0,,,,,,0,0,0,0,0,,,,,,0,0,0,0,0,GEN-CMDE
30748308,"2026-02-05 10:13:16","2026-02-05 10:13:16",A13101,"United States","United States",N176RU,,,,,,Mil,MI8,"Mil Mi-171 C",171C00076431901U,,,,,,"Simplex Corporation",,,,,,,0,,,,,,0,0,0,0,0,,,,,,0,0,0,0,0,GEN-MI8
30747683,"2026-02-05 10:06:09","2026-02-05 10:06:09",ACFE85,"United States","United States",N9361Y,,,,,,Beech,BE55,"Beech Baron 55",TC-19,,,,,,Private,,,1960,,,,0,,,,,,0,0,0,0,0,,,,,,0,0,0,0,0,GEN-BE55
30747669,"2026-02-05 10:05:58","2026-02-05 10:05:58",A13436,"United States","United States",N177LP,,,,,,Reims/Cessna,C77R,"Reims/Cessna F177RG Cardinal RG",0143,,,,,,Private,,,1976,,,,0,,,,,,0,0,0,0,0,,,,,,0,0,0,0,0,GEN-C77R
30747218,"2026-02-05 10:00:48","2026-02-05 10:00:48",A68A0F,"United States","United States",N520MP,,,,,,"Israel Aircraft Industries",WW24,"Israel Aircraft Industries 1124 Westwind",421,,,,,,"Texas Air Partners LLC",,,1984,,,,0,,,,,,0,0,0,0,0,,,,,,0,0,0,0,0,GEN-WW24
30746954,"2026-02-05 09:57:33","2026-02-05 09:57:33",A2E6C5,"United States","United States",N2861E,,,,,,Aeronca,CH7A,"Aeronca Champion 7AC",7AC-6444,,,,,,Private,,,1946,,,,0,,,,,,0,0,0,0,0,,,,,,0,0,0,0,0,GEN-CH7A
30746895,"2026-02-05 09:56:48","2026-02-05 09:56:48",A74BD5,"United States","United States",N5698M,,,,,,Rans,RS12,"Rans Airaile S-14",0792030,,,,,,Private,,,,,,,0,,,,,,0,0,0,0,0,,,,,,0,0,0,0,0,GEN-RS12
30745424,"2026-02-05 09:38:28","2026-02-05 09:38:28",A15EF6,"United States","United States",N188FW,,,,,,"American Aviation",AA1,"American Aviation AA-1 Yankee",AA1-0124,,,,,,Private,,,,,,,0,,,,,,0,0,0,0,0,,,,,,0,0,0,0,0,GEN-AA1
30743973,"2026-02-05 09:21:25","2026-02-05 09:21:25",A9392A,"United States","United States",N6937B,,,,,,Piper,PA22,"Piper PA-22 150 Tri-Pacer",22-4216,,,,,,Private,,,1956,,,,0,,,,,,0,0,0,0,0,,,,,,0,0,0,0,0,GEN-PA22
30743464,"2026-02-05 09:15:07","2026-02-05 09:15:07",ABE85A,"United States","United States",N8666Q,,,,,,Beech,BE35,"Beech Bonanza S35",D-7682,,,,,,Private,,,,,,,0,,,,,,0,0,0,0,0,,,,,,0,0,0,0,0,GEN-BE35
30742998,"2026-02-05 09:09:39","2026-02-05 09:09:39",3C446D,Germany,Germany,D-AACM,,,,,,Boeing,B738,"Boeing 737NG 8JM/W BBJ",37663,,,,,,"ACM Air Charter GmbH",,,2009,,,,0,,,,,,0,0,0,0,0,,,,,,0,0,0,0,0,BVR
30742495,"2026-02-05 09:03:07","2026-02-05 09:03:07",A7E7BC,"United States","United States",N6083D,,,,,,"Cirrus Design",SR22,"Cirrus Design SR22",0612,,,,,,Private,,,2003,,,,0,,,,,,0,0,0,0,0,,,,,,0,0,0,0,0,GEN-SR22
30742447,"2026-02-05 09:02:23","2026-02-05 09:02:23",4B0335,Switzerland,Switzerland,HB-BFP,,,,,,"Raven Industries",BALL,"Raven Industries Rally RX.7 Hot Air Balloon",RX7-367,,,,,,Private,,,,,,,0,,,,,,0,0,0,0,0,,,,,,0,0,0,0,0,GEN-BALL
30741965,"2026-02-05 08:56:35","2026-02-05 08:56:35",406C62,"United Kingdom","United Kingdom",G-RBEN,,,,,,Bombardier,GLEX,"Bombardier Global Express",9083,,,,,,"Gama Aviation",,,2000,,,,0,,,,,,0,0,0,0,0,,,,,,0,0,0,0,0,GMA
30741223,"2026-02-05 08:47:17","2026-02-05 08:47:17",ACCCC3,"United States","United States",N9238D,,,,,,Piper,P28A,"Piper PA-28 161 Cadet",2841231,,,,,,Private,,,1989,,,,0,,,,,,0,0,0,0,0,,,,,,0,0,0,0,0,GEN-P28A
30741207,"2026-02-05 08:47:04","2026-02-05 08:47:04",4804AE,Netherlands,Netherlands,J-872,,,,,,"General Dynamics",F16,"General Dynamics F-16AM Fighting Falcon",6D-89,,,,,,"Royal Netherlands Air Force",,,,,,,0,,,,,,1,0,0,0,0,,,,,,0,0,0,0,0,
30740493,"2026-02-05 08:39:07","2026-02-05 08:39:07",A00ACC,"United States","United States",N1010J,,,,,,Cessna,C182,"Cessna 182A Skylane",34483,,,,,,Private,,,1957,,,,0,,,,,,0,0,0,0,0,,,,,,0,0,0,0,0,GEN-C182
30740464,"2026-02-05 08:38:44","2026-02-05 08:38:44",A9E2F6,"United States","United States",N736SS,,,,,,Cessna,C172,"Cessna R172K Hawk XP",R1722758,,,,,,Private,,,1977,,,,0,,,,,,0,0,0,0,0,,,,,,0,0,0,0,0,GEN-C172
30739927,"2026-02-05 08:32:16","2026-02-05 08:32:16",A45417,"United States","United States",N37810,,,,,,Rotec,ULAC,"Rotec Rally 3",25005,,,,,,Private,,,,,,,0,,,,,,0,0,0,0,0,,,,,,0,0,0,0,0,GEN-ULAC
30739631,"2026-02-05 08:28:39","2026-02-05 08:28:39",45BDAD,Denmark,Denmark,OY-OMM,,,,,,"Diamond Aircraft",DA42,"Diamond Aircraft Twin Star DA42 NG",42.N105,,,,,,Private,,,2012,,,,0,,,,,,0,0,0,0,0,,,,,,0,0,0,0,0,GEN-DA42
30739155,"2026-02-05 08:23:35","2026-02-05 08:23:35",A850CC,"United States","United States",N635F,,,,,,Dassault,F2TH,"Dassault Falcon 2000",106,,,,,,"PLA Aircraft Corp",,,1999,,,,0,,,,,,0,0,0,0,0,,,,,,0,0,0,0,0,GEN-F2TH
7479,"2021-07-09 09:01:56","2026-02-05 08:21:40",ACD4DB,"United States","United States",N926EC,,,,,,Bombardier,CL60,"Bombardier Challenger 605",5832,,,,,,"Solairus Aviation",,,2009,,,,0,,,,,,0,0,0,0,0,,,,,,0,0,0,0,0,TWY-CL60
4112,"2020-10-13 06:11:16","2026-02-05 08:21:31",A7DACF,"United States","United States",N605LC,,,,,,Bombardier,CL60,"Bombardier Challenger 605",5740,,,,,,"Solairus Aviation",,,2007,,,,0,,,,,,0,0,0,0,0,,,,,,0,0,0,0,0,TWY-CL60
803,"2020-06-19 11:03:16","2026-02-05 08:21:10",C0013A,Canada,Canada,C-FAMB,,,,,,Bombardier,CL60,"Bombardier Challenger 650",6107,,,,,,"Skyservice Business Aviation",,,2017,,,,0,,,,,,0,0,0,0,0,,,,,,0,0,0,0,0,SYB-CL60
30737989,"2026-02-05 08:09:40","2026-02-05 08:09:40",3D17BA,Germany,Germany,D-EHFU,,,,,,Reims/Cessna,C172,"Reims/Cessna F172F",0164,,,,,,Private,,,1965,,,,0,,,,,,0,0,0,0,0,,,,,,0,0,0,0,0,GEN-C172
30737847,"2026-02-05 08:08:10","2026-02-05 08:08:10",A0F9A5,"United States","United States",N218Q,,,,,,"Hawker Beechcraft Corp",B350,"Hawker Beechcraft Corp King Air 350C",FM-62,,,,,,"United States Dept of Homeland Security",,,2015,,,,0,,,,,,0,0,0,0,0,,,,,,0,0,0,0,0,GEN-B350
11102,"2021-11-08 16:26:52","2026-02-05 08:04:54",C87EE8,"New Zealand","New Zealand","",,,,"",,"",ZZZZ,"","",,,,,,"",,,,,,"",0,,,,,,0,0,0,0,0,Missing,,,"","",0,0,0,0,0,GEN-ZZZZ
766556,"2023-10-30 20:59:55","2026-02-05 08:04:54",43BF96,"United Kingdom","United Kingdom","",,,,"",,"",ZANT,"","",,,,,,"",,,,,,"",0,,,,,,0,0,0,0,0,Missing,,,"","",0,0,0,0,0,ZANT
30737188,"2026-02-05 07:58:53","2026-02-05 07:58:53",A69B35,"United States","United States",N52475,,,,,,"Textron Aviation",C680,"Textron Aviation Citation Sovereign+",680-0563,,,,,,"Textron Aviation Inc",,,2016,,,,0,,,,,,0,0,0,0,0,,,,,,0,0,0,0,0,GEN-C680
30737178,"2026-02-05 07:58:48","2026-02-05 07:58:48",404222,"United Kingdom","United Kingdom",G-DUGI,,,,,,Lindstrand,BALL,"Lindstrand LBL.90A Hot Air Balloon",562,,,,,,Private,,,,,,,0,,,,,,0,0,0,0,0,,,,,,0,0,0,0,0,GEN-BALL
30737072,"2026-02-05 07:57:22","2026-02-05 07:57:22",C0260C,Canada,Canada,C-FOKP,,,,,,Bell,B06,"Bell 206L Long Ranger IV",52482,,,,,,"Bell Helicopter Textron Canada",,,2016,,,,0,,,,,,0,0,0,0,0,,,,,,0,0,0,0,0,GEN-B06
30736347,"2026-02-05 07:47:47","2026-02-05 07:47:47",47871F,Norway,Norway,LN-OZN,,,,,,Robinson,R22,"Robinson R22 Beta II",4451,,,,,,"European Helicopter Center",,,2010,,,,0,,,,,,0,0,0,0,0,,,,,,0,0,0,0,0,GEN-R22
30735973,"2026-02-05 07:42:52","2026-02-05 07:42:52",A7C32B,"United States","United States",N6GH,,,,,,Vans,RV6,"Vans RV-6","AIRLANE III",,,,,,Private,,,2008,,,,0,,,,,,0,0,0,0,0,,,,,,0,0,0,0,0,GEN-RV6
30734354,"2026-02-05 07:22:29","2026-02-05 07:22:29",A718EC,"United States","United States",N5566N,,,,,,Vultee,VALI,"Vultee SNV-1 Valiant",11100,,,,,,Private,,,,,,,0,,,,,,0,0,0,0,0,,,,,,0,0,0,0,0,GEN-VALI
30733897,"2026-02-05 07:16:46","2026-02-05 07:16:46",A7CF0D,"United States","United States",N602DW,,,,,,Beech,BE55,"Beech Baron B55",TC-1132,,,,,,Private,,,1968,,,,0,,,,,,0,0,0,0,0,,,,,,0,0,0,0,0,GEN-BE55
30733497,"2026-02-05 07:11:23","2026-02-05 07:11:23",A98D5B,"United States","United States",N71401,,,,,,"Textron Aviation",C172,"Textron Aviation 172S Skyhawk SP",172S11733,,,,,,Private,,,2016,,,,0,,,,,,0,0,0,0,0,,,,,,0,0,0,0,0,GEN-C172
30733331,"2026-02-05 07:09:39","2026-02-05 07:09:39",3FAA52,Germany,Germany,84+82,,,,,,Sikorsky,H53,"Sikorsky CH-53GE Stallion",V080,,,,,,"German Air Force",,,,,,,0,,,"","","",1,0,0,0,0,,,,,,0,0,0,0,0,
30732873,"2026-02-05 07:03:33","2026-02-05 07:03:33",702029,Bangladesh,Bangladesh,S2-AES,,,,,,Bombardier,DH8A,"Bombardier DHC-8 103",363,,,,,,"United Airways",,,1993,,,,0,,,,,,0,0,0,0,0,,,,,,0,0,0,0,0,GEN-DH8A
30732567,"2026-02-05 06:59:50","2026-02-05 06:59:50",3D1F46,Germany,Germany,D-EKCC,,,,,,Piper,PA46,"Piper PA-46 350P Malibu Mirage",4636327,,,,,,Private,,,2002,,,,0,,,,,,0,0,0,0,0,,,,,,0,0,0,0,0,GEN-PA46
30732418,"2026-02-05 06:57:43","2026-02-05 06:57:43",ADEFA8,"United States","United States",N99747,,,,,,Vans,RV4,"Vans RV-4",2097,,,,,,Private,,,2001,,,,0,,,,,,0,0,0,0,0,,,,,,0,0,0,0,0,GEN-RV4
30732276,"2026-02-05 06:56:07","2026-02-05 06:56:07",AC321D,"United States","United States",N885TM,,,,,,"Raytheon Aircraft Company",H25B,"Raytheon Aircraft Company 125 800XP",258564,,,,,,"Executive Jet Management",,,,,,,0,,,,,,0,0,0,0,0,,,,,,0,0,0,0,0,EJM
30731232,"2026-02-05 06:43:20","2026-02-05 06:43:20",A9481D,"United States","United States",N69770,,,,,,Cessna,C310,"Cessna 310Q",310Q-0969,,,,,,Private,,,,,,,0,,,,,,0,0,0,0,0,,,,,,0,0,0,0,0,GEN-C310
30730680,"2026-02-05 06:36:44","2026-02-05 06:36:44",A5EC58,"United States","United States",N481AH,,,,,,"Airbus Helicopters",EC45,"Airbus Helicopters UH-72A Lakota",9811,,,,,,"Airbus Helicopters Inc",,,2018,,,,0,,,,,,0,0,0,0,0,,,,,,0,0,0,0,0,GEN-EC45
30729808,"2026-02-05 06:26:05","2026-02-05 06:26:05",A193BB,"United States","United States",N200TQ,,,,,,QAC,QIC2,"QAC Quickie Tri-Q 200",2353,,,,,,Private,,,,,,,0,,,,,,0,0,0,0,0,,,,,,0,0,0,0,0,GEN-QIC2
30728620,"2026-02-05 06:10:37","2026-02-05 06:10:37",390DE0,France,France,F-GDPA,,,,,,Cessna,C72R,"Cessna 172RG Cutlass RG",172RG1091,,,,,,Private,,,1982,,,,0,,,,,,0,0,0,0,0,,,,,,0,0,0,0,0,GEN-C72R
30728435,"2026-02-05 06:08:30","2026-02-05 06:08:30",AD0F92,"United States","United States",N9400T,,,,,,Cessna,C210,"Cessna 210",57200,,,,,,Private,,,1960,,,,0,,,,,,0,0,0,0,0,,,,,,0,0,0,0,0,GEN-C210
30728255,"2026-02-05 06:06:04","2026-02-05 06:06:04",A969DC,"United States","United States",N70524,,,,,,"McDonnell Douglas",MD82,"McDonnell Douglas DC-9 82",49916,,,,,,"American Airlines",,,1990,,,,0,,,,,,0,0,0,0,0,,,,,,0,0,0,0,0,GEN-MD82
30727845,"2026-02-05 06:00:59","2026-02-05 06:00:59",A00090,"United States","United States",N1FS,,,,,,"Gulfstream Aerospace",GLF5,"Gulfstream Aerospace G550",5180,,,,,,"Warner Chilcott Leasing Equipment Inc",,,2008,,,,0,,,,,,0,0,0,0,0,,,,,,0,0,0,0,0,GEN-GLF5
30727630,"2026-02-05 05:58:11","2026-02-05 05:58:11",A048D0,"United States","United States",N11718,,,,,,Bellanca,CH7B,"Bellanca Citabria 7GCBC",375-72,,,,,,Private,,,1972,,,,0,,,,,,0,0,0,0,0,,,,,,0,0,0,0,0,GEN-CH7B
30727340,"2026-02-05 05:54:46","2026-02-05 05:54:46",AAA33B,"United States","United States",N785BJ,,,,,,Boeing,B738,"Boeing 737NG 800/W BBJ",63990,,,,,,"Polish Air Force",,,2018,,,,0,,,,,,1,0,0,0,0,,,,,,0,0,0,0,0,PLF
30726986,"2026-02-05 05:49:50","2026-02-05 05:49:50",4247A4,"Cayman Islands","Cayman Islands",VP-CYZ,,,,,,"Gulfstream Aerospace",GLF6,"Gulfstream Aerospace G650 ER",6217,,,,,,"TAG Aviation Asia",,,2016,,,,0,,,,,,0,0,0,0,0,,,,,,0,0,0,0,0,GEN-GLF6
30726908,"2026-02-05 05:48:49","2026-02-05 05:48:49",484725,Netherlands,Netherlands,PH-725,,,,,,Scheibe,SF25,"Scheibe SF-25C Falke",44334,,,,,,Private,,,1982,,,,0,,,,,,0,0,0,0,0,,,,,,0,0,0,0,0,GEN-SF25
30726540,"2026-02-05 05:43:56","2026-02-05 05:43:56",A4CA0D,"United States","United States",N40775,,,,,,Piper,J3,"Piper J-3 C-65 Cub",7489,,,,,,Private,,,1941,,,,0,,,,,,0,0,0,0,0,,,,,,0,0,0,0,0,GEN-J3
30725128,"2026-02-05 05:24:57","2026-02-05 05:24:57",C04B09,Canada,Canada,C-GCKU,,,,,,Airbus,A320,"Airbus A320 212",1437,,,,,,"Air Transat",,,2001,,,,0,,,,,,0,0,0,0,0,,,,,,0,0,0,0,0,TSC
30723678,"2026-02-05 05:05:30","2026-02-05 05:05:30",A3EF22,"United States","United States",N3524C,,,,,,Cessna,C170,"Cessna 170B",26567,,,,,,Private,,,1954,,,,0,,,,,,0,0,0,0,0,,,,,,0,0,0,0,0,GEN-C170
30723369,"2026-02-05 05:01:21","2026-02-05 05:01:21",A8AD51,"United States","United States",N65835,,,,,,Cessna,C172,"Cessna 172Q Cutlass",17275903,,,,,,Private,,,1982,,,,0,,,,,,0,0,0,0,0,,,,,,0,0,0,0,0,GEN-C172
30723109,"2026-02-05 04:57:48","2026-02-05 04:57:48",A380C9,"United States","United States",N3249K,,,,,,Temco,GC1,"Temco Globe Swift GC-1B",1242,,,,,,Private,,,1946,,,,0,,,,,,0,0,0,0,0,,,,,,0,0,0,0,0,GEN-GC1
30723021,"2026-02-05 04:56:47","2026-02-05 04:56:47",E496A1,Brazil,Brazil,PR-LAK,,,,,,Embraer,E545,"Embraer Legacy 450",55010071,,,,,,Embraer,,,2020,,,,0,,,,,,0,0,0,0,0,,,,,,0,0,0,0,0,GEN-E545
30722466,"2026-02-05 04:49:02","2026-02-05 04:49:02",0D0660,Mexico,Mexico,XA-UPZ,,,,,,Cessna,C25A,"Cessna Citation CJ2+",525A0482,,,,,,"Aerotaxis Alfe SA de CV",,,,,,,0,,,,,,0,0,0,0,0,,,,,,0,0,0,0,0,GEN-C25A
30722404,"2026-02-05 04:48:19","2026-02-05 04:48:19",507C35,Uzbekistan,Uzbekistan,UK-91107,,,,,,Ilyushin,I114,"Ilyushin IL-114 100",2103800207,,,,,,"Uzbekistan Airways",,,,,,,0,,,,,,0,0,0,0,0,,,,,,0,0,0,0,0,UZB
30721801,"2026-02-05 04:39:58","2026-02-05 04:39:58",7582BB,Philippines,Philippines,RP-C8298,,,,,,"British Aerospace",JS41,"British Aerospace Jetstream 41 -01",41013,,,,,,"Royal Star Aviation",,,1993,,,,0,,,,,,0,0,0,0,0,,,,,,0,0,0,0,0,RSM
30721576,"2026-02-05 04:36:55","2026-02-05 04:36:55",A089F6,"United States","United States",N1339N,,,,,,Cessna,C172,"Cessna 172M Skyhawk",17262728,,,,,,Private,,,1973,,,,0,,,,,,0,0,0,0,0,,,,,,0,0,0,0,0,GEN-C172
30721313,"2026-02-05 04:33:17","2026-02-05 04:33:17",87C817,Japan,Japan,5502,,,,,,Kawasaki,P1,"Kawasaki XP-1",0002,,,,,,"Japanese Maritime Self Defence Force",,,,,,,0,,,,,,1,0,0,0,0,,,,,,0,0,0,0,0,
30721116,"2026-02-05 04:30:54","2026-02-05 04:30:54",86EFA7,Japan,Japan,JA8991,,,,,,Boeing,B734,"Boeing 737 446",27916,,,,,,"Japan Transocean Air",,,1995,,,,0,,,,,,0,0,0,0,0,,,,,,0,0,0,0,0,JTA
30720674,"2026-02-05 04:24:28","2026-02-05 04:24:28",A32A12,"United States","United States",N3027E,,,,,,Aeronca,CH7A,"Aeronca Champion 7AC",7AC-6613,,,,,,Private,,,1946,,,,0,,,,,,0,0,0,0,0,,,,,,0,0,0,0,0,GEN-CH7A
30719876,"2026-02-05 04:12:48","2026-02-05 04:12:48",AA33E8,"United States","United States",N7569B,,,,,,Champion,CH7A,"Champion Tri-Traveler 7FC",7FC-71,,,,,,Private,,,1957,,,,0,,,,,,0,0,0,0,0,,,,,,0,0,0,0,0,GEN-CH7A
30719581,"2026-02-05 04:09:00","2026-02-05 04:09:00",A75C44,"United States","United States",N5732Z,,,,,,Piper,PA22,"Piper PA-22 108 Colt",22-9571,,,,,,Private,,,,,,,0,,,,,,0,0,0,0,0,,,,,,0,0,0,0,0,GEN-PA22
30719485,"2026-02-05 04:07:59","2026-02-05 04:07:59",A1E251,"United States","United States",N220PL,,,,,,"Advanced Aviation",ULAC,"Advanced Aviation Cobra",AT002,,,,,,Private,,,,,,,0,,,,,,0,0,0,0,0,,,,,,0,0,0,0,0,GEN-ULAC
30719273,"2026-02-05 04:05:05","2026-02-05 04:05:05",A63ACD,"United States","United States",N500JW,,,,,,Grumman,GLF2,"Grumman GII TT",234,,,,,,"Jet-A-Way Charters",,,1978,,,,0,,,,,,0,0,0,0,0,,,,,,0,0,0,0,0,GEN-GLF2
30717815,"2026-02-05 03:44:34","2026-02-05 03:44:34",A1E22F,"United States","United States",N220NB,,,,,,"Gulfstream Aerospace",GLF4,"Gulfstream Aerospace G450",4229,,,,,,"Mockingbird LLC",,,2011,,,,0,,,,,,0,0,0,0,0,,,,,,0,0,0,0,0,GEN-GLF4
30717667,"2026-02-05 03:42:32","2026-02-05 03:42:32",400C6C,"United Kingdom","United Kingdom",G-VIPV,,,,,,Piper,PA31,"Piper PA-31 350 Navajo Chieftain",31-7952092,,,,,,"Capital Air Charter Ltd",,,1979,,,,0,,,,,,0,0,0,0,0,,,,,,0,0,0,0,0,EGL
30717159,"2026-02-05 03:35:34","2026-02-05 03:35:34",A28BBC,"United States","United States",N263SK,,,,,,Embraer,E145,"Embraer ERJ-145 LR",145199,,,,,,"AeroMexico Connect",,,,,,,0,,,,,,0,0,0,0,0,,,,,,0,0,0,0,0,GEN-E145
30716445,"2026-02-05 03:24:31","2026-02-05 03:24:31",A87A3E,"United States","United States",N6450Z,,,,,,Piper,PA25,"Piper PA-25 150 Pawnee",25-610,,,,,,Private,,,,,,,0,,,,,,0,0,0,0,0,,,,,,0,0,0,0,0,GEN-PA25
30716038,"2026-02-05 03:18:49","2026-02-05 03:18:49",1480F1,Russia,Russia,RA-33009,,,,,,Antonov,AN2,"Antonov An-2 R",1G217-56,,,,,,Kurskavia,,,,,,,0,,,,,,0,0,0,0,0,,,,,,0,0,0,0,0,GEN-AN2
30715365,"2026-02-05 03:09:03","2026-02-05 03:09:03",ACD841,"United States","United States",N927AX,,,,,,Boeing,B772,"Boeing 777 222ER",26943,,,,,,"Omni Air International",,,1997,,,,0,,,,,,0,0,0,0,0,,,,,,0,0,0,0,0,OAE
30712975,"2026-02-05 02:35:16","2026-02-05 02:35:16",A751C5,"United States","United States",N5707Q,,,,,,"Raven Industries",BALL,"Raven Industries Rally RX.7 Hot Air Balloon",RX7-203,,,,,,Private,,,,,,,0,,,,,,0,0,0,0,0,,,,,,0,0,0,0,0,GEN-BALL
30711989,"2026-02-05 02:21:29","2026-02-05 02:21:29",A616CC,"United States","United States",N49140,,,,,,Taylorcraft,TAYD,"Taylorcraft DCO-65",O-4301,,,,,,Private,,,1942,,,,0,,,,,,0,0,0,0,0,,,,,,0,0,0,0,0,GEN-TAYD
30711644,"2026-02-05 02:16:29","2026-02-05 02:16:29",ADE4FA,"United States","United States",N9948L,,,,,,"American Aviation",AA1,"American Aviation AA-1B",AA1B-0248,,,,,,Private,,,,,,,0,,,,,,0,0,0,0,0,,,,,,0,0,0,0,0,GEN-AA1
30709831,"2026-02-05 01:51:08","2026-02-05 01:51:08",AA5EB2,"United States","United States",N76759,,,,,,Cessna,C140,"Cessna 140",11191,,,,,,Private,,,1946,,,,0,,,,,,0,0,0,0,0,,,,,,0,0,0,0,0,GEN-C140
30709712,"2026-02-05 01:49:28","2026-02-05 01:49:28",A14FC3,"United States","United States",N184CJ,,,,,,SAAB,SF34,"SAAB 340 B",184,,,,,,"Endeavor Air",,,1990,,,,0,,,,,,0,0,0,0,0,,,,,,0,0,0,0,0,GEN-SF34
30709594,"2026-02-05 01:47:48","2026-02-05 01:47:48",A93907,"United States","United States",N6936B,,,,,,Piper,PA22,"Piper PA-22 150 Tri-Pacer",22-4215,,,,,,Private,,,1956,,,,0,,,,,,0,0,0,0,0,,,,,,0,0,0,0,0,GEN-PA22
30708146,"2026-02-05 01:28:28","2026-02-05 01:28:28",A212F7,"United States","United States",N2325B,,,,,,Piccard,BALL,"Piccard AX.7 Hot Air Balloon",13,,,,,,Private,,,1966,,,,0,,,,,,0,0,0,0,0,,,,,,0,0,0,0,0,GEN-BALL
30707847,"2026-02-05 01:24:00","2026-02-05 01:24:00",A61CF0,"United States","United States",N493TK,,,,,,Thorp,T18,"Thorp T-18",493,,,,,,Private,,,1977,,,,0,,,,,,0,0,0,0,0,,,,,,0,0,0,0,0,GEN-T18
30707737,"2026-02-05 01:22:21","2026-02-05 01:22:21",AE08F7,"United States","United States",85-00153,,,,,,Beech,BE20,"Beech RC-12K Huron",FE-7,,,,,,"United States Army",,,,,,,0,,,,,,1,0,0,0,0,,,,,,0,0,0,0,0,
30707726,"2026-02-05 01:22:08","2026-02-05 01:22:08",A19282,"United States","United States",N200FB,,,,,,Piper,PAY1,"Piper PA-31T1 Cheyenne I",31T-7904037,,,,,,"N200FB Corp Trustee",,,1979,,,,0,,,,,,0,0,0,0,0,,,,,,0,0,0,0,0,GEN-PAY1
30707098,"2026-02-05 01:13:15","2026-02-05 01:13:15",ADCCB4,"United States","United States",N989BH,,,,,,"Aero Vodochody",L39,"Aero Vodochody L-39",934872,,,,,,Private,,,,,,,0,,,,,,0,0,0,0,0,,,,,,0,0,0,0,0,GEN-L39
30706448,"2026-02-05 01:03:49","2026-02-05 01:03:49",3E1AB5,Germany,Germany,D-IBHT,,,,,,Mitsubishi,MU2,"Mitsubishi MU-2 L",700SA,,,,,,"ZMP Corporation",,,1977,,,,0,,,,,,0,0,0,0,0,,,,,,0,0,0,0,0,GEN-MU2
30706126,"2026-02-05 00:59:32","2026-02-05 00:59:32",A003DD,"United States","United States",N10RL,,,,,,Beech,BE58,"Beech Baron 58P",TJ-340,,,,,,Private,,,1981,,,,0,,,,,,0,0,0,0,0,,,,,,0,0,0,0,0,GEN-BE58
536058,"2026-02-05 00:51:45","2026-02-05 00:51:45",3EA77F,Germany,Germany,30+80,,,,,,Eurofighter,EUFI,"Eurofighter Typhoon EF2000",,,,,,,"German Air Force",,,,,,"JT: 2026-02-05 00:51:45",0,,,,,,1,0,0,0,0,,,,,,0,0,0,0,0,GAF-EUFI
660659,"2026-02-05 00:51:45","2026-02-05 00:51:45",3FA3C1,Germany,Germany,8?+??,,,,,,Dornier,H53,"Sikorsky CH-53GA Stallion",8225,,,,,,"German Air Force",,,,,,"JT: 2026-02-05 00:51:45",0,,,,,,1,0,0,0,0,,,,,,0,0,0,0,0,GAF-H53
847247,"2026-02-05 00:51:45","2026-02-05 00:51:45",3F4E82,Germany,Germany,3?+??,,,,,,Sikorsky,EUFI,"Eurofighter Typhoon EF2000",,,,,,,"German Air Force",,,,,,"JT: 2026-02-05 00:51:45",0,,,,,,1,0,0,0,0,,,,,,0,0,0,0,0,GAF-EUFI
2528026,"2026-02-05 00:51:45","2026-02-05 00:51:45",3F9A7F,Germany,Germany,74+??,,,,,,PANAVIA,TIGR,"Eurocopter EC.665 Tiger",,,,,,,"German Army",,,,,,"JT: 2026-02-05 00:51:45",0,,,,,,1,0,0,0,0,,,,,,0,0,0,0,0,GAM-TIGR
28241286,"2026-02-05 00:51:45","2026-02-05 00:51:45",3FB026,Germany,Germany,77+??,,,,,,,EC45,"Airbus Helicopters H-145M",,,,,,,"German Army",,,,,,"JT: 2026-02-05 00:51:45",0,,,,,,1,0,0,0,0,,,,,,0,0,0,0,0,GAM-EC45
28244206,"2026-02-05 00:51:45","2026-02-05 00:51:45",3F4B5A,Germany,Germany,7?+??,,,,,,,NH90,"NHIndustries NH90-TTH",,,,,,,"German Army",,,,,,"JT: 2026-02-05 00:51:45",0,,,,,,1,0,0,0,0,,,,,,0,0,0,0,0,GAM-NH90
28246904,"2026-02-05 00:51:45","2026-02-05 00:51:45",3F4490,Germany,Germany,31+20,,,,,,,EUFI,"Eurofighter Typhoon EF2000",,,,,,,"German Air Force",,,,,,"JT: 2026-02-05 00:51:45",0,,,,,,1,0,0,0,0,,,,,,0,0,0,0,0,GAF-EUFI
28264934,"2026-02-05 00:51:45","2026-02-05 00:51:45",3F5FA4,Germany,Germany,7?+??,,,,,,,NH90,"NHIndustries NH90-TTH",,,,,,,"German Army",,,,,,"JT: 2026-02-05 00:51:45",0,,,,,,1,0,0,0,0,,,,,,0,0,0,0,0,GAM-NH90
28271920,"2026-02-05 00:51:45","2026-02-05 00:51:45",3F91DA,Germany,Germany,31+49,,,,,,,EUFI,"Eurofighter Typhoon EF2000",,,,,,,"German Air Force",,,,,,"JT: 2026-02-05 00:51:45",0,,,,,,1,0,0,0,0,,,,,,0,0,0,0,0,GAF-EUFI
28273559,"2026-02-05 00:51:45","2026-02-05 00:51:45",3F5808,Germany,Germany,45+94,,,,,,,TOR,"Panavia Tornado",,,,,,,"German Air Force",,,,,,"JT: 2026-02-05 00:51:45",0,,,,,,1,0,0,0,0,,,,,,0,0,0,0,0,GAF-TOR
28367423,"2026-02-05 00:51:45","2026-02-05 00:51:45",3FB335,Germany,Germany,30+84,,,,,,,EUFI,"Eurofighter Typhoon EF2000",,,,,,,"German Air Force",,,,,,"JT: 2026-02-05 00:51:45",0,,,,,,1,0,0,0,0,,,,,,0,0,0,0,0,GAF-EUFI
28368553,"2026-02-05 00:51:45","2026-02-05 00:51:45",3FB377,Germany,Germany,44+90,,,,,,,TOR,"Panavia Tornado",,,,,,,"German Air Force",,,,,,"JT: 2026-02-05 00:51:45",0,,,,,,1,0,0,0,0,,,,,,0,0,0,0,0,GAF-TOR
28395481,"2026-02-05 00:51:45","2026-02-05 00:51:45",3F957B,Germany,Germany,83+??,,,,,,,LYNX,"Westland Lynx Mk.88A",,,,,,,"German Navy",,,,,,"JT: 2026-02-05 00:51:45",0,,,,,,1,0,0,0,0,,,,,,0,0,0,0,0,GNY-LYNX
28727102,"2026-02-05 00:51:45","2026-02-05 00:51:45",3F7F83,Germany,Germany,74+??,,,,,,,TIGR,"Eurocopter EC.665 Tiger",,,,,,,"German Army",,,,,,"JT: 2026-02-05 00:51:45",0,,,,,,1,0,0,0,0,,,,,,0,0,0,0,0,GAM-TIGR
28736323,"2026-02-05 00:51:45","2026-02-05 00:51:45",3F9298,Germany,Germany,74+??,,,,,,,TIGR,"Eurocopter EC.665 Tiger",,,,,,,"German Army",,,,,,"JT: 2026-02-05 00:51:45",0,,,,,,1,0,0,0,0,,,,,,0,0,0,0,0,GAM-TIGR
28746879,"2026-02-05 00:51:45","2026-02-05 00:51:45",3F9901,Germany,Germany,8?+??,,,,,,,H53,"Sikorsky CH-53GA Stallion",,,,,,,"German Air Force",,,,,,"JT: 2026-02-05 00:51:45",0,,,,,,1,0,0,0,0,,,,,,0,0,0,0,0,GAF-H53
28840997,"2026-02-05 00:51:45","2026-02-05 00:51:45",3F744C,Germany,Germany,31+12,,,,,,,EUFI,"Eurofighter Typhoon EF2000",,,,,,,"German Air Force",,,,,,"JT: 2026-02-05 00:51:45",0,,,,,,1,0,0,0,0,,,,,,0,0,0,0,0,GAF-EUFI
28846572,"2026-02-05 00:51:45","2026-02-05 00:51:45",3F5994,Germany,Germany,30+17,,,,,,,EUFI,"Eurofighter Typhoon EF2000",,,,,,,"German Air Force",,,,,,"JT: 2026-02-05 00:51:45",0,,,,,,1,0,0,0,0,,,,,,0,0,0,0,0,GAF-EUFI
28972134,"2026-02-05 00:51:45","2026-02-05 00:51:45",3F8460,Germany,Germany,7?+??,,,,,,,NH90,"NHIndustries NH90-TTH",,,,,,,"German Army",,,,,,"JT: 2026-02-05 00:51:45",0,,,,,,1,0,0,0,0,,,,,,0,0,0,0,0,GAM-NH90
28988130,"2026-02-05 00:51:45","2026-02-05 00:51:45",3FA5FA,Germany,Germany,46+49,,,,,,,TOR,"Panavia Tornado",,,,,,,"German Air Force",,,,,,"JT: 2026-02-05 00:51:45",0,,,,,,1,0,0,0,0,,,,,,0,0,0,0,0,GAF-TOR
29076732,"2026-02-05 00:51:45","2026-02-05 00:51:45",3E9518,Germany,Germany,31+39,,,,,,,EUFI,"Eurofighter Typhoon EF2000",,,,,,,"German Air Force",,,,,,"JT: 2026-02-05 00:51:45",0,,,,,,1,0,0,0,0,,,,,,0,0,0,0,0,GAF-EUFI
29103753,"2026-02-05 00:51:45","2026-02-05 00:51:45",3F5344,Germany,Germany,3?+??,,,,,,,EUFI,"Eurofighter Typhoon EF2000",,,,,,,"German Air Force",,,,,,"JT: 2026-02-05 00:51:45",0,,,,,,1,0,0,0,0,,,,,,0,0,0,0,0,GAF-EUFI
29133560,"2026-02-05 00:51:45","2026-02-05 00:51:45",3EB9C9,Germany,Germany,3?+??,,,,,,,EUFI,"Eurofighter Typhoon EF2000",,,,,,,"German Air Force",,,,,,"JT: 2026-02-05 00:51:45",0,,,,,,1,0,0,0,0,,,,,,0,0,0,0,0,GAF-EUFI
29196223,"2026-02-05 00:51:45","2026-02-05 00:51:45",3EBF4C,Germany,Germany,3?+??,,,,,,,EUFI,"Eurofighter Typhoon EF2000",,,,,,,"German Air Force",,,,,,"JT: 2026-02-05 00:51:45",0,,,,,,1,0,0,0,0,,,,,,0,0,0,0,0,GAF-EUFI
29488198,"2026-02-05 00:51:45","2026-02-05 00:51:45",3F4C12,Germany,Germany,31+51,,,,,,,EUFI,"Eurofighter Typhoon EF2000",,,,,,,"German Air Force",,,,,,"JT: 2026-02-05 00:51:45",0,,,,,,1,0,0,0,0,,,,,,0,0,0,0,0,GAF-EUFI
29488211,"2026-02-05 00:51:45","2026-02-05 00:51:45",3E914B,Germany,Germany,4?+??,,,,,,,TOR,"Panavia Tornado",,,,,,,"German Air Force",,,,,,"JT: 2026-02-05 00:51:45",0,,,,,,1,0,0,0,0,,,,,,0,0,0,0,0,GAF-TOR
29488213,"2026-02-05 00:51:45","2026-02-05 00:51:45",3E947C,Germany,Germany,4?+??,,,,,,,TOR,"Panavia Tornado",,,,,,,"German Air Force",,,,,,"JT: 2026-02-05 00:51:45",0,,,,,,1,0,0,0,0,,,,,,0,0,0,0,0,GAF-TOR
29488341,"2026-02-05 00:51:45","2026-02-05 00:51:45",3F758D,Germany,Germany,45+61,,,,,,,TOR,"Panavia Tornado",,,,,,,"German Air Force",,,,,,"JT: 2026-02-05 00:51:45",0,,,,,,1,0,0,0,0,,,,,,0,0,0,0,0,GAF-TOR
29488805,"2026-02-05 00:51:45","2026-02-05 00:51:45",3F84DA,Germany,Germany,31+03,,,,,,,EUFI,"Eurofighter Typhoon EF2000",,,,,,,"German Air Force",,,,,,"JT: 2026-02-05 00:51:45",0,,,,,,1,0,0,0,0,,,,,,0,0,0,0,0,GAF-EUFI
29488929,"2026-02-05 00:51:45","2026-02-05 00:51:45",3EB571,Germany,Germany,7?+??,,,,,,,NH90,"NHIndustries NH90-TTH",,,,,,,"German Army",,,,,,"JT: 2026-02-05 00:51:45",0,,,,,,1,0,0,0,0,,,,,,0,0,0,0,0,GAM-NH90
29489634,"2026-02-05 00:51:45","2026-02-05 00:51:45",3F498A,Germany,Germany,8?+??,,,,,,,H53,"Sikorsky CH-53GA Stallion",,,,,,,"German Air Force",,,,,,"JT: 2026-02-05 00:51:45",0,,,,,,1,0,0,0,0,,,,,,0,0,0,0,0,GAF-H53
29489728,"2026-02-05 00:51:45","2026-02-05 00:51:45",3F6EE5,Germany,Germany,8?+??,,,,,,,H53,"Sikorsky CH-53GA Stallion",,,,,,,"German Air Force",,,,,,"JT: 2026-02-05 00:51:45",0,,,,,,1,0,0,0,0,,,,,,0,0,0,0,0,GAF-H53
29489959,"2026-02-05 00:51:45","2026-02-05 00:51:45",3F486B,Germany,Germany,84+86,,,,,,,H53,"Sikorsky CH-53GA Stallion",,,,,,,"German Air Force",,,,,,"JT: 2026-02-05 00:51:45",0,,,,,,1,0,0,0,0,,,,,,0,0,0,0,0,GAF-H53
29684986,"2026-02-05 00:51:45","2026-02-05 00:51:45",3EBECB,Germany,Germany,4?+??,,,,,,,TOR,"Panavia Tornado",,,,,,,"German Air Force",,,,,,"JT: 2026-02-05 00:51:45",0,,,,,,1,0,0,0,0,,,,,,0,0,0,0,0,GAF-TOR
29700103,"2026-02-05 00:51:45","2026-02-05 00:51:45",3F5DBD,Germany,Germany,74+??,,,,,,,TIGR,"Eurocopter EC.665 Tiger",,,,,,,"German Army",,,,,,"JT: 2026-02-05 00:51:45",0,,,,,,1,0,0,0,0,,,,,,0,0,0,0,0,GAM-TIGR
29702662,"2026-02-05 00:51:45","2026-02-05 00:51:45",3E8A00,Germany,Germany,8?+??,,,,,,,H53,"Sikorsky CH-53GA Stallion",,,,,,,"German Air Force",,,,,,"JT: 2026-02-05 00:51:45",0,,,,,,1,0,0,0,0,,,,,,0,0,0,0,0,GAF-H53
30582648,"2026-02-05 00:51:45","2026-02-05 00:51:45",3F8483,Germany,Germany,7?+??,,,,,,,NH90,"NHIndustries NH90-TTH",,,,,,,"German Army",,,,,,"JT: 2026-02-05 00:51:45",0,,,,,,1,0,0,0,0,,,,,,0,0,0,0,0,GAM-NH90
30705234,"2026-02-05 00:47:25","2026-02-05 00:47:25",8A0534,Indonesia,Indonesia,PK-GNU,,,,,,Boeing,B738,"Boeing 737NG 8U3/W",41812,,,,,,"Garuda Indonesia",,,2015,,,,0,,,,,,0,0,0,0,0,,,,,,0,0,0,0,0,GIA
30705095,"2026-02-05 00:45:25","2026-02-05 00:45:25",A425B5,"United States","United States",N3665Z,,,,,,"Balloon Works",BALL,"Balloon Works Firefly 7 Hot Air Balloon",F7-061,,,,,,Private,,,1983,,,,0,,,,,,0,0,0,0,0,,,,,,0,0,0,0,0,GEN-BALL
30704204,"2026-02-05 00:33:02","2026-02-05 00:33:02",780432,China,China,B-5358,,,,,,Boeing,B738,"Boeing 737NG 84P/W",35077,,,,,,"Hainan Airlines",,,2007,,,,0,,,,,,0,0,0,0,0,,,,,,0,0,0,0,0,CHH
30704107,"2026-02-05 00:31:56","2026-02-05 00:31:56",4B4B8E,Switzerland,Switzerland,HB-1767,,,,,,Rolladen-Schneider,GLID,"Rolladen-Schneider LS4",4484,,,,,,Private,,,1985,,,,0,,,,,,0,0,0,0,0,,,,,,0,0,0,0,0,GEN-GLID
30703657,"2026-02-05 00:26:06","2026-02-05 00:26:06",AD1860,"United States","United States",N943AU,,,,,,Boeing,B735,"Boeing 737 530",24943,,,,,,Lufthansa,,,1991,,,,0,,,,,,0,0,0,0,0,,,,,,0,0,0,0,0,GEN-B735
30702749,"2026-02-05 00:13:22","2026-02-05 00:13:22",459996,Denmark,Denmark,OY-FLV,,,,,,"De Havilland",DHC1,"De Havilland DHC-1 Chipmunk 20",C1/0878,,,,,,Private,,,1953,,,,0,,,,,,0,0,0,0,0,,,,,,0,0,0,0,0,GEN-DHC1
30702228,"2026-02-05 00:05:44","2026-02-05 00:05:44",A83577,"United States","United States",N628RL,,,,,,AgustaWestland,A119,"AgustaWestland AW.119 MkII",14713,,,,,,"Era Helicopters",,,2008,,,,0,,,,,,0,0,0,0,0,,,,,,0,0,0,0,0,GEN-A119
