AircraftID,FirstCreated,LastModified,ModeS,ModeSCountry,Country,Registration,CurrentRegDate,PreviousID,FirstRegDate,Status,DeRegDate,Manufacturer,ICAOTypeCode,Type,SerialNo,PopularName,GenericName,AircraftClass,Engines,OwnershipStatus,RegisteredOwners,MTOW,TotalHours,YearBuilt,CofACategory,CofAExpiry,UserNotes,Interested,UserTag,InfoURL,PictureURL1,PictureURL2,PictureURL3,UserBool1,UserBool2,UserBool3,UserBool4,UserBool5,UserString1,UserString2,UserString3,UserString4,UserString5,UserInt1,UserInt2,UserInt3,UserInt4,UserInt5,OperatorFlagCode
30246811,"2026-01-31 23:52:18","2026-01-31 23:52:18",A6FFE0,"United States","United States",N550ES,,,,,,"Lancair International",LNCE,"Lancair International Lancair ES",ES-098,,,,,,Private,,,,,,,0,,,,,,0,0,0,0,0,,,,,,0,0,0,0,0,GEN-LNCE
30246766,"2026-01-31 23:51:52","2026-01-31 23:51:52",A03736,"United States","United States",N1129B,,,,,,Luscombe,L8,"Luscombe Silvaire 8A",5756,,,,,,Private,,,,,,,0,,,,,,0,0,0,0,0,,,,,,0,0,0,0,0,GEN-L8
30246409,"2026-01-31 23:46:51","2026-01-31 23:46:51",A0F6BF,"United States","United States",N161PW,,,,,,Rotec,ULAC,"Rotec Rally 2B",16160,,,,,,Private,,,,,,,0,,,,,,0,0,0,0,0,,,,,,0,0,0,0,0,GEN-ULAC
30246115,"2026-01-31 23:42:57","2026-01-31 23:42:57",C057D6,Canada,Canada,C-GHGV,,,,,,Pilatus,PC12,"Pilatus PC-XII 45",372,,,,,,"Northern Air Solutions Inc",,,2001,,,,0,,,,,,0,0,0,0,0,,,,,,0,0,0,0,0,GEN-PC12
30245053,"2026-01-31 23:29:13","2026-01-31 23:29:13",A9CCC5,"United States","United States",N730TS,,,,,,MBB,B105,"MBB Bo.105 CBS-4",S-895,,,,,,Private,,,1994,,,,0,,,,,,0,0,0,0,0,,,,,,0,0,0,0,0,GEN-B105
30244842,"2026-01-31 23:26:23","2026-01-31 23:26:23",ABF2C1,"United States","United States",N8691,,,,,,"De Havilland",DH82,"De Havilland Tiger Moth DH.82A",85130,,,,,,Private,,,,,,,0,,,,,,0,0,0,0,0,,,,,,0,0,0,0,0,GEN-DH82
30244162,"2026-01-31 23:17:03","2026-01-31 23:17:03",A09F51,"United States","United States",N1392U,,,,,,Cessna,C172,"Cessna 172M Skyhawk",17267063,,,,,,Private,,,,,,,0,,,,,,0,0,0,0,0,,,,,,0,0,0,0,0,GEN-C172
30243814,"2026-01-31 23:12:27","2026-01-31 23:12:27",A02B02,"United States","United States",N11MW,,,,,,"Cirrus Design",S22T,"Cirrus Design SR22T",1775,,,,,,Private,,,2018,,,,0,,,,,,0,0,0,0,0,,,,,,0,0,0,0,0,GEN-S22T
30243423,"2026-01-31 23:07:15","2026-01-31 23:07:15",A71A78,"United States","United States",N557LT,,,,,,Glasair,GLST,"Glasair GlaStar GS-1",5738,,,,,,Private,,,2003,,,,0,,,,,,0,0,0,0,0,,,,,,0,0,0,0,0,GEN-GLST
30241873,"2026-01-31 22:46:44","2026-01-31 22:46:44",478636,Norway,Norway,LN-JBL,,,,,,Cessna,C172,"Cessna 172G Skyhawk",17254437,,,,,,Private,,,1966,,,,0,,,,,,0,0,0,0,0,,,,,,0,0,0,0,0,GEN-C172
30240407,"2026-01-31 22:28:10","2026-01-31 22:28:10",80065F,India,India,VT-JBW,,,,,,Boeing,B738,"Boeing 737NG 8AL/W",37960,,,,,,"Jet Airways",,,2011,,,,0,,,,,,0,0,0,0,0,,,,,,0,0,0,0,0,JAI
30240283,"2026-01-31 22:26:41","2026-01-31 22:26:41",45A130,Denmark,Denmark,OY-HIP,,,,,,Eurocopter,EC20,"Eurocopter EC120B Colibri",1419,,,,,,"Reykjavik Helicopters",,,2005,,,,0,,,,,,0,0,0,0,0,,,,,,0,0,0,0,0,GEN-EC20
30239788,"2026-01-31 22:20:23","2026-01-31 22:20:23",3D1ED3,Germany,Germany,D-EJXR,,,,,,Reims/Cessna,C150,"Reims/Cessna F150L",1018,,,,,,Private,,,,,,,0,,,,,,0,0,0,0,0,,,,,,0,0,0,0,0,GEN-C150
30239566,"2026-01-31 22:17:43","2026-01-31 22:17:43",A50236,"United States","United States",N42136,,,,,,Piper,J3,"Piper J-3 C-65 Cub",14362,,,,,,Private,,,1945,,,,0,,,,,,0,0,0,0,0,,,,,,0,0,0,0,0,GEN-J3
30239005,"2026-01-31 22:10:23","2026-01-31 22:10:23",A18F8D,"United States","United States",N2YX,,,,,,Howard,ZZZZ,"Howard DGA-3 Pete",67,,,,,,Private,,,,,,,0,,,,,,0,0,0,0,0,,,,,,0,0,0,0,0,GEN-ZZZZ
30238423,"2026-01-31 22:03:26","2026-01-31 22:03:26",851BEF,Japan,Japan,JA3423,,,,,,Fuji,SUBA,"Fuji FA-200 160 Aero Subaru",25,,,,,,Private,,,1969,,,,0,,,,,,0,0,0,0,0,,,,,,0,0,0,0,0,GEN-SUBA
30237917,"2026-01-31 21:57:39","2026-01-31 21:57:39",ACEFBD,"United States","United States",N9322H,,,,,,Fleet,FA62,"Fleet PT-26B M-62A-3",FC-115,,,,,,Private,,,,,,,0,,,,,,0,0,0,0,0,,,,,,0,0,0,0,0,GEN-FA62
30237691,"2026-01-31 21:54:14","2026-01-31 21:54:14",3C7072,Germany,Germany,D-ALCR,,,,,,"McDonnell Douglas",MD11,"McDonnell Douglas MD-11 F",48581,,,,,,"Lufthansa Cargo Airlines",,,1994,,,,0,,,,,,0,0,0,0,0,,,,,,0,0,0,0,0,GEN-MD11
30237134,"2026-01-31 21:47:07","2026-01-31 21:47:07",A07411,"United States","United States",N1282J,,,,,,Rockwell,AC11,"Rockwell Commander 112 A",282,,,,,,Private,,,1975,,,,0,,,,,,0,0,0,0,0,,,,,,0,0,0,0,0,GEN-AC11
30236791,"2026-01-31 21:43:06","2026-01-31 21:43:06",A2658B,"United States","United States",N2534D,,,,,,Piper,PA18,"Piper PA-18 150 Super Cub",18-8109011,,,,,,Private,,,1980,,,,0,,,,,,0,0,0,0,0,,,,,,0,0,0,0,0,GEN-PA18
30236416,"2026-01-31 21:38:38","2026-01-31 21:38:38",404FD7,"United Kingdom","United Kingdom",G-GPSF,,,,,,"Jabiru Aircraft",JAB4,"Jabiru Aircraft Jabiru J430","PFA 325A-14516",,,,,,Private,,,,,,,0,,,,,,0,0,0,0,0,,,,,,0,0,0,0,0,GEN-JAB4
30236357,"2026-01-31 21:37:54","2026-01-31 21:37:54",A9DA48,"United States","United States",N734DX,,,,,,Cessna,C172,"Cessna 172N Skyhawk",17268784,,,,,,Private,,,1977,,,,0,,,,,,0,0,0,0,0,,,,,,0,0,0,0,0,GEN-C172
30236180,"2026-01-31 21:35:47","2026-01-31 21:35:47",AC5405,"United States","United States",N89383,,,,,,Cessna,C152,"Cessna 152",15282733,,,,,,Private,,,1978,,,,0,,,,,,0,0,0,0,0,,,,,,0,0,0,0,0,GEN-C152
30236012,"2026-01-31 21:33:38","2026-01-31 21:33:38",A4318B,"United States","United States",N37B,,,,,,Schleicher,GLID,"Schleicher Ka 6 BR Rhonsegler",474,,,,,,Private,,,1958,,,,0,,,,,,0,0,0,0,0,,,,,,0,0,0,0,0,GEN-GLID
30234172,"2026-01-31 21:10:33","2026-01-31 21:10:33",A05496,"United States","United States",N120KC,,,,,,Robinson,R22,"Robinson R22 Beta II",3064,,,,,,Private,,,,,,,0,,,,,,0,0,0,0,0,,,,,,0,0,0,0,0,GEN-R22
30233909,"2026-01-31 21:07:29","2026-01-31 21:07:29",A3539C,"United States","United States",N313SX,,,,,,Sikorsky,S92,"Sikorsky S-92 A",920313,,,,,,"Sikorsky Aircraft Corporation",,,2017,,,,0,,,,,,0,0,0,0,0,,,,,,0,0,0,0,0,GEN-S92
30233530,"2026-01-31 21:02:46","2026-01-31 21:02:46",ABF517,"United States","United States",N87MG,,,,,,"Air Command",CMDE,"Air Command 532 Elite",0321,,,,,,Private,,,,,,,0,,,,,,0,0,0,0,0,,,,,,0,0,0,0,0,GEN-CMDE
30233436,"2026-01-31 21:01:45","2026-01-31 21:01:45",A0D4C0,"United States","United States",N15253,,,,,,"Air Tractor",AT3P,"Air Tractor AT-301",301-0288,,,,,,Private,,,1980,,,,0,,,,,,0,0,0,0,0,,,,,,0,0,0,0,0,GEN-AT3P
30233296,"2026-01-31 21:00:01","2026-01-31 21:00:01",8962C2,"United Arab Emirates","United Arab Emirates",A6-MDI,,,,,,Boeing,B742,"Boeing 747 228F",24879,,,,,,"MidEx Airlines",,,1990,,,,0,,,,,,0,0,0,0,0,,,,,,0,0,0,0,0,GEN-B742
30232619,"2026-01-31 20:52:16","2026-01-31 20:52:16",A669F6,"United States","United States",N512MF,,,,,,Pilatus,PC12,"Pilatus PC-XII 45",197,,,,,,"Native Air Services Inc",,,1998,,,,0,,,,,,0,0,0,0,0,,,,,,0,0,0,0,0,GEN-PC12
30232204,"2026-01-31 20:47:27","2026-01-31 20:47:27",44E618,Belgium,Belgium,OO-YPX,,,,,,PZL-Swidnik,GLID,"PZL-Swidnik PW-6 U",78.02.03,,,,,,Private,,,2001,,,,0,,,,,,0,0,0,0,0,,,,,,0,0,0,0,0,GEN-GLID
30232167,"2026-01-31 20:46:54","2026-01-31 20:46:54",A98061,"United States","United States",N711GG,,,,,,Piper,PA23,"Piper PA-23 Apache 160",23-1243,,,,,,Private,,,1957,,,,0,,,,,,0,0,0,0,0,,,,,,0,0,0,0,0,GEN-PA23
30231952,"2026-01-31 20:44:15","2026-01-31 20:44:15",478557,Norway,Norway,LN-OZL,,,,,,Robinson,R22,"Robinson R22 Beta II",4419,,,,,,"European Helicopter Center",,,2009,,,,0,,,,,,0,0,0,0,0,,,,,,0,0,0,0,0,GEN-R22
30230114,"2026-01-31 20:21:35","2026-01-31 20:21:35",A21CA6,"United States","United States",N235SC,,,,,,Arion,ALIG,"Arion Lightning",00081,,,,,,Private,,,2009,,,,0,,,,,,0,0,0,0,0,,,,,,0,0,0,0,0,GEN-ALIG
30230108,"2026-01-31 20:21:29","2026-01-31 20:21:29",3C4909,Germany,Germany,D-ABHI,,,,,,Airbus,A320,"Airbus A320 214",2668,,,,,,"Air Berlin",,,2005,,,,0,,,,,,0,0,0,0,0,,,,,,0,0,0,0,0,BER
30229796,"2026-01-31 20:17:26","2026-01-31 20:17:26",A3B818,"United States","United States",N339JT,,,,,,Fokker,F100,"Fokker F100",11339,,,,,,"Jetran International",,,1991,,,,0,,,,,,0,0,0,0,0,,,,,,0,0,0,0,0,GEN-F100
30229554,"2026-01-31 20:14:40","2026-01-31 20:14:40",800D8E,India,India,VT-SYR,,,,,,Boeing,B738,"Boeing 737NG 8AL/W",39062,,,,,,Spicejet,,,2013,,,,0,,,,,,0,0,0,0,0,,,,,,0,0,0,0,0,SEJ
30229351,"2026-01-31 20:12:32","2026-01-31 20:12:32",A55F3D,"United States","United States",N445X,,,,,,Tecnam,P208,"Tecnam P.2008",119,,,,,,Private,,,2016,,,,0,,,,,,0,0,0,0,0,,,,,,0,0,0,0,0,GEN-P208
30228930,"2026-01-31 20:07:27","2026-01-31 20:07:27",AAD99F,"United States","United States",N799BT,,,,,,"Cirrus Design",S22T,"Cirrus Design SR22T",1711,,,,,,Private,,,2018,,,,0,,,,,,0,0,0,0,0,,,,,,0,0,0,0,0,GEN-S22T
30228813,"2026-01-31 20:05:53","2026-01-31 20:05:53",AA345D,"United States","United States",N757DH,,,,,,Cessna,C152,"Cessna 152",15279653,,,,,,Private,,,1977,,,,0,,,,,,0,0,0,0,0,,,,,,0,0,0,0,0,GEN-C152
30228755,"2026-01-31 20:05:14","2026-01-31 20:05:14",A4BCBD,"United States","United States",N404NV,,,,,,"McDonnell Douglas",MD88,"McDonnell Douglas DC-9 88",49765,,,,,,"Allegiant Air",,,1989,,,,0,,,,,,0,0,0,0,0,,,,,,0,0,0,0,0,AAY
30228644,"2026-01-31 20:03:57","2026-01-31 20:03:57",AA67F4,"United States","United States",N77PA,,,,,,Cessna,C182,"Cessna T182T Turbo Skylane",T18208847,,,,,,Private,,,2008,,,,0,,,,,,0,0,0,0,0,,,,,,0,0,0,0,0,GEN-C182
30227792,"2026-01-31 19:53:07","2026-01-31 19:53:07",390C26,France,France,F-GDBG,,,,,,SOCATA,TOBA,"SOCATA TB10 Tobago",279,,,,,,Private,,,1982,,,,0,,,,,,0,0,0,0,0,,,,,,0,0,0,0,0,GEN-TOBA
30227781,"2026-01-31 19:52:56","2026-01-31 19:52:56",A57C34,"United States","United States",N4522M,,,,,,Piper,PA11,"Piper PA-11 Cub Special",11-26,,,,,,Private,,,1947,,,,0,,,,,,0,0,0,0,0,,,,,,0,0,0,0,0,GEN-PA11
30227760,"2026-01-31 19:52:44","2026-01-31 19:52:44",A4FF69,"United States","United States",N421AU,,,,,,Boeing,B733,"Boeing 737 3L9QC",24219,,,,,,"Titan Airways",,,1988,,,,0,,,,,,0,0,0,0,0,,,,,,0,0,0,0,0,AWC
30227639,"2026-01-31 19:51:20","2026-01-31 19:51:20",44E8D7,Belgium,Belgium,OO-ZFW,,,,,,Schleicher,GLID,"Schleicher ASK 21",21417,,,,,,Private,,,,,,,0,,,,,,0,0,0,0,0,,,,,,0,0,0,0,0,GEN-GLID
30227466,"2026-01-31 19:49:07","2026-01-31 19:49:07",C02922,Canada,Canada,C-FPOZ,,,,,,Beech,BE95,"Beech Travel Air B95A",TD-454,,,,,,Private,,,1961,,,,0,,,,,,0,0,0,0,0,,,,,,0,0,0,0,0,GEN-BE95
30227379,"2026-01-31 19:48:07","2026-01-31 19:48:07",40291A,"United Kingdom","United Kingdom",G-BNML,,,,,,"Rand Robinson",KR2,"Rand Robinson KR-2","PFA 129-11240",,,,,,Private,,,1996,,,,0,,,,,,0,0,0,0,0,,,,,,0,0,0,0,0,GEN-KR2
30226967,"2026-01-31 19:43:05","2026-01-31 19:43:05",A28B45,"United States","United States",N263MR,,,,,,Bombardier,LJ45,"Bombardier Learjet 45 XR",45-263,,,,,,"Southern Cross Aircraft LLC",,,,,,,0,,,,,,0,0,0,0,0,,,,,,0,0,0,0,0,GEN-LJ45
30226271,"2026-01-31 19:34:47","2026-01-31 19:34:47",A787EA,"United States","United States",N58456,,,,,,Howard,FA62,"Howard PT-23 M-62C",HO-299,,,,,,Private,,,1942,,,,0,,,,,,0,0,0,0,0,,,,,,0,0,0,0,0,GEN-FA62
30226117,"2026-01-31 19:32:54","2026-01-31 19:32:54",A1B936,"United States","United States",N21X,,,,,,"Amateur Built",ZZZZ,"Amateur Built Williams W.17",1,,,,,,Private,,,,,,,0,,,,,,0,0,0,0,0,,,,,,0,0,0,0,0,GEN-ZZZZ
30225489,"2026-01-31 19:25:18","2026-01-31 19:25:18",A395D7,"United States","United States",N330AH,,,,,,"Airbus Helicopters",EC45,"Airbus Helicopters UH-72A Lakota",9761,,,,,,"United States Army",,,2016,,,,0,,,,,,1,0,0,0,0,,,,,,0,0,0,0,0,
30225369,"2026-01-31 19:23:54","2026-01-31 19:23:54",A9913A,"United States","United States",N71516,,,,,,Cessna,C206,"Cessna U206F Stationair",U20602150,,,,,,Private,,,,,,,0,,,,,,0,0,0,0,0,,,,,,0,0,0,0,0,GEN-C206
30224662,"2026-01-31 19:15:26","2026-01-31 19:15:26",4CAABD,Ireland,Ireland,EI-GRS,,,,,,Boeing,B738,"Boeing 737NG 81M/W",33104,,,,,,AlbaStar,,,2003,,,,0,,,,,,0,0,0,0,0,,,,,,0,0,0,0,0,LAV
30224220,"2026-01-31 19:09:56","2026-01-31 19:09:56",A15A61,"United States","United States",N18675,,,,,,Fairchild,FA24,"Fairchild F.24 J",W40-3519,,,,,,Private,,,1938,,,,0,,,,,,0,0,0,0,0,,,,,,0,0,0,0,0,GEN-FA24
30224013,"2026-01-31 19:07:30","2026-01-31 19:07:30",4CA53F,Ireland,Ireland,EI-FIN,,,,,,Boeing,B738,"Boeing 737NG 8AS/W",44701,,,,,,Ryanair,,,2015,,,,0,,,,,,0,0,0,0,0,,,,,,0,0,0,0,0,RYR
30223373,"2026-01-31 18:59:52","2026-01-31 18:59:52",A91D6A,"United States","United States",N687C,,,,,,Stinson,S108,"Stinson Voyager 108-3",108-3687,,,,,,Private,,,1947,,,,0,,,,,,0,0,0,0,0,,,,,,0,0,0,0,0,GEN-S108
30223052,"2026-01-31 18:56:13","2026-01-31 18:56:13",4242F0,Bermuda,Bermuda,VP-BMG,,,,,,Bombardier,GL5T,"Bombardier Global 5000",9575,,,,,,"Westbury Jet Ltd",,,2013,,,,0,,,,,,0,0,0,0,0,,,,,,0,0,0,0,0,GEN-GL5T
30222991,"2026-01-31 18:55:33","2026-01-31 18:55:33",4B10A8,Switzerland,Switzerland,HB-GIA,,,,,,Beech,BE55,"Beech Baron B55",TC-1825,,,,,,Private,,,1974,,,,0,,,,,,0,0,0,0,0,,,,,,0,0,0,0,0,GEN-BE55
30222680,"2026-01-31 18:51:46","2026-01-31 18:51:46",4BA067,Turkey,Turkey,TC-HCG,,,,,,Aerospatiale,AS55,"Aerospatiale Twin Squirrel AS.355 F2",5354,,,,,,Private,,,,,,,0,,,,,,0,0,0,0,0,,,,,,0,0,0,0,0,GEN-AS55
30221575,"2026-01-31 18:38:56","2026-01-31 18:38:56",A82BBA,"United States","United States",N6254F,,,,,,"Balloon Works",BALL,"Balloon Works Firefly B7 Hot Air Balloon",FB-7001,,,,,,Private,,,1991,,,,0,,,,,,0,0,0,0,0,,,,,,0,0,0,0,0,GEN-BALL
30221318,"2026-01-31 18:35:57","2026-01-31 18:35:57",46A0C3,Greece,Greece,SX-HFC,,,,,,Bell,B407,"Bell 407",53337,,,,,,Private,,,,,,,0,,,,,,0,0,0,0,0,,,,,,0,0,0,0,0,GEN-B407
30220570,"2026-01-31 18:27:20","2026-01-31 18:27:20",4790DE,Norway,Norway,LN-IDD,,,,,,Cessna,C55B,"Cessna Citation Bravo",550-1022,,,,,,"Hesnes Air",,,2002,,,,0,,,,,,0,0,0,0,0,,,,,,0,0,0,0,0,GEN-C55B
30220010,"2026-01-31 18:20:50","2026-01-31 18:20:50",0100F2,Egypt,Egypt,SU-MAN,,,,,,"Raytheon Aircraft Company",H25B,"Raytheon Aircraft Company 125 850XP",258832,,,,,,"AlkanAir (Egypt)",,,2007,,,,0,,,,,,0,0,0,0,0,,,,,,0,0,0,0,0,ALN
30219624,"2026-01-31 18:16:18","2026-01-31 18:16:18",A1493A,"United States","United States",N182MN,,,,,,Cessna,C182,"Cessna 182Q Skylane",18266014,,,,,,Private,,,1977,,,,0,,,,,,0,0,0,0,0,,,,,,0,0,0,0,0,GEN-C182
30219407,"2026-01-31 18:13:59","2026-01-31 18:13:59",A643E6,"United States","United States",N5021N,,,,,,"Rand Robinson",KR2,"Rand Robinson KR-2",CG-1,,,,,,Private,,,,,,,0,,,,,,0,0,0,0,0,,,,,,0,0,0,0,0,GEN-KR2
30219012,"2026-01-31 18:09:22","2026-01-31 18:09:22",440531,Austria,Austria,OE-DDG,,,,,,Cessna,C182,"Cessna 182F Skylane",18254824,,,,,,Private,,,,,,,0,,,,,,0,0,0,0,0,,,,,,0,0,0,0,0,GEN-C182
30218728,"2026-01-31 18:06:09","2026-01-31 18:06:09",0A401D,Algeria,Algeria,7T-WHA,,,,,,Lockheed,C130,"Lockheed C-130H-30 Hercules",4997,,,,,,"Algerian Air Force",,,,,,,0,,,,,,1,0,0,0,0,,,,,,0,0,0,0,0,
30218570,"2026-01-31 18:04:28","2026-01-31 18:04:28",14457F,Russia,Russia,RA-17791,,,,,,Antonov,AN2,"Antonov An-2 R",1G203-52,,,,,,"Chuvashia Airlines",,,,,,,0,,,,,,0,0,0,0,0,,,,,,0,0,0,0,0,GEN-AN2
30218479,"2026-01-31 18:03:15","2026-01-31 18:03:15",A271EC,"United States","United States",N257EJ,,,,,,"Cirrus Design",S22T,"Cirrus Design SR22T",0379,,,,,,Private,,,2012,,,,0,,,,,,0,0,0,0,0,,,,,,0,0,0,0,0,GEN-S22T
30217467,"2026-01-31 17:51:30","2026-01-31 17:51:30",A85EAF,"United States","United States",N6386S,,,,,,Cessna,C150,"Cessna 150G",15067186,,,,,,Private,,,,,,,0,,,,,,0,0,0,0,0,,,,,,0,0,0,0,0,GEN-C150
30217468,"2026-01-31 17:51:30","2026-01-31 17:51:30",4243CE,"United Kingdom","United Kingdom",VQ-BZB,,,,,,Bombardier,GLEX,"Bombardier Global Express XRS",9253,,,,,,"Execujet Aviation P/L",,,2007,,,,0,,,,,,0,0,0,0,0,,,,,,0,0,0,0,0,GEN-GLEX
30217384,"2026-01-31 17:50:33","2026-01-31 17:50:33",A7E2E5,"United States","United States",N607SW,,,,,,Boeing,B733,"Boeing 737 3H4/W",27927,,,,,,"Southwest Airlines",,,1995,,,,0,,,,,,0,0,0,0,0,,,,,,0,0,0,0,0,SWA
30217153,"2026-01-31 17:48:03","2026-01-31 17:48:03",440A63,Austria,Austria,OE-IOV,,,,,,Airbus,A321,"Airbus A321 211SL",6038,,,,,,"Thomas Cook Airlines",,,2014,,,,0,,,,,,0,0,0,0,0,,,,,,0,0,0,0,0,TCX
30216201,"2026-01-31 17:37:06","2026-01-31 17:37:06",A56AC7,"United States","United States",N44801,,,,,,"Naval Aircraft Factory",N3N,"Naval Aircraft Factory N3N 3",2652,,,,,,Private,,,1940,,,,0,,,,,,0,0,0,0,0,,,,,,0,0,0,0,0,GEN-N3N
30215685,"2026-01-31 17:31:13","2026-01-31 17:31:13",AD26E7,"United States","United States",N9468E,,,,,,Aeronca,AR11,"Aeronca Chief 11AC",11AC-1105,,,,,,Private,,,1946,,,,0,,,,,,0,0,0,0,0,,,,,,0,0,0,0,0,GEN-AR11
30214734,"2026-01-31 17:19:58","2026-01-31 17:19:58",85277C,Japan,Japan,JA3788,,,,,,Mooney,M20P,"Mooney M.20C Ranger",20-1234,,,,,,Private,,,,,,,0,,,,,,0,0,0,0,0,,,,,,0,0,0,0,0,GEN-M20P
30214595,"2026-01-31 17:18:19","2026-01-31 17:18:19",AD9268,"United States","United States",N9739L,,,,,,Beech,BE23,"Beech Musketeer A23-B19 Sport 150",MB-525,,,,,,Private,,,,,,,0,,,,,,0,0,0,0,0,,,,,,0,0,0,0,0,GEN-BE23
30214165,"2026-01-31 17:13:31","2026-01-31 17:13:31",344448,Spain,Spain,MRTT029,,,,,,Airbus,A332,"Airbus Voyager KC2",1610,,,,,,"Royal Air Force",,,2014,,,,0,,,,,,1,0,0,0,0,,,,,,0,0,0,0,0,
30213625,"2026-01-31 17:07:25","2026-01-31 17:07:25",08CED3,Congo-DRC,Congo-DRC,9Q-CPD,,,,,,Boeing,B762,"Boeing 767 266ER",23178,,,,,,"Fly Congo",,,1984,,,,0,,,,,,0,0,0,0,0,,,,,,0,0,0,0,0,GEN-B762
30213531,"2026-01-31 17:06:24","2026-01-31 17:06:24",A4EA7B,"United States","United States",N416AS,,,,,,Vans,RV10,"Vans RV-10",40116,,,,,,Private,,,2009,,,,0,,,,,,0,0,0,0,0,,,,,,0,0,0,0,0,GEN-RV10
30213275,"2026-01-31 17:03:47","2026-01-31 17:03:47",A7F1D2,"United States","United States",N6105N,,,,,,Denney,FOX,"Denney Kitfox Srs.5",S94050024,,,,,,Private,,,,,,,0,,,,,,0,0,0,0,0,,,,,,0,0,0,0,0,GEN-FOX
30213042,"2026-01-31 17:01:11","2026-01-31 17:01:11",A85349,"United States","United States",N6354X,,,,,,"Raven Aerostar",BALL,"Raven Aerostar Rally RX.7 Hot Air Balloon",RX7-3235,,,,,,Private,,,1991,,,,0,,,,,,0,0,0,0,0,,,,,,0,0,0,0,0,GEN-BALL
30211075,"2026-01-31 16:39:27","2026-01-31 16:39:27",A88CC3,"United States","United States",N650AJ,,,,,,"Gulfstream Aerospace",GLF6,"Gulfstream Aerospace G650",6238,,,,,,Corporate,,,2016,,,,0,,,,,,0,0,0,0,0,,,,,,0,0,0,0,0,GEN-GLF6
30211025,"2026-01-31 16:38:54","2026-01-31 16:38:54",A53D20,"United States","United States",N437AA,,,,,,"McDonnell Douglas",MD83,"McDonnell Douglas DC-9 83",49455,,,,,,"American Airlines",,,1987,,,,0,,,,,,0,0,0,0,0,,,,,,0,0,0,0,0,AAL
30210265,"2026-01-31 16:29:58","2026-01-31 16:29:58",A20D9B,"United States","United States",N231QF,,,,,,Mooney,M20T,"Mooney M.20K Model 231",25-0356,,,,,,Private,,,,,,,0,,,,,,0,0,0,0,0,,,,,,0,0,0,0,0,GEN-M20T
30209713,"2026-01-31 16:23:55","2026-01-31 16:23:55",A6A2E3,"United States","United States",N5269Z,,,,,,"Textron Aviation",C208,"Textron Aviation 208 EX",208B-5360,,,,,,"Textron Aviation Inc",,,2017,,,,0,,,,,,0,0,0,0,0,,,,,,0,0,0,0,0,GEN-C208
30208833,"2026-01-31 16:13:57","2026-01-31 16:13:57",A763EE,"United States","United States",N5754P,,,,,,Bell,B06,"Bell 206B Jet Ranger III",3069,,,,,,Private,,,,,,,0,,,,,,0,0,0,0,0,,,,,,0,0,0,0,0,GEN-B06
30208315,"2026-01-31 16:08:02","2026-01-31 16:08:02",A5D5A3,"United States","United States",N475WB,,,,,,Sikorsky,S76,"Sikorsky S-76 C",760485,,,,,,Private,,,,,,,0,,,,,,0,0,0,0,0,,,,,,0,0,0,0,0,GEN-S76
30208062,"2026-01-31 16:05:05","2026-01-31 16:05:05",4B4C45,Switzerland,Switzerland,HB-1950,,,,,,Glaser-Dirks,GLID,"Glaser-Dirks DG-300 Elan",3E-272,,,,,,Private,,,,,,,0,,,,,,0,0,0,0,0,,,,,,0,0,0,0,0,GEN-GLID
30207618,"2026-01-31 15:59:43","2026-01-31 15:59:43",C06933,Canada,Canada,C-GNVU,,,,,,Bombardier,CL60,"Bombardier Challenger 605",5898,,,,,,"Hong Kong Government Flying Service",,,2012,,,,0,,,,,,0,0,0,0,0,,,,,,0,0,0,0,0,GEN-CL60
30207528,"2026-01-31 15:58:31","2026-01-31 15:58:31",A8677A,"United States","United States",N640Z,,,,,,AMD,CH64,"AMD Zenair Zodiac CH 640",640-1,,,,,,Private,,,2001,,,,0,,,,,,0,0,0,0,0,,,,,,0,0,0,0,0,GEN-CH64
30207482,"2026-01-31 15:58:03","2026-01-31 15:58:03",AB89EE,"United States","United States",N8422J,,,,,,Varga,MOR2,"Varga Kachina 2150 A",VAC-167-80,,,,,,Private,,,1980,,,,0,,,,,,0,0,0,0,0,,,,,,0,0,0,0,0,GEN-MOR2
30206765,"2026-01-31 15:50:22","2026-01-31 15:50:22",40134B,"United Kingdom","United Kingdom",G-PEER,,,,,,Cessna,C25A,"Cessna Citation CJ2+",525A0360,,,,,,"Air Charter Scotland",,,2007,,,,0,,,,,,0,0,0,0,0,,,,,,0,0,0,0,0,EDC
30205676,"2026-01-31 15:37:41","2026-01-31 15:37:41",A41F38,"United States","United States",N365DP,,,,,,"Cirrus Design",SR20,"Cirrus Design SR20",1062,,,,,,Private,,,2000,,,,0,,,,,,0,0,0,0,0,,,,,,0,0,0,0,0,GEN-SR20
30205549,"2026-01-31 15:36:13","2026-01-31 15:36:13",4C04CF,Serbia,Serbia,YU-BGP,,,,,,Piper,PA25,"Piper PA-25 235 Pawnee C",25-5051,,,,,,Private,,,1969,,,,0,,,,,,0,0,0,0,0,,,,,,0,0,0,0,0,GEN-PA25
30205335,"2026-01-31 15:34:06","2026-01-31 15:34:06",ABC488,"United States","United States",N8576E,,,,,,Champion,CH7B,"Champion DXer 7HC",7HC-15,,,,,,Private,,,1959,,,,0,,,,,,0,0,0,0,0,,,,,,0,0,0,0,0,GEN-CH7B
30205284,"2026-01-31 15:33:38","2026-01-31 15:33:38",3E22B9,Germany,Germany,S5-CMM,,,,,,Cessna,C501,"Cessna Citation I",501-0259,,,,,,Private,,,,,,,0,,,,,,0,0,0,0,0,,,,,,0,0,0,0,0,GEN-C501
30204924,"2026-01-31 15:29:39","2026-01-31 15:29:39",ACD0C0,"United States","United States",N925AC,,,,,,Aerocraft,ZZZZ,"Aerocraft Edge 230","AC F002",,,,,,Private,,,,,,,0,,,,,,0,0,0,0,0,,,,,,0,0,0,0,0,GEN-ZZZZ
30204531,"2026-01-31 15:25:17","2026-01-31 15:25:17",A2366E,"United States","United States",N24121,,,,,,Piper,PA38,"Piper PA-38 112 Tomahawk",38-79A1087,,,,,,Private,,,,,,,0,,,,,,0,0,0,0,0,,,,,,0,0,0,0,0,GEN-PA38
30203840,"2026-01-31 15:17:42","2026-01-31 15:17:42",A3ECD2,"United States","United States",N352GA,,,,,,"Gulfstream Aerospace",GLF4,"Gulfstream Aerospace G450",4352,,,,,,"Gulfstream Aerospace Corp",,,2015,,,,0,,,,,,0,0,0,0,0,,,,,,0,0,0,0,0,GEN-GLF4
30203404,"2026-01-31 15:12:47","2026-01-31 15:12:47",A758AB,"United States","United States",N5723U,,,,,,Piper,P28A,"Piper PA-28 140 Cherokee C",28-26528,,,,,,Private,,,,,,,0,,,,,,0,0,0,0,0,,,,,,0,0,0,0,0,GEN-P28A
30203323,"2026-01-31 15:11:57","2026-01-31 15:11:57",3C4897,Germany,Germany,D-ABDW,,,,,,Airbus,A320,"Airbus A320 214",3945,,,,,,"Air Berlin",,,2009,,,,0,,,,,,0,0,0,0,0,,,,,,0,0,0,0,0,BER
30203242,"2026-01-31 15:11:08","2026-01-31 15:11:08",A63323,"United States","United States",N499SM,,,,,,AgustaWestland,A119,"AgustaWestland AW.119 MkII",14792,,,,,,Private,,,2012,,,,0,,,,,,0,0,0,0,0,,,,,,0,0,0,0,0,GEN-A119
30203062,"2026-01-31 15:09:04","2026-01-31 15:09:04",A64D6A,"United States","United States",N505KF,,,,,,Denney,FOX,"Denney Kitfox Mk.III",1116,,,,,,Private,,,1992,,,,0,,,,,,0,0,0,0,0,,,,,,0,0,0,0,0,GEN-FOX
30202593,"2026-01-31 15:03:33","2026-01-31 15:03:33",495236,Portugal,Portugal,CS-TQV,,,,,,Airbus,A310,"Airbus A310 304",494,,,,,,"White Airways",,,1988,,,,0,,,,,,0,0,0,0,0,,,,,,0,0,0,0,0,WHT
30202545,"2026-01-31 15:03:00","2026-01-31 15:03:00",154E9A,Russia,Russia,RA-85658,,,,,,Tupolev,T154,"Tupolev Tu-154 M",89A808,,,,,,Continent,,,,,,,0,,,,,,0,0,0,0,0,,,,,,0,0,0,0,0,GEN-T154
30202143,"2026-01-31 14:58:15","2026-01-31 14:58:15",4B0444,Switzerland,Switzerland,HB-BQA,,,,,,Cameron,BALL,"Cameron A-105 Hot Air Balloon",2306,,,,,,Private,,,,,,,0,,,,,,0,0,0,0,0,,,,,,0,0,0,0,0,GEN-BALL
30201599,"2026-01-31 14:51:48","2026-01-31 14:51:48",382966,France,France,F-BKLG,,,,,,Morane-Saulnier,RALL,"Morane-Saulnier Rallye MS.885 Super",121,,,,,,Private,,,1962,,,,0,,,,,,0,0,0,0,0,,,,,,0,0,0,0,0,GEN-RALL
30201010,"2026-01-31 14:45:24","2026-01-31 14:45:24",ABCC8A,"United States","United States",N86AM,,,,,,"Amateur Built",ACR2,"Amateur Built Acrosport II",264,,,,,,Private,,,,,,,0,,,,,,0,0,0,0,0,,,,,,0,0,0,0,0,GEN-ACR2
30200222,"2026-01-31 14:36:09","2026-01-31 14:36:09",A68BD0,"United States","United States",N52038,,,,,,"Textron Aviation",C208,"Textron Aviation 208 EX",208B-5345,,,,,,"Textron Aviation Inc",,,2017,,,,0,,,,,,0,0,0,0,0,,,,,,0,0,0,0,0,GEN-C208
30200147,"2026-01-31 14:35:12","2026-01-31 14:35:12",AADA99,"United States","United States",N799MT,,,,,,Britten-Norman,BN2P,"Britten-Norman Islander BN-2A-21",449,,,,,,"Pacific Missionary Aviation",,,1975,,,,0,,,,,,0,0,0,0,0,,,,,,0,0,0,0,0,GEN-BN2P
30199381,"2026-01-31 14:26:45","2026-01-31 14:26:45",7609BA,Pakistan,Pakistan,AP-BMZ,,,,,,Boeing,B732,"Boeing 737 25CF",24236,,,,,,"Vision Air Pakistan",,,1988,,,,0,,,,,,0,0,0,0,0,,,,,,0,0,0,0,0,GEN-B732
30198426,"2026-01-31 14:15:38","2026-01-31 14:15:38",A6CD74,"United States","United States",N53749,,,,,,Aeronca,FA62,"Aeronca PT-19A M-62A",9754AE,,,,,,Private,,,,,,,0,,,,,,0,0,0,0,0,,,,,,0,0,0,0,0,GEN-FA62
30198270,"2026-01-31 14:13:35","2026-01-31 14:13:35",A9B63B,"United States","United States",N725BC,,,,,,Bellanca,BL8,"Bellanca Scout 8GCBC",579-2016,,,,,,Private,,,,,,,0,,,,,,0,0,0,0,0,,,,,,0,0,0,0,0,GEN-BL8
30197911,"2026-01-31 14:09:19","2026-01-31 14:09:19",845EA4,Japan,Japan,JA119N,,,,,,Cessna,C560,"Cessna Citation V",560-0067,,,,,,"Nahanihon Air Service",,,,,,,0,,,,,,0,0,0,0,0,,,,,,0,0,0,0,0,GEN-C560
30197451,"2026-01-31 14:04:08","2026-01-31 14:04:08",4AA598,Sweden,Sweden,SE-ILX,,,,,,"Nyge Aeroam",ZZZZ,"Nyge Aeroam Nyge Aero Sparrow VLA-1",001,,,,,,Private,,,,,,,0,,,,,,0,0,0,0,0,,,,,,0,0,0,0,0,GEN-ZZZZ
30197371,"2026-01-31 14:03:19","2026-01-31 14:03:19",A375EE,"United States","United States",N322BY,,,,,,"Textron Aviation",BE20,"Textron Aviation King Air 200GT",BY-322,,,,,,"Textron Aviation Inc",,,2018,,,,0,,,,,,0,0,0,0,0,,,,,,0,0,0,0,0,GEN-BE20
30196729,"2026-01-31 13:56:12","2026-01-31 13:56:12",402483,"United Kingdom","United Kingdom",G-MMUA,,,,,,Southdown,ULAC,"Southdown Puma Sprint",SN1221/0007,,,,,,Private,,,,,,,0,,,,,,0,0,0,0,0,,,,,,0,0,0,0,0,GEN-ULAC
30195913,"2026-01-31 13:47:20","2026-01-31 13:47:20",A3951F,"United States","United States",N33T,,,,,,"Amateur Built",PTS1,"Amateur Built Pitts Special S-1S",8-0013,,,,,,Private,,,,,,,0,,,,,,0,0,0,0,0,,,,,,0,0,0,0,0,GEN-PTS1
30195542,"2026-01-31 13:42:54","2026-01-31 13:42:54",A44D8B,"United States","United States",N3768F,,,,,,Oldfield,BLKS,"Oldfield Baby Lakes",7726-H-675B,,,,,,Private,,,,,,,0,,,,,,0,0,0,0,0,,,,,,0,0,0,0,0,GEN-BLKS
30195155,"2026-01-31 13:38:34","2026-01-31 13:38:34",A982CD,"United States","United States",N7115B,,,,,,"Balloon Works",BALL,"Balloon Works Firefly 8B Hot Air Balloon",F8B-123,,,,,,Private,,,1987,,,,0,,,,,,0,0,0,0,0,,,,,,0,0,0,0,0,GEN-BALL
30194259,"2026-01-31 13:28:50","2026-01-31 13:28:50",8A0291,Indonesia,Indonesia,PK-GFT,,,,,,Boeing,B738,"Boeing 737NG 86N/W",38032,,,,,,"Garuda Indonesia",,,2011,,,,0,,,,,,0,0,0,0,0,,,,,,0,0,0,0,0,GIA
30193791,"2026-01-31 13:23:23","2026-01-31 13:23:23",403D41,"United Kingdom","United Kingdom",G-BXBL,,,,,,Lindstrand,BALL,"Lindstrand LBL.240A Hot Air Balloon",317,,,,,,Private,,,1995,,,,0,,,,,,0,0,0,0,0,,,,,,0,0,0,0,0,GEN-BALL
30193624,"2026-01-31 13:21:47","2026-01-31 13:21:47",A692EB,"United States","United States",N5221V,,,,,,Cessna,C210,"Cessna 210L Centurion",21060865,,,,,,Private,,,1975,,,,0,,,,,,0,0,0,0,0,,,,,,0,0,0,0,0,GEN-C210
30193405,"2026-01-31 13:19:18","2026-01-31 13:19:18",AAE8AF,"United States","United States",N8015V,,,,,,Robinson,R22,"Robinson R22 Beta",0996,,,,,,Private,,,,,,,0,,,,,,0,0,0,0,0,,,,,,0,0,0,0,0,GEN-R22
30192921,"2026-01-31 13:13:57","2026-01-31 13:13:57",800C5D,India,India,VT-JXF,,,,,,Boeing,B38M,"Boeing 737MAX 8",43615,,,,,,"Jet Airways",,,2018,,,,0,,,,,,0,0,0,0,0,,,,,,0,0,0,0,0,JAI
30192804,"2026-01-31 13:12:24","2026-01-31 13:12:24",A591EC,"United States","United States",N458XL,,,,,,Aerospatiale,AS50,"Aerospatiale Squirrel AS.350 B",1688,,,,,,Private,,,1983,,,,0,,,,,,0,0,0,0,0,,,,,,0,0,0,0,0,GEN-AS50
30191274,"2026-01-31 12:55:31","2026-01-31 12:55:31",A96E84,"United States","United States",N70690,,,,,,Cessna,C182,"Cessna 182M Skylane",18259359,,,,,,Private,,,,,,,0,,,,,,0,0,0,0,0,,,,,,0,0,0,0,0,GEN-C182
30190983,"2026-01-31 12:51:53","2026-01-31 12:51:53",390893,France,France,F-GCET,,,,,,SOCATA,TOBA,"SOCATA TB10 Tobago",122,,,,,,Private,,,1980,,,,0,,,,,,0,0,0,0,0,,,,,,0,0,0,0,0,GEN-TOBA
30190693,"2026-01-31 12:48:52","2026-01-31 12:48:52",383C2E,France,France,F-BPBO,,,,,,SOCATA,RALL,"SOCATA Rallye MS.892A Commodore 150",10783,,,,,,Private,,,,,,,0,,,,,,0,0,0,0,0,,,,,,0,0,0,0,0,GEN-RALL
30189836,"2026-01-31 12:39:07","2026-01-31 12:39:07",AC7DB7,"United States","United States",N90370,,,,,,"Ted Smith",AEST,"Ted Smith Aerostar 601P",61P-0234-034,,,,,,Private,,,1975,,,,0,,,,,,0,0,0,0,0,,,,,,0,0,0,0,0,GEN-AEST
30189528,"2026-01-31 12:35:37","2026-01-31 12:35:37",49EB5A,"Czech Republic","Czech Republic",OK-ZZZ,,,,,,Let,Z37P,"Let Cmelak Z-37A2",19-05,,,,,,Private,,,,,,,0,,,,,,0,0,0,0,0,,,,,,0,0,0,0,0,GEN-Z37P
30189195,"2026-01-31 12:31:53","2026-01-31 12:31:53",C06439,Canada,Canada,C-GLYU,,,,,,Bell,B429,"Bell 429 Global Ranger",57373,,,,,,"Bell Helicopter Textron Canada",,,2019,,,,0,,,,,,0,0,0,0,0,,,,,,0,0,0,0,0,GEN-B429
30189055,"2026-01-31 12:30:08","2026-01-31 12:30:08",AB1274,"United States","United States",N812TA,,,,,,Tecnam,TWEN,"Tecnam P.2010",012/US,,,,,,Private,,,,,,,0,,,,,,0,0,0,0,0,,,,,,0,0,0,0,0,GEN-TWEN
30188488,"2026-01-31 12:24:08","2026-01-31 12:24:08",758204,Philippines,Philippines,RP-C8396,,,,,,Airbus,A320,"Airbus A320 214",5007,,,,,,"PAL Express",,,2011,,,,0,,,,,,0,0,0,0,0,,,,,,0,0,0,0,0,GAP
30188276,"2026-01-31 12:21:40","2026-01-31 12:21:40",8A0101,Indonesia,Indonesia,PK-CJE,,,,,,Boeing,B732,"Boeing 737 2T4",23446,,,,,,"Sriwijaya Air",,,1985,,,,0,,,,,,0,0,0,0,0,,,,,,0,0,0,0,0,GEN-B732
30187640,"2026-01-31 12:14:48","2026-01-31 12:14:48",A68F58,"United States","United States",N5212W,,,,,,Piper,P28A,"Piper PA-28 160 Cherokee",28-248,,,,,,Private,,,1961,,,,0,,,,,,0,0,0,0,0,,,,,,0,0,0,0,0,GEN-P28A
30187641,"2026-01-31 12:14:48","2026-01-31 12:14:48",A7F073,"United States","United States",N610TM,,,,,,Bombardier,CL60,"Bombardier Challenger 604",5377,,,,,,"Aircraft Holding Co One LLC",,,1998,,,,0,,,,,,0,0,0,0,0,,,,,,0,0,0,0,0,GEN-CL60
30187573,"2026-01-31 12:14:03","2026-01-31 12:14:03",AC4C65,"United States","United States",N8917N,,,,,,Piper,PA32,"Piper PA-32 300 Cherokee Six B",32-40709,,,,,,Private,,,1969,,,,0,,,,,,0,0,0,0,0,,,,,,0,0,0,0,0,GEN-PA32
30187164,"2026-01-31 12:09:30","2026-01-31 12:09:30",0101F8,Egypt,Egypt,SU-BTZ,,,,,,Embraer,E190,"Embraer EMB-195 LR",19000157,,,,,,"Air Cairo",,,2008,,,,0,,,,,,0,0,0,0,0,,,,,,0,0,0,0,0,MSC
30185178,"2026-01-31 11:48:41","2026-01-31 11:48:41",A00184,"United States","United States",N1RL,,,,,,Bombardier,CRJ7,"Bombardier CRJ 700",10004,,,,,,Corporate,,,,,,,0,,,,,,0,0,0,0,0,,,,,,0,0,0,0,0,GEN-CRJ7
30183667,"2026-01-31 11:31:52","2026-01-31 11:31:52",403E93,"United Kingdom","United Kingdom",G-BXVM,,,,,,Vans,RV6,"Vans RV-6 A","PFA 181-13103",,,,,,Private,,,2000,,,,0,,,,,,0,0,0,0,0,,,,,,0,0,0,0,0,GEN-RV6
30183596,"2026-01-31 11:31:13","2026-01-31 11:31:13",AB7969,"United States","United States",N8387K,,,,,,Stinson,S108,"Stinson Voyager 108-1",108-1387,,,,,,Private,,,1946,,,,0,,,,,,0,0,0,0,0,,,,,,0,0,0,0,0,GEN-S108
30182694,"2026-01-31 11:21:22","2026-01-31 11:21:22",3EF116,Germany,Germany,D-4223,,,,,,Schleicher,GLID,"Schleicher ASW 20 L",20302,,,,,,Private,,,1980,,,,0,,,,,,0,0,0,0,0,,,,,,0,0,0,0,0,GEN-GLID
30182568,"2026-01-31 11:19:57","2026-01-31 11:19:57",4606A6,Finland,Finland,OH-CNM,,,,,,Cessna,C177,"Cessna 177A Cardinal",17701349,,,,,,Private,,,1968,,,,0,,,,,,0,0,0,0,0,,,,,,0,0,0,0,0,GEN-C177
30182525,"2026-01-31 11:19:29","2026-01-31 11:19:29",AB5976,"United States","United States",N830MJ,,,,,,Embraer,E145,"Embraer ERJ-145 LR",145259,,,,,,"Delta Connection",,,,,,,0,,,,,,0,0,0,0,0,,,,,,0,0,0,0,0,GEN-E145
30181394,"2026-01-31 11:07:16","2026-01-31 11:07:16",C81AE5,"New Zealand","New Zealand",ZK-HJN,,,,,,Robinson,R44,"Robinson R44 Raven II",11739,,,,,,"Heli Resources",,,2007,,,,0,,,,,,0,0,0,0,0,,,,,,0,0,0,0,0,GEN-R44
30180113,"2026-01-31 10:53:09","2026-01-31 10:53:09",A0B43A,"United States","United States",N1442R,,,,,,"American Aviation",AA1,"American Aviation AA-1B",AA1B-0542,,,,,,Private,,,,,,,0,,,,,,0,0,0,0,0,,,,,,0,0,0,0,0,GEN-AA1
30178002,"2026-01-31 10:30:19","2026-01-31 10:30:19",A146DB,"United States","United States",N18107,,,,,,Cessna,C150,"Cessna 150L",15073790,,,,,,Private,,,,,,,0,,,,,,0,0,0,0,0,,,,,,0,0,0,0,0,GEN-C150
30177422,"2026-01-31 10:23:44","2026-01-31 10:23:44",A2E4A5,"United States","United States",N286DW,,,,,,Beech,BE40,"Beech 400 A",RK-19,,,,,,"BJ400 LLC",,,,,,,0,,,,,,0,0,0,0,0,,,,,,0,0,0,0,0,GEN-BE40
30176076,"2026-01-31 10:08:46","2026-01-31 10:08:46",A0030C,"United States","United States",N10HB,,,,,,Bushby,MUS2,"Bushby Mustang II",221,,,,,,Private,,,1981,,,,0,,,,,,0,0,0,0,0,,,,,,0,0,0,0,0,GEN-MUS2
30176013,"2026-01-31 10:08:04","2026-01-31 10:08:04",A08728,"United States","United States",N133JK,,,,,,Cessna,C206,"Cessna P206D Super Skylane",P206-0572,,,,,,Private,,,,,,,0,,,,,,0,0,0,0,0,,,,,,0,0,0,0,0,GEN-C206
30175199,"2026-01-31 09:58:52","2026-01-31 09:58:52",43EC46,Guernsey,Guernsey,2-HERM,,,,,,"Diamond Aircraft",DA62,"Diamond Aircraft DA62",62.103,,,,,,Private,,,2018,,,,0,,,,,,0,0,0,0,0,,,,,,0,0,0,0,0,GEN-DA62
30175064,"2026-01-31 09:57:28","2026-01-31 09:57:28",03410B,Cameroon,Cameroon,TJ-CRA,,,,,,Embraer,E145,"Embraer ERJ-145 LR",145311,,,,,,"Cronos Airlines",,,,,,,0,,,,,,0,0,0,0,0,,,,,,0,0,0,0,0,CRA
30174074,"2026-01-31 09:46:47","2026-01-31 09:46:47",A6B3C6,"United States","United States",N5307M,,,,,,"Cameron Balloons USA",BALL,"Cameron Balloons USA O-84 Hot Air Balloon",6160,,,,,,Private,,,1998,,,,0,,,,,,0,0,0,0,0,,,,,,0,0,0,0,0,GEN-BALL
30173563,"2026-01-31 09:41:31","2026-01-31 09:41:31",0D039B,Mexico,Mexico,XA-GOL,,,,,,Boeing,B737,"Boeing 737NG 752/W",35785,,,,,,"Aeroméxico",,,2006,,,,0,,,,,,0,0,0,0,0,,,,,,0,0,0,0,0,AMX
30173536,"2026-01-31 09:41:08","2026-01-31 09:41:08",A9AC17,"United States","United States",N722MK,,,,,,Dassault,FA50,"Dassault Falcon 50",222,,,,,,"RJ I LLC",,,1991,,,,0,,,,,,0,0,0,0,0,,,,,,0,0,0,0,0,GEN-FA50
30173455,"2026-01-31 09:40:17","2026-01-31 09:40:17",AD3716,"United States","United States",N9500Y,,,,,,Beech,BE95,"Beech Travel Air B95A",TD-508,,,,,,Private,,,1962,,,,0,,,,,,0,0,0,0,0,,,,,,0,0,0,0,0,GEN-BE95
30172635,"2026-01-31 09:31:32","2026-01-31 09:31:32",750213,Malaysia,Malaysia,9M-MSD,,,,,,Boeing,B738,"Boeing 737NG 8H6/W",40146,,,,,,"Malaysia Airlines",,,2013,,,,0,,,,,,0,0,0,0,0,,,,,,0,0,0,0,0,MAS
30171637,"2026-01-31 09:20:10","2026-01-31 09:20:10",A7E1F0,"United States","United States",N607HA,,,,,,Hispano,SATA,"Hispano Saeta HA-200A",20/12,,,,,,Private,,,,,,,0,,,,,,0,0,0,0,0,,,,,,0,0,0,0,0,GEN-SATA
30171048,"2026-01-31 09:13:19","2026-01-31 09:13:19",A11C65,"United States","United States",N1706P,,,,,,Schweizer,H269,"Schweizer 269 C-1",0278,,,,,,"Aviation Worldwide Services Inc",,,2007,,,,0,,,,,,0,0,0,0,0,,,,,,0,0,0,0,0,GEN-H269
30170921,"2026-01-31 09:12:07","2026-01-31 09:12:07",A50B9F,"United States","United States",N424MS,,,,,,Eurocopter,EC35,"Eurocopter EC135 P2+",0793,,,,,,"Northwest MedStar",,,,,,,0,,,,,,0,0,0,0,0,,,,,,0,0,0,0,0,GEN-EC35
30170581,"2026-01-31 09:08:29","2026-01-31 09:08:29",A23772,"United States","United States",N242AE,,,,,,Bell,B06,"Bell 206L Long Ranger",45506,,,,,,Private,,,,,,,0,,,,,,0,0,0,0,0,,,,,,0,0,0,0,0,GEN-B06
30170413,"2026-01-31 09:06:35","2026-01-31 09:06:35",40527C,"United Kingdom","United Kingdom",G-DCLV,,,,,,Glasflugel,GLID,"Glasflugel H201 Standard Libelle",180,,,,,,Private,,,1971,,,,0,,,,,,0,0,0,0,0,,,,,,0,0,0,0,0,GEN-GLID
30169791,"2026-01-31 08:59:13","2026-01-31 08:59:13",39968D,France,France,F-HFUN,,,,,,"Diamond Aircraft",DV20,"Diamond Aircraft Katana DV20",20200,,,,,,Private,,,2009,,,,0,,,,,,0,0,0,0,0,,,,,,0,0,0,0,0,GEN-DV20
30169305,"2026-01-31 08:53:19","2026-01-31 08:53:19",C08F64,Canada,Canada,C-ICHV,,,,,,"Skye Treck",ZZZZ,"Skye Treck Skyseeker Mk.III",1310180,,,,,,Private,,,,,,,0,,,,,,0,0,0,0,0,,,,,,0,0,0,0,0,GEN-ZZZZ
30168242,"2026-01-31 08:40:45","2026-01-31 08:40:45",3C4938,Germany,Germany,D-ABIX,,,,,,Boeing,B735,"Boeing 737 530",24946,,,,,,Lufthansa,,,1991,,,,0,,,,,,0,0,0,0,0,,,,,,0,0,0,0,0,GEN-B735
30167682,"2026-01-31 08:34:18","2026-01-31 08:34:18",008580,"South Africa","South Africa",ZS-CBN,,,,,,Piper,PA22,"Piper PA-22 108 Colt",22-9590,,,,,,Private,,,1963,,,,0,,,,,,0,0,0,0,0,,,,,,0,0,0,0,0,GEN-PA22
17912,"2022-02-16 07:49:47","2026-01-31 08:19:33",48421B,Netherlands,Netherlands,,,,,,,,-GND,,,,,,,,,,,,,,,0,,,,,,0,0,0,0,0,Missing,,,,,0,0,0,0,0,GEN--GND
30165978,"2026-01-31 08:14:07","2026-01-31 08:14:07",A8FD5F,"United States","United States",EP-861,,,,,,Cessna,C56X,"Cessna Citation XLS",560-5679,,,,,,"Peruvian Army",,,,,,,0,,,,,,1,0,0,0,0,,,,,,0,0,0,0,0,
30165817,"2026-01-31 08:12:26","2026-01-31 08:12:26",AC818D,"United States","United States",N9048W,,,,,,Piper,P28B,"Piper PA-28 235 Cherokee",28-10641,,,,,,Private,,,1965,,,,0,,,,,,0,0,0,0,0,,,,,,0,0,0,0,0,GEN-P28B
11102,"2021-11-08 16:26:52","2026-01-31 08:01:09",C87EE8,"New Zealand","New Zealand","",,,,"",,"",ZZZZ,"","",,,,,,"",,,,,,"",0,,,,,,0,0,0,0,0,Missing,,,"","",0,0,0,0,0,GEN-ZZZZ
766556,"2023-10-30 20:59:55","2026-01-31 08:01:09",43BF96,"United Kingdom","United Kingdom","",,,,"",,"",ZANT,"","",,,,,,"",,,,,,"",0,,,,,,0,0,0,0,0,Missing,,,"","",0,0,0,0,0,ZANT
30164524,"2026-01-31 07:56:44","2026-01-31 07:56:44",AC379E,"United States","United States",N8868Q,,,,,,Rockwell,SS2P,"Rockwell Thrush Commander S2R-600",1468R,,,,,,Private,,,1969,,,,0,,,,,,0,0,0,0,0,,,,,,0,0,0,0,0,GEN-SS2P
30164031,"2026-01-31 07:50:47","2026-01-31 07:50:47",A0140C,"United States","United States",N104EZ,,,,,,Rutan,LGEZ,"Rutan Long-Ez",461,,,,,,Private,,,1999,,,,0,,,,,,0,0,0,0,0,,,,,,0,0,0,0,0,GEN-LGEZ
30163066,"2026-01-31 07:38:54","2026-01-31 07:38:54",A6BBAB,"United States","United States",N533B,,,,,,Beech,BE35,"Beech Bonanza H35",D-5108,,,,,,Private,,,1957,,,,0,,,,,,0,0,0,0,0,,,,,,0,0,0,0,0,GEN-BE35
30162638,"2026-01-31 07:34:04","2026-01-31 07:34:04",C0210E,Canada,Canada,C-FMNL,,,,,,Cessna,C510,"Cessna Citation Mustang",510-0338,,,,,,"Omega Air Corp",,,,,,,0,,,,,,0,0,0,0,0,,,,,,0,0,0,0,0,GEN-C510
30162450,"2026-01-31 07:31:46","2026-01-31 07:31:46",A52BD3,"United States","United States",N432PB,,,,,,Cessna,C170,"Cessna 170B",26664,,,,,,Private,,,,,,,0,,,,,,0,0,0,0,0,,,,,,0,0,0,0,0,GEN-C170
30162052,"2026-01-31 07:27:12","2026-01-31 07:27:12",ABB9FA,"United States","United States",N855AQ,,,,,,Bell,B429,"Bell 429 Global Ranger",57349,,,,,,"Bell Helicopter Textron Inc",,,2018,,,,0,,,,,,0,0,0,0,0,,,,,,0,0,0,0,0,GEN-B429
30161626,"2026-01-31 07:22:25","2026-01-31 07:22:25",3DED94,Germany,Germany,D-HKFK,,,,,,Bell,B407,"Bell 407",53605,,,,,,Private,,,,,,,0,,,,,,0,0,0,0,0,,,,,,0,0,0,0,0,GEN-B407
30161594,"2026-01-31 07:21:56","2026-01-31 07:21:56",398512,France,France,F-HBIS,,,,,,Airbus,A320,"Airbus A320 214",3136,,,,,,"TAP Air Portugal",,,2007,,,,0,,,,,,0,0,0,0,0,,,,,,0,0,0,0,0,TAP
30160809,"2026-01-31 07:12:23","2026-01-31 07:12:23",4B445B,Switzerland,Switzerland,HB-ZXB,,,,,,"Marenco SwissHelicopter",ZZZZ,"Marenco SwissHelicopter SKYe SH09",02,,,,,,"Kopter Group AG",,,2015,,,,0,,,,,,0,0,0,0,0,,,,,,0,0,0,0,0,GEN-ZZZZ
30159495,"2026-01-31 06:57:09","2026-01-31 06:57:09",C03099,Canada,Canada,C-FSKM,,,,,,Bombardier,CRJ1,"Bombardier CRJ 100ER",7071,,,,,,"Air Canada Express",,,,,,,0,,,,,,0,0,0,0,0,,,,,,0,0,0,0,0,GGN
30159415,"2026-01-31 06:56:03","2026-01-31 06:56:03",406951,"United Kingdom","United Kingdom",G-STIR,,,,,,Ultramagic,BALL,"Ultramagic M-105 Hot Air Balloon",105/192,,,,,,Private,,,,,,,0,,,,,,0,0,0,0,0,,,,,,0,0,0,0,0,GEN-BALL
30159409,"2026-01-31 06:55:58","2026-01-31 06:55:58",A8E675,"United States","United States",N6727B,,,,,,Piper,PA22,"Piper PA-22 150 Tri-Pacer",22-4060,,,,,,Private,,,1956,,,,0,,,,,,0,0,0,0,0,,,,,,0,0,0,0,0,GEN-PA22
30158847,"2026-01-31 06:49:15","2026-01-31 06:49:15",ADEFA2,"United States","United States",N99741,,,,,,ERCO,ERCO,"Ercoupe 415-C",2364,,,,,,Private,,,1946,,,,0,,,,,,0,0,0,0,0,,,,,,0,0,0,0,0,GEN-ERCO
30157419,"2026-01-31 06:30:40","2026-01-31 06:30:40",780133,"China Hong Kong","China Hong Kong",B-HNB,,,,,,Boeing,B772,"Boeing 777 267",27266,,,,,,"Cathay Pacific Airways",,,1995,,,,0,,,,,,0,0,0,0,0,,,,,,0,0,0,0,0,CPA
30157303,"2026-01-31 06:29:04","2026-01-31 06:29:04",ADC4A0,"United States","United States",N9866H,,,,,,Howard,DG15,"Howard DGA-15P Jobmaster",1795,,,,,,Private,,,1944,,,,0,,,,,,0,0,0,0,0,,,,,,0,0,0,0,0,GEN-DG15
30156354,"2026-01-31 06:17:35","2026-01-31 06:17:35",A34E11,"United States","United States",N31180,,,,,,Schweizer-Grumman,G164,"Schweizer-Grumman G-164A Super Ag-Cat",1607,,,,,,Private,,,1975,,,,0,,,,,,0,0,0,0,0,,,,,,0,0,0,0,0,GEN-G164
30156299,"2026-01-31 06:17:03","2026-01-31 06:17:03",3C9C22,Germany,Germany,D-BGAB,,,,,,Dornier,J328,"Dornier Do 328 Jet 300",3134,,,,,,"Gandalf Airlines",,,2000,,,,0,,,,,,0,0,0,0,0,,,,,,0,0,0,0,0,GEN-J328
30153943,"2026-01-31 05:47:44","2026-01-31 05:47:44",A3169F,"United States","United States",N29877,,,,,,Cessna,C207,"Cessna T207 Turbo Skywagon",20700247,,,,,,Private,,,1974,,,,0,,,,,,0,0,0,0,0,,,,,,0,0,0,0,0,GEN-C207
30153807,"2026-01-31 05:46:02","2026-01-31 05:46:02",A10103,"United States","United States",N164EW,,,,,,"North American",T6,"North American Harvard III",88-15371,,,,,,Private,,,,,,,0,,,,,,0,0,0,0,0,,,,,,0,0,0,0,0,GEN-T6
30152886,"2026-01-31 05:34:56","2026-01-31 05:34:56",A7CDFD,"United States","United States",N6015,,,,,,Corben,SACE,"Corben Mini Ace",1,,,,,,Private,,,1968,,,,0,,,,,,0,0,0,0,0,,,,,,0,0,0,0,0,GEN-SACE
30152808,"2026-01-31 05:33:50","2026-01-31 05:33:50",ABE526,"United States","United States",N866AE,,,,,,"Bell Helicopter",B06,"Bell Helicopter 206L Long Ranger IV",52486,,,,,,Private,,,,,,,0,,,,,,0,0,0,0,0,,,,,,0,0,0,0,0,GEN-B06
30152106,"2026-01-31 05:25:27","2026-01-31 05:25:27",C03D89,Canada,Canada,C-FXHW,,,,,,Taylorcraft,TAYB,"Taylorcraft BC-12D",7199,,,,,,Private,,,1946,,,,0,,,,,,0,0,0,0,0,,,,,,0,0,0,0,0,GEN-TAYB
30152030,"2026-01-31 05:24:31","2026-01-31 05:24:31",3EE0FC,Germany,Germany,D-0101,,,,,,Schempp-Hirth,GLID,"Schempp-Hirth Cirrus",30,,,,,,Private,,,1968,,,,0,,,,,,0,0,0,0,0,,,,,,0,0,0,0,0,GEN-GLID
30151443,"2026-01-31 05:17:19","2026-01-31 05:17:19",A1BEBB,"United States","United States",N211RL,,,,,,Cessna,C320,"Cessna 320B Skyknight",320B0014,,,,,,Private,,,,,,,0,,,,,,0,0,0,0,0,,,,,,0,0,0,0,0,GEN-C320
30151254,"2026-01-31 05:15:00","2026-01-31 05:15:00",0D0776,Mexico,Mexico,XA-JMA,,,,,,Airbus,A320,"Airbus A320 214SL",5665,,,,,,Interjet,,,2013,,,,0,,,,,,0,0,0,0,0,,,,,,0,0,0,0,0,AIJ
30150865,"2026-01-31 05:10:06","2026-01-31 05:10:06",AC416A,"United States","United States",N889Y,,,,,,Vans,RV8,"Vans RV-8",81871,,,,,,Private,,,2008,,,,0,,,,,,0,0,0,0,0,,,,,,0,0,0,0,0,GEN-RV8
30150221,"2026-01-31 05:01:03","2026-01-31 05:01:03",3DFA3E,Germany,Germany,D-HPAC,,,,,,Schweizer,H269,"Schweizer 269 C",S1777,,,,,,Private,,,,,,,0,,,,,,0,0,0,0,0,,,,,,0,0,0,0,0,GEN-H269
30150030,"2026-01-31 04:58:49","2026-01-31 04:58:49",AB8547,"United States","United States",N841TP,,,,,,Bombardier,LJ60,"Bombardier Learjet 60",60-031,,,,,,"Five Daughters California LLC",,,,,,,0,,,,,,0,0,0,0,0,,,,,,0,0,0,0,0,GEN-LJ60
30149844,"2026-01-31 04:56:18","2026-01-31 04:56:18",702038,Bangladesh,Bangladesh,S2-AHA,,,,,,Bombardier,DH8C,"Bombardier DHC-8 314Q",521,,,,,,"Regent Airways",,,1998,,,,0,,,,,,0,0,0,0,0,,,,,,0,0,0,0,0,RGE
30149322,"2026-01-31 04:48:34","2026-01-31 04:48:34",ADF2F6,"United States","United States",N99817,,,,,,ERCO,ERCO,"Ercoupe 415-D",2440,,,,,,Private,,,1946,,,,0,,,,,,0,0,0,0,0,,,,,,0,0,0,0,0,GEN-ERCO
30148771,"2026-01-31 04:42:05","2026-01-31 04:42:05",A526C5,"United States","United States",N4309V,,,,,,Piper,P28A,"Piper PA-28 161 Warrior II",28-8316084,,,,,,Private,,,1983,,,,0,,,,,,0,0,0,0,0,,,,,,0,0,0,0,0,GEN-P28A
30148601,"2026-01-31 04:39:48","2026-01-31 04:39:48",A23E48,"United States","United States",N24354,,,,,,Taylorcraft,TAYB,"Taylorcraft BF",1690,,,,,,Private,,,1940,,,,0,,,,,,0,0,0,0,0,,,,,,0,0,0,0,0,GEN-TAYB
30148438,"2026-01-31 04:37:11","2026-01-31 04:37:11",449499,Belgium,Belgium,OO-EDY,,,,,,Morane-Saulnier,RALL,"Morane-Saulnier Rallye MS.892A Commodore 150",10459,,,,,,Private,,,,,,,0,,,,,,0,0,0,0,0,,,,,,0,0,0,0,0,GEN-RALL
30148106,"2026-01-31 04:32:46","2026-01-31 04:32:46",A00A2B,"United States","United States",N101TY,,,,,,Sikorsky,S330,"Sikorsky 269 D",0101M,,,,,,"Sikorsky Aircraft Corporation",,,2016,,,,0,,,,,,0,0,0,0,0,,,,,,0,0,0,0,0,GEN-S330
30147946,"2026-01-31 04:30:50","2026-01-31 04:30:50",A0930B,"United States","United States",N136S,,,,,,Beech,BE55,"Beech Baron E55",TE-794,,,,,,Private,,,1970,,,,0,,,,,,0,0,0,0,0,,,,,,0,0,0,0,0,GEN-BE55
30147937,"2026-01-31 04:30:39","2026-01-31 04:30:39",4B50BE,Switzerland,Switzerland,HB-3095,,,,,,Scheibe,GLID,"Scheibe SF-34B Delphin",5139,,,,,,Private,,,1992,,,,0,,,,,,0,0,0,0,0,,,,,,0,0,0,0,0,GEN-GLID
30147557,"2026-01-31 04:25:33","2026-01-31 04:25:33",45E113,Denmark,Denmark,OY-XHS,,,,,,Schempp-Hirth,GLID,"Schempp-Hirth Standard Cirrus",43,,,,,,Private,,,,,,,0,,,,,,0,0,0,0,0,,,,,,0,0,0,0,0,GEN-GLID
30147540,"2026-01-31 04:25:22","2026-01-31 04:25:22",ABAB1B,"United States","United States",N851AM,,,,,,Boeing,B737,"Boeing 737NG 752/W",29363,,,,,,"Aeroméxico",,,2003,,,,0,,,,,,0,0,0,0,0,,,,,,0,0,0,0,0,AMX
30147171,"2026-01-31 04:20:32","2026-01-31 04:20:32",147B62,Russia,Russia,ER-KGE,,,,,,Kamov,KA27,"Kamov Ka-32 A",8708,,,,,,"Pecotox Air",,,,,,,0,,,,,,0,0,0,0,0,,,,,,0,0,0,0,0,PXA
30146703,"2026-01-31 04:14:05","2026-01-31 04:14:05",A7C071,"United States","United States",N599SL,,,,,,Bombardier,LJ75,"Bombardier Learjet 75",45-593,,,,,,"SEL Services LLC",,,2020,,,,0,,,,,,0,0,0,0,0,,,,,,0,0,0,0,0,GEN-LJ75
30145181,"2026-01-31 03:54:28","2026-01-31 03:54:28",A38184,"United States","United States",N325GL,,,,,,Boeing,B737,"Boeing 737NG 73V",30238,,,,,,GOL,,,2001,,,,0,,,,,,0,0,0,0,0,,,,,,0,0,0,0,0,GLO
30144585,"2026-01-31 03:46:01","2026-01-31 03:46:01",AB9D70,"United States","United States",N8479C,,,,,,Monnett,MRAI,"Monnett Monerai",165,,,,,,Private,,,,,,,0,,,,,,0,0,0,0,0,,,,,,0,0,0,0,0,GEN-MRAI
30144514,"2026-01-31 03:45:06","2026-01-31 03:45:06",ACDF56,"United States","United States",N9288D,,,,,,Piper,PA18,"Piper PA-18 150 Super Cub",18-6594,,,,,,Private,,,,,,,0,,,,,,0,0,0,0,0,,,,,,0,0,0,0,0,GEN-PA18
30144164,"2026-01-31 03:40:05","2026-01-31 03:40:05",3FCC22,Germany,Germany,D-OOSW,,,,,,"Schroeder Fire Balloons",BALL,"Schroeder Fire Balloons G Hot Air Balloon",1623,,,,,,Private,,,,,,,0,,,,,,0,0,0,0,0,,,,,,0,0,0,0,0,GEN-BALL
30144146,"2026-01-31 03:39:55","2026-01-31 03:39:55",4784BC,Norway,Norway,LN-RRC,,,,,,Boeing,B736,"Boeing 737NG 683",28300,,,,,,"Scandinavian Airlines System",,,1999,,,,0,,,,,,0,0,0,0,0,,,,,,0,0,0,0,0,SAS
30143749,"2026-01-31 03:34:45","2026-01-31 03:34:45",A001D6,"United States","United States",N1UT,,,,,,"Velocity Aircraft",VELO,"Velocity Aircraft Velocity Standard RG Elite","DMO 360",,,,,,Private,,,,,,,0,,,,,,0,0,0,0,0,,,,,,0,0,0,0,0,GEN-VELO
30143108,"2026-01-31 03:25:36","2026-01-31 03:25:36",A56C50,"United States","United States",N449CT,,,,,,Beech,BE35,"Beech Bonanza S35",D-7912,,,,,,Private,,,1965,,,,0,,,,,,0,0,0,0,0,,,,,,0,0,0,0,0,GEN-BE35
30142919,"2026-01-31 03:23:00","2026-01-31 03:23:00",C0376D,Canada,Canada,C-FUZS,,,,,,Grob,GLID,"Grob G 103 Twin Astir II",3574,,,,,,Private,,,1980,,,,0,,,,,,0,0,0,0,0,,,,,,0,0,0,0,0,GEN-GLID
30142775,"2026-01-31 03:21:11","2026-01-31 03:21:11",A81501,"United States","United States",N62MK,,,,,,AMD,CH2T,"AMD CH 2000 Alarus",20-0048,,,,,,Private,,,,,,,0,,,,,,0,0,0,0,0,,,,,,0,0,0,0,0,GEN-CH2T
30142344,"2026-01-31 03:15:04","2026-01-31 03:15:04",ABC52A,"United States","United States",N858BA,,,,,,Boeing,B38M,"Boeing 737MAX 8",61861,,,,,,"Boeing Company",,,2019,,,,0,,,,,,0,0,0,0,0,,,,,,0,0,0,0,0,BOE
30139970,"2026-01-31 02:43:34","2026-01-31 02:43:34",3D2530,Germany,Germany,D-EMII,,,,,,Fairchild,FA24,"Fairchild F.24 W-46A",W46-290,,,,,,Private,,,,,,,0,,,,,,0,0,0,0,0,,,,,,0,0,0,0,0,GEN-FA24
30139589,"2026-01-31 02:38:08","2026-01-31 02:38:08",385DF7,France,France,F-BXPX,,,,,,Piper,PA30,"Piper PA-39 Twin Comanche C/R",39-51,,,,,,Private,,,,,,,0,,,,,,0,0,0,0,0,,,,,,0,0,0,0,0,GEN-PA30
30139404,"2026-01-31 02:35:40","2026-01-31 02:35:40",ABA474,"United States","United States",N8496B,,,,,,"Rand Robinson",KR2,"Rand Robinson KR-2",TH1,,,,,,Private,,,,,,,0,,,,,,0,0,0,0,0,,,,,,0,0,0,0,0,GEN-KR2
30138685,"2026-01-31 02:25:51","2026-01-31 02:25:51",A84B92,"United States","United States",N6332U,,,,,,"Aero Commander",AC56,"Aero Commander Twin Commander 560F",560F-1380,,,,,,Private,,,,,,,0,,,,,,0,0,0,0,0,,,,,,0,0,0,0,0,GEN-AC56
30138575,"2026-01-31 02:24:33","2026-01-31 02:24:33",A35845,"United States","United States",N31414,,,,,,Aeronca,AR65,"Aeronca Super Chief 65-LB",LB-10630,,,,,,Private,,,1940,,,,0,,,,,,0,0,0,0,0,,,,,,0,0,0,0,0,GEN-AR65
30138411,"2026-01-31 02:22:05","2026-01-31 02:22:05",43C400,"United Kingdom","United Kingdom",XX194,,,,,,"Hawker Siddeley",HAWK,"Hawker Siddeley Hawk T.1A",41H-312041,,,,,,"Royal Air Force",,,1977,,,,0,,,,,,1,0,0,0,0,,,,,,0,0,0,0,0,
30137673,"2026-01-31 02:11:42","2026-01-31 02:11:42",4A8D92,Sweden,Sweden,SE-CLR,,,,,,Piper,J3,"Piper J-3 C-65 Cub",11794,,,,,,Private,,,1944,,,,0,,,,,,0,0,0,0,0,,,,,,0,0,0,0,0,GEN-J3
30137470,"2026-01-31 02:08:51","2026-01-31 02:08:51",A5A7DF,"United States","United States",N4635Z,,,,,,Piper,PA22,"Piper PA-22 108 Colt",22-8152,,,,,,Private,,,1961,,,,0,,,,,,0,0,0,0,0,,,,,,0,0,0,0,0,GEN-PA22
30136565,"2026-01-31 01:56:17","2026-01-31 01:56:17",A407D0,"United States","United States",N359SD,,,,,,Bell,UH1,"Bell UH-1V Iroquois",8613,,,,,,"United States Department Of State",,,,,,,0,,,,,,0,0,0,0,0,,,,,,0,0,0,0,0,GEN-UH1
30136179,"2026-01-31 01:51:13","2026-01-31 01:51:13",A774A7,"United States","United States",N58ME,,,,,,"Aero Commander",AC50,"Aero Commander Twin Commander 500",500-671-24,,,,,,Private,,,,,,,0,,,,,,0,0,0,0,0,,,,,,0,0,0,0,0,GEN-AC50
30134900,"2026-01-31 01:33:39","2026-01-31 01:33:39",AC1BE4,"United States","United States",N88ED,,,,,,Rutan,VEZE,"Rutan VariEze",946,,,,,,Private,,,1990,,,,0,,,,,,0,0,0,0,0,,,,,,0,0,0,0,0,GEN-VEZE
30134668,"2026-01-31 01:30:36","2026-01-31 01:30:36",A09794,"United States","United States",N1370K,,,,,,Rotec,ULAC,"Rotec Rally",64514,,,,,,Private,,,,,,,0,,,,,,0,0,0,0,0,,,,,,0,0,0,0,0,GEN-ULAC
30134189,"2026-01-31 01:24:22","2026-01-31 01:24:22",AD9902,"United States","United States",N9753J,,,,,,Piper,P28A,"Piper PA-28 180 Cherokee C",28-3868,,,,,,Private,,,,,,,0,,,,,,0,0,0,0,0,,,,,,0,0,0,0,0,GEN-P28A
30134123,"2026-01-31 01:23:20","2026-01-31 01:23:20",402B43,"United Kingdom","United Kingdom",G-MTZR,,,,,,"Solar Wings",ULAC,"Solar Wings Pegasus XL-Q",SW-WQ-0060,,,,,,Private,,,,,,,0,,,,,,0,0,0,0,0,,,,,,0,0,0,0,0,GEN-ULAC
30132420,"2026-01-31 01:00:05","2026-01-31 01:00:05",ADC0B6,"United States","United States",N98542,,,,,,Piper,J3,"Piper J-3 C-65 Cub",18754,,,,,,Private,,,1946,,,,0,,,,,,0,0,0,0,0,,,,,,0,0,0,0,0,GEN-J3
847247,"2026-01-31 00:52:12","2026-01-31 00:52:12",3F4E82,Germany,Germany,8?+??,,,,,,Sikorsky,H53,"Sikorsky CH-53GA Stallion",,,,,,,"German Air Force",,,,,,"JT: 2026-01-31 00:51:12",0,,,,,,1,0,0,0,0,,,,,,0,0,0,0,0,GAF-H53
1077144,"2026-01-31 00:52:12","2026-01-31 00:52:12",3F98F5,Germany,Germany,3?+??,,,,,,Panavia,EUFI,"Eurofighter Typhoon EF2000",,,,,,,"German Air Force",,,,,,"JT: 2026-01-31 00:51:12",0,,,,,,1,0,0,0,0,,,,,,0,0,0,0,0,GAF-EUFI
1121118,"2026-01-31 00:52:12","2026-01-31 00:52:12",3FBD5B,Germany,Germany,31+30,,,,,,Eurofighter,EUFI,"Eurofighter Typhoon EF2000",,,,,,,"German Air Force",,,,,,"JT: 2026-01-31 00:51:12",0,,,,,,1,0,0,0,0,,,,,,0,0,0,0,0,GAF-EUFI
2354462,"2026-01-31 00:52:12","2026-01-31 00:52:12",3F5323,Germany,Germany,45+20,,,,,,Eurofighter,TOR,"Panavia Tornado",,,,,,,"German Air Force",,,,,,"JT: 2026-01-31 00:51:12",0,,,,,,1,0,0,0,0,,,,,,0,0,0,0,0,GAF-TOR
28250640,"2026-01-31 00:52:12","2026-01-31 00:52:12",3F7361,Germany,Germany,30+20,,,,,,,EUFI,"Eurofighter Typhoon EF2000",,,,,,,"German Air Force",,,,,,"JT: 2026-01-31 00:51:12",0,,,,,,1,0,0,0,0,,,,,,0,0,0,0,0,GAF-EUFI
28267595,"2026-01-31 00:52:12","2026-01-31 00:52:12",3FBDFE,Germany,Germany,31+38,,,,,,,EUFI,"Eurofighter Typhoon EF2000",,,,,,,"German Air Force",,,,,,"JT: 2026-01-31 00:51:12",0,,,,,,1,0,0,0,0,,,,,,0,0,0,0,0,GAF-EUFI
28271043,"2026-01-31 00:52:12","2026-01-31 00:52:12",3F7C94,Germany,Germany,75+02,,,,,,,EC45,"Airbus Helicopters H-145M",,,,,,,"German Army",,,,,,"JT: 2026-01-31 00:51:12",0,,,,,,1,0,0,0,0,,,,,,0,0,0,0,0,GAM-EC45
28271920,"2026-01-31 00:52:12","2026-01-31 00:52:12",3F91DA,Germany,Germany,31+49,,,,,,,EUFI,"Eurofighter Typhoon EF2000",,,,,,,"German Air Force",,,,,,"JT: 2026-01-31 00:51:12",0,,,,,,1,0,0,0,0,,,,,,0,0,0,0,0,GAF-EUFI
28283218,"2026-01-31 00:52:12","2026-01-31 00:52:12",3E999B,Germany,Germany,77+03,,,,,,,EC45,"Airbus Helicopters H-145M",,,,,,,"German Army",,,,,,"JT: 2026-01-31 00:51:12",0,,,,,,1,0,0,0,0,,,,,,0,0,0,0,0,GAM-EC45
28367423,"2026-01-31 00:52:12","2026-01-31 00:52:12",3FB335,Germany,Germany,30+84,,,,,,,EUFI,"Eurofighter Typhoon EF2000",,,,,,,"German Air Force",,,,,,"JT: 2026-01-31 00:51:12",0,,,,,,1,0,0,0,0,,,,,,0,0,0,0,0,GAF-EUFI
28368084,"2026-01-31 00:52:12","2026-01-31 00:52:12",3F52B8,Germany,Germany,79+70,,,,,,,NH90,"NHIndustries NH90-NTH",,,,,,,"German Navy",,,,,,"JT: 2026-01-31 00:51:12",0,,,,,,1,0,0,0,0,,,,,,0,0,0,0,0,GNY-NH90
28368138,"2026-01-31 00:52:12","2026-01-31 00:52:12",3F62CF,Germany,Germany,43+38,,,,,,,TOR,"Panavia Tornado",,,,,,,"German Air Force",,,,,,"JT: 2026-01-31 00:51:12",0,,,,,,1,0,0,0,0,,,,,,0,0,0,0,0,GAF-TOR
28368384,"2026-01-31 00:52:12","2026-01-31 00:52:12",3F8226,Germany,Germany,3?+??,,,,,,,EUFI,"Eurofighter Typhoon EF2000",,,,,,,"German Air Force",,,,,,"JT: 2026-01-31 00:51:12",0,,,,,,1,0,0,0,0,,,,,,0,0,0,0,0,GAF-EUFI
28368553,"2026-01-31 00:52:12","2026-01-31 00:52:12",3FB377,Germany,Germany,44+90,,,,,,,TOR,"Panavia Tornado",,,,,,,"German Air Force",,,,,,"JT: 2026-01-31 00:51:12",0,,,,,,1,0,0,0,0,,,,,,0,0,0,0,0,GAF-TOR
28374395,"2026-01-31 00:52:12","2026-01-31 00:52:12",3FAD8A,Germany,Germany,31+27,,,,,,,EUFI,"Eurofighter Typhoon EF2000",,,,,,,"German Air Force",,,,,,"JT: 2026-01-31 00:51:12",0,,,,,,1,0,0,0,0,,,,,,0,0,0,0,0,GAF-EUFI
28748533,"2026-01-31 00:52:12","2026-01-31 00:52:12",3FA61A,Germany,Germany,30+14,,,,,,,EUFI,"Eurofighter Typhoon EF2000",,,,,,,"German Air Force",,,,,,"JT: 2026-01-31 00:51:12",0,,,,,,1,0,0,0,0,,,,,,0,0,0,0,0,GAF-EUFI
28752746,"2026-01-31 00:52:12","2026-01-31 00:52:12",3F8CA9,Germany,Germany,3?+??,,,,,,,EUFI,"Eurofighter Typhoon EF2000",,,,,,,"German Air Force",,,,,,"JT: 2026-01-31 00:51:12",0,,,,,,1,0,0,0,0,,,,,,0,0,0,0,0,GAF-EUFI
28839885,"2026-01-31 00:52:12","2026-01-31 00:52:12",3F61FA,Germany,Germany,31+21,,,,,,,EUFI,"Eurofighter Typhoon EF2000",,,,,,,"German Air Force",,,,,,"JT: 2026-01-31 00:51:12",0,,,,,,1,0,0,0,0,,,,,,0,0,0,0,0,GAF-EUFI
28846572,"2026-01-31 00:52:12","2026-01-31 00:52:12",3F5994,Germany,Germany,30+17,,,,,,,EUFI,"Eurofighter Typhoon EF2000",,,,,,,"German Air Force",,,,,,"JT: 2026-01-31 00:51:12",0,,,,,,1,0,0,0,0,,,,,,0,0,0,0,0,GAF-EUFI
28958801,"2026-01-31 00:52:12","2026-01-31 00:52:12",3F6C35,Germany,Germany,43+46,,,,,,,TOR,"Panavia Tornado",,,,,,,"German Air Force",,,,,,"JT: 2026-01-31 00:51:12",0,,,,,,1,0,0,0,0,,,,,,0,0,0,0,0,GAF-TOR
28985378,"2026-01-31 00:52:12","2026-01-31 00:52:12",3E8839,Germany,Germany,8?+??,,,,,,,H53,"Sikorsky CH-53GA Stallion",,,,,,,"German Air Force",,,,,,"JT: 2026-01-31 00:51:12",0,,,,,,1,0,0,0,0,,,,,,0,0,0,0,0,GAF-H53
29196223,"2026-01-31 00:52:12","2026-01-31 00:52:12",3EBF4C,Germany,Germany,3?+??,,,,,,,EUFI,"Eurofighter Typhoon EF2000",,,,,,,"German Air Force",,,,,,"JT: 2026-01-31 00:51:12",0,,,,,,1,0,0,0,0,,,,,,0,0,0,0,0,GAF-EUFI
29198130,"2026-01-31 00:52:12","2026-01-31 00:52:12",3E9D8E,Germany,Germany,31+48,,,,,,,EUFI,"Eurofighter Typhoon EF2000",,,,,,,"German Air Force",,,,,,"JT: 2026-01-31 00:51:12",0,,,,,,1,0,0,0,0,,,,,,0,0,0,0,0,GAF-EUFI
29487789,"2026-01-31 00:52:12","2026-01-31 00:52:12",3E83A5,Germany,Germany,3?+??,,,,,,,EUFI,"Eurofighter Typhoon EF2000",,,,,,,"German Air Force",,,,,,"JT: 2026-01-31 00:51:12",0,,,,,,1,0,0,0,0,,,,,,0,0,0,0,0,GAF-EUFI
29487911,"2026-01-31 00:52:12","2026-01-31 00:52:12",3F464D,Germany,Germany,3?+??,,,,,,,EUFI,"Eurofighter Typhoon EF2000",,,,,,,"German Air Force",,,,,,"JT: 2026-01-31 00:51:12",0,,,,,,1,0,0,0,0,,,,,,0,0,0,0,0,GAF-EUFI
29488012,"2026-01-31 00:52:12","2026-01-31 00:52:12",3F775B,Germany,Germany,3?+??,,,,,,,EUFI,"Eurofighter Typhoon EF2000",,,,,,,"German Air Force",,,,,,"JT: 2026-01-31 00:51:12",0,,,,,,1,0,0,0,0,,,,,,0,0,0,0,0,GAF-EUFI
29488063,"2026-01-31 00:52:12","2026-01-31 00:52:12",3F996C,Germany,Germany,3?+??,,,,,,,EUFI,"Eurofighter Typhoon EF2000",,,,,,,"German Air Force",,,,,,"JT: 2026-01-31 00:51:12",0,,,,,,1,0,0,0,0,,,,,,0,0,0,0,0,GAF-EUFI
29488097,"2026-01-31 00:52:12","2026-01-31 00:52:12",3FAA51,Germany,Germany,3?+??,,,,,,,EUFI,"Eurofighter Typhoon EF2000",,,,,,,"German Air Force",,,,,,"JT: 2026-01-31 00:51:12",0,,,,,,1,0,0,0,0,,,,,,0,0,0,0,0,GAF-EUFI
29488191,"2026-01-31 00:52:12","2026-01-31 00:52:12",3EB698,Germany,Germany,31+40,,,,,,,EUFI,"Eurofighter Typhoon EF2000",,,,,,,"German Air Force",,,,,,"JT: 2026-01-31 00:51:12",0,,,,,,1,0,0,0,0,,,,,,0,0,0,0,0,GAF-EUFI
29488320,"2026-01-31 00:52:12","2026-01-31 00:52:12",3EB6A5,Germany,Germany,43+42,,,,,,,TOR,"Panavia Tornado",,,,,,,"German Air Force",,,,,,"JT: 2026-01-31 00:51:12",0,,,,,,1,0,0,0,0,,,,,,0,0,0,0,0,GAF-TOR
29488322,"2026-01-31 00:52:12","2026-01-31 00:52:12",3FA4ED,Germany,Germany,43+48,,,,,,,TOR,"Panavia Tornado",,,,,,,"German Air Force",,,,,,"JT: 2026-01-31 00:51:12",0,,,,,,1,0,0,0,0,,,,,,0,0,0,0,0,GAF-TOR
29488341,"2026-01-31 00:52:12","2026-01-31 00:52:12",3F758D,Germany,Germany,45+61,,,,,,,TOR,"Panavia Tornado",,,,,,,"German Air Force",,,,,,"JT: 2026-01-31 00:51:12",0,,,,,,1,0,0,0,0,,,,,,0,0,0,0,0,GAF-TOR
29488639,"2026-01-31 00:52:12","2026-01-31 00:52:12",3E812F,Germany,Germany,76+??,,,,,,,EC45,"Airbus Helicopters H-145M",,,,,,,"German Army",,,,,,"JT: 2026-01-31 00:51:12",0,,,,,,1,0,0,0,0,,,,,,0,0,0,0,0,GAM-EC45
29488732,"2026-01-31 00:52:12","2026-01-31 00:52:12",3F8643,Germany,Germany,76+??,,,,,,,EC45,"Airbus Helicopters H-145M",,,,,,,"German Army",,,,,,"JT: 2026-01-31 00:51:12",0,,,,,,1,0,0,0,0,,,,,,0,0,0,0,0,GAM-EC45
29488805,"2026-01-31 00:52:12","2026-01-31 00:52:12",3F84DA,Germany,Germany,77+??,,,,,,,EC45,"Airbus Helicopters H-145M",,,,,,,"German Army",,,,,,"JT: 2026-01-31 00:51:12",0,,,,,,1,0,0,0,0,,,,,,0,0,0,0,0,GAM-EC45
29488913,"2026-01-31 00:52:12","2026-01-31 00:52:12",3EAFA5,Germany,Germany,3?+??,,,,,,,EUFI,"Eurofighter Typhoon EF2000",,,,,,,"German Air Force",,,,,,"JT: 2026-01-31 00:51:12",0,,,,,,1,0,0,0,0,,,,,,0,0,0,0,0,GAF-EUFI
29488972,"2026-01-31 00:52:12","2026-01-31 00:52:12",3F4BDB,Germany,Germany,7?+??,,,,,,,NH90,"NHIndustries NH90-TTH",,,,,,,"German Army",,,,,,"JT: 2026-01-31 00:51:12",0,,,,,,1,0,0,0,0,,,,,,0,0,0,0,0,GAM-NH90
29488993,"2026-01-31 00:52:12","2026-01-31 00:52:12",3F5AB4,Germany,Germany,7?+??,,,,,,,NH90,"NHIndustries NH90-TTH",,,,,,,"German Army",,,,,,"JT: 2026-01-31 00:51:12",0,,,,,,1,0,0,0,0,,,,,,0,0,0,0,0,GAM-NH90
29489174,"2026-01-31 00:52:12","2026-01-31 00:52:12",3F8F14,Germany,Germany,78+17,,,,,,,NH90,"NHIndustries NH90-TTH",,,,,,,"German Army",,,,,,"JT: 2026-01-31 00:51:12",0,,,"","","",1,0,0,0,0,,,,,,0,0,0,0,0,GAM-NH90
29489209,"2026-01-31 00:52:12","2026-01-31 00:52:12",3F9281,Germany,Germany,79+59,,,,,,,NH90,"NHIndustries NH90-TTH",,,,,,,"German Army",,,,,,"JT: 2026-01-31 00:51:12",0,,,,,,1,0,0,0,0,,,,,,0,0,0,0,0,GAM-NH90
29489454,"2026-01-31 00:52:12","2026-01-31 00:52:12",3E8639,Germany,Germany,8?+??,,,,,,,H53,"Sikorsky CH-53GA Stallion",,,,,,,"German Air Force",,,,,,"JT: 2026-01-31 00:51:12",0,,,,,,1,0,0,0,0,,,,,,0,0,0,0,0,GAF-H53
29489456,"2026-01-31 00:52:12","2026-01-31 00:52:12",3E872B,Germany,Germany,8?+??,,,,,,,H53,"Sikorsky CH-53GA Stallion",,,,,,,"German Air Force",,,,,,"JT: 2026-01-31 00:51:12",0,,,,,,1,0,0,0,0,,,,,,0,0,0,0,0,GAF-H53
29489534,"2026-01-31 00:52:12","2026-01-31 00:52:12",3EA3A6,Germany,Germany,8?+??,,,,,,,H53,"Sikorsky CH-53GA Stallion",,,,,,,"German Air Force",,,,,,"JT: 2026-01-31 00:51:12",0,,,,,,1,0,0,0,0,,,,,,0,0,0,0,0,GAF-H53
29726342,"2026-01-31 00:52:12","2026-01-31 00:52:12",3F927E,Germany,Germany,3?+??,,,,,,,EUFI,"Eurofighter Typhoon EF2000",,,,,,,"German Air Force",,,,,,"JT: 2026-01-31 00:51:12",0,,,,,,1,0,0,0,0,,,,,,0,0,0,0,0,GAF-EUFI
30131708,"2026-01-31 00:49:59","2026-01-31 00:49:59",C823ED,"New Zealand","New Zealand",ZK-ICX,,,,,,Eurocopter,AS50,"Eurocopter Squirrel AS.350 B2",3969,,,,,,"The Helicopter Line",,,2005,,,,0,,,,,,0,0,0,0,0,,,,,,0,0,0,0,0,GEN-AS50
30129037,"2026-01-31 00:14:30","2026-01-31 00:14:30",AD138F,"United States","United States",N9412T,,,,,,Cessna,C210,"Cessna 210",57212,,,,,,Private,,,1960,,,,0,,,,,,0,0,0,0,0,,,,,,0,0,0,0,0,GEN-C210
30128694,"2026-01-31 00:09:47","2026-01-31 00:09:47",A8CBAA,"United States","United States",N666MV,,,,,,Cessna,C310,"Cessna 310B",35766,,,,,,Private,,,,,,,0,,,,,,0,0,0,0,0,,,,,,0,0,0,0,0,GEN-C310
30128342,"2026-01-31 00:05:12","2026-01-31 00:05:12",3910B3,France,France,F-GEFT,,,,,,Piper,PA31,"Piper PA-31 Navajo",31-678,,,,,,Private,,,1970,,,,0,,,,,,0,0,0,0,0,,,,,,0,0,0,0,0,GEN-PA31
