AircraftID,FirstCreated,LastModified,ModeS,ModeSCountry,Country,Registration,CurrentRegDate,PreviousID,FirstRegDate,Status,DeRegDate,Manufacturer,ICAOTypeCode,Type,SerialNo,PopularName,GenericName,AircraftClass,Engines,OwnershipStatus,RegisteredOwners,MTOW,TotalHours,YearBuilt,CofACategory,CofAExpiry,UserNotes,Interested,UserTag,InfoURL,PictureURL1,PictureURL2,PictureURL3,UserBool1,UserBool2,UserBool3,UserBool4,UserBool5,UserString1,UserString2,UserString3,UserString4,UserString5,UserInt1,UserInt2,UserInt3,UserInt4,UserInt5,OperatorFlagCode
28563912,"2026-01-17 23:59:40","2026-01-17 23:59:40",A107CC,"United States","United States",N16582,,,,,,Piper,P28A,"Piper PA-28 140 Cherokee F",28-7325300,,,,,,Private,,,1973,,,,0,,,,,,0,0,0,0,0,,,,,,0,0,0,0,0,GEN-P28A
28563591,"2026-01-17 23:55:30","2026-01-17 23:55:30",A66259,"United States","United States",N510KJ,,,,,,Robinson,R44,"Robinson R44 Raven II",10338,,,,,,Private,,,,,,,0,,,,,,0,0,0,0,0,,,,,,0,0,0,0,0,GEN-R44
28562726,"2026-01-17 23:43:08","2026-01-17 23:43:08",A4A31B,"United States","United States",N39816,,,,,,Bellanca,BL17,"Bellanca Super Viking 17-30A",73-30524,,,,,,Private,,,1973,,,,0,,,,,,0,0,0,0,0,,,,,,0,0,0,0,0,GEN-BL17
28561991,"2026-01-17 23:33:06","2026-01-17 23:33:06",A1590E,"United States","United States",N186XL,,,,,,Cessna,C56X,"Cessna Citation Excel",560-5186,,,,,,"FE 5218 LLC",,,,,,,0,,,,,,0,0,0,0,0,,,,,,0,0,0,0,0,GEN-C56X
28561167,"2026-01-17 23:22:16","2026-01-17 23:22:16",44F805,Belgium,Belgium,AT-05,,,,,,"Dassault-Breguet Dornier",AJET,"Dassault-Breguet Dornier Alpha Jet 1B+",1018,,,,,,"Belgian Air Component",,,,,,,0,,,,,,1,0,0,0,0,,,,,,0,0,0,0,0,
28560443,"2026-01-17 23:11:47","2026-01-17 23:11:47",A39CAF,"United States","United States",N33159,,,,,,Piper,J3,"Piper J-3 F-65 Cub",5878,,,,,,Private,,,1941,,,,0,,,,,,0,0,0,0,0,,,,,,0,0,0,0,0,GEN-J3
28560138,"2026-01-17 23:07:27","2026-01-17 23:07:27",4242BD,Bermuda,Bermuda,VP-BLR,,,,,,Airbus,A320,"Airbus A320 214SL",5585,,,,,,Aeroflot,,,2013,,,,0,,,,,,0,0,0,0,0,,,,,,0,0,0,0,0,AFL
28560093,"2026-01-17 23:06:58","2026-01-17 23:06:58",A83377,"United States","United States",N6276Q,,,,,,Cessna,C402,"Cessna 401A",401A0076,,,,,,Private,,,1969,,,,0,,,,,,0,0,0,0,0,,,,,,0,0,0,0,0,GEN-C402
28560007,"2026-01-17 23:05:45","2026-01-17 23:05:45",A6FFD2,"United States","United States",N621CN,,,,,,"Hawker Beechcraft Corp",BE20,"Hawker Beechcraft Corp King Air 200GT",BY-44,,,,,,"KRMV LLC",,,,,,,0,,,,,,0,0,0,0,0,,,,,,0,0,0,0,0,GEN-BE20
28559851,"2026-01-17 23:03:22","2026-01-17 23:03:22",A57D73,"United States","United States",N453C,,,,,,"Stellar Aircraft",ULAC,"Stellar Aircraft Astra HKS",A0500805H,,,,,,Private,,,,,,,0,,,,,,0,0,0,0,0,,,,,,0,0,0,0,0,GEN-ULAC
28559396,"2026-01-17 22:57:43","2026-01-17 22:57:43",3EF65C,Germany,Germany,D-5573,,,,,,Glaser-Dirks,GLID,"Glaser-Dirks DG-100G Elan",E66-G41,,,,,,Private,,,1981,,,,0,,,,,,0,0,0,0,0,,,,,,0,0,0,0,0,GEN-GLID
28559238,"2026-01-17 22:55:24","2026-01-17 22:55:24",A519E5,"United States","United States",N428FS,,,,,,Rans,RS12,"Rans Airaile S-12",0195552,,,,,,Private,,,,,,,0,,,,,,0,0,0,0,0,,,,,,0,0,0,0,0,GEN-RS12
28558532,"2026-01-17 22:45:58","2026-01-17 22:45:58",A88D51,"United States","United States",N650GA,,,,,,"Gulfstream Aerospace",GLF6,"Gulfstream Aerospace G650 ER",6424,,,,,,"Gulfstream Aerospace Corp",,,2019,,,,0,,,,,,0,0,0,0,0,,,,,,0,0,0,0,0,GEN-GLF6
28557669,"2026-01-17 22:34:20","2026-01-17 22:34:20",403005,"United Kingdom","United Kingdom",G-BRSA,,,,,,Cameron,BALL,"Cameron N-56 Hot Air Balloon",2113,,,,,,Private,,,1989,,,,0,,,,,,0,0,0,0,0,,,,,,0,0,0,0,0,GEN-BALL
28556793,"2026-01-17 22:22:56","2026-01-17 22:22:56",4787AC,Norway,Norway,LN-IDC,,,,,,Cessna,C560,"Cessna Citation Encore",560-0652,,,,,,"H-Bird Aviation Services AB",,,2004,,,,0,,,,,,0,0,0,0,0,,,,,,0,0,0,0,0,GEN-C560
28556760,"2026-01-17 22:22:30","2026-01-17 22:22:30",AB623E,"United States","United States",N83205,,,,,,Aeronca,CH7A,"Aeronca Champion 7AC",7AC-1866,,,,,,Private,,,1946,,,,0,,,,,,0,0,0,0,0,,,,,,0,0,0,0,0,GEN-CH7A
28556677,"2026-01-17 22:21:28","2026-01-17 22:21:28",4495A3,Belgium,Belgium,OO-EMC,,,,,,Gyroflug,SC01,"Gyroflug Speed Canard SC-01B-160",S-32,,,,,,Private,,,,,,,0,,,,,,0,0,0,0,0,,,,,,0,0,0,0,0,GEN-SC01
28556406,"2026-01-17 22:17:41","2026-01-17 22:17:41",A389CC,"United States","United States",N327RD,,,,,,"Textron Aviation",C25B,"Textron Aviation Citation CJ3",525B0482,,,,,,"Turbojack LLC",,,2015,,,,0,,,,,,0,0,0,0,0,,,,,,0,0,0,0,0,GEN-C25B
28554875,"2026-01-17 21:57:58","2026-01-17 21:57:58",A5EC0C,"United States","United States",N4808C,,,,,,Boeing,H64,"Boeing AH-64E Apache",154808,,,,,,"Boeing Company",,,2018,,,,0,,,,,,0,0,0,0,0,,,,,,0,0,0,0,0,BOE
28554869,"2026-01-17 21:57:52","2026-01-17 21:57:52",A5195C,"United States","United States",N428AE,,,,,,"Air Tractor",AT8T,"Air Tractor AT-802A",802A-0052,,,,,,Private,,,1997,,,,0,,,,,,0,0,0,0,0,,,,,,0,0,0,0,0,GEN-AT8T
28554771,"2026-01-17 21:56:46","2026-01-17 21:56:46",405F0B,"United Kingdom","United Kingdom",G-EZFC,,,,,,Airbus,A319,"Airbus A319 111",3808,,,,,,easyJet,,,2009,,,,0,,,,,,0,0,0,0,0,,,,,,0,0,0,0,0,EZY
28554041,"2026-01-17 21:47:05","2026-01-17 21:47:05",A094CD,"United States","United States",N1367E,,,,,,Cessna,C172,"Cessna 172N Skyhawk",17270971,,,,,,Private,,,,,,,0,,,,,,0,0,0,0,0,,,,,,0,0,0,0,0,GEN-C172
28553927,"2026-01-17 21:45:36","2026-01-17 21:45:36",A7F61D,"United States","United States",N6119W,,,,,,Piper,P28A,"Piper PA-28 140 Cherokee",28-20135,,,,,,Private,,,1964,,,,0,,,,,,0,0,0,0,0,,,,,,0,0,0,0,0,GEN-P28A
28553892,"2026-01-17 21:45:20","2026-01-17 21:45:20",AD595D,"United States","United States",N95964,,,,,,Taylorcraft,TAYB,"Taylorcraft BC-12 D",8264,,,,,,Private,,,1946,,,,0,,,,,,0,0,0,0,0,,,,,,0,0,0,0,0,GEN-TAYB
28553818,"2026-01-17 21:44:29","2026-01-17 21:44:29",3EF2F3,Germany,Germany,D-4700,,,,,,"Sportine Aviacija",GLID,"Sportine Aviacija LAK-12 Lietuva",6227,,,,,,Private,,,,,,,0,,,,,,0,0,0,0,0,,,,,,0,0,0,0,0,GEN-GLID
28552075,"2026-01-17 21:23:17","2026-01-17 21:23:17",460D74,Finland,Finland,OH-FCM,,,,,,Fairchild,FA24,"Fairchild F.24 W-41A Argus II",W41A-290,,,,,,Private,,,,,,,0,,,,,,0,0,0,0,0,,,,,,0,0,0,0,0,GEN-FA24
28551911,"2026-01-17 21:21:32","2026-01-17 21:21:32",AC96C2,"United States","United States",N910AY,,,,,,DAHER-SOCATA,TBM9,"DAHER-SOCATA TBM 910",1207,,,,,,"Columbia Aircraft Sales Inc",,,2017,,,,0,,,,,,0,0,0,0,0,,,,,,0,0,0,0,0,GEN-TBM9
28551708,"2026-01-17 21:19:02","2026-01-17 21:19:02",0097DA,"South Africa","South Africa",ZS-JAF,,,,,,"Grumman American",AA5,"Grumman American AA-5A Cheetah",AA5A-0403,,,,,,Private,,,1977,,,,0,,,,,,0,0,0,0,0,,,,,,0,0,0,0,0,GEN-AA5
28551494,"2026-01-17 21:15:44","2026-01-17 21:15:44",AA036C,"United States","United States",N744WT,,,,,,Robinson,R44,"Robinson R44 Raven II",11489,,,,,,Private,,,2006,,,,0,,,,,,0,0,0,0,0,,,,,,0,0,0,0,0,GEN-R44
28551433,"2026-01-17 21:15:00","2026-01-17 21:15:00",A27050,"United States","United States",N2561N,,,,,,Piper,PA18,"Piper PA-18 150 Super Cub",18-8009038,,,,,,Private,,,1979,,,,0,,,,,,0,0,0,0,0,,,,,,0,0,0,0,0,GEN-PA18
28550967,"2026-01-17 21:09:31","2026-01-17 21:09:31",A847E9,"United States","United States",N63228,,,,,,Boeing,ST75,"Boeing Stearman A75N1 PT-17 Kaydet",75-2404,,,,,,Private,,,1942,,,,0,,,,,,0,0,0,0,0,,,,,,0,0,0,0,0,GEN-ST75
28550897,"2026-01-17 21:08:53","2026-01-17 21:08:53",A06C3B,"United States","United States",N126Z,,,,,,Cessna,C206,"Cessna TU206F Turbo Stationair",U20602367,,,,,,Private,,,,,,,0,,,,,,0,0,0,0,0,,,,,,0,0,0,0,0,GEN-C206
28550188,"2026-01-17 21:00:27","2026-01-17 21:00:27",400906,"United Kingdom","United Kingdom",5Y-BXT,,,,,,"Hawker Siddeley",A748,"Hawker Siddeley HS.748 2A/266",1701,,,,,,"Avro Express",,,1971,,,,0,,,,,,0,0,0,0,0,,,,,,0,0,0,0,0,GEN-A748
28550135,"2026-01-17 20:59:51","2026-01-17 20:59:51",A1452E,"United States","United States",N181JC,,,,,,Vans,RV7,"Vans RV-7 A",71400,,,,,,Private,,,2004,,,,0,,,,,,0,0,0,0,0,,,,,,0,0,0,0,0,GEN-RV7
28549629,"2026-01-17 20:54:09","2026-01-17 20:54:09",008434,"South Africa","South Africa",ZS-BOT,,,,,,"Hawker Beechcraft Corp",H25B,"Hawker Beechcraft Corp Hawker 900XP",HA-0032,,,,,,"Swift Flight",,,2007,,,,0,,,,,,0,0,0,0,0,,,,,,0,0,0,0,0,GEN-H25B
28549082,"2026-01-17 20:47:33","2026-01-17 20:47:33",3C48C3,Germany,Germany,D-ABFC,,,,,,Airbus,A320,"Airbus A320 214",4161,,,,,,"Air Berlin",,,2009,,,,0,,,,,,0,0,0,0,0,,,,,,0,0,0,0,0,BER
28549062,"2026-01-17 20:47:23","2026-01-17 20:47:23",AC0461,"United States","United States",N8734B,,,,,,Cessna,C172,"Cessna 172",36234,,,,,,Private,,,1957,,,,0,,,,,,0,0,0,0,0,,,,,,0,0,0,0,0,GEN-C172
28548693,"2026-01-17 20:43:13","2026-01-17 20:43:13",3931A7,France,France,F-GMNH,,,,,,"Raven Europe",BALL,"Raven Europe S-49A Hot Air Balloon",E-335,,,,,,Private,,,,,,,0,,,,,,0,0,0,0,0,,,,,,0,0,0,0,0,GEN-BALL
28548649,"2026-01-17 20:42:52","2026-01-17 20:42:52",AC2F57,"United States","United States",N8842H,,,,,,Schweizer-Grumman,G164,"Schweizer-Grumman G-164A Super Ag-Cat",1537,,,,,,Private,,,1975,,,,0,,,,,,0,0,0,0,0,,,,,,0,0,0,0,0,GEN-G164
28548016,"2026-01-17 20:35:33","2026-01-17 20:35:33",A09F63,"United States","United States",N1393B,,,,,,Luscombe,L8,"Luscombe Silvaire 8F",6020,,,,,,Private,,,,,,,0,,,,,,0,0,0,0,0,,,,,,0,0,0,0,0,GEN-L8
28547715,"2026-01-17 20:31:41","2026-01-17 20:31:41",A01618,"United States","United States",N1041N,,,,,,"Zénith",CH60,"Zénith Zenair Zodiac CH 601 HDS",6-3013-HDS,,,,,,Private,,,1997,,,,0,,,,,,0,0,0,0,0,,,,,,0,0,0,0,0,GEN-CH60
28545518,"2026-01-17 20:05:36","2026-01-17 20:05:36",A72760,"United States","United States",N560ET,,,,,,Cessna,C560,"Cessna Citation Encore",560-0638,,,,,,"Montana Jet LLC",,,,,,,0,,,,,,0,0,0,0,0,,,,,,0,0,0,0,0,GEN-C560
28545195,"2026-01-17 20:01:02","2026-01-17 20:01:02",A06336,"United States","United States",N124GT,,,,,,"Zénith",CH60,"Zénith Zenair Zodiac CH 601 XL",6-6318,,,,,,Private,,,2009,,,,0,,,,,,0,0,0,0,0,,,,,,0,0,0,0,0,GEN-CH60
28545096,"2026-01-17 19:59:50","2026-01-17 19:59:50",A86E90,"United States","United States",N642VM,,,,,,Robinson,R44,"Robinson R44 Raven II",13886,,,,,,"Microseal Inc",,,,,,,0,,,,,,0,0,0,0,0,,,,,,0,0,0,0,0,GEN-R44
28544712,"2026-01-17 19:55:04","2026-01-17 19:55:04",404458,"United Kingdom","United Kingdom",G-BZNX,,,,,,SOCATA,RALL,"SOCATA Rallye MS.880B Rallye Club",2113,,,,,,Private,,,1972,,,,0,,,,,,0,0,0,0,0,,,,,,0,0,0,0,0,GEN-RALL
28544344,"2026-01-17 19:50:43","2026-01-17 19:50:43",A36484,"United States","United States",N31796,,,,,,Aeronca,AR6T,"Aeronca Tandem 65-TF",F-6660T,,,,,,Private,,,1940,,,,0,,,,,,0,0,0,0,0,,,,,,0,0,0,0,0,GEN-AR6T
28544176,"2026-01-17 19:48:40","2026-01-17 19:48:40",A08215,"United States","United States",N1316C,,,,,,Piper,PA22,"Piper PA-22 135 Tri-Pacer",22-1109,,,,,,Private,,,1953,,,,0,,,,,,0,0,0,0,0,,,,,,0,0,0,0,0,GEN-PA22
28543936,"2026-01-17 19:45:30","2026-01-17 19:45:30",A98403,"United States","United States",N712FL,,,,,,Cessna,C750,"Cessna Citation X",750-0082,,,,,,"CMG CX LLC",,,,,,,0,,,,,,0,0,0,0,0,,,,,,0,0,0,0,0,GEN-C750
28543918,"2026-01-17 19:45:19","2026-01-17 19:45:19",A68FD6,"United States","United States",N5216G,,,,,,Cessna,C310,"Cessna U-3B Blue Canoe",310M-0024,,,,,,Private,,,,,,,0,,,,,,0,0,0,0,0,,,,,,0,0,0,0,0,GEN-C310
28543756,"2026-01-17 19:43:27","2026-01-17 19:43:27",C09645,Canada,Canada,C-IEXO,,,,,,Spectrum,BEVR,"Spectrum Beaver RX 550","SB 2130",,,,,,Private,,,,,,,0,,,,,,0,0,0,0,0,,,,,,0,0,0,0,0,GEN-BEVR
28543082,"2026-01-17 19:35:20","2026-01-17 19:35:20",149FC7,Russia,Russia,RA-40903,,,,,,Antonov,AN2,"Antonov An-2 R",1G215-40,,,,,,"UT air",,,,,,,0,,,,,,0,0,0,0,0,,,,,,0,0,0,0,0,UTA
28541875,"2026-01-17 19:20:50","2026-01-17 19:20:50",8960D0,"United Arab Emirates","United Arab Emirates",A6-EBI,,,,,,Boeing,B77W,"Boeing 777 36NER",32785,,,,,,Emirates,,,2005,,,,0,,,,,,0,0,0,0,0,,,,,,0,0,0,0,0,UAE
28541840,"2026-01-17 19:20:26","2026-01-17 19:20:26",A416D6,"United States","United States",N3625W,,,,,,"Raven Aerostar",BALL,"Raven Aerostar RX.8 Hot Air Balloon",RX8-3038,,,,,,Private,,,,,,,0,,,,,,0,0,0,0,0,,,,,,0,0,0,0,0,GEN-BALL
28540959,"2026-01-17 19:09:19","2026-01-17 19:09:19",A9D5EB,"United States","United States",N219TM,,,,,,"Hawker Beechcraft Corp",BE9L,"Hawker Beechcraft Corp King Air C90GT",LJ-1828,,,,,,Corporate,,,,,,,0,,,,,,0,0,0,0,0,,,,,,0,0,0,0,0,GEN-BE9L
28540888,"2026-01-17 19:08:32","2026-01-17 19:08:32",AD0181,"United States","United States",N937UW,,,,,,Boeing,B752,"Boeing 757 2B7/W",27245,,,,,,"American Airlines",,,1994,,,,0,,,,,,0,0,0,0,0,,,,,,0,0,0,0,0,AAL
28540635,"2026-01-17 19:05:55","2026-01-17 19:05:55",ACA5D7,"United States","United States",N914DE,,,,,,"McDonnell Douglas",MD88,"McDonnell Douglas DC-9 88",49957,,,,,,"Delta Air Lines",,,1993,,,,0,,,,,,0,0,0,0,0,,,,,,0,0,0,0,0,DAL
28540133,"2026-01-17 18:59:09","2026-01-17 18:59:09",0D8263,Venezuela,Venezuela,YV3191,,,,,,Gates,LJ25,"Gates Learjet 25 G",25G-368,,,,,,Corporate,,,,,,,0,,,,,,0,0,0,0,0,,,,,,0,0,0,0,0,GEN-LJ25
28539573,"2026-01-17 18:53:08","2026-01-17 18:53:08",A29B57,"United States","United States",N2670A,,,,,,Earthstar,ULAC,"Earthstar Gull",01,,,,,,Private,,,,,,,0,,,,,,0,0,0,0,0,,,,,,0,0,0,0,0,GEN-ULAC
28538589,"2026-01-17 18:41:54","2026-01-17 18:41:54",A27DEA,"United States","United States",N26PA,,,,,,Dassault,F2TH,"Dassault Falcon 2000",117,,,,,,"Pro Airways LLC",,,2000,,,,0,,,,,,0,0,0,0,0,,,,,,0,0,0,0,0,GEN-F2TH
28538277,"2026-01-17 18:38:29","2026-01-17 18:38:29",C07F60,Canada,Canada,C-GWGD,,,,,,Piper,PA44,"Piper PA-44 180 Seminole",44-7995060,,,,,,"Toronto Airways",,,,,,,0,,,,,,0,0,0,0,0,,,,,,0,0,0,0,0,GEN-PA44
28538260,"2026-01-17 18:38:15","2026-01-17 18:38:15",A2E9AC,"United States","United States",ZP-BOA,,,,,,Cessna,C750,"Cessna Citation X",750-0018,,,,,,"J & B Global SA",,,,,,,0,,,,,,0,0,0,0,0,,,,,,0,0,0,0,0,GEN-C750
28537541,"2026-01-17 18:30:00","2026-01-17 18:30:00",A51EC0,"United States","United States",N429TJ,,,,,,Bell,B429,"Bell 429 Global Ranger",57113,,,,,,"JS Agusta LLC",,,2012,,,,0,,,,,,0,0,0,0,0,,,,,,0,0,0,0,0,GEN-B429
28537424,"2026-01-17 18:28:51","2026-01-17 18:28:51",459C65,Denmark,Denmark,OY-GCE,,,,,,Bombardier,GL5T,"Bombardier Global 5000",9584,,,,,,Flexflight,,,2014,,,,0,,,,,,0,0,0,0,0,,,,,,0,0,0,0,0,FXT
28537245,"2026-01-17 18:26:48","2026-01-17 18:26:48",A9E3F7,"United States","United States",N7362D,,,,,,Piper,PA18,"Piper PA-18 A-150 Super Cub",18-5723,,,,,,Private,,,,,,,0,,,,,,0,0,0,0,0,,,,,,0,0,0,0,0,GEN-PA18
28536976,"2026-01-17 18:23:38","2026-01-17 18:23:38",A1BBFF,"United States","United States",N2101B,,,,,,Luscombe,L8,"Luscombe Silvaire 8F",6528,,,,,,Private,,,,,,,0,,,,,,0,0,0,0,0,,,,,,0,0,0,0,0,GEN-L8
28536689,"2026-01-17 18:20:22","2026-01-17 18:20:22",A2EA98,"United States","United States",N28718,,,,,,"Grumman American",AA5,"Grumman American AA-5B Tiger",AA5B-0772,,,,,,Private,,,1978,,,,0,,,,,,0,0,0,0,0,,,,,,0,0,0,0,0,GEN-AA5
28535933,"2026-01-17 18:11:36","2026-01-17 18:11:36",A7AEDF,"United States","United States",N59418,,,,,,Ryan,PT22,"Ryan Recruit ST3-KR",2168,,,,,,Private,,,,,,,0,,,,,,0,0,0,0,0,,,,,,0,0,0,0,0,GEN-PT22
28535682,"2026-01-17 18:08:54","2026-01-17 18:08:54",89604C,"United Arab Emirates","United Arab Emirates",A6-EMI,,,,,,Boeing,B772,"Boeing 777 21HER",27250,,,,,,"Emirates Airline",,,1996,,,,0,,,,,,0,0,0,0,0,,,,,,0,0,0,0,0,GEN-B772
28535623,"2026-01-17 18:08:15","2026-01-17 18:08:15",391225,France,France,F-GERF,,,,,,Sportavia-Putzer,RF5,"Sportavia-Putzer RF-5",5021,,,,,,Private,,,1969,,,,0,,,,,,0,0,0,0,0,,,,,,0,0,0,0,0,GEN-RF5
28535489,"2026-01-17 18:06:36","2026-01-17 18:06:36",A00F8D,"United States","United States",N10275,,,,,,Cessna,C150,"Cessna 150L",15074829,,,,,,Private,,,,,,,0,,,,,,0,0,0,0,0,,,,,,0,0,0,0,0,GEN-C150
28534597,"2026-01-17 17:55:15","2026-01-17 17:55:15",AB535F,"United States","United States",N829MB,,,,,,Cessna,C501,"Cessna Citation I",501-0156,,,,,,"Adams Aviation Services Inc",,,,,,,0,,,,,,0,0,0,0,0,,,,,,0,0,0,0,0,GEN-C501
28534501,"2026-01-17 17:54:22","2026-01-17 17:54:22",A6F92B,"United States","United States",N5488Y,,,,,,Cessna,C210,"Cessna 210N Centurion",21064226,,,,,,Private,,,1981,,,,0,,,,,,0,0,0,0,0,,,,,,0,0,0,0,0,GEN-C210
28532776,"2026-01-17 17:33:24","2026-01-17 17:33:24",A530BC,"United States","United States",N43308,,,,,,Taylorcraft,TAYB,"Taylorcraft BC-12 D",6967,,,,,,Private,,,1946,,,,0,,,,,,0,0,0,0,0,,,,,,0,0,0,0,0,GEN-TAYB
28532391,"2026-01-17 17:28:59","2026-01-17 17:28:59",4B1993,Switzerland,Switzerland,N635S,,,,,,Bombardier,CL60,"Bombardier Challenger 601 3A",5035,,,,,,"Cite Aviation LLC",,,1988,,,,0,,,,,,0,0,0,0,0,,,,,,0,0,0,0,0,GEN-CL60
28531858,"2026-01-17 17:23:09","2026-01-17 17:23:09",A4DAB4,"United States","United States",N41133,,,,,,Piper,J5,"Piper J-5 Cub Cruiser",5-1251,,,,,,Private,,,1942,,,,0,,,,,,0,0,0,0,0,,,,,,0,0,0,0,0,GEN-J5
28531525,"2026-01-17 17:19:48","2026-01-17 17:19:48",A38415,"United States","United States",N3256H,,,,,,ERCO,ERCO,"Ercoupe 415-C",3881,,,,,,Private,,,1946,,,,0,,,,,,0,0,0,0,0,,,,,,0,0,0,0,0,GEN-ERCO
28530955,"2026-01-17 17:10:50","2026-01-17 17:10:50",76CE99,Singapore,Singapore,9V-STY,,,,,,Airbus,A333,"Airbus A330 343E",1453,,,,,,"Singapore Airlines",,,2013,,,,0,,,,,,0,0,0,0,0,,,,,,0,0,0,0,0,SIA
28530956,"2026-01-17 17:10:50","2026-01-17 17:10:50",4780A3,Norway,Norway,LN-ODA,,,,,,Eurocopter,EC20,"Eurocopter EC120B Colibri",1488,,,,,,Private,,,2007,,,,0,,,,,,0,0,0,0,0,,,,,,0,0,0,0,0,GEN-EC20
28530519,"2026-01-17 17:05:11","2026-01-17 17:05:11",A2DFB0,"United States","United States",N2843Z,,,,,,Piper,PA22,"Piper PA-22 150 Tri-Pacer",22-6838,,,,,,Private,,,1959,,,,0,,,,,,0,0,0,0,0,,,,,,0,0,0,0,0,GEN-PA22
28530253,"2026-01-17 17:02:31","2026-01-17 17:02:31",502C12,Latvia,Latvia,YL-RAA,,,,,,Antonov,AN26,"Antonov An-26 B",11206,,,,,,"RAF Avia",,,,,,,0,,,https://cdn.jetphotos.com/full/6/22846_1597476590.jpg,https://cdn.jetphotos.com/full/5/72265_1591025590.jpg,https://cdn.jetphotos.com/full/6/46221_1553232471.jpg,0,0,0,0,0,,,,,,0,0,0,0,0,MTL
28530206,"2026-01-17 17:01:58","2026-01-17 17:01:58",402BAE,"United Kingdom","United Kingdom",G-MVBF,,,,,,"Mainair Sports",ULAC,"Mainair Sports Gemini Flash IIA",662-688-6,,,,,,Private,,,1988,,,,0,,,,,,0,0,0,0,0,,,,,,0,0,0,0,0,GEN-ULAC
28530073,"2026-01-17 17:00:16","2026-01-17 17:00:16",A6D0A9,"United States","United States",N5381J,,,,,,Cessna,C172,"Cessna 172N Skyhawk",17273771,,,,,,Private,,,1980,,,,0,,,,,,0,0,0,0,0,,,,,,0,0,0,0,0,GEN-C172
28529593,"2026-01-17 16:53:20","2026-01-17 16:53:20",0910C2,"Not Allocated","Not Allocated",HP-3010HTB,,,,,,Cessna,C560,"Cessna Citation V",560-0378,,,,,,"Helix-Craft Trading Corp",,,,,,,0,,,,,,0,0,0,0,0,,,,,,0,0,0,0,0,GEN-C560
28529533,"2026-01-17 16:52:02","2026-01-17 16:52:02",A50FC3,"United States","United States",N425SA,,,,,,Gates,LJ35,"Gates Learjet 35 A",35A-425,,,,,,"Voitair LLC",,,,,,,0,,,,,,0,0,0,0,0,,,,,,0,0,0,0,0,GEN-LJ35
28528751,"2026-01-17 16:42:51","2026-01-17 16:42:51",3FAB36,Germany,Germany,86+54,,,,,,MBB,B105,"MBB Bo.105 P",6054,,,,,,"German Army",,,,,,,0,,,,,,1,0,0,0,0,,,,,,0,0,0,0,0,
28528314,"2026-01-17 16:36:40","2026-01-17 16:36:40",A31DEA,"United States","United States",N30KR,,,,,,Neico,LNC2,"Neico Lancair 320",006,,,,,,Private,,,1987,,,,0,,,,,,0,0,0,0,0,,,,,,0,0,0,0,0,GEN-LNC2
28528051,"2026-01-17 16:31:45","2026-01-17 16:31:45",A0C383,"United States","United States",N1485V,,,,,,Cessna,C172,"Cessna 172M Skyhawk",17263619,,,,,,Private,,,,,,,0,,,,,,0,0,0,0,0,,,,,,0,0,0,0,0,GEN-C172
28528015,"2026-01-17 16:31:18","2026-01-17 16:31:18",3865A1,France,France,F-AZNB,,,,,,CASA,BU31,"CASA Jungmann 1-131E",2149,,,,,,Private,,,,,,,0,,,,,,0,0,0,0,0,,,,,,0,0,0,0,0,GEN-BU31
28527886,"2026-01-17 16:29:49","2026-01-17 16:29:49",48492C,Netherlands,Netherlands,PH-TDE,,,,,,"Diamond Aircraft",DA40,"Diamond Aircraft Diamond Star DA40D",D4.106,,,,,,Private,,,2004,,,,0,,,,,,0,0,0,0,0,,,,,,0,0,0,0,0,GEN-DA40
28527867,"2026-01-17 16:29:38","2026-01-17 16:29:38",A01179,"United States","United States",N103SR,,,,,,"Sun Aerospace",ZZZZ,"Sun Aerospace Sun Ray",100-103,,,,,,Private,,,,,,,0,,,,,,0,0,0,0,0,,,,,,0,0,0,0,0,GEN-ZZZZ
28527756,"2026-01-17 16:28:15","2026-01-17 16:28:15",C06132,Canada,Canada,C-GKUZ,,,,,,Bell,B412,"Bell 412 EP",36097,,,,,,"Eagle Copters Ltd",,,1994,,,,0,,,,,,0,0,0,0,0,,,,,,0,0,0,0,0,GEN-B412
28525675,"2026-01-17 15:59:56","2026-01-17 15:59:56",C0793B,Canada,Canada,C-GTXQ,,,,,,"Turbine Cubs of Wyoming",PA18,"Turbine Cubs of Wyoming PA-18 Super Cub",TC0808051,,,,,,Private,,,2012,,,,0,,,,,,0,0,0,0,0,,,,,,0,0,0,0,0,GEN-PA18
28525644,"2026-01-17 15:59:40","2026-01-17 15:59:40",A6FC23,"United States","United States",N5493G,,,,,,"North American",T28,"North American T-28B Trojan",200-277,,,,,,Private,,,,,,,0,,,,,,0,0,0,0,0,,,,,,0,0,0,0,0,GEN-T28
28524649,"2026-01-17 15:45:30","2026-01-17 15:45:30",A8F8F3,"United States","United States",N6776R,,,,,,Cessna,C210,"Cessna T210F Turbo-System Centurion",T210-0176,,,,,,Private,,,1966,,,,0,,,,,,0,0,0,0,0,,,,,,0,0,0,0,0,GEN-C210
28524562,"2026-01-17 15:44:44","2026-01-17 15:44:44",A63A7B,"United States","United States",N500FP,,,,,,Piper,P46T,"Piper PA-46-500TP M500",4697592,,,,,,"KGS Investments LLC",,,2015,,,,0,,,,,,0,0,0,0,0,,,,,,0,0,0,0,0,GEN-P46T
28524429,"2026-01-17 15:42:41","2026-01-17 15:42:41",760986,Pakistan,Pakistan,AP-BLF,,,,,,Boeing,B733,"Boeing 737 33A",27469,,,,,,"Air Indus",,,1997,,,,0,,,,,,0,0,0,0,0,,,,,,0,0,0,0,0,GEN-B733
28524043,"2026-01-17 15:37:26","2026-01-17 15:37:26",3A2E20,French_Overseas,French_Overseas,F-OLRA,,,,,,Boeing,B772,"Boeing 777 29MLR",40955,,,,,,"Air Austral",,,2011,,,,0,,,,,,0,0,0,0,0,,,,,,0,0,0,0,0,GEN-B772
28523709,"2026-01-17 15:32:36","2026-01-17 15:32:36",ADC1A9,"United States","United States",N986CJ,,,,,,Boeing,B733,"Boeing 737 3Y0",24676,,,,,,"Inflight Marketing Systems Inc.",,,1990,,,,0,,,,,,0,0,0,0,0,,,,,,0,0,0,0,0,GEN-B733
28523656,"2026-01-17 15:31:59","2026-01-17 15:31:59",0D03D3,Mexico,Mexico,XA-LEY,,,,,,"Raytheon Aircraft Company",H25B,"Raytheon Aircraft Company 125 850XP",258731,,,,,,"Aerolineas Ejecutivas SA",,,2005,,,,0,,,,,,0,0,0,0,0,,,,,,0,0,0,0,0,LET
28522792,"2026-01-17 15:21:36","2026-01-17 15:21:36",C08F61,Canada,Canada,C-ICHS,,,,,,"Amateur Built",ULAC,"Amateur Built Mitchell Wing B-10",P1130,,,,,,Private,,,,,,,0,,,,,,0,0,0,0,0,,,,,,0,0,0,0,0,GEN-ULAC
28522748,"2026-01-17 15:21:09","2026-01-17 15:21:09",3EE363,Germany,Germany,D-0716,,,,,,Schleicher,GLID,"Schleicher ASW 15",15115,,,,,,Private,,,1971,,,,0,,,,,,0,0,0,0,0,,,,,,0,0,0,0,0,GEN-GLID
28522654,"2026-01-17 15:20:00","2026-01-17 15:20:00",AAC146,"United States","United States",N792US,,,,,,"Quad City",ULAC,"Quad City Challenger II",CH2-20951R,,,,,,Private,,,,,,,0,,,,,,0,0,0,0,0,,,,,,0,0,0,0,0,GEN-ULAC
28521686,"2026-01-17 15:08:47","2026-01-17 15:08:47",AD601D,"United States","United States",N961CP,,,,,,Vans,RV6,"Vans RV-6 A",23938,,,,,,Private,,,1996,,,,0,,,,,,0,0,0,0,0,,,,,,0,0,0,0,0,GEN-RV6
28521224,"2026-01-17 15:04:09","2026-01-17 15:04:09",424448,"United Kingdom","United Kingdom",VQ-BRI,,,,,,Airbus,A20N,"Airbus A320 271NSL",8451,,,,,,"S7 Airlines",,,2018,,,,0,,,,,,0,0,0,0,0,,,,,,0,0,0,0,0,SBI
28520918,"2026-01-17 15:00:46","2026-01-17 15:00:46",A3EF97,"United States","United States",N3527Q,,,,,,Piper,PA31,"Piper PA-31 350 Navajo Chieftain",31-7952175,,,,,,Private,,,1979,,,,0,,,,,,0,0,0,0,0,,,,,,0,0,0,0,0,GEN-PA31
28520558,"2026-01-17 14:56:50","2026-01-17 14:56:50",A7D33C,"United States","United States",N603JR,,,,,,Vans,RV7,"Vans RV-7",74264,,,,,,Private,,,,,,,0,,,,,,0,0,0,0,0,,,,,,0,0,0,0,0,GEN-RV7
28520155,"2026-01-17 14:52:40","2026-01-17 14:52:40",3E7E4D,Germany,Germany,D-KNAJ,,,,,,Scheibe,SF25,"Scheibe SF-25C Falke 2000",44352,,,,,,Private,,,1984,,,,0,,,,,,0,0,0,0,0,,,,,,0,0,0,0,0,GEN-SF25
28520022,"2026-01-17 14:50:59","2026-01-17 14:50:59",A95014,"United States","United States",N7CF,,,,,,Cessna,C172,"Cessna 172M Skyhawk",17265261,,,,,,Private,,,1975,,,,0,,,,,,0,0,0,0,0,,,,,,0,0,0,0,0,GEN-C172
28520013,"2026-01-17 14:50:48","2026-01-17 14:50:48",A5A06B,"United States","United States",N4615T,,,,,,Maule,M4,"Maule M-4 Bee Dee",86,,,,,,Private,,,,,,,0,,,,,,0,0,0,0,0,,,,,,0,0,0,0,0,GEN-M4
28519955,"2026-01-17 14:50:04","2026-01-17 14:50:04",A941D0,"United States","United States",N696JH,,,,,,Beech,BE9T,"Beech King Air F90",LA-134,,,,,,"VAC SYS Holdings LLC",,,,,,,0,,,,,,0,0,0,0,0,,,,,,0,0,0,0,0,GEN-BE9T
28519909,"2026-01-17 14:49:37","2026-01-17 14:49:37",A0A0F2,"United States","United States",N14GQ,,,,,,Piper,PA34,"Piper PA-34 200T Seneca II",34-7870455,,,,,,Private,,,1978,,,,0,,,,,,0,0,0,0,0,,,,,,0,0,0,0,0,GEN-PA34
28519297,"2026-01-17 14:42:55","2026-01-17 14:42:55",A7EC2E,"United States","United States",N6098R,,,,,,"MD Helicopters",H500,"MD Helicopters 369 FF",0298FF,,,,,,"MD Helicopters",,,2018,,,,0,,,,,,0,0,0,0,0,,,,,,0,0,0,0,0,GEN-H500
28519298,"2026-01-17 14:42:55","2026-01-17 14:42:55",3C656A,Germany,Germany,D-AIKJ,,,,,,Airbus,A333,"Airbus A330 343X",701,,,,,,Lufthansa,,,2005,,,,0,,,,,,0,0,0,0,0,,,,,,0,0,0,0,0,DLH
28518512,"2026-01-17 14:34:08","2026-01-17 14:34:08",AAFEFD,"United States","United States",N8075Z,,,,,,Piper,P28A,"Piper PA-28 161 Warrior II",28-8016046,,,,,,Private,,,1979,,,,0,,,,,,0,0,0,0,0,,,,,,0,0,0,0,0,GEN-P28A
28517941,"2026-01-17 14:28:06","2026-01-17 14:28:06",A1031F,"United States","United States",N16411,,,,,,"Firefly Balloons",BALL,"Firefly Balloons Firefly 8 Hot Air Balloon",F8-2029,,,,,,Private,,,2010,,,,0,,,,,,0,0,0,0,0,,,,,,0,0,0,0,0,GEN-BALL
28517398,"2026-01-17 14:22:07","2026-01-17 14:22:07",4B4368,Switzerland,Switzerland,HB-ZNS,,,,,,Robinson,R22,"Robinson R22 Beta II",3195,,,,,,"Chablais Heli Club",,,,,,,0,,,,,,0,0,0,0,0,,,,,,0,0,0,0,0,GEN-R22
28515984,"2026-01-17 14:04:53","2026-01-17 14:04:53",A201E4,"United States","United States",N2286A,,,,,,Rutan,VEZE,"Rutan VariEze",555,,,,,,Private,,,1978,,,,0,,,,,,0,0,0,0,0,,,,,,0,0,0,0,0,GEN-VEZE
28515878,"2026-01-17 14:03:48","2026-01-17 14:03:48",A9D09E,"United States","United States",N999FJ,,,,,,Boeing,B733,"Boeing 737 33A",27456,,,,,,"Flyjet Sdn Bhd",,,1995,,,,0,,,,,,0,0,0,0,0,,,,,,0,0,0,0,0,GEN-B733
28515457,"2026-01-17 13:58:11","2026-01-17 13:58:11",A6B44E,"United States","United States",N531BS,,,,,,Ryan,NAVI,"Ryan Navion B",NAV-4-2099B,,,,,,Private,,,1950,,,,0,,,,,,0,0,0,0,0,,,,,,0,0,0,0,0,GEN-NAVI
28515359,"2026-01-17 13:56:56","2026-01-17 13:56:56",4520B3,Bulgaria,Bulgaria,LZ-HEI,,,,,,Airbus,A21N,"Airbus A321 253NSL",8085,,,,,,"Holiday Europe",,,2017,,,,0,,,,,,0,0,0,0,0,,,,,,0,0,0,0,0,HES
28515264,"2026-01-17 13:55:46","2026-01-17 13:55:46",A8FD12,"United States","United States",N6789Q,,,,,,Beech,BE36,"Beech Bonanza A36",E-2466,,,,,,Private,,,1988,,,,0,,,,,,0,0,0,0,0,,,,,,0,0,0,0,0,GEN-BE36
28515102,"2026-01-17 13:53:32","2026-01-17 13:53:32",C81052,"New Zealand","New Zealand",ZK-MBR,,,,,,SOCATA,TOBA,"SOCATA TB10 Tobago",893,,,,,,Private,,,,,,,0,,,,,,0,0,0,0,0,,,,,,0,0,0,0,0,GEN-TOBA
28514892,"2026-01-17 13:50:06","2026-01-17 13:50:06",A4A8BB,"United States","United States",N4JD,,,,,,Beech,BE58,"Beech Baron 58",TH-145,,,,,,Private,,,1971,,,,0,,,,,,0,0,0,0,0,,,,,,0,0,0,0,0,GEN-BE58
28514318,"2026-01-17 13:42:51","2026-01-17 13:42:51",4CC526,Iceland,Iceland,TF-IFH,,,,,,Piper,P28A,"Piper PA-28 181 Archer III",2843927,,,,,,"Flugskoli Islands",,,2017,,,,0,,,,,,0,0,0,0,0,,,,,,0,0,0,0,0,GEN-P28A
28513484,"2026-01-17 13:33:37","2026-01-17 13:33:37",A00304,"United States","United States",N10GU,,,,,,Cessna,C25A,"Cessna Citation CJ2+",525A0420,,,,,,"Textron Aviation Inc",,,,,,,0,,,,,,0,0,0,0,0,,,,,,0,0,0,0,0,GEN-C25A
28513336,"2026-01-17 13:31:56","2026-01-17 13:31:56",A5C389,"United States","United States",N4700Y,,,,,,Piper,PA25,"Piper PA-25 235 Pawnee C",25-4431,,,,,,Private,,,,,,,0,,,,,,0,0,0,0,0,,,,,,0,0,0,0,0,GEN-PA25
28513325,"2026-01-17 13:31:50","2026-01-17 13:31:50",73525A,Iran,Iran,EP-TRZ,,,,,,Kamov,KA27,"Kamov Ka-32 T",8901,,,,,,"Tara Airlines",,,,,,,0,,,,,,0,0,0,0,0,,,,,,0,0,0,0,0,GEN-KA27
28511312,"2026-01-17 13:08:24","2026-01-17 13:08:24",A20F1E,"United States","United States",N2314C,,,,,,"Stolp Adams",SA10,"Stolp Adams SA.100 Starduster",LS-3,,,,,,Private,,,1966,,,,0,,,,,,0,0,0,0,0,,,,,,0,0,0,0,0,GEN-SA10
28510404,"2026-01-17 12:58:05","2026-01-17 12:58:05",85206F,Japan,Japan,JA3591,,,,,,Fuji,SUBA,"Fuji FA-200 180 Aero Subaru",138,,,,,,Private,,,1971,,,,0,,,,,,0,0,0,0,0,,,,,,0,0,0,0,0,GEN-SUBA
28510055,"2026-01-17 12:54:38","2026-01-17 12:54:38",402D58,"United Kingdom","United Kingdom",G-MVMZ,,,,,,"Mainair Sports",ULAC,"Mainair Sports Gemini Flash IIA",723-189-6,,,,,,Private,,,1989,,,,0,,,,,,0,0,0,0,0,,,,,,0,0,0,0,0,GEN-ULAC
28508800,"2026-01-17 12:40:57","2026-01-17 12:40:57",A8A620,"United States","United States",N6565W,,,,,,Piper,P28A,"Piper PA-28 140 Cherokee",28-20646,,,,,,Private,,,1965,,,,0,,,,,,0,0,0,0,0,,,,,,0,0,0,0,0,GEN-P28A
28508788,"2026-01-17 12:40:46","2026-01-17 12:40:46",ADF77F,"United States","United States",N99977,,,,,,ERCO,ERCO,"Ercoupe 415-C",2600,,,,,,Private,,,1946,,,,0,,,,,,0,0,0,0,0,,,,,,0,0,0,0,0,GEN-ERCO
28507958,"2026-01-17 12:30:35","2026-01-17 12:30:35",C03D49,Canada,Canada,C-FXFK,,,,,,Bombardier,DH8D,"Bombardier DHC-8 402 NG",4577,,,,,,"Securite Civile",,,2017,,,,0,,,,,,0,0,0,0,0,,,,,,0,0,0,0,0,GEN-DH8D
28507719,"2026-01-17 12:28:09","2026-01-17 12:28:09",78022C,"China Hong Kong","China Hong Kong",B-KPM,,,,,,Boeing,B77W,"Boeing 777 367ER",36159,,,,,,"Cathay Pacific Airways",,,2009,,,,0,,,,,,0,0,0,0,0,,,,,,0,0,0,0,0,CPA
27212,"2022-05-18 03:27:49","2026-01-17 12:27:53",48425C,Netherlands,Netherlands,"",,,,"",,"",-GND,"","",,,,,,"",,,,,,"",0,,,,,,0,0,0,0,0,Missing,,,"","",0,0,0,0,0,GEN--GND
28507363,"2026-01-17 12:24:24","2026-01-17 12:24:24",AB409E,"United States","United States",N824KF,,,,,,Denney,FOX,"Denney Kitfox Mk.IV",1858,,,,,,Private,,,1994,,,,0,,,,,,0,0,0,0,0,,,,,,0,0,0,0,0,GEN-FOX
28507165,"2026-01-17 12:21:41","2026-01-17 12:21:41",A425DB,"United States","United States",N36662,,,,,,Aeronca,AR65,"Aeronca Super Chief 65-CA",C-17371,,,,,,Private,,,1941,,,,0,,,,,,0,0,0,0,0,,,,,,0,0,0,0,0,GEN-AR65
28506913,"2026-01-17 12:18:49","2026-01-17 12:18:49",3DD4CB,Germany,Germany,D-HAVJ,,,,,,"Helicopteres Guimbal",G2CA,"Helicopteres Guimbal Cabri G2",1166,,,,,,"Babcock MCS Germany",,,,,,,0,,,,,,0,0,0,0,0,,,,,,0,0,0,0,0,GEN-G2CA
28506781,"2026-01-17 12:15:42","2026-01-17 12:15:42",A31598,"United States","United States",N2980P,,,,,,Lake,LA4,"Lake Buccaneer LA-4-200",951,,,,,,Private,,,1979,,,,0,,,,,,0,0,0,0,0,,,,,,0,0,0,0,0,GEN-LA4
28506282,"2026-01-17 12:10:32","2026-01-17 12:10:32",401603,"United Kingdom","United Kingdom",G-AOTK,,,,,,Druine,D5TU,"Druine Turbi D.53","PFA 230",,,,,,Private,,,,,,,0,,,,,,0,0,0,0,0,,,,,,0,0,0,0,0,GEN-D5TU
28505521,"2026-01-17 12:02:57","2026-01-17 12:02:57",4016F5,"United Kingdom","United Kingdom",G-AVKG,,,,,,Reims/Cessna,C172,"Reims/Cessna F172H",0345,,,,,,Private,,,1967,,,,0,,,,,,0,0,0,0,0,,,,,,0,0,0,0,0,GEN-C172
28505137,"2026-01-17 11:57:55","2026-01-17 11:57:55",448DCF,Belgium,Belgium,OO-CNO,,,,,,Reims/Cessna,C152,"Reims/Cessna F152",1472,,,,,,Private,,,1978,,,,0,,,,,,0,0,0,0,0,,,,,,0,0,0,0,0,GEN-C152
28505121,"2026-01-17 11:57:43","2026-01-17 11:57:43",A0999A,"United States","United States",N138HB,,,,,,Cessna,C500,"Cessna Citation I",500-0279,,,,,,"Harvest International Ministries Inc",,,1975,,,,0,,,,,,0,0,0,0,0,,,,,,0,0,0,0,0,GEN-C500
28504298,"2026-01-17 11:48:45","2026-01-17 11:48:45",4BEAAD,Turkey,Turkey,TC-ZUM,,,,,,Rockwell,SS2P,"Rockwell Thrush Commander S2R-600",1898R,,,,,,Private,,,1974,,,,0,,,,,,0,0,0,0,0,,,,,,0,0,0,0,0,GEN-SS2P
28503958,"2026-01-17 11:44:52","2026-01-17 11:44:52",A4F309,"United States","United States",N418NE,,,,,,"Government Aircraft Factories",NOMA,"Government Aircraft Factories Nomad N24A",89,,,,,,"Tar Heel Aviation",,,,,,,0,,,,,,0,0,0,0,0,,,,,,0,0,0,0,0,THC
28503798,"2026-01-17 11:43:10","2026-01-17 11:43:10",4B1621,Switzerland,Switzerland,HB-IJX,,,,,,Airbus,A320,"Airbus A320 214",1762,,,,,,Swiss,,,2002,,,,0,,,,,,0,0,0,0,0,,,,,,0,0,0,0,0,SWR
28503701,"2026-01-17 11:42:03","2026-01-17 11:42:03",70C0DC,Oman,Oman,A4O-SY,,,,,,Boeing,B788,"Boeing 787 8",36045,,,,,,"Oman Air",,,2015,,,,0,,,,,,0,0,0,0,0,,,,,,0,0,0,0,0,OMA
28503575,"2026-01-17 11:40:46","2026-01-17 11:40:46",A24D38,"United States","United States",N2476P,,,,,,Piper,PA22,"Piper PA-22 150 Tri-Pacer",22-2850,,,,,,Private,,,1955,,,,0,,,,,,0,0,0,0,0,,,,,,0,0,0,0,0,GEN-PA22
28503524,"2026-01-17 11:40:24","2026-01-17 11:40:24",7C7A43,Australia,Australia,VH-YFP,,,,,,Boeing,B738,"Boeing 737NG 8FE/W",41011,,,,,,"Virgin Australia",,,2013,,,,0,,,,,,0,0,0,0,0,,,,,,0,0,0,0,0,VOZ
28503067,"2026-01-17 11:35:36","2026-01-17 11:35:36",4BCEB9,Turkey,Turkey,TC-SUY,,,,,,Boeing,B738,"Boeing 737NG 86N/W",30806,,,,,,SunExpress,,,2001,,,,0,,,,,,0,0,0,0,0,,,,,,0,0,0,0,0,SXS
28502825,"2026-01-17 11:33:16","2026-01-17 11:33:16",A17E01,"United States","United States",N19560,,,,,,Cessna,C150,"Cessna 150L",15074487,,,,,,Private,,,,,,,0,,,,,,0,0,0,0,0,,,,,,0,0,0,0,0,GEN-C150
28502214,"2026-01-17 11:26:38","2026-01-17 11:26:38",0D0474,Mexico,Mexico,XA-FLX,,,,,,"Raytheon Aircraft Company",BE40,"Raytheon Aircraft Company 400 XP",RK-503,,,,,,"Aerolineas Ejecutivas SA",,,,,,,0,,,,,,0,0,0,0,0,,,,,,0,0,0,0,0,LET
28501057,"2026-01-17 11:14:26","2026-01-17 11:14:26",8962DD,"United Arab Emirates","United Arab Emirates",A6-AWO,,,,,,AgustaWestland,A139,"AgustaWestland AW.139",41215,,,,,,"Abu Dhabi Aviation",,,,,,,0,,,,,,0,0,0,0,0,,,,,,0,0,0,0,0,GEN-A139
28500802,"2026-01-17 11:11:39","2026-01-17 11:11:39",403AF0,"United Kingdom","United Kingdom",G-MZBC,,,,,,"Cyclone Airsports",ULAC,"Cyclone Airsports Pegasus Quantum 15",7077,,,,,,Private,,,1995,,,,0,,,,,,0,0,0,0,0,,,,,,0,0,0,0,0,GEN-ULAC
28500632,"2026-01-17 11:10:05","2026-01-17 11:10:05",AD3761,"United States","United States",N95023,,,,,,Taylorcraft,TAYB,"Taylorcraft BF",9423,,,,,,Private,,,1946,,,,0,,,,,,0,0,0,0,0,,,,,,0,0,0,0,0,GEN-TAYB
28500067,"2026-01-17 11:04:19","2026-01-17 11:04:19",C0263A,Canada,Canada,C-FOMJ,,,,,,"De Havilland Canada",DHC2,"De Havilland Canada DHC-2 Beaver (Turbo)",1683/TB51,,,,,,"Ross Air",,,1968,,,,0,,,,,,0,0,0,0,0,,,,,,0,0,0,0,0,GEN-DHC2
28499994,"2026-01-17 11:03:41","2026-01-17 11:03:41",896074,"United Arab Emirates","United Arab Emirates",A6-EAQ,,,,,,Airbus,A332,"Airbus A330 243",518,,,,,,"Emirates Airline",,,2003,,,,0,,,,,,0,0,0,0,0,,,,,,0,0,0,0,0,GEN-A332
28499317,"2026-01-17 10:56:23","2026-01-17 10:56:23",A924FD,"United States","United States",N689DM,,,,,,Cessna,C185,"Cessna 185C Skywagon",185-0689,,,,,,Private,,,1964,,,,0,,,,,,0,0,0,0,0,,,,,,0,0,0,0,0,GEN-C185
28498714,"2026-01-17 10:49:50","2026-01-17 10:49:50",A24AF0,"United States","United States",N247KQ,,,,,,"Quest Aircraft Company",KODI,"Quest Aircraft Company Kodiak 100-II",100-0247,,,,,,"Marina Air LLC",,,2018,,,,0,,,,,,0,0,0,0,0,,,,,,0,0,0,0,0,GEN-KODI
28498608,"2026-01-17 10:48:38","2026-01-17 10:48:38",76CE65,Singapore,Singapore,9V-SSE,,,,,,Airbus,A333,"Airbus A330 343E",1597,,,,,,"Singapore Airlines",,,2014,,,,0,,,,,,0,0,0,0,0,,,,,,0,0,0,0,0,SIA
28498457,"2026-01-17 10:46:58","2026-01-17 10:46:58",ABF3AC,"United States","United States",N86970,,,,,,Bellanca,CH7B,"Bellanca Citabria 7GCBC",698-74,,,,,,Private,,,1974,,,,0,,,,,,0,0,0,0,0,,,,,,0,0,0,0,0,GEN-CH7B
28498226,"2026-01-17 10:44:10","2026-01-17 10:44:10",4AE935,Sweden,Sweden,SE-ZIU,,,,,,Lindstrand,BALL,"Lindstrand LBL.500C Hot Air Balloon",1101,,,,,,Private,,,,,,,0,,,,,,0,0,0,0,0,,,,,,0,0,0,0,0,GEN-BALL
28497830,"2026-01-17 10:39:56","2026-01-17 10:39:56",3865AF,France,France,F-AZNP,,,,,,Reproduction,BL11,"Reproduction Bleriot XI 2 Replica",01.98,,,,,,Private,,,,,,,0,,,,,,0,0,0,0,0,,,,,,0,0,0,0,0,GEN-BL11
28497589,"2026-01-17 10:37:27","2026-01-17 10:37:27",43C53A,"United Kingdom","United Kingdom",ZF537,,,,,,Westland,LYNX,"Westland Lynx AH.9A",329,,,,,,"Army Air Corps",,,,,,,0,,,,,,1,0,0,0,0,,,,,,0,0,0,0,0,
28496662,"2026-01-17 10:27:27","2026-01-17 10:27:27",424176,"Cayman Islands","Cayman Islands",VP-CTT,,,,,,Dassault,F2TH,"Dassault Falcon 2000EX EASy",139,,,,,,"Bonel Marketing SA",,,2007,,,,0,,,,,,0,0,0,0,0,,,,,,0,0,0,0,0,GEN-F2TH
28496319,"2026-01-17 10:24:18","2026-01-17 10:24:18",A8D6BE,"United States","United States",N669MC,,,,,,Beech,T34P,"Beech T-34B Mentor",BG-3,,,,,,Private,,,,,,,0,,,,,,0,0,0,0,0,,,,,,0,0,0,0,0,GEN-T34P
28495557,"2026-01-17 10:16:47","2026-01-17 10:16:47",A92AF3,"United States","United States",N690CL,,,,,,Rockwell,AC90,"Rockwell Turbo Commander 690A",11153,,,,,,"AAT Inc",,,1974,,,,0,,,,,,0,0,0,0,0,,,,,,0,0,0,0,0,GEN-AC90
28494965,"2026-01-17 10:09:45","2026-01-17 10:09:45",A249F4,"United States","United States",N2469Z,,,,,,"General Balloon Corp",BALL,"General Balloon Corp AX.6 Hot Air Balloon",469,,,,,,Private,,,1979,,,,0,,,,,,0,0,0,0,0,,,,,,0,0,0,0,0,GEN-BALL
28494833,"2026-01-17 10:08:23","2026-01-17 10:08:23",AC7933,"United States","United States",5Y-ZBN,,,,,,Cessna,C208,"Cessna 208 B",208B2332,,,,,,"Boskovik Air Charters",,,2011,,,,0,,,,,,0,0,0,0,0,,,,,,0,0,0,0,0,GEN-C208
28494806,"2026-01-17 10:08:07","2026-01-17 10:08:07",AD66B6,"United States","United States",N96252,,,,,,Taylorcraft,TAYB,"Taylorcraft BC-12 D",8552,,,,,,Private,,,1946,,,,0,,,,,,0,0,0,0,0,,,,,,0,0,0,0,0,GEN-TAYB
28493852,"2026-01-17 09:57:17","2026-01-17 09:57:17",A7B016,"United States","United States",N595BC,,,,,,Beech,BE20,"Beech King Air B200",BB-1195,,,,,,"Southern Wings Aircraft Sales Ltd",,,,,,,0,,,,,,0,0,0,0,0,,,,,,0,0,0,0,0,GEN-BE20
28493671,"2026-01-17 09:55:30","2026-01-17 09:55:30",A39FA7,"United States","United States",N3320T,,,,,,Cessna,C177,"Cessna 177 Cardinal",17700620,,,,,,Private,,,1968,,,,0,,,,,,0,0,0,0,0,,,,,,0,0,0,0,0,GEN-C177
28493631,"2026-01-17 09:55:04","2026-01-17 09:55:04",A025BF,"United States","United States",N1087F,,,,,,Cessna,C172,"Cessna 172N Skyhawk",17272953,,,,,,Private,,,1979,,,,0,,,,,,0,0,0,0,0,,,,,,0,0,0,0,0,GEN-C172
28493128,"2026-01-17 09:50:08","2026-01-17 09:50:08",402D5D,"United Kingdom","United Kingdom",G-BMWU,,,,,,Cameron,BALL,"Cameron N-42 Hot Air Balloon",1346,,,,,,Private,,,1986,,,,0,,,,,,0,0,0,0,0,,,,,,0,0,0,0,0,GEN-BALL
28492922,"2026-01-17 09:47:34","2026-01-17 09:47:34",A50322,"United States","United States",N422AW,,,,,,Bombardier,CRJ2,"Bombardier CRJ 200ER",7341,,,,,,"American Eagle",,,,,,,0,,,,,,0,0,0,0,0,,,,,,0,0,0,0,0,GEN-CRJ2
28491631,"2026-01-17 09:33:43","2026-01-17 09:33:43",A5A016,"United States","United States",N4613C,,,,,,Cessna,C210,"Cessna 210N Centurion",21063575,,,,,,Private,,,1979,,,,0,,,,,,0,0,0,0,0,,,,,,0,0,0,0,0,GEN-C210
28491452,"2026-01-17 09:32:04","2026-01-17 09:32:04",43E99C,"Isle of Man","Isle of Man",M-JPLC,,,,,,Dassault,F900,"Dassault Falcon 900LX",269,,,,,,"Yolenal Aeronautics",,,2012,,,,0,,,,,,0,0,0,0,0,,,,,,0,0,0,0,0,GEN-F900
28491046,"2026-01-17 09:26:52","2026-01-17 09:26:52",491253,Portugal,Portugal,CS-DRS,,,,,,"Raytheon Aircraft Company",H25B,"Raytheon Aircraft Company 125 800XP",258795,,,,,,"NetJets Europe",,,,,,,0,,,,,,0,0,0,0,0,,,,,,0,0,0,0,0,NJE
28490965,"2026-01-17 09:25:57","2026-01-17 09:25:57",3D404A,Germany,Germany,D-EWPE,,,,,,Beech,BE33,"Beech Bonanza F33A",CE-1391,,,,,,Private,,,,,,,0,,,,,,0,0,0,0,0,,,,,,0,0,0,0,0,GEN-BE33
28490910,"2026-01-17 09:25:29","2026-01-17 09:25:29",A70CF6,"United States","United States",N5530P,,,,,,"Thrush Aircraft",SS2T,"Thrush Aircraft Turbo Thrush S2R-H80",H80-189DC,,,,,,Private,,,,,,,0,,,,,,0,0,0,0,0,,,,,,0,0,0,0,0,GEN-SS2T
28490410,"2026-01-17 09:19:50","2026-01-17 09:19:50",43EC43,Guernsey,Guernsey,2-CAVL,,,,,,Boeing,B733,"Boeing 737 36N/W",28569,,,,,,"Latin American Wings",,,1998,,,,0,,,,,,0,0,0,0,0,,,,,,0,0,0,0,0,JMR
28489490,"2026-01-17 09:09:29","2026-01-17 09:09:29",A90672,"United States","United States",N6806S,,,,,,"Aero Commander",AC68,"Aero Commander Twin Commander 680 Super",680-301-6,,,,,,Private,,,,,,,0,,,,,,0,0,0,0,0,,,,,,0,0,0,0,0,GEN-AC68
28489431,"2026-01-17 09:08:50","2026-01-17 09:08:50",A3270C,"United States","United States",N302DA,,,,,,Piper,P28R,"Piper PA-28R 200 Cherokee Arrow II",28R-7535204,,,,,,Private,,,1975,,,,0,,,,,,0,0,0,0,0,,,,,,0,0,0,0,0,GEN-P28R
28488753,"2026-01-17 09:01:16","2026-01-17 09:01:16",402B6D,"United Kingdom","United Kingdom",G-MVAN,,,,,,CFM,ULAC,"CFM Shadow Series CD","PFA 161-11219",,,,,,Private,,,,,,,0,,,,,,0,0,0,0,0,,,,,,0,0,0,0,0,GEN-ULAC
28488168,"2026-01-17 08:54:25","2026-01-17 08:54:25",4B08E7,Switzerland,Switzerland,HB-DJR,,,,,,Extra,E500,"Extra EA.500",1004,,,,,,Private,,,,,,,0,,,,,,0,0,0,0,0,,,,,,0,0,0,0,0,GEN-E500
28487401,"2026-01-17 08:46:05","2026-01-17 08:46:05",4B1AF4,Switzerland,Switzerland,HB-KFK,,,,,,Robin,DR40,"Robin DR.400 180R Remorqueur",1939,,,,,,Private,,,,,,,0,,,,,,0,0,0,0,0,,,,,,0,0,0,0,0,GEN-DR40
28487273,"2026-01-17 08:44:03","2026-01-17 08:44:03",AB8301,"United States","United States",N84058,,,,,,Aeronca,CH7A,"Aeronca Champion 7AC",7AC-2745,,,,,,Private,,,1946,,,,0,,,,,,0,0,0,0,0,,,,,,0,0,0,0,0,GEN-CH7A
28486595,"2026-01-17 08:36:15","2026-01-17 08:36:15",A29486,"United States","United States",N2654T,,,,,,Pioneer,ULAC,"Pioneer Flightstar",002,,,,,,Private,,,,,,,0,,,,,,0,0,0,0,0,,,,,,0,0,0,0,0,GEN-ULAC
28486499,"2026-01-17 08:35:08","2026-01-17 08:35:08",4CAA76,Ireland,Ireland,EI-RDJ,,,,,,Embraer,E75S,"Embraer EMB-175 STD",17000342,,,,,,"ITA Airways",,,2012,,,,0,,,,,,0,0,0,0,0,,,,,,0,0,0,0,0,ITY
28485791,"2026-01-17 08:27:14","2026-01-17 08:27:14",AC51C8,"United States","United States",N893PK,,,,,,"Textron Aviation",C172,"Textron Aviation 172S Skyhawk SP",172S12590,,,,,,Private,,,,,,,0,,,,,,0,0,0,0,0,,,,,,0,0,0,0,0,GEN-C172
28485497,"2026-01-17 08:23:53","2026-01-17 08:23:53",A439F0,"United States","United States",N3710X,,,,,,"Aero Commander",VO10,"Aero Commander 100 180 Lark",5011,,,,,,Private,,,1968,,,,0,,,,,,0,0,0,0,0,,,,,,0,0,0,0,0,GEN-VO10
28485192,"2026-01-17 08:20:34","2026-01-17 08:20:34",42460D,Bermuda,Bermuda,VQ-BNT,,,,,,Dassault,FA7X,"Dassault Falcon 7X",135,,,,,,Planair,,,2011,,,,0,,,,,,0,0,0,0,0,,,,,,0,0,0,0,0,GEN-FA7X
28485038,"2026-01-17 08:18:59","2026-01-17 08:18:59",43E783,"Isle of Man","Isle of Man",M-PRVT,,,,,,Cessna,C750,"Cessna Citation X",750-0291,,,,,,"Unifox Holdings Ltd",,,2008,,,,0,,,,,,0,0,0,0,0,,,,,,0,0,0,0,0,GEN-C750
28484544,"2026-01-17 08:12:52","2026-01-17 08:12:52",850DD1,Japan,Japan,JA303K,,,,,,Boeing,B735,"Boeing 737 54K",28991,,,,,,"All Nippon Airways",,,1998,,,,0,,,,,,0,0,0,0,0,,,,,,0,0,0,0,0,ANA
28484527,"2026-01-17 08:12:41","2026-01-17 08:12:41",3938A3,France,France,F-GOFD,,,,,,Chaize,BALL,"Chaize JZ.25 Hot Air Balloon",135,,,,,,Private,,,,,,,0,,,,,,0,0,0,0,0,,,,,,0,0,0,0,0,GEN-BALL
28484467,"2026-01-17 08:12:05","2026-01-17 08:12:05",08CB9D,Congo-DRC,Congo-DRC,9Q-CMZ,,,,,,Cessna,C208,"Cessna 208 B",208B0844,,,,,,"Mission Aviation Fellowship",,,2000,,,,0,,,,,,0,0,0,0,0,,,,,,0,0,0,0,0,GEN-C208
28484152,"2026-01-17 08:08:41","2026-01-17 08:08:41",4AA6AA,Sweden,Sweden,SE-JSJ,,,,,,Leonardo,A169,"LEONARDO AW.169",69069,,,,,,"Babcock Scandinavian AirAmbulance AB",,,2018,,,,0,,,,,,0,0,0,0,0,,,,,,0,0,0,0,0,GEN-A169
28483876,"2026-01-17 08:05:18","2026-01-17 08:05:18",43C53C,"United Kingdom","United Kingdom",ZF539,,,,,,Westland,LYNX,"Westland Lynx AH.9A",331,,,,,,"Army Air Corps",,,1987,,,,0,,,,,,1,0,0,0,0,,,,,,0,0,0,0,0,
28483664,"2026-01-17 08:02:55","2026-01-17 08:02:55",AD760C,"United States","United States",N9669J,,,,,,Piper,P28A,"Piper PA-28 180 Cherokee C",28-3838,,,,,,Private,,,,,,,0,,,,,,0,0,0,0,0,,,,,,0,0,0,0,0,GEN-P28A
11102,"2021-11-08 16:26:52","2026-01-17 07:52:56",C87EE8,"New Zealand","New Zealand","",,,,"",,"",ZZZZ,"","",,,,,,"",,,,,,"",0,,,,,,0,0,0,0,0,Missing,,,"","",0,0,0,0,0,GEN-ZZZZ
766556,"2023-10-30 20:59:55","2026-01-17 07:52:56",43BF96,"United Kingdom","United Kingdom","",,,,"",,"",ZANT,"","",,,,,,"",,,,,,"",0,,,,,,0,0,0,0,0,Missing,,,"","",0,0,0,0,0,ZANT
28481696,"2026-01-17 07:39:33","2026-01-17 07:39:33",A65770,"United States","United States",N5078Q,,,,,,"Naval Aircraft Factory",N3N,"Naval Aircraft Factory N3N 3",4432,,,,,,Private,,,1941,,,,0,,,,,,0,0,0,0,0,,,,,,0,0,0,0,0,GEN-N3N
28481024,"2026-01-17 07:32:31","2026-01-17 07:32:31",A6BA44,"United States","United States",N5320S,,,,,,Cessna,C337,"Cessna 337A Super Skymaster",33700420,,,,,,Private,,,1966,,,,0,,,,,,0,0,0,0,0,,,,,,0,0,0,0,0,GEN-C337
28480454,"2026-01-17 07:25:23","2026-01-17 07:25:23",A60074,"United States","United States",N486SA,,,,,,Bell,UH1,"Bell UH-1B Iroquois",643,,,,,,Private,,,,,,,0,,,,,,0,0,0,0,0,,,,,,0,0,0,0,0,GEN-UH1
28479697,"2026-01-17 07:16:49","2026-01-17 07:16:49",5080C1,Ukraine,Ukraine,UR-ELN,,,,,,Antonov,AN24,"Antonov An-24 B",89901607,,,,,,"Air Urga",,,,,,,0,,,,,,0,0,0,0,0,,,,,,0,0,0,0,0,GEN-AN24
28478363,"2026-01-17 07:01:18","2026-01-17 07:01:18",A412A6,"United States","United States",N3612E,,,,,,Aeronca,AR11,"Aeronca Chief 11AC",11AC-1823,,,,,,Private,,,1947,,,,0,,,,,,0,0,0,0,0,,,,,,0,0,0,0,0,GEN-AR11
28475626,"2026-01-17 06:29:18","2026-01-17 06:29:18",A1A586,"United States","United States",N205KQ,,,,,,"Quest Aircraft Company",KODI,"Quest Aircraft Company Kodiak 100",100-0205,,,,,,"TVPX ARS Inc Trustee",,,2017,,,,0,,,,,,0,0,0,0,0,,,,,,0,0,0,0,0,GEN-KODI
28475590,"2026-01-17 06:28:56","2026-01-17 06:28:56",A6902F,"United States","United States",N52181,,,,,,Laister-Kauffman,GLID,"Laister-Kauffman LK-10A TG-4A",108,,,,,,Private,,,1943,,,,0,,,,,,0,0,0,0,0,,,,,,0,0,0,0,0,GEN-GLID
28475301,"2026-01-17 06:23:15","2026-01-17 06:23:15",A45480,"United States","United States",N37840,,,,,,Culver,CUCA,"Culver Cadet LCA",344,,,,,,Private,,,1941,,,,0,,,,,,0,0,0,0,0,,,,,,0,0,0,0,0,GEN-CUCA
28475169,"2026-01-17 06:22:03","2026-01-17 06:22:03",A848A9,"United States","United States",N6328Q,,,,,,Mooney,M20P,"Mooney M.20C Mark 21",670127,,,,,,Private,,,1967,,,,0,,,,,,0,0,0,0,0,,,,,,0,0,0,0,0,GEN-M20P
28474406,"2026-01-17 06:13:05","2026-01-17 06:13:05",A352CF,"United States","United States",N313JS,,,,,,Lockheed,L29B,"Lockheed Jetstar 731",5086,,,,,,"Seagull Aircraft Corp",,,1966,,,,0,,,,,,0,0,0,0,0,,,,,,0,0,0,0,0,GEN-L29B
28474075,"2026-01-17 06:09:00","2026-01-17 06:09:00",A0F2C1,"United States","United States",N160M,,,,,,"Aero Commander",AC50,"Aero Commander Twin Commander 500",500-673-25,,,,,,Private,,,,,,,0,,,,,,0,0,0,0,0,,,,,,0,0,0,0,0,GEN-AC50
28473813,"2026-01-17 06:05:57","2026-01-17 06:05:57",4AAA8A,Sweden,Sweden,SE-JTJ,,,,,,Robinson,R44,"Robinson R44 Clipper II",11129,,,,,,"Scandinavian Osterberg Helicopter Center",,,2006,,,,0,,,,,,0,0,0,0,0,,,,,,0,0,0,0,0,GEN-R44
28473168,"2026-01-17 05:58:00","2026-01-17 05:58:00",A1E49A,"United States","United States",N2209F,,,,,,Cessna,C310,"Cessna 310L",310L-0009,,,,,,Private,,,,,,,0,,,,,,0,0,0,0,0,,,,,,0,0,0,0,0,GEN-C310
28473124,"2026-01-17 05:57:38","2026-01-17 05:57:38",A5E7CD,"United States","United States",N48RX,,,,,,Bell,B407,"Bell 407",53871,,,,,,"Air Evac EMS Inc",,,2008,,,,0,,,,,,0,0,0,0,0,,,,,,0,0,0,0,0,GEN-B407
28473053,"2026-01-17 05:56:43","2026-01-17 05:56:43",731A33,Iran,Iran,EP-FQS,,,,,,Avro,RJ85,"Avro 146 RJ85",E2363,,,,,,"Qeshm Air",,,1999,,,,0,,,,,,0,0,0,0,0,,,,,,0,0,0,0,0,QSM
28472433,"2026-01-17 05:49:17","2026-01-17 05:49:17",A7CA75,"United States","United States",N6006M,,,,,,Stinson,S108,"Stinson Voyager 108-3",108-4006,,,,,,Private,,,1947,,,,0,,,,,,0,0,0,0,0,,,,,,0,0,0,0,0,GEN-S108
28472017,"2026-01-17 05:44:31","2026-01-17 05:44:31",A9E803,"United States","United States",N7374U,,,,,,Cessna,C411,"Cessna 411",411-0074,,,,,,Private,,,,,,,0,,,,,,0,0,0,0,0,,,,,,0,0,0,0,0,GEN-C411
28471244,"2026-01-17 05:35:02","2026-01-17 05:35:02",384969,France,France,F-BSLJ,,,,,,Robin,DR30,"Robin DR.300 108 2+2 Tricycle",540,,,,,,Private,,,,,,,0,,,,,,0,0,0,0,0,,,,,,0,0,0,0,0,GEN-DR30
28471224,"2026-01-17 05:34:46","2026-01-17 05:34:46",A730F3,"United States","United States",N56217,,,,,,Fleet,FA62,"Fleet Cornell M-62A-3",FV657,,,,,,Private,,,,,,,0,,,,,,0,0,0,0,0,,,,,,0,0,0,0,0,GEN-FA62
28470639,"2026-01-17 05:27:28","2026-01-17 05:27:28",A232D8,"United States","United States",N2403Z,,,,,,TEAM,ULAC,"TEAM Hi-Max 1700",92452,,,,,,Private,,,2000,,,,0,,,,,,0,0,0,0,0,,,,,,0,0,0,0,0,GEN-ULAC
28470494,"2026-01-17 05:25:04","2026-01-17 05:25:04",391D95,France,France,F-GHMV,,,,,,Cameron,BALL,"Cameron O-65 Hot Air Balloon",2112,,,,,,Private,,,,,,,0,,,,,,0,0,0,0,0,,,,,,0,0,0,0,0,GEN-BALL
28470352,"2026-01-17 05:23:29","2026-01-17 05:23:29",C01818,Canada,Canada,C-FJDF,,,,,,Beech,B190,"Beech 1900 C",UB-68,,,,,,"Courtesy Air",,,1987,,,,0,,,,,,0,0,0,0,0,,,,,,0,0,0,0,0,GEN-B190
28469970,"2026-01-17 05:18:51","2026-01-17 05:18:51",AA6717,"United States","United States",N77EE,,,,,,Beech,BE55,"Beech Baron C55",TE-47,,,,,,Private,,,1966,,,,0,,,,,,0,0,0,0,0,,,,,,0,0,0,0,0,GEN-BE55
28469893,"2026-01-17 05:17:49","2026-01-17 05:17:49",1467FC,Russia,Russia,RA-26620,,,,,,Antonov,AN26,"Antonov An-26 B-100",5104,,,,,,KrasAvia,,,,,,,0,,,,,,0,0,0,0,0,,,,,,0,0,0,0,0,SSJ
28469683,"2026-01-17 05:15:38","2026-01-17 05:15:38",43C260,"United Kingdom","United Kingdom",ZJ203,,,,,,AgustaWestland,H64,"AgustaWestland Apache AH.1",WAH-37,,,,,,"Army Air Corps",,,,,,,0,,,,,,1,0,0,0,0,,,,,,0,0,0,0,0,
28469266,"2026-01-17 05:09:54","2026-01-17 05:09:54",A8D56B,"United States","United States",N6688K,,,,,,Republic,RC3,"Republic RC-3 Seabee",971,,,,,,Private,,,,,,,0,,,,,,0,0,0,0,0,,,,,,0,0,0,0,0,GEN-RC3
28468471,"2026-01-17 05:00:21","2026-01-17 05:00:21",A749F5,"United States","United States",N569SM,,,,,,"Cirrus Design",S22T,"Cirrus Design SR22T",0851,,,,,,Private,,,2014,,,,0,,,,,,0,0,0,0,0,,,,,,0,0,0,0,0,GEN-S22T
28467912,"2026-01-17 04:52:18","2026-01-17 04:52:18",4785E1,Norway,Norway,LN-NOO,,,,,,Boeing,B738,"Boeing 737NG 86Q/W",30289,,,,,,Norwegian,,,2003,,,,0,,,,,,0,0,0,0,0,,,,,,0,0,0,0,0,GEN-B738
28467000,"2026-01-17 04:40:05","2026-01-17 04:40:05",C0712C,Canada,Canada,C-GQWH,,,,,,Boeing,B738,"Boeing 737NG 8K5/W",38107,,,,,,TUIfly,,,2012,,,,0,,,,,,0,0,0,0,0,,,,,,0,0,0,0,0,TUI
28466883,"2026-01-17 04:38:34","2026-01-17 04:38:34",A63799,"United States","United States",N50AB,,,,,,Vans,RV6,"Vans RV-6",24184,,,,,,Private,,,1998,,,,0,,,,,,0,0,0,0,0,,,,,,0,0,0,0,0,GEN-RV6
28465993,"2026-01-17 04:25:53","2026-01-17 04:25:53",A72E8F,"United States","United States",N562CE,,,,,,Cessna,C560,"Cessna Citation Encore",560-0562,,,,,,"Tarp-it Air LLC",,,,,,,0,,,,,,0,0,0,0,0,,,,,,0,0,0,0,0,GEN-C560
28465626,"2026-01-17 04:20:50","2026-01-17 04:20:50",3FD53E,Germany,Germany,D-OSEO,,,,,,Cameron,BALL,"Cameron N-120 Hot Air Balloon",2350,,,,,,Private,,,1990,,,,0,,,,,,0,0,0,0,0,,,,,,0,0,0,0,0,GEN-BALL
28465495,"2026-01-17 04:18:54","2026-01-17 04:18:54",A96A33,"United States","United States",N7055L,,,,,,Cessna,C310,"Cessna 310K",310K-0155,,,,,,Private,,,,,,,0,,,,,,0,0,0,0,0,,,,,,0,0,0,0,0,GEN-C310
28464125,"2026-01-17 04:01:09","2026-01-17 04:01:09",A65B09,"United States","United States",N5087V,,,,,,Cessna,C172,"Cessna 172S Skyhawk SP",172S10910,,,,,,Private,,,2009,,,,0,,,,,,0,0,0,0,0,,,,,,0,0,0,0,0,GEN-C172
28462961,"2026-01-17 03:45:40","2026-01-17 03:45:40",43EABE,"Isle of Man","Isle of Man",M-ABKC,,,,,,"Airbus Helicopters",EC25,"Airbus Helicopters H225 M",2747,,,,,,"Dhoon Glen Aviation Ireland Ltd",,,,,,,0,,,,,,0,0,0,0,0,,,,,,0,0,0,0,0,GEN-EC25
28462344,"2026-01-17 03:36:47","2026-01-17 03:36:47",A43B0D,"United States","United States",N37182,,,,,,Grumman,G44,"Grumman Widgeon G-44",1232,,,,,,"Woods Air Service",,,,,,,0,,,,,,0,0,0,0,0,,,,,,0,0,0,0,0,GEN-G44
28462323,"2026-01-17 03:36:31","2026-01-17 03:36:31",ADF339,"United States","United States",N99834,,,,,,ERCO,ERCO,"Ercoupe 415-C",2457,,,,,,Private,,,1946,,,,0,,,,,,0,0,0,0,0,,,,,,0,0,0,0,0,GEN-ERCO
28462077,"2026-01-17 03:33:22","2026-01-17 03:33:22",C09991,Canada,Canada,C-IGEA,,,,,,Spectrum,BEVR,"Spectrum Beaver RX 550",2538,,,,,,Private,,,,,,,0,,,,,,0,0,0,0,0,,,,,,0,0,0,0,0,GEN-BEVR
28461292,"2026-01-17 03:22:09","2026-01-17 03:22:09",AB4324,"United States","United States",N82477,,,,,,Piper,PA18,"Piper PA-18 150 Super Cub",18-7809144,,,,,,Private,,,1978,,,,0,,,,,,0,0,0,0,0,,,,,,0,0,0,0,0,GEN-PA18
28460831,"2026-01-17 03:16:07","2026-01-17 03:16:07",A1AAAB,"United States","United States",N2060F,,,,,,"Textron Aviation",C172,"Textron Aviation 172S Skyhawk SP",172S12048,,,,,,Private,,,,,,,0,,,,,,0,0,0,0,0,,,,,,0,0,0,0,0,GEN-C172
28460587,"2026-01-17 03:12:54","2026-01-17 03:12:54",511000,Estonia,Estonia,"",,,,,,"",-GND,"Ground Vehicle",,,,,,,"Avionics testing and repair",,,,,,,0,,,,,,0,0,0,0,0,,,,,,0,0,0,0,0,GEN--GND
28458789,"2026-01-17 02:47:04","2026-01-17 02:47:04",5082C2,Ukraine,Ukraine,UR-UTP,,,,,,Boeing,B738,"Boeing 737NG 8Q8/W",28226,,,,,,"Azur Air Ukraine",,,1998,,,,0,,,,,,0,0,0,0,0,,,,,,0,0,0,0,0,UTN
28458786,"2026-01-17 02:46:58","2026-01-17 02:46:58",AB1982,"United States","United States",N814PE,,,,,,Cessna,C56X,"Cessna Citation XLS+",560-6069,,,,,,"PHM-DS LLC",,,2010,,,,0,,,,,,0,0,0,0,0,,,,,,0,0,0,0,0,GEN-C56X
28458503,"2026-01-17 02:42:55","2026-01-17 02:42:55",ACF421,"United States","United States",N9337F,,,,,,Hughes,H269,"Hughes 269 B",34-0041,,,,,,Private,,,1963,,,,0,,,,,,0,0,0,0,0,,,,,,0,0,0,0,0,GEN-H269
28458491,"2026-01-17 02:42:45","2026-01-17 02:42:45",3F8F1B,Germany,Germany,30+27,,,,,,Eurofighter,EUFI,"Eurofighter Typhoon EF2000T",GT011,,,,,,"German Air Force",,,2005,,,,0,,,"","","",1,0,0,0,0,,,,,,0,0,0,0,0,
28458262,"2026-01-17 02:38:56","2026-01-17 02:38:56",AC6E04,"United States","United States",N90NE,,,,,,"Eclipse Aviation",EA50,"Eclipse Aviation EA500",000144,,,,,,"Eclipse Aerospace Inc",,,,,,,0,,,,,,0,0,0,0,0,,,,,,0,0,0,0,0,GEN-EA50
28458084,"2026-01-17 02:36:32","2026-01-17 02:36:32",A87AD1,"United States","United States",N64546,,,,,,UFM,ULAC,"UFM Easy Riser",ER-1000,,,,,,Private,,,,,,,0,,,,,,0,0,0,0,0,,,,,,0,0,0,0,0,GEN-ULAC
28457246,"2026-01-17 02:24:36","2026-01-17 02:24:36",4AA9F6,Sweden,Sweden,SE-JOV,,,,,,"Airbus Helicopters",AS50,"Airbus Helicopters Squirrel AS.350 B3e",8076,,,,,,Private,,,,,,,0,,,,,,0,0,0,0,0,,,,,,0,0,0,0,0,GEN-AS50
28457160,"2026-01-17 02:22:56","2026-01-17 02:22:56",A67B04,"United States","United States",N51668,,,,,,Enstrom,EN28,"Enstrom F-28 C",407,,,,,,Private,,,,,,,0,,,,,,0,0,0,0,0,,,,,,0,0,0,0,0,GEN-EN28
28456731,"2026-01-17 02:17:08","2026-01-17 02:17:08",00AEB7,"South Africa","South Africa",ZS-RRI,,,,,,Kamov,KA27,"Kamov Ka-32 A",8610,,,,,,"Helitrans Helicopters",,,,,,,0,,,"","","",0,0,0,0,0,,,,,,0,0,0,0,0,GEN-KA27
28456070,"2026-01-17 02:07:43","2026-01-17 02:07:43",706215,Kuwait,Kuwait,9K-CAU,,,,,,Airbus,A320,"Airbus A320 214",4376,,,,,,"Jazeera Airways",,,2010,,,,0,,,,,,0,0,0,0,0,,,,,,0,0,0,0,0,JZR
28455653,"2026-01-17 02:01:58","2026-01-17 02:01:58",ACD452,"United States","United States",N9259B,,,,,,Cessna,C175,"Cessna 175 Skylark",55059,,,,,,Private,,,1958,,,,0,,,,,,0,0,0,0,0,,,,,,0,0,0,0,0,GEN-C175
28455630,"2026-01-17 02:01:42","2026-01-17 02:01:42",40774B,"United Kingdom","United Kingdom",G-CTSZ,,,,,,"Diamond Aircraft",DA42,"Diamond Aircraft Twin Star DA42",42.AC019,,,,,,"L3 CTS Airline & Academy Training Ltd",,,2006,,,,0,,,,,,0,0,0,0,0,,,,,,0,0,0,0,0,GEN-DA42
28453933,"2026-01-17 01:38:09","2026-01-17 01:38:09",75806F,Philippines,Philippines,RP-C3242,,,,,,Airbus,A320,"Airbus A320 214",2994,,,,,,"Cebu Pacific Air",,,2006,,,,0,,,,,,0,0,0,0,0,,,,,,0,0,0,0,0,CEB
28451841,"2026-01-17 01:10:36","2026-01-17 01:10:36",AA28C3,"United States","United States",N7539B,,,,,,Champion,CH7A,"Champion Traveler 7EC",7EC-596,,,,,,Private,,,1957,,,,0,,,,,,0,0,0,0,0,,,,,,0,0,0,0,0,GEN-CH7A
28451813,"2026-01-17 01:10:14","2026-01-17 01:10:14",449208,Belgium,Belgium,OO-DPH,,,,,,Schweizer,H269,"Schweizer 269 C",S1467,,,,,,Private,,,1990,,,,0,,,,,,0,0,0,0,0,,,,,,0,0,0,0,0,GEN-H269
28449358,"2026-01-17 00:35:35","2026-01-17 00:35:35",497C3C,Portugal,Portugal,15129,,,,,,"General Dynamics",F16,"General Dynamics F-16AM Fighting Falcon",61-610,,,,,,"Portuguese Air Force",,,,,,,0,,,,,,1,0,0,0,0,,,,,,0,0,0,0,0,
28449029,"2026-01-17 00:30:32","2026-01-17 00:30:32",AA2046,"United States","United States",N7511L,,,,,,Piper,PA31,"Piper PA-31 Navajo B",31-837,,,,,,Private,,,,,,,0,,,,,,0,0,0,0,0,,,,,,0,0,0,0,0,GEN-PA31
28448756,"2026-01-17 00:26:54","2026-01-17 00:26:54",A3A2F4,"United States","United States",N333WM,,,,,,Cessna,C560,"Cessna Citation V",560-0385,,,,,,"WH Aviation LLC",,,,,,,0,,,,,,0,0,0,0,0,,,,,,0,0,0,0,0,GEN-C560
28448661,"2026-01-17 00:25:40","2026-01-17 00:25:40",A660D5,"United States","United States",N51TX,,,,,,Vans,RV8,"Vans RV-8",80688,,,,,,Private,,,,,,,0,,,,,,0,0,0,0,0,,,,,,0,0,0,0,0,GEN-RV8
28448464,"2026-01-17 00:22:42","2026-01-17 00:22:42",AE0EAF,"United States","United States",87-24584,,,,,,Sikorsky,H60,"Sikorsky UH-60A(C) Blackhawk",701090,,,,,,"United States Army",,,,,,,0,,,,,,1,0,0,0,0,,,,,,0,0,0,0,0,
28448306,"2026-01-17 00:20:31","2026-01-17 00:20:31",A7F9D9,"United States","United States",N61291,,,,,,Cessna,C185,"Cessna A185F Skywagon 185",18504139,,,,,,Private,,,1980,,,,0,,,,,,0,0,0,0,0,,,,,,0,0,0,0,0,GEN-C185
28448267,"2026-01-17 00:19:58","2026-01-17 00:19:58",A616CA,"United States","United States",N4914Y,,,,,,Cessna,C210,"Cessna 210N Centurion",21064043,,,,,,Private,,,1980,,,,0,,,,,,0,0,0,0,0,,,,,,0,0,0,0,0,GEN-C210
28448233,"2026-01-17 00:19:19","2026-01-17 00:19:19",C00538,Canada,Canada,CF-BZJ,,,,,,Stinson,S10,"Stinson Voyager 105 / HW-75",7177,,,,,,Private,,,1939,,,,0,,,,,,0,0,0,0,0,,,,,,0,0,0,0,0,GEN-S10
28448189,"2026-01-17 00:18:58","2026-01-17 00:18:58",ADD9AD,"United States","United States",N9917F,,,,,,Stinson,L5,"Stinson Sentinel L-5",,,,,,,Private,,,1942,,,,0,,,,,,0,0,0,0,0,,,,,,0,0,0,0,0,GEN-L5
28448160,"2026-01-17 00:18:35","2026-01-17 00:18:35",AAD0D0,"United States","United States",N7961F,,,,,,Cessna,C150,"Cessna 150F",15064061,,,,,,Private,,,1966,,,,0,,,,,,0,0,0,0,0,,,,,,0,0,0,0,0,GEN-C150
28447927,"2026-01-17 00:15:21","2026-01-17 00:15:21",A8332E,"United States","United States",N6274M,,,,,,Stinson,S108,"Stinson Voyager 108-3",108-4274,,,,,,Private,,,1948,,,,0,,,,,,0,0,0,0,0,,,,,,0,0,0,0,0,GEN-S108
28447928,"2026-01-17 00:15:21","2026-01-17 00:15:21",AC434C,"United States","United States",N89DF,,,,,,"Air Command",CMDE,"Air Command 532 Elite",3549868,,,,,,Private,,,,,,,0,,,,,,0,0,0,0,0,,,,,,0,0,0,0,0,GEN-CMDE
28447334,"2026-01-17 00:06:27","2026-01-17 00:06:27",AAB9B1,"United States","United States",N790TC,,,,,,"Thunder & Colt",BALL,"Thunder & Colt AX.8-90 S2 Hot Air Balloon",2526USA,,,,,,Private,,,1993,,,,0,,,,,,0,0,0,0,0,,,,,,0,0,0,0,0,GEN-BALL
28447156,"2026-01-17 00:04:13","2026-01-17 00:04:13",A0756D,"United States","United States",N129DA,,,,,,"Diamond Aircraft",DV20,"Diamond Aircraft Katana DA20-C1",C0629,,,,,,Private,,,2013,,,,0,,,,,,0,0,0,0,0,,,,,,0,0,0,0,0,GEN-DV20
