AircraftID,FirstCreated,LastModified,ModeS,ModeSCountry,Country,Registration,CurrentRegDate,PreviousID,FirstRegDate,Status,DeRegDate,Manufacturer,ICAOTypeCode,Type,SerialNo,PopularName,GenericName,AircraftClass,Engines,OwnershipStatus,RegisteredOwners,MTOW,TotalHours,YearBuilt,CofACategory,CofAExpiry,UserNotes,Interested,UserTag,InfoURL,PictureURL1,PictureURL2,PictureURL3,UserBool1,UserBool2,UserBool3,UserBool4,UserBool5,UserString1,UserString2,UserString3,UserString4,UserString5,UserInt1,UserInt2,UserInt3,UserInt4,UserInt5,OperatorFlagCode
32388773,"2026-02-18 23:54:42","2026-02-18 23:54:42",AD7D1C,"United States","United States",N9686V,,,,,,Cessna,C172,"Cessna 172M Skyhawk",17264465,,,,,,Private,,,1974,,,,0,,,,,,0,0,0,0,0,,,,,,0,0,0,0,0,GEN-C172
32387876,"2026-02-18 23:41:49","2026-02-18 23:41:49",A1DA2C,"United States","United States",N2184P,,,,,,Piper,P28A,"Piper PA-28 181 Archer II",28-7990293,,,,,,Private,,,1979,,,,0,,,,,,0,0,0,0,0,,,,,,0,0,0,0,0,GEN-P28A
32386613,"2026-02-18 23:24:18","2026-02-18 23:24:18",3E5D5E,Germany,Germany,D-KAOC,,,,,,Scheibe/Sportavia-Putzer,SF25,"Scheibe/Sportavia-Putzer SF-25B Falke",4868,,,,,,Private,,,1972,,,,0,,,,,,0,0,0,0,0,,,,,,0,0,0,0,0,GEN-SF25
32386106,"2026-02-18 23:17:54","2026-02-18 23:17:54",A5A3C8,"United States","United States",N46228,,,,,,Taylorcraft,TAYD,"Taylorcraft DC-65 Tandem Trainer",4858,,,,,,Private,,,1944,,,,0,,,,,,0,0,0,0,0,,,,,,0,0,0,0,0,GEN-TAYD
32385440,"2026-02-18 23:08:57","2026-02-18 23:08:57",A5A7BC,"United States","United States",N4634Z,,,,,,Cessna,C206,"Cessna U206G Stationair 6",U20605990,,,,,,Private,,,,,,,0,,,,,,0,0,0,0,0,,,,,,0,0,0,0,0,GEN-C206
32385214,"2026-02-18 23:05:43","2026-02-18 23:05:43",A92222,"United States","United States",N688NG,,,,,,Pilatus,PC12,"Pilatus PC-XII NG 47E",1688,,,,,,"Time Tool Inc",,,2017,,,,0,,,,,,0,0,0,0,0,,,,,,0,0,0,0,0,GEN-PC12
32384627,"2026-02-18 22:56:59","2026-02-18 22:56:59",407128,"United Kingdom","United Kingdom",G-CJGC,,,,,,Cameron,BALL,"Cameron Z-105 Hot Air Balloon",12010,,,,,,Private,,,2016,,,,0,,,,,,0,0,0,0,0,,,,,,0,0,0,0,0,GEN-BALL
32384286,"2026-02-18 22:51:48","2026-02-18 22:51:48",A65CF3,"United States","United States",N509SD,,,,,,Cessna,C25B,"Cessna Citation CJ3",525B0353,,,,,,"Reliant Air Charter Inc",,,,,,,0,,,,,,0,0,0,0,0,,,,,,0,0,0,0,0,GEN-C25B
32384057,"2026-02-18 22:48:33","2026-02-18 22:48:33",A702AF,"United States","United States",N55061,,,,,,Boeing,B773,"Boeing 777 3FGER",61599,,,,,,"Saudi Arabian Airlines",,,2016,,,,0,,,,,,0,0,0,0,0,,,,,,0,0,0,0,0,SVA
32383944,"2026-02-18 22:47:09","2026-02-18 22:47:09",A3C11A,"United States","United States",N341AW,,,,,,Bell,UH1,"Bell UH-1V Iroquois",13665,,,,,,"City Of Leesburg",,,,,,,0,,,,,,0,0,0,0,0,,,,,,0,0,0,0,0,GEN-UH1
32383186,"2026-02-18 22:37:02","2026-02-18 22:37:02",A3A1A5,"United States","United States",N333HB,,,,,,Enstrom,EN28,"Enstrom F-28 A",291,,,,,,Private,,,,,,,0,,,,,,0,0,0,0,0,,,,,,0,0,0,0,0,GEN-EN28
32383187,"2026-02-18 22:37:02","2026-02-18 22:37:02",38262D,France,France,F-BJRN,,,,,,Cessna,C210,"Cessna 210A",21057828,,,,,,Private,,,1961,,,,0,,,,,,0,0,0,0,0,,,,,,0,0,0,0,0,GEN-C210
32383049,"2026-02-18 22:35:13","2026-02-18 22:35:13",C060CB,Canada,Canada,C-GKRA,,,,,,Bombardier,GLEX,"Bombardier Global 6500",60020,,,,,,"Bombardier Inc",,,2019,,,,0,,,,,,0,0,0,0,0,,,,,,0,0,0,0,0,GEN-GLEX
32382519,"2026-02-18 22:27:58","2026-02-18 22:27:58",A4645D,"United States","United States",N382SW,,,,,,Boeing,B733,"Boeing 737 3H4/W",26588,,,,,,"Southwest Airlines",,,1994,,,,0,,,,,,0,0,0,0,0,,,,,,0,0,0,0,0,SWA
32380526,"2026-02-18 22:02:20","2026-02-18 22:02:20",A23AEC,"United States","United States",N2428Q,,,,,,Piper,P46T,"Piper PA-46 JetPROP",46-8508088,,,,,,Private,,,1985,,,,0,,,,,,0,0,0,0,0,,,,,,0,0,0,0,0,GEN-P46T
32379514,"2026-02-18 21:49:37","2026-02-18 21:49:37",A1A907,"United States","United States",N206HL,,,,,,Cessna,C206,"Cessna U206G Stationair 6",U20604986,,,,,,Private,,,,,,,0,,,,,,0,0,0,0,0,,,,,,0,0,0,0,0,GEN-C206
32378755,"2026-02-18 21:39:55","2026-02-18 21:39:55",C067A2,Canada,Canada,C-GNGJ,,,,,,Piper,PA22,"Piper PA-22 160 Tri-Pacer",22-5722,,,,,,Private,,,1958,,,,0,,,,,,0,0,0,0,0,,,,,,0,0,0,0,0,GEN-PA22
32378289,"2026-02-18 21:34:14","2026-02-18 21:34:14",A025B8,"United States","United States",N10869,,,,,,LET,GLID,"LET L-13 Blanik",175229,,,,,,Private,,,1972,,,,0,,,,,,0,0,0,0,0,,,,,,0,0,0,0,0,GEN-GLID
27212,"2022-05-18 03:27:49","2026-02-18 21:27:01",48425C,Netherlands,Netherlands,"",,,,"",,"",-GND,"","",,,,,,"",,,,,,"",0,,,,,,0,0,0,0,0,Missing,,,"","",0,0,0,0,0,GEN--GND
29219,"2022-08-30 09:24:20","2026-02-18 21:23:17",000005,"Not Allocated","Not Allocated","",,,,"",,"",UAV,"","",,,,,,"",,,,,,"",0,,,,,,0,0,0,0,0,Missing,,,"","",0,0,0,0,0,GEN-UAV
32377312,"2026-02-18 21:21:54","2026-02-18 21:21:54",A66F8E,"United States","United States",N5134X,,,,,,Champion,CH7B,"Champion Citabria 7GCAA",195,,,,,,Private,,,1969,,,,0,,,,,,0,0,0,0,0,,,,,,0,0,0,0,0,GEN-CH7B
32377117,"2026-02-18 21:19:41","2026-02-18 21:19:41",A578BB,"United States","United States",N4514D,,,,,,Beech,BE35,"Beech Bonanza G35",D-4656,,,,,,Private,,,,,,,0,,,,,,0,0,0,0,0,,,,,,0,0,0,0,0,GEN-BE35
32377009,"2026-02-18 21:18:23","2026-02-18 21:18:23",1405DB,Russia,Russia,RA-01499,,,,,,Antonov,AN2,"Antonov An-2 R",1G232-33,,,,,,"Vostok Aviakompania",,,,,,,0,,,,,,0,0,0,0,0,,,,,,0,0,0,0,0,GEN-AN2
32375458,"2026-02-18 20:59:20","2026-02-18 20:59:20",0D064B,Mexico,Mexico,XA-ING,,,,,,Airbus,A320,"Airbus A320 214",4304,,,,,,Interjet,,,2010,,,,0,,,,,,0,0,0,0,0,,,,,,0,0,0,0,0,AIJ
32374677,"2026-02-18 20:50:07","2026-02-18 20:50:07",4685C2,Greece,Greece,SX-ANB,,,,,,Cessna,C188,"Cessna A188B AgTruck",18802548T,,,,,,Private,,,1976,,,,0,,,,,,0,0,0,0,0,,,,,,0,0,0,0,0,GEN-C188
32373782,"2026-02-18 20:39:53","2026-02-18 20:39:53",A60D96,"United States","United States",N48985,,,,,,Cessna,C152,"Cessna 152",15281086,,,,,,Private,,,1977,,,,0,,,,,,0,0,0,0,0,,,,,,0,0,0,0,0,GEN-C152
32372500,"2026-02-18 20:24:10","2026-02-18 20:24:10",ACBC4E,"United States","United States",N92F,,,,,,Vans,RV6,"Vans RV-6 A",20456,,,,,,Private,,,,,,,0,,,,,,0,0,0,0,0,,,,,,0,0,0,0,0,GEN-RV6
32371926,"2026-02-18 20:17:23","2026-02-18 20:17:23",A62590,"United States","United States",N4954A,,,,,,Cessna,C152,"Cessna A152 Aerobat",A1520913,,,,,,Private,,,1979,,,,0,,,,,,0,0,0,0,0,,,,,,0,0,0,0,0,GEN-C152
32371632,"2026-02-18 20:14:04","2026-02-18 20:14:04",A47140,"United States","United States",N3857X,,,,,,"Aero Commander",VO10,"Aero Commander 100 Darter",150,,,,,,Private,,,,,,,0,,,,,,0,0,0,0,0,,,,,,0,0,0,0,0,GEN-VO10
32371444,"2026-02-18 20:12:00","2026-02-18 20:12:00",A73EB9,"United States","United States",N566RP,,,,,,Embraer,E145,"Embraer ERJ-145 LR",145691,,,,,,"Operator Unknown",,,,,,,0,,,,,,0,0,0,0,0,,,,,,0,0,0,0,0,GEN-E145
32371398,"2026-02-18 20:11:15","2026-02-18 20:11:15",A394A6,"United States","United States",N33ND,,,,,,Rockwell,AC11,"Rockwell Commander 114",14048,,,,,,Private,,,,,,,0,,,,,,0,0,0,0,0,,,,,,0,0,0,0,0,GEN-AC11
32369271,"2026-02-18 19:44:48","2026-02-18 19:44:48",A40995,"United States","United States",N3597M,,,,,,Piper,PA12,"Piper PA-12 Super Cruiser",12-2442,,,,,,Private,,,1947,,,,0,,,,,,0,0,0,0,0,,,,,,0,0,0,0,0,GEN-PA12
32368881,"2026-02-18 19:40:03","2026-02-18 19:40:03",A1F70E,"United States","United States",N2258K,,,,,,Luscombe,L8,"Luscombe Silvaire 8A",4985,,,,,,Private,,,,,,,0,,,,,,0,0,0,0,0,,,,,,0,0,0,0,0,GEN-L8
32365983,"2026-02-18 19:04:18","2026-02-18 19:04:18",43C637,"United Kingdom","United Kingdom",XV649,,,,,,Westland,S61,"Westland Sea King ASaC.7",WA637,,,,,,"Royal Navy",,,1969,,,,0,,,,,,1,0,0,0,0,,,,,,0,0,0,0,0,
32364380,"2026-02-18 18:45:30","2026-02-18 18:45:30",A84277,"United States","United States",N631LK,,,,,,"Raven Aerostar",BALL,"Raven Aerostar S-55A Hot Air Balloon",S55A-244,,,,,,Private,,,,,,,0,,,,,,0,0,0,0,0,,,,,,0,0,0,0,0,GEN-BALL
32364126,"2026-02-18 18:42:32","2026-02-18 18:42:32",AE206B,"United States","United States",5629,,,,,,Lockheed,C30J,"Lockheed C-130J-30 Hercules",5629,,,,,,"Royal Norwegian Air Force",,,,,,,0,,,,,,1,0,0,0,0,,,,,,0,0,0,0,0,NOW
32363414,"2026-02-18 18:33:48","2026-02-18 18:33:48",A97F6B,"United States","United States",N7107S,,,,,,"Quad City",ULAC,"Quad City Challenger I",TRH0436,,,,,,Private,,,1996,,,,0,,,,,,0,0,0,0,0,,,,,,0,0,0,0,0,GEN-ULAC
32363392,"2026-02-18 18:33:36","2026-02-18 18:33:36",A65B31,"United States","United States",N50880,,,,,,Ryan,PT22,"Ryan Recruit ST3-KR",1773,,,,,,Private,,,1942,,,,0,,,,,,0,0,0,0,0,,,,,,0,0,0,0,0,GEN-PT22
32363188,"2026-02-18 18:31:13","2026-02-18 18:31:13",A005B6,"United States","United States",N100LH,,,,,,Rotorway,EXEC,"Rotorway Exec 90",001,,,,,,Private,,,,,,,0,,,,,,0,0,0,0,0,,,,,,0,0,0,0,0,GEN-EXEC
32362647,"2026-02-18 18:24:31","2026-02-18 18:24:31",AD7AA6,"United States","United States",N968J,,,,,,Cessna,C421,"Cessna 421B Golden Eagle",421B0012,,,,,,Private,,,,,,,0,,,,,,0,0,0,0,0,,,,,,0,0,0,0,0,GEN-C421
32362474,"2026-02-18 18:22:35","2026-02-18 18:22:35",A26FD3,"United States","United States",N256WY,,,,,,Aviat,HUSK,"Aviat Husky A-1C-200",3256,,,,,,Private,,,2015,,,,0,,,,,,0,0,0,0,0,,,,,,0,0,0,0,0,GEN-HUSK
32361588,"2026-02-18 18:11:36","2026-02-18 18:11:36",A949ED,"United States","United States",N698RH,,,,,,Eurocopter,AS50,"Eurocopter Squirrel AS.350 B3",7619,,,,,,Private,,,2013,,,,0,,,,,,0,0,0,0,0,,,,,,0,0,0,0,0,GEN-AS50
32360930,"2026-02-18 18:03:48","2026-02-18 18:03:48",A6A9AF,"United States","United States",N5285B,,,,,,Mooney,M20P,"Mooney M.20 Mark 20",1148,,,,,,Private,,,1957,,,,0,,,,,,0,0,0,0,0,,,,,,0,0,0,0,0,GEN-M20P
32358078,"2026-02-18 17:31:38","2026-02-18 17:31:38",71BC95,"South Korea","South Korea",HL7495,,,,,,Boeing,B744,"Boeing 747 4B5",28096,,,,,,"Korean Air",,,1995,,,,0,,,,,,0,0,0,0,0,,,,,,0,0,0,0,0,KAL
32357958,"2026-02-18 17:30:20","2026-02-18 17:30:20",43C13C,"United Kingdom","United Kingdom",ZA557,,,,,,Panavia,TOR,"Panavia Tornado GR.4",BS021,,,,,,"Royal Air Force",,,1981,,,,0,,,,,,1,0,0,0,0,,,,,,0,0,0,0,0,
32357919,"2026-02-18 17:29:52","2026-02-18 17:29:52",ACC0ED,"United States","United States",N9203B,,,,,,Piper,P28A,"Piper PA-28 161 Cadet",2841003,,,,,,Private,,,1988,,,,0,,,,,,0,0,0,0,0,,,,,,0,0,0,0,0,GEN-P28A
32357881,"2026-02-18 17:29:22","2026-02-18 17:29:22",AB8C4B,"United States","United States",N843PH,,,,,,Cessna,C208,"Cessna 208 B",208B-1207,,,,,,"Pacific Air Holdings LLC",,,2006,,,,0,,,,,,0,0,0,0,0,,,,,,0,0,0,0,0,GEN-C208
32357742,"2026-02-18 17:27:48","2026-02-18 17:27:48",380551,France,France,F-BBKR,,,,,,Nord,N120,"Nord 1203 Norecrin",78,,,,,,Private,,,,,,,0,,,,,,0,0,0,0,0,,,,,,0,0,0,0,0,GEN-N120
32357019,"2026-02-18 17:19:46","2026-02-18 17:19:46",A0B40B,"United States","United States",N1441D,,,,,,Cessna,C170,"Cessna 170A",20024,,,,,,Private,,,1951,,,,0,,,,,,0,0,0,0,0,,,,,,0,0,0,0,0,GEN-C170
32356504,"2026-02-18 17:14:02","2026-02-18 17:14:02",44C24C,Belgium,Belgium,OO-PRL,,,,,,Reims/Cessna,C150,"Reims/Cessna FA150K Aerobat",0008,,,,,,Private,,,1969,,,,0,,,,,,0,0,0,0,0,,,,,,0,0,0,0,0,GEN-C150
32356206,"2026-02-18 17:11:01","2026-02-18 17:11:01",4CA35C,Ireland,Ireland,EI-CRV,,,,,,Hoffmann,DIMO,"Hoffmann H 36 Dimona",3674,,,,,,Private,,,1983,,,,0,,,,,,0,0,0,0,0,,,,,,0,0,0,0,0,GEN-DIMO
32355915,"2026-02-18 17:07:34","2026-02-18 17:07:34",A0CD24,"United States","United States",N1504S,,,,,,Beech,BE35,"Beech Bonanza P35",D-6905,,,,,,Private,,,,,,,0,,,,,,0,0,0,0,0,,,,,,0,0,0,0,0,GEN-BE35
32355470,"2026-02-18 17:02:54","2026-02-18 17:02:54",3DE5C5,Germany,Germany,D-HHGN,,,,,,AgustaWestland,A109,"AgustaWestland AW.109 SP Grand New",22303,,,,,,Private,,,2013,,,,0,,,,,,0,0,0,0,0,,,,,,0,0,0,0,0,GEN-A109
32355130,"2026-02-18 16:59:10","2026-02-18 16:59:10",ACAFD5,"United States","United States",N91636,,,,,,Cessna,C182,"Cessna 182N Skylane",18260434,,,,,,Private,,,,,,,0,,,,,,0,0,0,0,0,,,,,,0,0,0,0,0,GEN-C182
32354666,"2026-02-18 16:53:59","2026-02-18 16:53:59",C08DBD,Canada,Canada,C-IBRO,,,,,,"Ultralite Soaring",ULAC,"Ultralite Soaring Wizard T38",66015,,,,,,Private,,,,,,,0,,,,,,0,0,0,0,0,,,,,,0,0,0,0,0,GEN-ULAC
32354084,"2026-02-18 16:47:33","2026-02-18 16:47:33",A50BA3,"United States","United States",N424MW,,,,,,Bombardier,LJ60,"Bombardier Learjet 60",60-171,,,,,,"TSG Holdings LLC",,,,,,,0,,,,,,0,0,0,0,0,,,,,,0,0,0,0,0,GEN-LJ60
32353357,"2026-02-18 16:39:36","2026-02-18 16:39:36",A20188,"United States","United States",N2283P,,,,,,Piper,PA23,"Piper PA-23 Apache 150",23-894,,,,,,Private,,,1957,,,,0,,,,,,0,0,0,0,0,,,,,,0,0,0,0,0,GEN-PA23
32352894,"2026-02-18 16:34:13","2026-02-18 16:34:13",382CDB,France,France,F-WTDA,,,,,,"Hawker Beechcraft Corp",B350,"Hawker Beechcraft Corp King Air B350",FL-702,,,,,,Coporate,,,,,,,0,,,,,,0,0,0,0,0,,,,,,0,0,0,0,0,GEN-B350
32352865,"2026-02-18 16:34:00","2026-02-18 16:34:00",A5991D,"United States","United States",N46V,,,,,,Granville,ZZZZ,"Granville Gee Bee E Sportster",7,,,,,,Private,,,,,,,0,,,,,,0,0,0,0,0,,,,,,0,0,0,0,0,GEN-ZZZZ
32352818,"2026-02-18 16:33:24","2026-02-18 16:33:24",C819CB,"New Zealand","New Zealand",ZK-NOX,,,,,,Fisher,TMOT,"Fisher R-80 Tiger Moth",17,,,,,,Private,,,,,,,0,,,,,,0,0,0,0,0,,,,,,0,0,0,0,0,GEN-TMOT
32352819,"2026-02-18 16:33:24","2026-02-18 16:33:24",3E1765,Germany,Germany,D-IABD,,,,,,"Aero Commander",AC68,"Aero Commander Twin Commander 680FL",680FL-1741-143,,,,,,Private,,,1968,,,,0,,,,,,0,0,0,0,0,,,,,,0,0,0,0,0,GEN-AC68
32352681,"2026-02-18 16:31:48","2026-02-18 16:31:48",A656E5,"United States","United States",N5074R,,,,,,Hughes,H500,"Hughes 369 D",1151D,,,,,,Private,,,1982,,,,0,,,,,,0,0,0,0,0,,,,,,0,0,0,0,0,GEN-H500
32351716,"2026-02-18 16:20:32","2026-02-18 16:20:32",AADD1B,"United States","United States",N7999V,,,,,,Cessna,C180,"Cessna 180H Skywagon 180",18051899,,,,,,Private,,,1967,,,,0,,,,,,0,0,0,0,0,,,,,,0,0,0,0,0,GEN-C180
32350952,"2026-02-18 16:11:50","2026-02-18 16:11:50",ABC77F,"United States","United States",N8580Y,,,,,,Piper,PA18,"Piper PA-18 150 Super Cub",18-8890,,,,,,Private,,,,,,,0,,,,,,0,0,0,0,0,,,,,,0,0,0,0,0,GEN-PA18
32349778,"2026-02-18 15:58:29","2026-02-18 15:58:29",E48080,Brazil,Brazil,PR-MBO,,,,,,Airbus,A320,"Airbus A320 232",3156,,,,,,"LATAM Brasil",,,2007,,,,0,,,,,,0,0,0,0,0,,,,,,0,0,0,0,0,TAM
32349763,"2026-02-18 15:58:19","2026-02-18 15:58:19",A17EB7,"United States","United States",N196CR,,,,,,Boeing,B763,"Boeing 767 338ER",29117,,,,,,"National Airlines",,,1998,,,,0,,,,,,0,0,0,0,0,,,,,,0,0,0,0,0,GEN-B763
32349556,"2026-02-18 15:55:52","2026-02-18 15:55:52",A15355,"United States","United States",N185AX,,,,,,Cessna,C185,"Cessna A185F Skywagon 185",18502710,,,,,,Private,,,1976,,,,0,,,,,,0,0,0,0,0,,,,,,0,0,0,0,0,GEN-C185
32349540,"2026-02-18 15:55:34","2026-02-18 15:55:34",4B0B7D,Switzerland,Switzerland,HB-EJD,,,,,,Beech,BE77,"Beech Skipper 77",WA-136,,,,,,Private,,,,,,,0,,,,,,0,0,0,0,0,,,,,,0,0,0,0,0,GEN-BE77
32348791,"2026-02-18 15:47:08","2026-02-18 15:47:08",AD40D7,"United States","United States",N953LS,,,,,,"AutoGyro Europe",CLON,"AutoGyro Europe Cavalon",V00110,,,,,,Private,,,2013,,,,0,,,,,,0,0,0,0,0,,,,,,0,0,0,0,0,GEN-CLON
32348385,"2026-02-18 15:42:23","2026-02-18 15:42:23",AC0C5A,"United States","United States",N8758A,,,,,,Beech,BE35,"Beech Bonanza A35",D-2180,,,,,,Private,,,1949,,,,0,,,,,,0,0,0,0,0,,,,,,0,0,0,0,0,GEN-BE35
32348117,"2026-02-18 15:39:13","2026-02-18 15:39:13",AAF601,"United States","United States",N805SA,,,,,,Pilatus,PC12,"Pilatus PC-XII 45",569,,,,,,"Jet Air Corporation",,,2004,,,,0,,,,,,0,0,0,0,0,,,,,,0,0,0,0,0,GEN-PC12
32347671,"2026-02-18 15:33:23","2026-02-18 15:33:23",A409F6,"United States","United States",N36AC,,,,,,Cessna,C206,"Cessna T206H Turbo Stationair",T20608751,,,,,,Private,,,2007,,,,0,,,,,,0,0,0,0,0,,,,,,0,0,0,0,0,GEN-C206
32347494,"2026-02-18 15:31:36","2026-02-18 15:31:36",40064F,"United Kingdom","United Kingdom",G-OBWP,,,,,,"British Aerospace",ATP,"British Aerospace ATP",2051,,,,,,"Atlantic Airlines",,,1992,,,,0,,,,,,0,0,0,0,0,,,,,,0,0,0,0,0,GEN-ATP
32346829,"2026-02-18 15:24:00","2026-02-18 15:24:00",A2C5D0,"United States","United States",N278SM,,,,,,"AgustaWestland Philadelphia",A119,"AgustaWestland Philadelphia AW.119 MkII",14827,,,,,,"Airbus Helicopters Inc",,,2014,,,,0,,,,,,0,0,0,0,0,,,,,,0,0,0,0,0,GEN-A119
32345854,"2026-02-18 15:13:09","2026-02-18 15:13:09",3E694B,Germany,Germany,D-KFBO,,,,,,Schleicher,AS26,"Schleicher ASH 26 E",26137,,,,,,Private,,,1998,,,,0,,,,,,0,0,0,0,0,,,,,,0,0,0,0,0,GEN-AS26
32345689,"2026-02-18 15:11:09","2026-02-18 15:11:09",ABFF55,"United States","United States",N872SA,,,,,,Pilatus,PC12,"Pilatus PC-XII NG 47E",1603,,,,,,"Pilatus Business Aircraft Ltd",,,2016,,,,0,,,,,,0,0,0,0,0,,,,,,0,0,0,0,0,GEN-PC12
32345677,"2026-02-18 15:10:55","2026-02-18 15:10:55",AD5961,"United States","United States",N95968,,,,,,Taylorcraft,TAYB,"Taylorcraft BC-12 D-85",8268,,,,,,Private,,,1946,,,,0,,,,,,0,0,0,0,0,,,,,,0,0,0,0,0,GEN-TAYB
32345596,"2026-02-18 15:10:05","2026-02-18 15:10:05",A609C6,"United States","United States",N4888E,,,,,,Champion,CH7B,"Champion Sky-Trac 7GC",7GC-62,,,,,,Private,,,1959,,,,0,,,,,,0,0,0,0,0,,,,,,0,0,0,0,0,GEN-CH7B
32344456,"2026-02-18 14:57:55","2026-02-18 14:57:55",AAE52E,"United States","United States",N8007D,,,,,,Piper,PA22,"Piper PA-22 150 Tri-Pacer",22-5533,,,,,,Private,,,,,,,0,,,,,,0,0,0,0,0,,,,,,0,0,0,0,0,GEN-PA22
32343304,"2026-02-18 14:44:47","2026-02-18 14:44:47",E80317,Chile,Chile,CC-ADQ,,,,,,Airbus,A320,"Airbus A320 231",179,,,,,,"Sky Airline",,,1991,,,,0,,,,,,0,0,0,0,0,,,,,,0,0,0,0,0,SKU
32341659,"2026-02-18 14:26:00","2026-02-18 14:26:00",448D05,Belgium,Belgium,OO-CHE,,,,,,Robinson,R44,"Robinson R44 Raven II",12316,,,,,,Private,,,,,,,0,,,,,,0,0,0,0,0,,,,,,0,0,0,0,0,GEN-R44
32341653,"2026-02-18 14:25:54","2026-02-18 14:25:54",A8CB64,"United States","United States",N666K,,,,,,"Israel Aircraft Industries",ASTR,"Israel Aircraft Industries 1125 Astra SPX",134,,,,,,"Green Savoree Transportation LLC",,,2000,,,,0,,,,,,0,0,0,0,0,,,,,,0,0,0,0,0,GEN-ASTR
32339861,"2026-02-18 14:04:52","2026-02-18 14:04:52",3A35C0,"French Overseas","French Overseas",F-ONOA,,,,,,"Viking Air",DHC6,"Viking Air DHC-6 Twin Otter 400",855,,,,,,Private,,,2011,,,,0,,,,,,0,0,0,0,0,,,,,,0,0,0,0,0,GEN-DHC6
32339668,"2026-02-18 14:02:26","2026-02-18 14:02:26",ACC892,"United States","United States",N9224X,,,,,,"Air Command",CMDE,"Air Command 582 Tandem",MLSP15846,,,,,,Private,,,,,,,0,,,,,,0,0,0,0,0,,,,,,0,0,0,0,0,GEN-CMDE
32338242,"2026-02-18 13:46:10","2026-02-18 13:46:10",A4BCF8,"United States","United States",N404RD,,,,,,Cessna,C404,"Cessna 404 Titan",404-0015,,,,,,Private,,,1976,,,,0,,,,,,0,0,0,0,0,,,,,,0,0,0,0,0,GEN-C404
32337993,"2026-02-18 13:43:23","2026-02-18 13:43:23",A97D30,"United States","United States",N710MR,,,,,,Cessna,C182,"Cessna 182Q Skylane",18267178,,,,,,Private,,,1979,,,,0,,,,,,0,0,0,0,0,,,,,,0,0,0,0,0,GEN-C182
32337739,"2026-02-18 13:40:24","2026-02-18 13:40:24",AB8348,"United States","United States",N84079,,,,,,Aeronca,CH7A,"Aeronca Traveler 7EC",7EC-2766,,,,,,Private,,,1946,,,,0,,,,,,0,0,0,0,0,,,,,,0,0,0,0,0,GEN-CH7A
32337186,"2026-02-18 13:33:48","2026-02-18 13:33:48",A46B7C,"United States","United States",N384PS,,,,,,Dassault,FA20,"Dassault Falcon 20 F-5",384,,,,,,"Bocage Aviation LLC",,,1978,,,,0,,,,,,0,0,0,0,0,,,,,,0,0,0,0,0,GEN-FA20
32336247,"2026-02-18 13:23:00","2026-02-18 13:23:00",A00FDB,"United States","United States",N103AB,,,,,,"Cirrus Jet",SF50,"Cirrus Jet Vision SF50",0132,,,,,,"Cirrus Design Corp",,,2019,,,,0,,,,,,0,0,0,0,0,,,,,,0,0,0,0,0,GEN-SF50
32335948,"2026-02-18 13:19:35","2026-02-18 13:19:35",A824DE,"United States","United States",N6238M,,,,,,Stinson,S108,"Stinson Voyager 108-1",108-4238,,,,,,Private,,,1952,,,,0,,,,,,0,0,0,0,0,,,,,,0,0,0,0,0,GEN-S108
32335258,"2026-02-18 13:11:20","2026-02-18 13:11:20",AA7AF2,"United States","United States",N7745H,,,,,,Piper,PA12,"Piper PA-12 Super Cruiser",12-641,,,,,,Private,,,1946,,,,0,,,,,,0,0,0,0,0,,,,,,0,0,0,0,0,GEN-PA12
32333940,"2026-02-18 12:55:02","2026-02-18 12:55:02",A9991E,"United States","United States",N7175J,,,,,,Kolb,ULAC,"Kolb Twinstar",9043,,,,,,Private,,,1989,,,,0,,,,,,0,0,0,0,0,,,,,,0,0,0,0,0,GEN-ULAC
32332935,"2026-02-18 12:42:58","2026-02-18 12:42:58",404259,"United Kingdom","United Kingdom",G-BYTS,,,,,,Montgomerie,GYRO,"Montgomerie Bensen Gyrocopter B.8MR",MGM-2,,,,,,Private,,,1999,,,,0,,,,,,0,0,0,0,0,,,,,,0,0,0,0,0,GEN-GYRO
32332760,"2026-02-18 12:40:56","2026-02-18 12:40:56",A16810,"United States","United States",N19YZ,,,,,,Eiri-Avion,PK20,"Eiri-Avion PIK-20 D",20617,,,,,,Private,,,1978,,,,0,,,,,,0,0,0,0,0,,,,,,0,0,0,0,0,GEN-PK20
32332178,"2026-02-18 12:34:34","2026-02-18 12:34:34",A578C1,"United States","United States",N4514K,,,,,,Sikorsky,S76,"Sikorsky S-76 C",760670,,,,,,Private,,,2007,,,,0,,,,,,0,0,0,0,0,,,,,,0,0,0,0,0,GEN-S76
32331834,"2026-02-18 12:30:34","2026-02-18 12:30:34",3DED0D,Germany,Germany,D-HKAF,,,,,,Robinson,R66,"Robinson R66",0648,,,,,,Private,,,2015,,,,0,,,,,,0,0,0,0,0,,,,,,0,0,0,0,0,GEN-R66
32331622,"2026-02-18 12:28:16","2026-02-18 12:28:16",A86C43,"United States","United States",N6417D,,,,,,"North American",T6,"North American SNJ-5 Texan",88-13134,,,,,,Private,,,,,,,0,,,,,,0,0,0,0,0,,,,,,0,0,0,0,0,GEN-T6
32331372,"2026-02-18 12:25:18","2026-02-18 12:25:18",A9D9D7,"United States","United States",N7339V,,,,,,Bellanca,BL17,"Bellanca Viking 300 17-30",30217,,,,,,Private,,,1969,,,,0,,,,,,0,0,0,0,0,,,,,,0,0,0,0,0,GEN-BL17
32330619,"2026-02-18 12:17:20","2026-02-18 12:17:20",ADEFD9,"United States","United States",N9976L,,,,,,"American Aviation",AA1,"American Aviation AA-1B",AA1B-0276,,,,,,Private,,,,,,,0,,,,,,0,0,0,0,0,,,,,,0,0,0,0,0,GEN-AA1
32329587,"2026-02-18 12:04:49","2026-02-18 12:04:49",A36539,"United States","United States",N318HA,,,,,,"Hawker Beechcraft Corp",B350,"Hawker Beechcraft Corp King Air B350",FL-582,,,,,,"Express Leasing LLC",,,2008,,,,0,,,,,,0,0,0,0,0,,,,,,0,0,0,0,0,GEN-B350
32329151,"2026-02-18 11:59:49","2026-02-18 11:59:49",4F592D,"Not Allocated","Not Allocated",OY-HLS,,,,,,Eurocopter,EC20,"Eurocopter EC120B Colibri",1453,,,,,,Private,,,,,,,0,,,,,,0,0,0,0,0,,,,,,0,0,0,0,0,GEN-EC20
32328101,"2026-02-18 11:47:37","2026-02-18 11:47:37",4404B8,Austria,Austria,OE-GGC,,,,,,Bombardier,LJ40,"Bombardier Learjet 40",45-2015,,,,,,"Jetcom S.R.L (Italy)",,,,,,,0,,,,,,0,0,0,0,0,,,,,,0,0,0,0,0,GEN-LJ40
32327770,"2026-02-18 11:44:12","2026-02-18 11:44:12",14597E,Russia,Russia,RA-25572,,,,,,Mil,MI8,"Mil Mi-8 T",98520178,,,,,,AeroGeo,,,1985,,,,0,,,,,,0,0,0,0,0,,,,,,0,0,0,0,0,GEN-MI8
32327225,"2026-02-18 11:38:11","2026-02-18 11:38:11",A31527,"United States","United States",N298WA,,,,,,"Raytheon Aircraft",BE58,"Raytheon Aircraft Baron G58",TH-2298,,,,,,Private,,,2010,,,,0,,,,,,0,0,0,0,0,,,,,,0,0,0,0,0,GEN-BE58
32326243,"2026-02-18 11:27:02","2026-02-18 11:27:02",500047,"San Marino","San Marino",T7-FMR,,,,,,"Diamond Aircraft",DA42,"Diamond Aircraft Twin Star DA42MPP",42.293,,,,,,Private,,,,,,,0,,,,,,0,0,0,0,0,,,,,,0,0,0,0,0,GEN-DA42
32326148,"2026-02-18 11:26:13","2026-02-18 11:26:13",A503C2,"United States","United States",N422HF,,,,,,Cessna,C421,"Cessna 421B Golden Eagle",421B0514,,,,,,Private,,,1974,,,,0,,,,,,0,0,0,0,0,,,,,,0,0,0,0,0,GEN-C421
32325444,"2026-02-18 11:18:08","2026-02-18 11:18:08",A9E333,"United States","United States",N736VC,,,,,,Cessna,C172,"Cessna R172K Hawk XP",R1722813,,,,,,Private,,,1977,,,,0,,,,,,0,0,0,0,0,,,,,,0,0,0,0,0,GEN-C172
32325426,"2026-02-18 11:17:57","2026-02-18 11:17:57",7C60E6,Australia,Australia,VH-TFC,,,,,,Cessna,C206,"Cessna U206G Stationair 6",U20604576,,,,,,Private,,,1978,,,,0,,,,,,0,0,0,0,0,,,,,,0,0,0,0,0,GEN-C206
32324680,"2026-02-18 11:09:11","2026-02-18 11:09:11",A15711,"United States","United States",N186BB,,,,,,"Honda Aircraft Company",HDJT,"Honda Aircraft Company Honda Jet HA-420",42000182,,,,,,"Honda Aviation Service Co",,,2020,,,,0,,,,,,0,0,0,0,0,,,,,,0,0,0,0,0,GEN-HDJT
32323584,"2026-02-18 10:55:38","2026-02-18 10:55:38",401905,"United Kingdom","United Kingdom",G-AYVP,,,,,,"Amateur Built",WOPU,"Amateur Built Woody Pusher","PFA 1344",,,,,,Private,,,,,,,0,,,,,,0,0,0,0,0,,,,,,0,0,0,0,0,GEN-WOPU
32321787,"2026-02-18 10:35:12","2026-02-18 10:35:12",A24B7F,"United States","United States",N247RH,,,,,,Scheibe,GLID,"Scheibe Leistung-Spatz 55",639,,,,,,Private,,,1958,,,,0,,,,,,0,0,0,0,0,,,,,,0,0,0,0,0,GEN-GLID
32321679,"2026-02-18 10:33:43","2026-02-18 10:33:43",4041AE,"United Kingdom","United Kingdom",G-NSEW,,,,,,Robinson,R44,"Robinson R44 Raven",0615,,,,,,Private,,,1999,,,,0,,,,,,0,0,0,0,0,,,,,,0,0,0,0,0,GEN-R44
32321268,"2026-02-18 10:29:27","2026-02-18 10:29:27",A90365,"United States","United States",N680BW,,,,,,Cessna,C680,"Cessna Citation Sovereign",680-0165,,,,,,"Aerolineas Ejecutivas SA",,,2007,,,,0,,,,,,0,0,0,0,0,,,,,,0,0,0,0,0,LET
32321207,"2026-02-18 10:28:53","2026-02-18 10:28:53",A71F49,"United States","United States",N558Y,,,,,,Rutan,LGEZ,"Rutan Long-Ez",304,,,,,,Private,,,1988,,,,0,,,,,,0,0,0,0,0,,,,,,0,0,0,0,0,GEN-LGEZ
32317085,"2026-02-18 09:41:59","2026-02-18 09:41:59",A002C1,"United States","United States",N10EB,,,,,,Nanchang,CJ6,"Nanchang CJ-6 A",1532010,,,,,,Private,,,,,,,0,,,,,,0,0,0,0,0,,,,,,0,0,0,0,0,GEN-CJ6
32316467,"2026-02-18 09:34:46","2026-02-18 09:34:46",A30AC9,"United States","United States",N29525,,,,,,Taylorcraft,TAYB,"Taylorcraft BL -65",2368,,,,,,Private,,,1940,,,,0,,,,,,0,0,0,0,0,,,,,,0,0,0,0,0,GEN-TAYB
32315329,"2026-02-18 09:20:52","2026-02-18 09:20:52",A7E8F0,"United States","United States",N609CR,,,,,,Bombardier,LJ40,"Bombardier Learjet 40 XR",45-2050,,,,,,"Strong Tower Services LLC",,,,,,,0,,,,,,0,0,0,0,0,,,,,,0,0,0,0,0,GEN-LJ40
32315299,"2026-02-18 09:20:34","2026-02-18 09:20:34",A48080,"United States","United States",N39AR,,,,,,"Cirrus Design",S22T,"Cirrus Design SR22T",1886,,,,,,Private,,,,,,,0,,,,,,0,0,0,0,0,,,,,,0,0,0,0,0,GEN-S22T
32312883,"2026-02-18 08:52:05","2026-02-18 08:52:05",AC3B66,"United States","United States",N88787,,,,,,Williams,BALL,"Williams Hot Air Balloon",FCW56001,,,,,,Private,,,1973,,,,0,,,,,,0,0,0,0,0,,,,,,0,0,0,0,0,GEN-BALL
32311575,"2026-02-18 08:35:57","2026-02-18 08:35:57",402E17,"United Kingdom","United Kingdom",G-BPTV,,,,,,"Amateur Built",GYRO,"Amateur Built Bensen Gyrocopter B.8","PFA G/01-1058",,,,,,Private,,,1998,,,,0,,,,,,0,0,0,0,0,,,,,,0,0,0,0,0,GEN-GYRO
32311344,"2026-02-18 08:33:01","2026-02-18 08:33:01",AB0683,"United States","United States",N8096N,,,,,,Piper,P28A,"Piper PA-28 140 Cherokee B",28-25340,,,,,,Private,,,1969,,,,0,,,,,,0,0,0,0,0,,,,,,0,0,0,0,0,GEN-P28A
32309855,"2026-02-18 08:14:47","2026-02-18 08:14:47",4AAACF,Sweden,Sweden,SE-JVO,,,,,,"Airbus Helicopters",AS50,"Airbus Helicopters Squirrel AS.350 B3e",7859,,,,,,Private,,,2014,,,,0,,,,,,0,0,0,0,0,,,,,,0,0,0,0,0,GEN-AS50
11102,"2021-11-08 16:26:52","2026-02-18 08:13:03",C87EE8,"New Zealand","New Zealand","",,,,"",,"",ZZZZ,"","",,,,,,"",,,,,,"",0,,,,,,0,0,0,0,0,Missing,,,"","",0,0,0,0,0,GEN-ZZZZ
766556,"2023-10-30 20:59:55","2026-02-18 08:13:03",43BF96,"United Kingdom","United Kingdom","",,,,"",,"",ZANT,"","",,,,,,"",,,,,,"",0,,,,,,0,0,0,0,0,Missing,,,"","",0,0,0,0,0,ZANT
32309622,"2026-02-18 08:11:56","2026-02-18 08:11:56",A8C3F2,"United States","United States",N664JW,,,,,,"Amateur built",ZZZZ,"Amateur built AC-Triq2",10000TQ2,,,,,,Private,,,,,,,0,,,,,,0,0,0,0,0,,,,,,0,0,0,0,0,GEN-ZZZZ
32308440,"2026-02-18 07:56:59","2026-02-18 07:56:59",A22A7B,"United States","United States",N239FQ,,,,,,Cessna,C208,"Cessna 208",208-00239,,,,,,"Gateway Air Center Inc",,,1994,,,,0,,,,,,0,0,0,0,0,,,,,,0,0,0,0,0,GEN-C208
32308245,"2026-02-18 07:54:35","2026-02-18 07:54:35",A82B0F,"United States","United States",N625Z,,,,,,Monnett,SRAI,"Monnett Sonerai II",340,,,,,,Private,,,,,,,0,,,,,,0,0,0,0,0,,,,,,0,0,0,0,0,GEN-SRAI
32307971,"2026-02-18 07:51:03","2026-02-18 07:51:03",C024B1,Canada,Canada,C-FNXG,,,,,,Bombardier,GLEX,"Bombardier Global 6000",9764,,,,,,"Bombardier Inc",,,2016,,,,0,,,,,,0,0,0,0,0,,,,,,0,0,0,0,0,GEN-GLEX
32306457,"2026-02-18 07:32:29","2026-02-18 07:32:29",AC27C2,"United States","United States",N8821D,,,,,,Piper,PA22,"Piper PA-22 160 Tri-Pacer",22-5990,,,,,,Private,,,1958,,,,0,,,,,,0,0,0,0,0,,,,,,0,0,0,0,0,GEN-PA22
32306214,"2026-02-18 07:29:29","2026-02-18 07:29:29",A34E46,"United States","United States",N312AG,,,,,,Piper,PA32,"Piper PA-32 300 Cherokee Six",32-7240096,,,,,,Private,,,1972,,,,0,,,,,,0,0,0,0,0,,,,,,0,0,0,0,0,GEN-PA32
32305477,"2026-02-18 07:20:24","2026-02-18 07:20:24",A5EA8A,"United States","United States",N480VX,,,,,,Boeing,B734,"Boeing 737 48ESF",25773,,,,,,"Operator Unknown",,,1997,,,,0,,,,,,0,0,0,0,0,,,,,,0,0,0,0,0,GEN-B734
32304261,"2026-02-18 07:04:53","2026-02-18 07:04:53",38877B,France,France,F-CHLF,,,,,,Centrair,GLID,"Centrair C101 A Pegase",101A0443,,,,,,Private,,,1992,,,,0,,,,,,0,0,0,0,0,,,,,,0,0,0,0,0,GEN-GLID
32303640,"2026-02-18 06:57:55","2026-02-18 06:57:55",AAEEA3,"United States","United States",N803SS,,,,,,Pilatus,PC12,"Pilatus PC-XII 47",803,,,,,,"TCFI AL2 LLC",,,2007,,,,0,,,,,,0,0,0,0,0,,,,,,0,0,0,0,0,GEN-PC12
32303473,"2026-02-18 06:55:56","2026-02-18 06:55:56",A0425B,"United States","United States",N1159B,,,,,,Grumman,GLF2,"Grumman GII B",257,,,,,,"Phoenix Air Group Inc",,,1979,,,,0,,,,,,0,0,0,0,0,,,,,,0,0,0,0,0,GRB
32301309,"2026-02-18 06:29:43","2026-02-18 06:29:43",384473,France,France,F-BRDT,,,,,,SOCATA,RALL,"SOCATA Rallye MS.892A Commodore 150",10951,,,,,,Private,,,,,,,0,,,,,,0,0,0,0,0,,,,,,0,0,0,0,0,GEN-RALL
32300405,"2026-02-18 06:18:39","2026-02-18 06:18:39",A37A16,"United States","United States",N323GL,,,,,,Boeing,B737,"Boeing 737NG 73V",30242,,,,,,GOL,,,2001,,,,0,,,,,,0,0,0,0,0,,,,,,0,0,0,0,0,GLO
32299314,"2026-02-18 06:04:16","2026-02-18 06:04:16",A0DBA4,"United States","United States",N15415,,,,,,Piper,P28A,"Piper PA-28 140 Cherokee F",28-7325062,,,,,,Private,,,1972,,,,0,,,,,,0,0,0,0,0,,,,,,0,0,0,0,0,GEN-P28A
32298904,"2026-02-18 05:58:46","2026-02-18 05:58:46",C0354D,Canada,Canada,CF-UEU,,,,,,Cessna,C172,"Cessna 172G Skyhawk",17254191,,,,,,Private,,,1966,,,,0,,,,,,0,0,0,0,0,,,,,,0,0,0,0,0,GEN-C172
32298764,"2026-02-18 05:56:51","2026-02-18 05:56:51",3D1882,Germany,Germany,D-EHNM,,,,,,"Grumman American",AA5,"Grumman American AA-5B Tiger",AA5B-1155,,,,,,Private,,,1979,,,,0,,,,,,0,0,0,0,0,,,,,,0,0,0,0,0,GEN-AA5
32298715,"2026-02-18 05:56:05","2026-02-18 05:56:05",A58EDC,"United States","United States",N45728,,,,,,Luscombe,L8,"Luscombe Silvaire 8A",2255,,,,,,Private,,,,,,,0,,,,,,0,0,0,0,0,,,,,,0,0,0,0,0,GEN-L8
32298558,"2026-02-18 05:54:02","2026-02-18 05:54:02",4CA687,Ireland,Ireland,EI-RJH,,,,,,Avro,RJ85,"Avro 146 RJ85",E2345,,,,,,"Aer Lingus",,,1999,,,,0,,,,,,0,0,0,0,0,,,,,,0,0,0,0,0,EIN
32297872,"2026-02-18 05:44:16","2026-02-18 05:44:16",A03B42,"United States","United States",N114CA,,,,,,Lockheed,L18,"Lockheed Lodestar GulfStar",18-2560,,,,,,"May Air Xpress",,,1943,,,,0,,,,,,0,0,0,0,0,,,,,,0,0,0,0,0,GEN-L18
32297316,"2026-02-18 05:37:10","2026-02-18 05:37:10",A9398B,"United States","United States",N69394,,,,,,Stinson,RELI,"Stinson Reliant V-77",77-453,,,,,,Private,,,1944,,,,0,,,,,,0,0,0,0,0,,,,,,0,0,0,0,0,GEN-RELI
32297314,"2026-02-18 05:37:04","2026-02-18 05:37:04",147986,Russia,Russia,RA-31110,,,,,,Kamov,KA27,"Kamov Ka-32 A11BC",523324299818,,,,,,"Avialift Vladivostok",,,,,,,0,,,"","","",0,0,0,0,0,,,,,,0,0,0,0,0,GEN-KA27
32297224,"2026-02-18 05:35:58","2026-02-18 05:35:58",381190,France,France,F-BEMQ,,,,,,Nord,N120,"Nord 1203 Norecrin",99,,,,,,Private,,,,,,,0,,,,,,0,0,0,0,0,,,,,,0,0,0,0,0,GEN-N120
32297115,"2026-02-18 05:34:41","2026-02-18 05:34:41",A95B5E,"United States","United States",N7015T,,,,,,Rutan,LGEZ,"Rutan Long-Ez",1426,,,,,,Private,,,1989,,,,0,,,,,,0,0,0,0,0,,,,,,0,0,0,0,0,GEN-LGEZ
32297108,"2026-02-18 05:34:30","2026-02-18 05:34:30",A7DD3E,"United States","United States",N60576,,,,,,"MD Helicopters",H500,"MD Helicopters 369 FF",0305FF,,,,,,"MD Helicopters",,,2018,,,,0,,,,,,0,0,0,0,0,,,,,,0,0,0,0,0,GEN-H500
32297034,"2026-02-18 05:33:34","2026-02-18 05:33:34",300312,Italy,Italy,I-SMEN,,,,,,"McDonnell Douglas",MD83,"McDonnell Douglas DC-9 83",53013,,,,,,Meridiana,,,1990,,,,0,,,,,,0,0,0,0,0,,,,,,0,0,0,0,0,GEN-MD83
32296367,"2026-02-18 05:24:19","2026-02-18 05:24:19",868E89,Japan,Japan,JA777P,,,,,,AgustaWestland,A109,"AgustaWestland AW.109 SP Grand New",22283,,,,,,Private,,,2012,,,,0,,,,,,0,0,0,0,0,,,,,,0,0,0,0,0,GEN-A109
32295762,"2026-02-18 05:15:31","2026-02-18 05:15:31",7609A4,Pakistan,Pakistan,AP-BMD,,,,,,Airbus,A320,"Airbus A320 232",2502,,,,,,"Shaheen Air International",,,2005,,,,0,,,,,,0,0,0,0,0,,,,,,0,0,0,0,0,SAI
32295692,"2026-02-18 05:14:30","2026-02-18 05:14:30",C0135D,Canada,Canada,C-FHIQ,,,,,,Embraer,E190,"Embraer EMB-190 AR",19000031,,,,,,"Air Canada",,,,,,,0,,,,,,0,0,0,0,0,,,,,,0,0,0,0,0,ACA
32295116,"2026-02-18 05:06:11","2026-02-18 05:06:11",A29C7E,"United States","United States",N2678R,,,,,,Pioneer,ULAC,"Pioneer Flightstar",FS251,,,,,,Private,,,,,,,0,,,,,,0,0,0,0,0,,,,,,0,0,0,0,0,GEN-ULAC
32294740,"2026-02-18 05:00:43","2026-02-18 05:00:43",A05E14,"United States","United States",N1224R,,,,,,Enstrom,EN28,"Enstrom F-28 A",228,,,,,,Private,,,,,,,0,,,,,,0,0,0,0,0,,,,,,0,0,0,0,0,GEN-EN28
32294536,"2026-02-18 04:58:09","2026-02-18 04:58:09",A0EBF3,"United States","United States",N159DK,,,,,,Cessna,C172,"Cessna 172G Skyhawk",17254166,,,,,,Private,,,1966,,,,0,,,,,,0,0,0,0,0,,,,,,0,0,0,0,0,GEN-C172
32293072,"2026-02-18 04:37:38","2026-02-18 04:37:38",A3E0A0,"United States","United States",N349VH,,,,,,Robinson,R22,"Robinson R22 Beta",2255,,,,,,"Volar Helicopters Inc",,,1992,,,,0,,,,,,0,0,0,0,0,,,,,,0,0,0,0,0,GEN-R22
32290186,"2026-02-18 03:58:00","2026-02-18 03:58:00",AE0C04,"United States","United States",89-26173,,,,,,Sikorsky,H60,"Sikorsky UH-60A Blackhawk",701428,,,,,,"United States Army",,,,,,,0,,,,,,1,0,0,0,0,,,,,,0,0,0,0,0,
32290094,"2026-02-18 03:56:34","2026-02-18 03:56:34",A4C1A8,"United States","United States",N40503,,,,,,"Balloon Works",BALL,"Balloon Works Firefly 7 Hot Air Balloon",7938,,,,,,Private,,,1979,,,,0,,,,,,0,0,0,0,0,,,,,,0,0,0,0,0,GEN-BALL
32290068,"2026-02-18 03:56:13","2026-02-18 03:56:13",A99C91,"United States","United States",N7183L,,,,,,"Grumman American",AA5,"Grumman American AA-5 Traveler",AA5-0483,,,,,,Private,,,,,,,0,,,,,,0,0,0,0,0,,,,,,0,0,0,0,0,GEN-AA5
32289263,"2026-02-18 03:44:10","2026-02-18 03:44:10",A47C9B,"United States","United States",N3889F,,,,,,Piper,P28A,"Piper PA-28 181 Archer II",28-7690455,,,,,,Private,,,1976,,,,0,,,,,,0,0,0,0,0,,,,,,0,0,0,0,0,GEN-P28A
32289069,"2026-02-18 03:41:22","2026-02-18 03:41:22",A9D2DE,"United States","United States",N732EA,,,,,,"Zénith",CH60,"Zénith Zenair Zodiac CH 601 XL",6-7433,,,,,,Private,,,,,,,0,,,,,,0,0,0,0,0,,,,,,0,0,0,0,0,GEN-CH60
32287592,"2026-02-18 03:20:30","2026-02-18 03:20:30",4794FD,Norway,Norway,LN-NIF,,,,,,Boeing,B738,"Boeing 737NG 8JP/W",39434,,,,,,Norwegian,,,2013,,,,0,,,,,,0,0,0,0,0,,,,,,0,0,0,0,0,NOZ
32285841,"2026-02-18 02:54:40","2026-02-18 02:54:40",A458C0,"United States","United States",N3798X,,,,,,"Aero Commander",VO10,"Aero Commander 100 Darter",296,,,,,,Private,,,,,,,0,,,,,,0,0,0,0,0,,,,,,0,0,0,0,0,GEN-VO10
32285353,"2026-02-18 02:47:19","2026-02-18 02:47:19",A4FF24,"United States","United States",N4208W,,,,,,Pioneer,ULAC,"Pioneer Flightstar",317,,,,,,Private,,,,,,,0,,,,,,0,0,0,0,0,,,,,,0,0,0,0,0,GEN-ULAC
32285194,"2026-02-18 02:44:51","2026-02-18 02:44:51",3B7793,France,France,R160,,,,,,VFW,C160,"VFW Transall C-160R",160,,,,,,"French Air Force",,,,,,,0,,,,,,1,0,0,0,0,,,,,,0,0,0,0,0,CTM
32284928,"2026-02-18 02:41:26","2026-02-18 02:41:26",146040,Russia,Russia,RA-24640,,,,,,Mil,MI8,"Mil Mi-8 PS",8635,,,,,,"Vostok Aviakompania",,,,,,,0,,,,,,0,0,0,0,0,,,,,,0,0,0,0,0,GEN-MI8
32284687,"2026-02-18 02:37:53","2026-02-18 02:37:53",AAA619,"United States","United States",N78543,,,,,,Piper,PA11,"Piper PA-11 Cub Special",11-1357,,,,,,Private,,,1947,,,,0,,,,,,0,0,0,0,0,,,,,,0,0,0,0,0,GEN-PA11
32284633,"2026-02-18 02:37:03","2026-02-18 02:37:03",C07985,Canada,Canada,C-GUAM,,,,,,QAC,QUIC,"QAC Quickie",10021,,,,,,Private,,,,,,,0,,,,,,0,0,0,0,0,,,,,,0,0,0,0,0,GEN-QUIC
32284168,"2026-02-18 02:30:38","2026-02-18 02:30:38",A747DE,"United States","United States",N5686T,,,,,,"Raven Aerostar",BALL,"Raven Aerostar S-55A Hot Air Balloon",S55A-546,,,,,,Private,,,,,,,0,,,,,,0,0,0,0,0,,,,,,0,0,0,0,0,GEN-BALL
32283917,"2026-02-18 02:27:12","2026-02-18 02:27:12",AC94D2,"United States","United States",N91FC,,,,,,Cessna,C320,"Cessna 320C Skyknight",320C0045,,,,,,Private,,,1965,,,,0,,,,,,0,0,0,0,0,,,,,,0,0,0,0,0,GEN-C320
32283119,"2026-02-18 02:16:06","2026-02-18 02:16:06",C0410F,Canada,Canada,C-FYQO,,,,,,Boeing,B738,"Boeing 737NG 8AS/W",29934,,,,,,"Air Transat",,,2002,,,,0,,,,,,0,0,0,0,0,,,,,,0,0,0,0,0,TSC
32282965,"2026-02-18 02:13:53","2026-02-18 02:13:53",A235AB,"United States","United States",N757SS,,,,,,Boeing,B752,"Boeing 757 236",22176,,,,,,"Paradigm Air Operators",,,1983,,,,0,,,,,,0,0,0,0,0,,,,,,0,0,0,0,0,PMM
32282474,"2026-02-18 02:06:49","2026-02-18 02:06:49",43C54A,"United Kingdom","United Kingdom",ZG920,,,,,,Westland,LYNX,"Westland Lynx AH.9A",359,,,,,,"Army Air Corps",,,1992,,,,0,,,,,,1,0,0,0,0,,,,,,0,0,0,0,0,
32281327,"2026-02-18 01:50:40","2026-02-18 01:50:40",A693CF,"United States","United States",N5228C,,,,,,Beech,BE35,"Beech Bonanza B35",D-2573,,,,,,Private,,,1950,,,,0,,,,,,0,0,0,0,0,,,,,,0,0,0,0,0,GEN-BE35
32281284,"2026-02-18 01:49:50","2026-02-18 01:49:50",A77601,"United States","United States",N580B,,,,,,Beech,BE35,"Beech Bonanza A35",D-1599,,,,,,Private,,,1948,,,,0,,,,,,0,0,0,0,0,,,,,,0,0,0,0,0,GEN-BE35
32280938,"2026-02-18 01:44:45","2026-02-18 01:44:45",440994,Austria,Austria,OE-FAC,,,,,,VulcanAir,P68,"VulcanAir P.68R Victor",497/R,,,,,,Private,,,,,,,0,,,,,,0,0,0,0,0,,,,,,0,0,0,0,0,GEN-P68
32280730,"2026-02-18 01:41:49","2026-02-18 01:41:49",47A46E,Norway,Norway,LN-NGU,,,,,,Boeing,B738,"Boeing 737NG 8JP/W",39030,,,,,,Norwegian,,,2014,,,,0,,,,,,0,0,0,0,0,,,,,,0,0,0,0,0,NOZ
32280042,"2026-02-18 01:31:59","2026-02-18 01:31:59",AB4DBE,"United States","United States",N82738,,,,,,Aeronca,CH7A,"Aeronca Champion 7AC",7AC-1385,,,,,,Private,,,1946,,,,0,,,,,,0,0,0,0,0,,,,,,0,0,0,0,0,GEN-CH7A
32279720,"2026-02-18 01:27:37","2026-02-18 01:27:37",143B11,Russia,Russia,RA-15121,,,,,,Myasishchev,M101,"Myasishchev M-101T",1501021,,,,,,"Myasishchev EMZ",,,,,,,0,,,,,,0,0,0,0,0,,,,,,0,0,0,0,0,GEN-M101
32279507,"2026-02-18 01:24:44","2026-02-18 01:24:44",A53AED,"United States","United States",N436RP,,,,,,"Cirrus Design",SR22,"Cirrus Design SR22",4436,,,,,,Private,,,2016,,,,0,,,,,,0,0,0,0,0,,,,,,0,0,0,0,0,GEN-SR22
32279362,"2026-02-18 01:22:42","2026-02-18 01:22:42",A789F5,"United States","United States",N585RC,,,,,,Robinson,R44,"Robinson R44 Raven II",12176,,,,,,"Elliottchopper LLC",,,2008,,,,0,,,,,,0,0,0,0,0,,,,,,0,0,0,0,0,GEN-R44
32276215,"2026-02-18 00:40:17","2026-02-18 00:40:17",A384F1,"United States","United States",N326DM,,,,,,Fouga,FOUG,"Fouga Magister CM.170",336,,,,,,Private,,,,,,,0,,,,,,0,0,0,0,0,,,,,,0,0,0,0,0,GEN-FOUG
32275439,"2026-02-18 00:28:55","2026-02-18 00:28:55",A4F0F0,"United States","United States",N4173P,,,,,,Piper,PA23,"Piper PA-23 Apache 160",23-1660,,,,,,Private,,,1959,,,,0,,,,,,0,0,0,0,0,,,,,,0,0,0,0,0,GEN-PA23
32274826,"2026-02-18 00:20:04","2026-02-18 00:20:04",A2A9FA,"United States","United States",N2708P,,,,,,Lake,LA4,"Lake Buccaneer LA-4-200",903,,,,,,Private,,,1978,,,,0,,,,,,0,0,0,0,0,,,,,,0,0,0,0,0,GEN-LA4
32274728,"2026-02-18 00:18:40","2026-02-18 00:18:40",ABD8DB,"United States","United States",N86212,,,,,,Enstrom,EN28,"Enstrom F-28 F",713,,,,,,Private,,,,,,,0,,,,,,0,0,0,0,0,,,,,,0,0,0,0,0,GEN-EN28
32274596,"2026-02-18 00:16:43","2026-02-18 00:16:43",3DF73B,Germany,Germany,D-HNWL,,,,,,MBB,BK17,"MBB BK.117 B-2",7212,,,,,,"German Police",,,,,,,0,,,,,,0,0,0,0,0,,,,,,0,0,0,0,0,GEN-BK17
32274155,"2026-02-18 00:10:37","2026-02-18 00:10:37",AD6376,"United States","United States",N9619F,,,,,,Hughes,H269,"Hughes 269 C",90-0039,,,,,,Private,,,1970,,,,0,,,,,,0,0,0,0,0,,,,,,0,0,0,0,0,GEN-H269
32273546,"2026-02-18 00:01:35","2026-02-18 00:01:35",43C505,"United Kingdom","United Kingdom",XZ605,,,,,,Westland,LYNX,"Westland Lynx AH.7",149,,,,,,"Army Air Corps",,,1979,,,,0,,,,,,1,0,0,0,0,,,,,,0,0,0,0,0,
