AircraftID,FirstCreated,LastModified,ModeS,ModeSCountry,Country,Registration,CurrentRegDate,PreviousID,FirstRegDate,Status,DeRegDate,Manufacturer,ICAOTypeCode,Type,SerialNo,PopularName,GenericName,AircraftClass,Engines,OwnershipStatus,RegisteredOwners,MTOW,TotalHours,YearBuilt,CofACategory,CofAExpiry,UserNotes,Interested,UserTag,InfoURL,PictureURL1,PictureURL2,PictureURL3,UserBool1,UserBool2,UserBool3,UserBool4,UserBool5,UserString1,UserString2,UserString3,UserString4,UserString5,UserInt1,UserInt2,UserInt3,UserInt4,UserInt5,OperatorFlagCode
30941021,"2026-02-06 23:56:09","2026-02-06 23:56:09",4B0313,Switzerland,Switzerland,HB-BEH,,,,,,"Raven Aerostar",BALL,"Raven Aerostar S-55A Hot Air Balloon",S55A-228,,,,,,Private,,,,,,,0,,,,,,0,0,0,0,0,,,,,,0,0,0,0,0,GEN-BALL
30939805,"2026-02-06 23:40:35","2026-02-06 23:40:35",4613DC,Finland,Finland,OH-HNO,,,,,,Hughes,H500,"Hughes 369 D",79-0543D,,,,,,Private,,,1979,,,,0,,,,,,0,0,0,0,0,,,,,,0,0,0,0,0,GEN-H500
30938467,"2026-02-06 23:22:43","2026-02-06 23:22:43",ADF10C,"United States","United States",N998HB,,,,,,"Zing Aerosports",BALL,"Zing Aerosports ZR-6A Hot Air Balloon",ZR6-001,,,,,,Private,,,2014,,,,0,,,,,,0,0,0,0,0,,,,,,0,0,0,0,0,GEN-BALL
30938111,"2026-02-06 23:18:23","2026-02-06 23:18:23",43C62C,"United Kingdom","United Kingdom",ZA105,,,,,,Westland,S61,"Westland Sea King HAR.3",WA886,,,,,,"Heli Operations",,,1980,,,,0,,,,,,1,0,0,0,0,,,,,,0,0,0,0,0,
30936876,"2026-02-06 23:02:43","2026-02-06 23:02:43",A31CF5,"United States","United States",N3ZX,,,,,,Swearingen,SX30,"Swearingen SX-300",025,,,,,,Private,,,1989,,,,0,,,,,,0,0,0,0,0,,,,,,0,0,0,0,0,GEN-SX30
30936733,"2026-02-06 23:01:09","2026-02-06 23:01:09",5152B3,Tajikistan,Tajikistan,EY-85691,,,,,,Tupolev,T154,"Tupolev Tu-154 M",90A864,,,,,,"Tajik Air",,,,,,,0,,,,,,0,0,0,0,0,,,,,,0,0,0,0,0,GEN-T154
30936386,"2026-02-06 22:56:43","2026-02-06 22:56:43",A1E898,"United States","United States",PP-BED,,,,,,Bombardier,LJ60,"Bombardier Learjet 60",60-310,,,,,,"Diamond Business Trading SA",,,,,,,0,,,,,,0,0,0,0,0,,,,,,0,0,0,0,0,GEN-LJ60
30936015,"2026-02-06 22:52:09","2026-02-06 22:52:09",44B32C,Belgium,Belgium,OO-LYL,,,,,,Westland-Bell,B47G,"Westland-Bell Sioux AH.1 G-3B-1",WA508,,,,,,Private,,,,,,,0,,,,,,0,0,0,0,0,,,,,,0,0,0,0,0,GEN-B47G
30935505,"2026-02-06 22:45:49","2026-02-06 22:45:49",14BBF0,Russia,Russia,48112,,,,,,Yakovlev,YK40,"Yakovlev Yak-40",9211520,,,,,,Private,,,,,,,0,,,,,,0,0,0,0,0,,,,,,0,0,0,0,0,GEN-YK40
30934470,"2026-02-06 22:33:09","2026-02-06 22:33:09",A03A3F,"United States","United States",N1134C,,,,,,Piper,PA22,"Piper PA-22 Tri-Pacer",22-970,,,,,,Private,,,1953,,,,0,,,,,,0,0,0,0,0,,,,,,0,0,0,0,0,GEN-PA22
30934393,"2026-02-06 22:32:24","2026-02-06 22:32:24",402BC7,"United Kingdom","United Kingdom",G-BOUV,,,,,,Montgomerie,GYRO,"Montgomerie Bensen Gyrocopter B.8MR","PFA G/01-1092",,,,,,Private,,,1988,,,,0,,,,,,0,0,0,0,0,,,,,,0,0,0,0,0,GEN-GYRO
30933901,"2026-02-06 22:26:38","2026-02-06 22:26:38",A9389D,"United States","United States",N6933A,,,,,,Cessna,C172,"Cessna 172",29033,,,,,,Private,,,1956,,,,0,,,,,,0,0,0,0,0,,,,,,0,0,0,0,0,GEN-C172
30933521,"2026-02-06 22:22:12","2026-02-06 22:22:12",C00FC1,Canada,Canada,CF-FZC,,,,,,Beech,BE35,"Beech Bonanza 35",D-754,,,,,,Private,,,1947,,,,0,,,,,,0,0,0,0,0,,,,,,0,0,0,0,0,GEN-BE35
30932953,"2026-02-06 22:15:30","2026-02-06 22:15:30",150017,Russia,Russia,RA-65559,,,,,,Tupolev,T134,"Tupolev Tu-134 A",49909,,,,,,"Centre-South Airlines",,,,,,,0,,,,,,0,0,0,0,0,,,,,,0,0,0,0,0,GEN-T134
30932603,"2026-02-06 22:11:23","2026-02-06 22:11:23",A1FE19,"United States","United States",N2275R,,,,,,Cessna,C210,"Cessna T210J Turbo-System Centurion",T210-0425,,,,,,Private,,,1969,,,,0,,,,,,0,0,0,0,0,,,,,,0,0,0,0,0,GEN-C210
30932360,"2026-02-06 22:08:24","2026-02-06 22:08:24",C03DD5,Canada,Canada,C-FXKU,,,,,,Piper,PA34,"Piper PA-34 200T Seneca II",34-7970499,,,,,,Private,,,1979,,,,0,,,,,,0,0,0,0,0,,,,,,0,0,0,0,0,GEN-PA34
30932321,"2026-02-06 22:07:56","2026-02-06 22:07:56",A4F61A,"United States","United States",N419FP,,,,,,"Diamond Aircraft",DA40,"Diamond Aircraft Diamond Star DA40F",40.FC019,,,,,,Private,,,2006,,,,0,,,,,,0,0,0,0,0,,,,,,0,0,0,0,0,GEN-DA40
30931921,"2026-02-06 22:03:13","2026-02-06 22:03:13",3FA40D,Germany,Germany,72+13,,,,,,Dornier,UH1,"Dornier UH-1D Iroquois",8333,,,,,,"German Army",,,,,,,0,,,,,,1,0,0,0,0,,,,,,0,0,0,0,0,
30931635,"2026-02-06 21:59:41","2026-02-06 21:59:41",AC2E47,"United States","United States",N884SF,,,,,,Rutan,LGEZ,"Rutan Long-Ez",884,,,,,,Private,,,,,,,0,,,,,,0,0,0,0,0,,,,,,0,0,0,0,0,GEN-LGEZ
30931520,"2026-02-06 21:58:34","2026-02-06 21:58:34",A599A7,"United States","United States",N460AM,,,,,,"Diamond Aircraft",DV20,"Diamond Aircraft Katana DA20-C1",C0460,,,,,,Private,,,2007,,,,0,,,,,,0,0,0,0,0,,,,,,0,0,0,0,0,GEN-DV20
30931371,"2026-02-06 21:56:55","2026-02-06 21:56:55",A4CCE3,"United States","United States",N4081Q,,,,,,Piper,P28A,"Piper PA-28 140 Cherokee F",28-7725234,,,,,,Private,,,1977,,,,0,,,,,,0,0,0,0,0,,,,,,0,0,0,0,0,GEN-P28A
30930746,"2026-02-06 21:49:34","2026-02-06 21:49:34",A52110,"United States","United States",N43D,,,,,,"Lancair International",LNC4,"Lancair International Lancair IV P",03D,,,,,,Private,,,1994,,,,0,,,,,,0,0,0,0,0,,,,,,0,0,0,0,0,GEN-LNC4
30930597,"2026-02-06 21:47:36","2026-02-06 21:47:36",A4BE33,"United States","United States",N4042Z,,,,,,Robinson,R22,"Robinson R22 Beta",1588,,,,,,Private,,,,,,,0,,,,,,0,0,0,0,0,,,,,,0,0,0,0,0,GEN-R22
30930407,"2026-02-06 21:45:34","2026-02-06 21:45:34",0C6013,"Trinidad and Tobago","Trinidad and Tobago",9Y-GEO,,,,,,Boeing,B738,"Boeing 737NG 8Q8/W",28225,,,,,,"Caribbean Airlines",,,1999,,,,0,,,,,,0,0,0,0,0,,,,,,0,0,0,0,0,BWA
30929727,"2026-02-06 21:37:33","2026-02-06 21:37:33",A723B0,"United States","United States",N5593W,,,,,,Piper,P28A,"Piper PA-28 160 Cherokee B",28-730,,,,,,Private,,,1962,,,,0,,,,,,0,0,0,0,0,,,,,,0,0,0,0,0,GEN-P28A
30929425,"2026-02-06 21:34:24","2026-02-06 21:34:24",A4A440,"United States","United States",N399AH,,,,,,"Airbus Helicopters",EC30,"Airbus Helicopters EC130 T2",8185,,,,,,"Guardian Flight Inc",,,2015,,,,0,,,,,,0,0,0,0,0,,,,,,0,0,0,0,0,GEN-EC30
30929214,"2026-02-06 21:31:59","2026-02-06 21:31:59",E49499,Brazil,Brazil,PR-XTI,,,,,,Airbus,A359,"Airbus A350 941",250,,,,,,"LATAM Brasil",,,2018,,,,0,,,,,,0,0,0,0,0,,,,,,0,0,0,0,0,TAM
30928531,"2026-02-06 21:24:26","2026-02-06 21:24:26",A056D5,"United States","United States",N12053,,,,,,Schleicher,GLID,"Schleicher K 7 Rhonadler",7205,,,,,,Private,,,,,,,0,,,,,,0,0,0,0,0,,,,,,0,0,0,0,0,GEN-GLID
30928471,"2026-02-06 21:23:39","2026-02-06 21:23:39",51139F,Estonia,Estonia,"",,,,,,"",-TWR,Tower,,,,,,,"Estonian Air Navigation Services",,,,,,,0,,,,,,0,0,0,0,0,,,,,,0,0,0,0,0,GEN--TWR
30927776,"2026-02-06 21:16:02","2026-02-06 21:16:02",40394C,"United Kingdom","United Kingdom",G-MYSC,,,,,,"Solar Wings",ULAC,"Solar Wings Pegasus Quantum 15",6811,,,,,,Private,,,1994,,,,0,,,,,,0,0,0,0,0,,,,,,0,0,0,0,0,GEN-ULAC
30927145,"2026-02-06 21:08:28","2026-02-06 21:08:28",A2EA09,"United States","United States",N287X,,,,,,Maule,M5,"Maule M-5 210C Rocket",6116C,,,,,,Private,,,1975,,,,0,,,,,,0,0,0,0,0,,,,,,0,0,0,0,0,GEN-M5
30927026,"2026-02-06 21:07:12","2026-02-06 21:07:12",484B7A,Netherlands,Netherlands,PH-PCI,,,,,,Cameron,BALL,"Cameron N-120 Hot Air Balloon",3506,,,,,,Private,,,,,,,0,,,,,,0,0,0,0,0,,,,,,0,0,0,0,0,GEN-BALL
30926580,"2026-02-06 21:02:27","2026-02-06 21:02:27",A7E591,"United States","United States",N608GD,,,,,,"Gulfstream Aerospace",GA6C,"Gulfstream Aerospace GVII-G600",73008,,,,,,"Gulfstream Aerospace Corp",,,2018,,,,0,,,,,,0,0,0,0,0,,,,,,0,0,0,0,0,GEN-GA6C
30926027,"2026-02-06 20:55:30","2026-02-06 20:55:30",A59851,"United States","United States",N46LW,,,,,,"Textron Aviation",C25B,"Textron Aviation Citation CJ3",525B0532,,,,,,"Textron Aviation Inc",,,2017,,,,0,,,,,,0,0,0,0,0,,,,,,0,0,0,0,0,GEN-C25B
30925838,"2026-02-06 20:53:18","2026-02-06 20:53:18",A2227E,"United States","United States",N23698,,,,,,Taylorcraft,TAYB,"Taylorcraft BC-65",1432,,,,,,Private,,,1939,,,,0,,,,,,0,0,0,0,0,,,,,,0,0,0,0,0,GEN-TAYB
30925616,"2026-02-06 20:50:32","2026-02-06 20:50:32",0AC1A5,Colombia,Colombia,HK-5037-X,,,,,,Harbin,Y12,"Harbin Y-12 E",018,,,,,,SATENA,,,,,,,0,,,,,,0,0,0,0,0,,,,,,0,0,0,0,0,NSE
30924860,"2026-02-06 20:42:09","2026-02-06 20:42:09",3F079E,Germany,Germany,D-9991,,,,,,Molino,PK20,"Molino PIK-20 B",20025,,,,,,Private,,,,,,,0,,,,,,0,0,0,0,0,,,,,,0,0,0,0,0,GEN-PK20
30924750,"2026-02-06 20:40:53","2026-02-06 20:40:53",A96220,"United States","United States",N7030W,,,,,,American,GLID,"American Spirit",B-1,,,,,,Private,,,,,,,0,,,,,,0,0,0,0,0,,,,,,0,0,0,0,0,GEN-GLID
30924316,"2026-02-06 20:36:10","2026-02-06 20:36:10",A7C89F,"United States","United States",N600QB,,,,,,Bell,B407,"Bell 407 GX",54652,,,,,,"Bell Helicopter Textron Inc",,,2015,,,,0,,,,,,0,0,0,0,0,,,,,,0,0,0,0,0,GEN-B407
30923897,"2026-02-06 20:31:41","2026-02-06 20:31:41",40287E,"United Kingdom","United Kingdom",G-MTDO,,,,,,Eipper,ULAC,"Eipper Quicksilver MX-II",1124,,,,,,Private,,,,,,,0,,,,,,0,0,0,0,0,,,,,,0,0,0,0,0,GEN-ULAC
30923795,"2026-02-06 20:30:41","2026-02-06 20:30:41",A016AB,"United States","United States",B-10KL,,,,,,"Textron Aviation",B350,"Textron Aviation King Air B350",FL-1045,,,,,,Corporate,,,2015,,,,0,,,,,,0,0,0,0,0,,,,,,0,0,0,0,0,GEN-B350
30923411,"2026-02-06 20:26:12","2026-02-06 20:26:12",3C0C9F,Germany,Germany,D-ATUG,,,,,,Boeing,B738,"Boeing 737NG 8K5/W",34688,,,,,,"Jet Time",,,2006,,,,0,,,,,,0,0,0,0,0,,,,,,0,0,0,0,0,JTG
30923318,"2026-02-06 20:25:11","2026-02-06 20:25:11",4602D8,Finland,Finland,OH-BCA,,,,,,Bellanca,CH7A,"Bellanca Citabria 7ECA",1196-77,,,,,,Private,,,1977,,,,0,,,,,,0,0,0,0,0,,,,,,0,0,0,0,0,GEN-CH7A
30923145,"2026-02-06 20:23:33","2026-02-06 20:23:33",C092BE,Canada,Canada,C-IDOV,,,,,,Sylvaire,ALBU,"Sylvaire Bushmaster",850607-200-015,,,,,,Private,,,,,,,0,,,,,,0,0,0,0,0,,,,,,0,0,0,0,0,GEN-ALBU
30923084,"2026-02-06 20:22:59","2026-02-06 20:22:59",ADB558,"United States","United States",N9823E,,,,,,Aeronca,AR11,"Aeronca Chief 11AC",11AC-1474,,,,,,Private,,,1946,,,,0,,,,,,0,0,0,0,0,,,,,,0,0,0,0,0,GEN-AR11
30922261,"2026-02-06 20:13:48","2026-02-06 20:13:48",A7A046,"United States","United States",N59035,,,,,,Boeing,B773,"Boeing 777 322ER",62646,,,,,,"United Airlines",,,2016,,,,0,,,,,,0,0,0,0,0,,,,,,0,0,0,0,0,UAL
30921277,"2026-02-06 20:02:55","2026-02-06 20:02:55",00A246,"South Africa","South Africa",ZS-MYV,,,,,,Cessna,C210,"Cessna T210M Turbo Centurion",21062277,,,,,,Private,,,1977,,,,0,,,,,,0,0,0,0,0,,,,,,0,0,0,0,0,GEN-C210
17912,"2022-02-16 07:49:47","2026-02-06 19:58:16",48421B,Netherlands,Netherlands,,,,,,,,-GND,,,,,,,,,,,,,,,0,,,,,,0,0,0,0,0,Missing,,,,,0,0,0,0,0,GEN--GND
30918973,"2026-02-06 19:37:31","2026-02-06 19:37:31",AC266B,"United States","United States",N882MW,,,,,,Monnett,SRAI,"Monnett Sonerai II L",01212,,,,,,Private,,,2006,,,,0,,,,,,0,0,0,0,0,,,,,,0,0,0,0,0,GEN-SRAI
30918817,"2026-02-06 19:35:41","2026-02-06 19:35:41",A37F93,"United States","United States",N3240Q,,,,,,Cessna,C402,"Cessna 401",401-0040,,,,,,Private,,,,,,,0,,,,,,0,0,0,0,0,,,,,,0,0,0,0,0,GEN-C402
30918439,"2026-02-06 19:31:21","2026-02-06 19:31:21",C08DDD,Canada,Canada,C-IBSU,,,,,,Micronautics,ZZZZ,"Micronautics C.G.S. Hawk B",830009,,,,,,Private,,,,,,,0,,,,,,0,0,0,0,0,,,,,,0,0,0,0,0,GEN-ZZZZ
30917802,"2026-02-06 19:24:08","2026-02-06 19:24:08",45E207,Denmark,Denmark,OY-XPG,,,,,,Helwan,RF5,"Helwan RF-5B Sperber",1005,,,,,,Private,,,,,,,0,,,,,,0,0,0,0,0,,,,,,0,0,0,0,0,GEN-RF5
30917347,"2026-02-06 19:18:54","2026-02-06 19:18:54",00B090,"South Africa","South Africa",ZS-SJN,,,,,,Boeing,B738,"Boeing 737NG 85F/W",30569,,,,,,Mango,,,2001,,,,0,,,,,,0,0,0,0,0,,,,,,0,0,0,0,0,MNO
30915738,"2026-02-06 19:01:33","2026-02-06 19:01:33",3E5BFF,Germany,Germany,D-KAAP,,,,,,Lange,GLID,"Lange E1 Antares",R91-E58,,,,,,Private,,,2019,,,,0,,,,,,0,0,0,0,0,,,,,,0,0,0,0,0,GEN-GLID
29219,"2022-08-30 09:24:20","2026-02-06 18:46:52",000005,"Not Allocated","Not Allocated","",,,,"",,"",UAV,"","",,,,,,"",,,,,,"",0,,,,,,0,0,0,0,0,Missing,,,"","",0,0,0,0,0,GEN-UAV
30913798,"2026-02-06 18:41:18","2026-02-06 18:41:18",A4367E,"United States","United States",N3702W,,,,,,Piper,PA32,"Piper PA-32 260 Cherokee Six",32-615,,,,,,Private,,,1966,,,,0,,,,,,0,0,0,0,0,,,,,,0,0,0,0,0,GEN-PA32
30912930,"2026-02-06 18:31:22","2026-02-06 18:31:22",A1F42A,"United States","United States",N225G,,,,,,Robinson,R22,"Robinson R22 Beta II",3563,,,,,,Private,,,,,,,0,,,,,,0,0,0,0,0,,,,,,0,0,0,0,0,GEN-R22
30912602,"2026-02-06 18:28:01","2026-02-06 18:28:01",43ECBD,Guernsey,Guernsey,2-TJTH,,,,,,Boeing,B738,"Boeing 737NG 8KN/W",40233,,,,,,"Jet Airways",,,2009,,,,0,,,,,,0,0,0,0,0,,,,,,0,0,0,0,0,JAI
30912182,"2026-02-06 18:23:29","2026-02-06 18:23:29",868032,Japan,Japan,JA737G,,,,,,Boeing,B734,"Boeing 737 43Q",28491,,,,,,"Solaseed Air",,,1996,,,,0,,,,,,0,0,0,0,0,,,,,,0,0,0,0,0,GEN-B734
30912014,"2026-02-06 18:21:50","2026-02-06 18:21:50",4488E3,Belgium,Belgium,OO-BGC,,,,,,Cameron,BALL,"Cameron N-90 Hot Air Balloon",2608,,,,,,Private,,,,,,,0,,,,,,0,0,0,0,0,,,,,,0,0,0,0,0,GEN-BALL
30911637,"2026-02-06 18:17:43","2026-02-06 18:17:43",0C201E,Panama,Panama,HP-1540CMP,,,,,,Embraer,E190,"Embraer EMB-190 AR",19000012,,,,,,"Copa Airlines",,,2005,,,,0,,,,,,0,0,0,0,0,,,,,,0,0,0,0,0,CMP
30911474,"2026-02-06 18:16:07","2026-02-06 18:16:07",AA32E6,"United States","United States",N7561Z,,,,,,Piper,PA25,"Piper PA-25 235 Pawnee B",25-3616,,,,,,Private,,,,,,,0,,,,,,0,0,0,0,0,,,,,,0,0,0,0,0,GEN-PA25
30911004,"2026-02-06 18:10:57","2026-02-06 18:10:57",A9AA8E,"United States","United States",N72168,,,,,,Cessna,C337,"Cessna 337G Super Skymaster",33701532,,,,,,Private,,,,,,,0,,,,,,0,0,0,0,0,,,,,,0,0,0,0,0,GEN-C337
30910535,"2026-02-06 18:05:53","2026-02-06 18:05:53",A1BDD1,"United States","United States",N211GB,,,,,,Douglas,DC3,"Douglas C-47 B",26133/14688,,,,,,"Dodson International Air",,,,,,,0,,,,,,0,0,0,0,0,,,,,,0,0,0,0,0,GEN-DC3
30910379,"2026-02-06 18:04:19","2026-02-06 18:04:19",A7B9D8,"United States","United States",N5970Z,,,,,,Piper,PA22,"Piper PA-22 108 Colt",22-9842,,,,,,Private,,,,,,,0,,,,,,0,0,0,0,0,,,,,,0,0,0,0,0,GEN-PA22
30910172,"2026-02-06 18:02:25","2026-02-06 18:02:25",0CA010,"Antigua and Barbuda","Antigua and Barbuda",V2-LIN,,,,,,"Avions de Transport Regional",AT76,"Avions de Transport Regional ATR 72 600",1366,,,,,,LIAT,,,2016,,,,0,,,,,,0,0,0,0,0,,,,,,0,0,0,0,0,LIA
30909078,"2026-02-06 17:50:11","2026-02-06 17:50:11",A8FDB5,"United States","United States",N679FS,,,,,,Beech,BE9L,"Beech King Air C90-1",LJ-996,,,,,,"N121JG LLC",,,,,,,0,,,,,,0,0,0,0,0,,,,,,0,0,0,0,0,GEN-BE9L
30908984,"2026-02-06 17:49:07","2026-02-06 17:49:07",846DE3,Japan,Japan,JA15KM,,,,,,Eurocopter,AS65,"Eurocopter Dauphin AS.365 N3",6585,,,,,,Private,,,,,,,0,,,,,,0,0,0,0,0,,,,,,0,0,0,0,0,GEN-AS65
30908105,"2026-02-06 17:40:29","2026-02-06 17:40:29",A84B8E,"United States","United States",N6332Q,,,,,,Mooney,M20P,"Mooney M.20C Mark 21",670131,,,,,,Private,,,1967,,,,0,,,,,,0,0,0,0,0,,,,,,0,0,0,0,0,GEN-M20P
30907719,"2026-02-06 17:36:13","2026-02-06 17:36:13",4B0D15,Switzerland,Switzerland,HB-EYV,,,,,,Maule,M5,"Maule M-5 235C Lunar Rocket",7300C,,,,,,Private,,,,,,,0,,,,,,0,0,0,0,0,,,,,,0,0,0,0,0,GEN-M5
30907122,"2026-02-06 17:30:20","2026-02-06 17:30:20",A6DAA1,"United States","United States",N5402Y,,,,,,Cessna,C210,"Cessna 210N Centurion",21064196,,,,,,Private,,,1980,,,,0,,,,,,0,0,0,0,0,,,,,,0,0,0,0,0,GEN-C210
30907012,"2026-02-06 17:29:18","2026-02-06 17:29:18",4B0FDC,Switzerland,Switzerland,HB-GAE,,,,,,Beech,BE50,"Beech Twin Bonanza B50",CH-50,,,,,,Private,,,1954,,,,0,,,,,,0,0,0,0,0,,,,,,0,0,0,0,0,GEN-BE50
30906266,"2026-02-06 17:21:26","2026-02-06 17:21:26",A5E5C5,"United States","United States",N4796T,,,,,,Cessna,C82R,"Cessna R182 Skylane RG",R18201767,,,,,,Private,,,1981,,,,0,,,,,,0,0,0,0,0,,,,,,0,0,0,0,0,GEN-C82R
30905541,"2026-02-06 17:13:31","2026-02-06 17:13:31",A33479,"United States","United States",N30510,,,,,,Cessna,C177,"Cessna 177A Cardinal",17701295,,,,,,Private,,,1968,,,,0,,,,,,0,0,0,0,0,,,,,,0,0,0,0,0,GEN-C177
30904670,"2026-02-06 17:04:02","2026-02-06 17:04:02",A75C20,"United States","United States",N5731Y,,,,,,Piper,PA27,"Piper PA-23 Aztec 250C",27-2855,,,,,,Private,,,,,,,0,,,,,,0,0,0,0,0,,,,,,0,0,0,0,0,GEN-PA27
30904195,"2026-02-06 16:59:18","2026-02-06 16:59:18",7C4F2C,Australia,Australia,VH-PXA,,,,,,"Diamond Aircraft",DA40,"Diamond Aircraft Diamond Star DA40D",D4.310,,,,,,Private,,,2007,,,,0,,,,,,0,0,0,0,0,,,,,,0,0,0,0,0,GEN-DA40
30903509,"2026-02-06 16:52:32","2026-02-06 16:52:32",38048C,France,France,F-BBEM,,,,,,Nord,N120,"Nord 1203 Norecrin",321,,,,,,Private,,,,,,,0,,,,,,0,0,0,0,0,,,,,,0,0,0,0,0,GEN-N120
30903443,"2026-02-06 16:52:03","2026-02-06 16:52:03",3EE10F,Germany,Germany,D-0120,,,,,,Schleicher,GLID,"Schleicher ASK 13",13681AB,,,,,,Private,,,,,,,0,,,,,,0,0,0,0,0,,,,,,0,0,0,0,0,GEN-GLID
30903239,"2026-02-06 16:49:56","2026-02-06 16:49:56",A26697,"United States","United States",N254CL,,,,,,Gates,LJ25,"Gates Learjet 25 D",25D-275,,,,,,"Lane Community College",,,,,,,0,,,,,,0,0,0,0,0,,,,,,0,0,0,0,0,GEN-LJ25
30903074,"2026-02-06 16:48:14","2026-02-06 16:48:14",A11687,"United States","United States",N16974,,,,,,Bell,B212,"Bell 212",30886,,,,,,"Bank of Utah Trustee",,,1978,,,,0,,,,,,0,0,0,0,0,,,,,,0,0,0,0,0,GEN-B212
30902616,"2026-02-06 16:43:23","2026-02-06 16:43:23",4BA474,Turkey,Turkey,TC-ICT,,,,,,Cessna,C680,"Cessna Citation Sovereign",680-0290,,,,,,"Emair Havacilik",,,2012,,,,0,,,,,,0,0,0,0,0,,,,,,0,0,0,0,0,GEN-C680
30902470,"2026-02-06 16:41:49","2026-02-06 16:41:49",A39D39,"United States","United States",N33197,,,,,,Piper,J4,"Piper J-4 A Cub Coupe",4-1352,,,,,,Private,,,1941,,,,0,,,,,,0,0,0,0,0,,,,,,0,0,0,0,0,GEN-J4
30902401,"2026-02-06 16:41:01","2026-02-06 16:41:01",3D2386,Germany,Germany,D-ELRY,,,,,,Gardan,GY80,"Gardan GY-80 160 Horizon",64,,,,,,Private,,,,,,,0,,,,,,0,0,0,0,0,,,,,,0,0,0,0,0,GEN-GY80
30901916,"2026-02-06 16:35:51","2026-02-06 16:35:51",3F014F,Germany,Germany,D-8376,,,,,,PZL-Bielsko,GLID,"PZL-Bielsko SZD-9bis Bocian 1E",P-566,,,,,,Private,,,1972,,,,0,,,,,,0,0,0,0,0,,,,,,0,0,0,0,0,GEN-GLID
30901836,"2026-02-06 16:35:11","2026-02-06 16:35:11",A92358,"United States","United States",N6880S,,,,,,"Aero Commander",AC68,"Aero Commander Twin Commander 680 Super",680-403-80,,,,,,Private,,,,,,,0,,,,,,0,0,0,0,0,,,,,,0,0,0,0,0,GEN-AC68
30901299,"2026-02-06 16:29:48","2026-02-06 16:29:48",A7287F,"United States","United States",N560SE,,,,,,"Air Tractor",AT5T,"Air Tractor AT-502 B",502B-2909,,,,,,Private,,,2013,,,,0,,,,,,0,0,0,0,0,,,,,,0,0,0,0,0,GEN-AT5T
30901019,"2026-02-06 16:26:59","2026-02-06 16:26:59",AC0CFD,"United States","United States",N876DT,,,,,,Cessna,C340,"Cessna 340A",340A1008,,,,,,Private,,,,,,,0,,,,,,0,0,0,0,0,,,,,,0,0,0,0,0,GEN-C340
30900582,"2026-02-06 16:21:49","2026-02-06 16:21:49",A26A6C,"United States","United States",N255DR,,,,,,Yakovlev,YK55,"Yakovlev Yak-55 M",930907,,,,,,Private,,,1993,,,,0,,,,,,0,0,0,0,0,,,,,,0,0,0,0,0,GEN-YK55
30900560,"2026-02-06 16:21:38","2026-02-06 16:21:38",A108F9,"United States","United States",N166LG,,,,,,Douglas,DC3,"Douglas DC-3 201G",4138,,,,,,"Bar One Helicopter Service",,,1941,,,,0,,,,,,0,0,0,0,0,,,,,,0,0,0,0,0,GEN-DC3
30900160,"2026-02-06 16:17:26","2026-02-06 16:17:26",ACA17A,"United States","United States",N9127V,,,,,,"Quad City",ULAC,"Quad City Challenger II",CH2-058700255,,,,,,Private,,,,,,,0,,,,,,0,0,0,0,0,,,,,,0,0,0,0,0,GEN-ULAC
30899989,"2026-02-06 16:15:33","2026-02-06 16:15:33",A56751,"United States","United States",N4472W,,,,,,Beech,BE58,"Beech Baron 58",TH-459,,,,,,Private,,,1974,,,,0,,,,,,0,0,0,0,0,,,,,,0,0,0,0,0,GEN-BE58
30899303,"2026-02-06 16:08:45","2026-02-06 16:08:45",A3D41E,"United States","United States",N346FJ,,,,,,Dassault,F2TH,"Dassault Falcon 2000LX S",346,,,,,,"Dassault Falcon Jet Corp",,,2017,,,,0,,,,,,0,0,0,0,0,,,,,,0,0,0,0,0,GEN-F2TH
30899298,"2026-02-06 16:08:33","2026-02-06 16:08:33",A9A88B,"United States","United States",N721PC,,,,,,Rutan,LGEZ,"Rutan Long-Ez",1243,,,,,,Private,,,,,,,0,,,,,,0,0,0,0,0,,,,,,0,0,0,0,0,GEN-LGEZ
30898841,"2026-02-06 16:03:34","2026-02-06 16:03:34",3FA489,Germany,Germany,73+37,,,,,,Dornier,UH1,"Dornier UH-1D Iroquois",8457,,,,,,"German Air Force",,,,,,,0,,,,,,1,0,0,0,0,,,,,,0,0,0,0,0,
30898779,"2026-02-06 16:02:42","2026-02-06 16:02:42",A68265,"United States","United States",N5186V,,,,,,"North American",T6,"North American T-6G Texan",168-272,,,,,,Private,,,,,,,0,,,,,,0,0,0,0,0,,,,,,0,0,0,0,0,GEN-T6
30898387,"2026-02-06 15:58:17","2026-02-06 15:58:17",A27F4C,"United States","United States",N260DD,,,,,,Extra,E300,"Extra EA.330 SC",SC011,,,,,,Private,,,,,,,0,,,,,,0,0,0,0,0,,,,,,0,0,0,0,0,GEN-E300
30897968,"2026-02-06 15:54:00","2026-02-06 15:54:00",A6F873,"United States","United States",N5483P,,,,,,Piper,PA24,"Piper PA-24 250 Comanche",24-543,,,,,,Private,,,1958,,,,0,,,,,,0,0,0,0,0,,,,,,0,0,0,0,0,GEN-PA24
30897201,"2026-02-06 15:45:48","2026-02-06 15:45:48",43C53B,"United Kingdom","United Kingdom",ZF538,,,,,,Westland,LYNX,"Westland Lynx AH.9A",330,,,,,,"Army Air Corps",,,,,,,0,,,,,,1,0,0,0,0,,,,,,0,0,0,0,0,
30897026,"2026-02-06 15:43:47","2026-02-06 15:43:47",3E4B79,Germany,Germany,D-ITTX,,,,,,"High Performance Aircraft",ZZZZ,"High Performance Aircraft TT62",0001,,,,,,Private,,,,,,,0,,,,,,0,0,0,0,0,,,,,,0,0,0,0,0,GEN-ZZZZ
30896915,"2026-02-06 15:42:35","2026-02-06 15:42:35",ACFBF8,"United States","United States",N936AE,,,,,,"Airbus Helicopters",AS50,"Airbus Helicopters Squirrel AS.350 B3",7856,,,,,,"City of Ontario Police Department",,,2014,,,,0,,,,,,0,0,0,0,0,,,,,,0,0,0,0,0,GEN-AS50
30896898,"2026-02-06 15:42:19","2026-02-06 15:42:19",AB6D52,"United States","United States",N8350N,,,,,,Robinson,R22,"Robinson R22 Beta II",2704,,,,,,Private,,,,,,,0,,,,,,0,0,0,0,0,,,,,,0,0,0,0,0,GEN-R22
30894348,"2026-02-06 15:15:11","2026-02-06 15:15:11",A1006B,"United States","United States",N1639E,,,,,,Aeronca,CH7A,"Aeronca Champion 7AC",7AC-5204,,,,,,Private,,,1946,,,,0,,,,,,0,0,0,0,0,,,,,,0,0,0,0,0,GEN-CH7A
30893326,"2026-02-06 15:03:58","2026-02-06 15:03:58",A40503,"United States","United States",N3581C,,,,,,Piper,PA31,"Piper PA-31 350 Navajo Chieftain",31-8052091,,,,,,Private,,,,,,,0,,,,,,0,0,0,0,0,,,,,,0,0,0,0,0,GEN-PA31
30893084,"2026-02-06 15:01:24","2026-02-06 15:01:24",A63D79,"United States","United States",N50080,,,,,,Schweizer-Grumman,G164,"Schweizer-Grumman G-164 Ag-Cat A",60,,,,,,Private,,,,,,,0,,,,,,0,0,0,0,0,,,,,,0,0,0,0,0,GEN-G164
30891732,"2026-02-06 14:46:44","2026-02-06 14:46:44",402A5C,"United Kingdom","United Kingdom",G-MTUN,,,,,,"Solar Wings",ULAC,"Solar Wings Pegasus XL-Q",SW-WQ-0016,,,,,,Private,,,1988,,,,0,,,,,,0,0,0,0,0,,,,,,0,0,0,0,0,GEN-ULAC
30891568,"2026-02-06 14:45:02","2026-02-06 14:45:02",3003DD,Italy,Italy,I-FXRJ,,,,,,Piaggio,P180,"Piaggio P-180 Avanti II",1178,,,,,,"K-Air SpA",,,,,,,0,,,,,,0,0,0,0,0,,,,,,0,0,0,0,0,FXR
30891451,"2026-02-06 14:43:46","2026-02-06 14:43:46",300296,Italy,Italy,I-TANK,,,,,,Robinson,R44,"Robinson R44 Clipper II",10887,,,,,,Private,,,,,,,0,,,,,,0,0,0,0,0,,,,,,0,0,0,0,0,GEN-R44
30890790,"2026-02-06 14:37:27","2026-02-06 14:37:27",4B8A4D,Turkey,Turkey,TC-BRM,,,,,,Lindstrand,BALL,"Lindstrand LBL.105A Hot Air Balloon",1112,,,,,,Private,,,,,,,0,,,,,,0,0,0,0,0,,,,,,0,0,0,0,0,GEN-BALL
30890545,"2026-02-06 14:35:01","2026-02-06 14:35:01",40691F,"United Kingdom","United Kingdom",G-GIFF,,,,,,"Balony Kubicek",BALL,"Balony Kubicek BB 26XR Hot Air Balloon",978,,,,,,Private,,,2013,,,,0,,,,,,0,0,0,0,0,,,,,,0,0,0,0,0,GEN-BALL
30889996,"2026-02-06 14:28:39","2026-02-06 14:28:39",A41CAB,"United States","United States",N364RM,,,,,,Beech,BE36,"Beech Bonanza A36",E-2957,,,,,,Private,,,,,,,0,,,,,,0,0,0,0,0,,,,,,0,0,0,0,0,GEN-BE36
30889840,"2026-02-06 14:27:02","2026-02-06 14:27:02",A2D69C,"United States","United States",N282NG,,,,,,Pilatus,PC12,"Pilatus PC-XII 47E",1844,,,,,,"Pilatus Business Aircraft Ltd",,,2018,,,,0,,,,,,0,0,0,0,0,,,,,,0,0,0,0,0,GEN-PC12
30889757,"2026-02-06 14:26:10","2026-02-06 14:26:10",0CA080,"Antigua and Barbuda","Antigua and Barbuda",V2-LDQ,,,,,,"De Havilland Canada",DH8A,"De Havilland Canada DHC-8 102",113,,,,,,LIAT,,,1988,,,,0,,,,,,0,0,0,0,0,,,,,,0,0,0,0,0,GEN-DH8A
30889504,"2026-02-06 14:23:32","2026-02-06 14:23:32",406490,"United Kingdom","United Kingdom",G-CHCU,,,,,,Eurocopter,AS3B,"Eurocopter Super Puma AS.332 L2",2617,,,,,,"Airbus Helicopters",,,,,,,0,,,,,,0,0,0,0,0,,,,,,0,0,0,0,0,GEN-AS3B
30889379,"2026-02-06 14:22:16","2026-02-06 14:22:16",AC6A55,"United States","United States",N89989,,,,,,Cessna,C172,"Cessna 172Q Cutlass",17276019,,,,,,Private,,,1983,,,,0,,,,,,0,0,0,0,0,,,,,,0,0,0,0,0,GEN-C172
30889313,"2026-02-06 14:21:37","2026-02-06 14:21:37",3F3493,Germany,Germany,D-OFUX,,,,,,"Thunder & Colt",BALL,"Thunder & Colt AX.8-105 SII Hot Air Balloon",4301,,,,,,Private,,,,,,,0,,,,,,0,0,0,0,0,,,,,,0,0,0,0,0,GEN-BALL
30888774,"2026-02-06 14:15:26","2026-02-06 14:15:26",4049E1,"United Kingdom","United Kingdom",G-DRIV,,,,,,Robinson,R44,"Robinson R44 Raven II",10126,,,,,,"Leamington Hobby Centre Ltd",,,2003,,,,0,,,,,,0,0,0,0,0,,,,,,0,0,0,0,0,GEN-R44
30888424,"2026-02-06 14:11:27","2026-02-06 14:11:27",E4911E,Brazil,Brazil,PP-OEG,,,,,,Cessna,C25M,"Cessna Citation M2",525-0849,,,,,,"ARG Ltda",,,2014,,,,0,,,,,,0,0,0,0,0,,,,,,0,0,0,0,0,GEN-C25M
30888237,"2026-02-06 14:09:24","2026-02-06 14:09:24",A24849,"United States","United States",N246WM,,,,,,Rutan,VEZE,"Rutan VariEze",1,,,,,,Private,,,,,,,0,,,,,,0,0,0,0,0,,,,,,0,0,0,0,0,GEN-VEZE
30887334,"2026-02-06 13:59:39","2026-02-06 13:59:39",A25A14,"United States","United States",N25012,,,,,,Semco,BALL,"Semco T Hot Air Balloon",SEM73,,,,,,Private,,,1972,,,,0,,,,,,0,0,0,0,0,,,,,,0,0,0,0,0,GEN-BALL
30886752,"2026-02-06 13:53:33","2026-02-06 13:53:33",A26CF2,"United States","United States",N25537,,,,,,"Balloon Works",BALL,"Balloon Works Firefly 7-15 Hot Air Balloon",F7-780,,,,,,Private,,,,,,,0,,,,,,0,0,0,0,0,,,,,,0,0,0,0,0,GEN-BALL
30886107,"2026-02-06 13:46:45","2026-02-06 13:46:45",A3B921,"United States","United States",N339VH,,,,,,Robinson,R22,"Robinson R22 Mariner",2305M,,,,,,Private,,,,,,,0,,,,,,0,0,0,0,0,,,,,,0,0,0,0,0,GEN-R22
30885333,"2026-02-06 13:38:20","2026-02-06 13:38:20",A64440,"United States","United States",N50238,,,,,,Stinson,RELI,"Stinson Reliant V-77",77-248,,,,,,Private,,,1943,,,,0,,,,,,0,0,0,0,0,,,,,,0,0,0,0,0,GEN-RELI
30884299,"2026-02-06 13:26:59","2026-02-06 13:26:59",ADB988,"United States","United States",N9836W,,,,,,Piper,P28A,"Piper PA-28 140 Cherokee",28-23342,,,,,,Private,,,1967,,,,0,,,,,,0,0,0,0,0,,,,,,0,0,0,0,0,GEN-P28A
30883551,"2026-02-06 13:19:13","2026-02-06 13:19:13",40286F,"United Kingdom","United Kingdom",G-BNKT,,,,,,Cameron,BALL,"Cameron O-77 Hot Air Balloon",1356,,,,,,Private,,,1986,,,,0,,,,,,0,0,0,0,0,,,,,,0,0,0,0,0,GEN-BALL
30882945,"2026-02-06 13:12:43","2026-02-06 13:12:43",0090FF,"South Africa","South Africa",ZS-GKS,,,,,,Schempp-Hirth,ARCP,"Schempp-Hirth Arcus M",153,,,,,,Private,,,2016,,,,0,,,,,,0,0,0,0,0,,,,,,0,0,0,0,0,GEN-ARCP
30882018,"2026-02-06 13:02:57","2026-02-06 13:02:57",A7ECCA,"United States","United States",N61EA,,,,,,Cessna,C150,"Cessna 150L",15074662,,,,,,Private,,,,,,,0,,,,,,0,0,0,0,0,,,,,,0,0,0,0,0,GEN-C150
30881012,"2026-02-06 12:52:58","2026-02-06 12:52:58",E0304D,Argentina,Argentina,LV-CAM,,,,,,Boeing,B737,"Boeing 737NG 73V/W",30243,,,,,,"Aerolíneas Argentinas",,,2001,,,,0,,,,,,0,0,0,0,0,,,,,,0,0,0,0,0,GEN-B737
30880613,"2026-02-06 12:48:41","2026-02-06 12:48:41",A3E83F,"United States","United States",N3508B,,,,,,Beech,BE35,"Beech Bonanza E35",D-3725,,,,,,Private,,,,,,,0,,,,,,0,0,0,0,0,,,,,,0,0,0,0,0,GEN-BE35
30880518,"2026-02-06 12:47:46","2026-02-06 12:47:46",3D2B4A,Germany,Germany,D-EOQK,,,,,,Reims/Cessna,C172,"Reims/Cessna F172M",1199,,,,,,Private,,,1974,,,,0,,,,,,0,0,0,0,0,,,,,,0,0,0,0,0,GEN-C172
30879703,"2026-02-06 12:38:47","2026-02-06 12:38:47",A81818,"United States","United States",N620V,,,,,,Dassault,F2TH,"Dassault Falcon 2000LX",249,,,,,,"JP Morgan Chase Bank",,,2012,,,,0,,,,,,0,0,0,0,0,,,,,,0,0,0,0,0,GEN-F2TH
30879293,"2026-02-06 12:34:32","2026-02-06 12:34:32",391DD8,France,France,F-GHOY,,,,,,Eurocopter,AS32,"Eurocopter Super Puma AS.332 L1",9005,,,,,,Private,,,,,,,0,,,,,,0,0,0,0,0,,,,,,0,0,0,0,0,GEN-AS32
30879273,"2026-02-06 12:34:21","2026-02-06 12:34:21",4C0DB1,Serbia,Serbia,YU-DNR,,,,,,Cessna,C172,"Cessna 172N Skyhawk",17268327,,,,,,Private,,,1976,,,,0,,,,,,0,0,0,0,0,,,,,,0,0,0,0,0,GEN-C172
30878506,"2026-02-06 12:26:01","2026-02-06 12:26:01",AB7094,"United States","United States",N836VW,,,,,,"North American",T28,"North American T-28C Trojan",226-111,,,,,,Private,,,,,,,0,,,,,,0,0,0,0,0,,,,,,0,0,0,0,0,GEN-T28
30878195,"2026-02-06 12:22:47","2026-02-06 12:22:47",A17767,"United States","United States",N194DW,,,,,,Bellanca,BL17,"Bellanca Super Viking 17-30A",94-301021,,,,,,Private,,,1994,,,,0,,,,,,0,0,0,0,0,,,,,,0,0,0,0,0,GEN-BL17
30877564,"2026-02-06 12:16:11","2026-02-06 12:16:11",4CA4B3,Ireland,Ireland,EI-DRA,,,,,,Boeing,B738,"Boeing 737NG 852/W",35114,,,,,,"Aeroméxico",,,2006,,,,0,,,,,,0,0,0,0,0,,,,,,0,0,0,0,0,AMX
30875780,"2026-02-06 11:57:38","2026-02-06 11:57:38",A6877E,"United States","United States",N52KH,,,,,,"Textron Aviation",C25M,"Textron Aviation Citation M2",525-0882,,,,,,Corporate,,,2015,,,,0,,,,,,0,0,0,0,0,,,,,,0,0,0,0,0,GEN-C25M
30874779,"2026-02-06 11:46:48","2026-02-06 11:46:48",704945,Myanmar,Myanmar,XY-AGO,,,,,,Airbus,A320,"Airbus A320 214",973,,,,,,"Lanmei Airlines",,,1999,,,,0,,,,,,0,0,0,0,0,,,,,,0,0,0,0,0,MKR
30874350,"2026-02-06 11:42:04","2026-02-06 11:42:04",4A3498,Romania,Romania,YR-MDX,,,,,,Robinson,R22,"Robinson R22 Beta II",4516,,,,,,"Scoala Superioara De Aviatie Civila",,,2011,,,,0,,,,,,0,0,0,0,0,,,,,,0,0,0,0,0,RFT
30873171,"2026-02-06 11:29:24","2026-02-06 11:29:24",009707,"South Africa","South Africa",ZS-ISC,,,,,,Piper,PA25,"Piper PA-25 235 Pawnee C",25-5430,,,,,,Private,,,1973,,,,0,,,,,,0,0,0,0,0,,,,,,0,0,0,0,0,GEN-PA25
30873128,"2026-02-06 11:29:02","2026-02-06 11:29:02",85C815,Japan,Japan,JA5205,,,,,,Beech,BE55,"Beech Baron B55",TC-1479,,,,,,Private,,,1972,,,,0,,,,,,0,0,0,0,0,,,,,,0,0,0,0,0,GEN-BE55
27212,"2022-05-18 03:27:49","2026-02-06 11:27:31",48425C,Netherlands,Netherlands,"",,,,"",,"",-GND,"","",,,,,,"",,,,,,"",0,,,,,,0,0,0,0,0,Missing,,,"","",0,0,0,0,0,GEN--GND
30871769,"2026-02-06 11:13:34","2026-02-06 11:13:34",A57611,"United States","United States",N451CM,,,,,,"Gulfstream Aerospace",GLF4,"Gulfstream Aerospace G450",4024,,,,,,"L & L Leasing IV LLC",,,2005,,,,0,,,,,,0,0,0,0,0,,,,,,0,0,0,0,0,GEN-GLF4
30871049,"2026-02-06 11:05:36","2026-02-06 11:05:36",A2F4B0,"United States","United States",N29RZ,,,,,,"Aero Vodochody",L29,"Aero Vodochody L-29 Delfin",792603,,,,,,Private,,,1967,,,,0,,,,,,0,0,0,0,0,,,,,,0,0,0,0,0,GEN-L29
30869737,"2026-02-06 10:51:09","2026-02-06 10:51:09",A28308,"United States","United States",N261DJ,,,,,,Bell,B407,"Bell 407 GX",54684,,,,,,"Bell Helicopter Textron Inc",,,,,,,0,,,,,,0,0,0,0,0,,,,,,0,0,0,0,0,GEN-B407
30868602,"2026-02-06 10:39:43","2026-02-06 10:39:43",A4824D,"United States","United States",N39VB,,,,,,Robinson,R44,"Robinson R44 Raven II",11943,,,,,,Private,,,2007,,,,0,,,,,,0,0,0,0,0,,,,,,0,0,0,0,0,GEN-R44
30868565,"2026-02-06 10:39:16","2026-02-06 10:39:16",AA6BD1,"United States","United States",N7703J,,,,,,Piper,PA32,"Piper PA-32 260 Cherokee Six",32-1070,,,,,,Private,,,1968,,,,0,,,,,,0,0,0,0,0,,,,,,0,0,0,0,0,GEN-PA32
30865732,"2026-02-06 10:08:48","2026-02-06 10:08:48",C81586,"New Zealand","New Zealand",ZK-IAB,,,,,,Aerospatiale,AS50,"Aerospatiale Squirrel AS.350 B",1785,,,,,,Private,,,1984,,,,0,,,,,,0,0,0,0,0,,,,,,0,0,0,0,0,GEN-AS50
30865302,"2026-02-06 10:03:44","2026-02-06 10:03:44",A71C41,"United States","United States",N5573V,,,,,,Briegleb,GLID,"Briegleb BG-12 A",34,,,,,,Private,,,1962,,,,0,,,,,,0,0,0,0,0,,,,,,0,0,0,0,0,GEN-GLID
30865125,"2026-02-06 10:01:58","2026-02-06 10:01:58",AAF3C6,"United States","United States",N8045F,,,,,,Hughes,H269,"Hughes TH-55A Osage",66-0587,,,,,,Private,,,,,,,0,,,,,,0,0,0,0,0,,,,,,0,0,0,0,0,GEN-H269
30864864,"2026-02-06 09:59:12","2026-02-06 09:59:12",A0510D,"United States","United States",N11975,,,,,,"Raven Industries",BALL,"Raven Industries S-40 Hot Air Balloon",S40-103,,,,,,Private,,,,,,,0,,,,,,0,0,0,0,0,,,,,,0,0,0,0,0,GEN-BALL
30864729,"2026-02-06 09:57:42","2026-02-06 09:57:42",516092,Montenegro,Montenegro,4O-AOK,,,,,,Fokker,F100,"Fokker F100",11272,,,,,,"Montenegro Airlines",,,1989,,,,0,,,,,,0,0,0,0,0,,,,,,0,0,0,0,0,GEN-F100
30863952,"2026-02-06 09:50:14","2026-02-06 09:50:14",A31414,"United States","United States",N298KA,,,,,,"Beechcraft Corp",BE9L,"Beechcraft Corp King Air C90GT",LJ-2098,,,,,,"Beechcraft Corp",,,2013,,,,0,,,,,,0,0,0,0,0,,,,,,0,0,0,0,0,GEN-BE9L
30863802,"2026-02-06 09:48:50","2026-02-06 09:48:50",A421E7,"United States","United States",N3655A,,,,,,Piper,PA22,"Piper PA-22 135 Tri-Pacer",22-1915,,,,,,Private,,,,,,,0,,,,,,0,0,0,0,0,,,,,,0,0,0,0,0,GEN-PA22
30863594,"2026-02-06 09:46:31","2026-02-06 09:46:31",AE1063,"United States","United States",87-00072,,,,,,Boeing-Vertol,H47,"Boeing-Vertol GCH-47D Chinook",M.3191,,,,,,"United States Army",,,,,,,0,,,,,,1,0,0,0,0,,,,,,0,0,0,0,0,
30863105,"2026-02-06 09:41:10","2026-02-06 09:41:10",A7CAAC,"United States","United States",N60077,,,,,,"De Havilland Canada",DHC2,"De Havilland Canada DHC-2 Beaver",1419,,,,,,"Alaska Seaplane Service",,,1960,,,,0,,,,,,0,0,0,0,0,,,,,,0,0,0,0,0,GEN-DHC2
30862640,"2026-02-06 09:36:00","2026-02-06 09:36:00",3FC5A6,Germany,Germany,D-OMHA,,,,,,"Balony Kubicek",BALL,"Balony Kubicek BB 70Z Hot Air Balloon",1128,,,,,,Private,,,2015,,,,0,,,,,,0,0,0,0,0,,,,,,0,0,0,0,0,GEN-BALL
30862331,"2026-02-06 09:32:32","2026-02-06 09:32:32",A3E062,"United States","United States",N349SW,,,,,,Boeing,B733,"Boeing 737 3H4",24408,,,,,,"Southwest Airlines",,,1989,,,,0,,,,,,0,0,0,0,0,,,,,,0,0,0,0,0,SWA
30861281,"2026-02-06 09:21:19","2026-02-06 09:21:19",A424FA,"United States","United States",N3660M,,,,,,Piper,P28A,"Piper PA-28 181 Archer II",28-7890321,,,,,,Private,,,1978,,,,0,,,,,,0,0,0,0,0,,,,,,0,0,0,0,0,GEN-P28A
30861271,"2026-02-06 09:21:14","2026-02-06 09:21:14",A08261,"United States","United States",N1318J,,,,,,Rockwell,AC11,"Rockwell Commander 112 A",318,,,,,,Private,,,1975,,,,0,,,,,,0,0,0,0,0,,,,,,0,0,0,0,0,GEN-AC11
30860947,"2026-02-06 09:17:42","2026-02-06 09:17:42",86346F,Japan,Japan,JA6759,,,,,,Sikorsky,S76,"Sikorsky S-76 B",760428,,,,,,"Government of Japan",,,,,,,0,,,https://cdn.jetphotos.com/full/6/74908_1497951882.jpg,https://cdn.jetphotos.com/full/6/66398_1449579663.jpg,"",0,0,0,0,0,,,,,,0,0,0,0,0,GEN-S76
30860840,"2026-02-06 09:16:26","2026-02-06 09:16:26",C09CC2,Canada,Canada,C-IHJL,,,,,,"Cyclone Airsports",ULAC,"Cyclone Airsports Pegasus Quantum 15-912",7598,,,,,,Private,,,1999,,,,0,,,,,,0,0,0,0,0,,,,,,0,0,0,0,0,GEN-ULAC
30860739,"2026-02-06 09:15:13","2026-02-06 09:15:13",A5DD7C,"United States","United States",N4770J,,,,,,Cessna,C172,"Cessna 172N Skyhawk",17273675,,,,,,Private,,,,,,,0,,,,,,0,0,0,0,0,,,,,,0,0,0,0,0,GEN-C172
30860344,"2026-02-06 09:11:04","2026-02-06 09:11:04",A83A13,"United States","United States",N6290Q,,,,,,Vans,RV6,"Vans RV-6",24623,,,,,,Private,,,,,,,0,,,,,,0,0,0,0,0,,,,,,0,0,0,0,0,GEN-RV6
30860100,"2026-02-06 09:08:18","2026-02-06 09:08:18",C82457,"New Zealand","New Zealand",ZK-HDA,,,,,,AgustaWestland,A139,"AgustaWestland AW.139",31458,,,,,,"HNZ New Zealand Ltd",,,2012,,,,0,,,,,,0,0,0,0,0,,,,,,0,0,0,0,0,GEN-A139
30859653,"2026-02-06 09:03:08","2026-02-06 09:03:08",ACCF45,"United States","United States",N924Z,,,,,,Maule,M7,"Maule MT-7 235 Super Rocket",18090C,,,,,,Private,,,,,,,0,,,,,,0,0,0,0,0,,,,,,0,0,0,0,0,GEN-M7
30858756,"2026-02-06 08:53:08","2026-02-06 08:53:08",A8CD58,"United States","United States",N6663V,,,,,,Bellanca,BL17,"Bellanca Viking 300 17-30",30040,,,,,,Private,,,1967,,,,0,,,,,,0,0,0,0,0,,,,,,0,0,0,0,0,GEN-BL17
30858680,"2026-02-06 08:52:17","2026-02-06 08:52:17",44F022,Belgium,Belgium,FB-12,,,,,,"General Dynamics",F16,"General Dynamics F-16BM Fighting Falcon",6J-12,,,,,,"Belgian Air Component",,,,,,,0,,,,,,1,0,0,0,0,,,,,,0,0,0,0,0,
30858007,"2026-02-06 08:45:04","2026-02-06 08:45:04",A121E3,"United States","United States",N172PC,,,,,,Cessna,C172,"Cessna 172M Skyhawk",17267111,,,,,,Private,,,1976,,,,0,,,,,,0,0,0,0,0,,,,,,0,0,0,0,0,GEN-C172
30857742,"2026-02-06 08:42:22","2026-02-06 08:42:22",A805E0,"United States","United States",N616JR,,,,,,Velox,ZZZZ,"Velox Revolution II",004,,,,,,Private,,,2002,,,,0,,,,,,0,0,0,0,0,,,,,,0,0,0,0,0,GEN-ZZZZ
30857447,"2026-02-06 08:38:58","2026-02-06 08:38:58",489ECA,Poland,Poland,SP-HXL,,,,,,Eurocopter,EC35,"Eurocopter EC135 P2+",0898,,,,,,"Polish Medical Air Service",,,2010,,,,0,,,https://cdn.jetphotos.com/full/6/48566_1597827874.jpg,https://cdn.jetphotos.com/full/5/73078_1588539655.jpg,https://cdn.jetphotos.com/full/6/44171_1578319612.jpg,0,0,0,0,0,,,,,,0,0,0,0,0,GEN-EC35
30856828,"2026-02-06 08:31:35","2026-02-06 08:31:35",401DE3,"United Kingdom","United Kingdom",G-BGSV,,,,,,Reims/Cessna,C172,"Reims/Cessna F172N",1830,,,,,,Private,,,1979,,,,0,,,,,,0,0,0,0,0,,,,,,0,0,0,0,0,GEN-C172
11102,"2021-11-08 16:26:52","2026-02-06 08:05:10",C87EE8,"New Zealand","New Zealand","",,,,"",,"",ZZZZ,"","",,,,,,"",,,,,,"",0,,,,,,0,0,0,0,0,Missing,,,"","",0,0,0,0,0,GEN-ZZZZ
766556,"2023-10-30 20:59:55","2026-02-06 08:05:10",43BF96,"United Kingdom","United Kingdom","",,,,"",,"",ZANT,"","",,,,,,"",,,,,,"",0,,,,,,0,0,0,0,0,Missing,,,"","",0,0,0,0,0,ZANT
30854054,"2026-02-06 07:59:45","2026-02-06 07:59:45",861B6C,Japan,Japan,JA605J,,,,,,Boeing,B763,"Boeing 767 346ER",33494,,,,,,"Japan Airlines",,,2003,,,,0,,,,,,0,0,0,0,0,,,,,,0,0,0,0,0,JAL
30853916,"2026-02-06 07:58:12","2026-02-06 07:58:12",A68FC8,"United States","United States",N52153,,,,,,Fairchild,FA62,"Fairchild PT-19A M-62A",T43-7060,,,,,,Private,,,,,,,0,,,,,,0,0,0,0,0,,,,,,0,0,0,0,0,GEN-FA62
30853893,"2026-02-06 07:57:56","2026-02-06 07:57:56",A097BC,"United States","United States",N1371Q,,,,,,Cessna,C150,"Cessna 150L",15072671,,,,,,Private,,,1971,,,,0,,,,,,0,0,0,0,0,,,,,,0,0,0,0,0,GEN-C150
30853420,"2026-02-06 07:52:30","2026-02-06 07:52:30",A700E3,"United States","United States",N550RA,,,,,,Cessna,C414,"Cessna 414",414-0828,,,,,,Private,,,1976,,,,0,,,,,,0,0,0,0,0,,,,,,0,0,0,0,0,GEN-C414
30852001,"2026-02-06 07:36:06","2026-02-06 07:36:06",0080AC,"South Africa","South Africa",ZS-AFJ,,,,,,"Avions de Transport Regional",AT75,"Avions de Transport Regional ATR 72 500",715,,,,,,"Afrijet Business Service",,,2004,,,,0,,,,,,0,0,0,0,0,,,,,,0,0,0,0,0,GEN-AT75
30851984,"2026-02-06 07:35:56","2026-02-06 07:35:56",424250,Bermuda,Bermuda,VP-BQD,,,,,,Boeing,B738,"Boeing 737NG 83N/W",28239,,,,,,"S7 Airlines",,,2001,,,,0,,,,,,0,0,0,0,0,,,,,,0,0,0,0,0,SBI
30851539,"2026-02-06 07:30:44","2026-02-06 07:30:44",34248B,Spain,Spain,EC-JVI,,,,,,Dassault,F2TH,"Dassault Falcon 2000",61,,,,,,"Gestair Executive Jet SA",,,1998,,,,0,,,,,,0,0,0,0,0,,,,,,0,0,0,0,0,GES
30850242,"2026-02-06 07:15:38","2026-02-06 07:15:38",A8D472,"United States","United States",N6681F,,,,,,Cessna,C150,"Cessna 150F",15063281,,,,,,Private,,,1966,,,,0,,,,,,0,0,0,0,0,,,,,,0,0,0,0,0,GEN-C150
30849949,"2026-02-06 07:12:13","2026-02-06 07:12:13",391013,France,France,F-GEAT,,,,,,Chaize,BALL,"Chaize CS.3000F16 Hot Air Balloon",050,,,,,,Private,,,1984,,,,0,,,,,,0,0,0,0,0,,,,,,0,0,0,0,0,GEN-BALL
30848079,"2026-02-06 06:50:45","2026-02-06 06:50:45",C03278,Canada,Canada,C-FTCX,,,,,,Boeing,B738,"Boeing 737NG 8AS/W",29921,,,,,,"Air Transat",,,2000,,,,0,,,,,,0,0,0,0,0,,,,,,0,0,0,0,0,TSC
509766,"2023-05-23 01:48:05","2026-02-06 06:48:36",344043,Spain,Spain,"",,,,"",,"",ZANT,"","",,,,,,"",,,,,,"",0,,,,,,0,0,0,0,0,Missing,,,"","",0,0,0,0,0,ZANT
30847681,"2026-02-06 06:46:15","2026-02-06 06:46:15",503C11,Lithuania,Lithuania,LY-BAL,,,,,,Aerostar,YK52,"Aerostar Yak-52",878207,,,,,,Private,,,1987,,,,0,,,,,,0,0,0,0,0,,,,,,0,0,0,0,0,GEN-YK52
30847434,"2026-02-06 06:43:30","2026-02-06 06:43:30",A7CE13,"United States","United States",N6015X,,,,,,Mooney,M20P,"Mooney M.20A Mark 20",1603,,,,,,Private,,,,,,,0,,,,,,0,0,0,0,0,,,,,,0,0,0,0,0,GEN-M20P
30847415,"2026-02-06 06:43:16","2026-02-06 06:43:16",AB7E54,"United States","United States",N84JM,,,,,,Cessna,C206,"Cessna U206G Stationair 6",U20604228,,,,,,Private,,,1978,,,,0,,,,,,0,0,0,0,0,,,,,,0,0,0,0,0,GEN-C206
30846659,"2026-02-06 06:34:32","2026-02-06 06:34:32",AD6E3D,"United States","United States",N9646S,,,,,,Champion,CH7A,"Champion Citabria 7ECA",393,,,,,,Private,,,1966,,,,0,,,,,,0,0,0,0,0,,,,,,0,0,0,0,0,GEN-CH7A
30845808,"2026-02-06 06:24:30","2026-02-06 06:24:30",AB3EA6,"United States","United States",N8232H,,,,,,"Head Balloons",BALL,"Head Balloons AX.8-88B Hot Air Balloon",212,,,,,,Private,,,,,,,0,,,,,,0,0,0,0,0,,,,,,0,0,0,0,0,GEN-BALL
30845699,"2026-02-06 06:23:09","2026-02-06 06:23:09",A697FC,"United States","United States",N524C,,,,,,Beech,BE18,"Beech Tradewind",AF-523,,,,,,Private,,,,,,,0,,,,,,0,0,0,0,0,,,,,,0,0,0,0,0,GEN-BE18
30845299,"2026-02-06 06:17:37","2026-02-06 06:17:37",780238,"China Hong Kong","China Hong Kong",B-HSO,,,,,,Airbus,A320,"Airbus A320 232",4023,,,,,,"Cathay Dragon",,,2009,,,,0,,,,,,0,0,0,0,0,,,,,,0,0,0,0,0,HDA
30844508,"2026-02-06 06:07:25","2026-02-06 06:07:25",44E757,Belgium,Belgium,OO-YZW,,,,,,Scheibe,GLID,"Scheibe SF-34 Delphin",5105,,,,,,Private,,,,,,,0,,,,,,0,0,0,0,0,,,,,,0,0,0,0,0,GEN-GLID
30844071,"2026-02-06 06:01:34","2026-02-06 06:01:34",ACD4AF,"United States","United States",N926CJ,,,,,,Dassault,F900,"Dassault Falcon 900",26,,,,,,"Club Jet",,,1987,,,,0,,,,,,0,0,0,0,0,,,,,,0,0,0,0,0,GEN-F900
30841929,"2026-02-06 05:34:15","2026-02-06 05:34:15",AC7D89,"United States","United States",N9036P,,,,,,Piper,PA24,"Piper PA-24 260 Comanche B",24-4499,,,,,,Private,,,,,,,0,,,,,,0,0,0,0,0,,,,,,0,0,0,0,0,GEN-PA24
30841646,"2026-02-06 05:30:52","2026-02-06 05:30:52",A4C9E4,"United States","United States",N4076Z,,,,,,"Textron Aviation",C25M,"Textron Aviation Citation M2",525-0925,,,,,,"Textron Aviation Inc",,,2016,,,,0,,,,,,0,0,0,0,0,,,,,,0,0,0,0,0,GEN-C25M
30840919,"2026-02-06 05:21:20","2026-02-06 05:21:20",A5798B,"United States","United States",N452AA,,,,,,"McDonnell Douglas",MD82,"McDonnell Douglas DC-9 82",49553,,,,,,"American Airlines",,,1988,,,,0,,,,,,0,0,0,0,0,,,,,,0,0,0,0,0,GEN-MD82
30839970,"2026-02-06 05:08:42","2026-02-06 05:08:42",85233B,Japan,Japan,JA3635,,,,,,Piper,P28A,"Piper PA-28 140 Cherokee D",28-7125290,,,,,,Private,,,1971,,,,0,,,,,,0,0,0,0,0,,,,,,0,0,0,0,0,GEN-P28A
30839904,"2026-02-06 05:07:57","2026-02-06 05:07:57",A02AF8,"United States","United States",N11ML,,,,,,Piper,P28R,"Piper PA-28R 180 Cherokee Arrow",28R-30503,,,,,,Private,,,1968,,,,0,,,,,,0,0,0,0,0,,,,,,0,0,0,0,0,GEN-P28R
30839373,"2026-02-06 05:00:15","2026-02-06 05:00:15",A7114E,"United States","United States",N5545,,,,,,Corben,JACE,"Corben Junior Ace",7792,,,,,,Private,,,2015,,,,0,,,,,,0,0,0,0,0,,,,,,0,0,0,0,0,GEN-JACE
30838591,"2026-02-06 04:49:50","2026-02-06 04:49:50",3414D6,Spain,Spain,EC-GRU,,,,,,"Avions de Transport Regional",AT72,"Avions de Transport Regional ATR 72 202",493,,,,,,CanaryFly,,,1996,,,,0,,,,,,0,0,0,0,0,,,,,,0,0,0,0,0,CNF
30836227,"2026-02-06 04:16:54","2026-02-06 04:16:54",A96EF3,"United States","United States",N707E,,,,,,Beech,BE65,"Beech Queen Air 65",LC-101,,,,,,Private,,,1961,,,,0,,,,,,0,0,0,0,0,,,,,,0,0,0,0,0,GEN-BE65
30835715,"2026-02-06 04:09:50","2026-02-06 04:09:50",86344C,Japan,Japan,JA6748,,,,,,Sikorsky,S76,"Sikorsky S-76 B",760429,,,,,,"Government of Japan",,,,,,,0,,,,,,0,0,0,0,0,,,,,,0,0,0,0,0,GEN-S76
30835166,"2026-02-06 04:02:17","2026-02-06 04:02:17",154F12,Russia,Russia,RA-85778,,,,,,Tupolev,T154,"Tupolev Tu-154 M",93A962,,,,,,Gazpromavia,,,,,,,0,,,,,,0,0,0,0,0,,,,,,0,0,0,0,0,GZP
30834984,"2026-02-06 03:59:53","2026-02-06 03:59:53",71D198,"South Korea","South Korea",HL9198,,,,,,Eurocopter,AS50,"Eurocopter Squirrel AS.350 B",2987,,,,,,Private,,,,,,,0,,,,,,0,0,0,0,0,,,,,,0,0,0,0,0,GEN-AS50
30833942,"2026-02-06 03:45:43","2026-02-06 03:45:43",480873,Netherlands,Netherlands,A-301,,,,,,"Sud Aviation",ALO3,"Sud Aviation Alouette III SA.316",1301,,,,,,"Royal Netherlands Air Force",,,,,,,0,,,,,,1,0,0,0,0,,,,,,0,0,0,0,0,
30831301,"2026-02-06 03:08:37","2026-02-06 03:08:37",C0355A,Canada,Canada,CF-UFH,,,,,,Stinson,S108,"Stinson Voyager 108",108-241,,,,,,Private,,,1946,,,,0,,,,,,0,0,0,0,0,,,,,,0,0,0,0,0,GEN-S108
30830475,"2026-02-06 02:57:05","2026-02-06 02:57:05",A5D6C0,"United States","United States",N4755M,,,,,,Beech,BE35,"Beech Bonanza V35B",D-10129,,,,,,Private,,,,,,,0,,,,,,0,0,0,0,0,,,,,,0,0,0,0,0,GEN-BE35
30830200,"2026-02-06 02:53:29","2026-02-06 02:53:29",AC8528,"United States","United States",N90573,,,,,,"Textron Aviation",C172,"Textron Aviation 172S Skyhawk SP",172S12079,,,,,,Private,,,2017,,,,0,,,,,,0,0,0,0,0,,,,,,0,0,0,0,0,GEN-C172
30830139,"2026-02-06 02:52:43","2026-02-06 02:52:43",478354,Norway,Norway,LN-RCN,,,,,,Boeing,B738,"Boeing 737NG 883",28318,,,,,,"Scandinavian Airlines System",,,2000,,,,0,,,,,,0,0,0,0,0,,,,,,0,0,0,0,0,SAS
30829392,"2026-02-06 02:42:57","2026-02-06 02:42:57",C0334C,Canada,Canada,C-FTLB,,,,,,Piper,M600,"Piper PA-46-600TP M600",4698062,,,,,,"2293959 Alberta Ltd",,,2017,,,,0,,,,,,0,0,0,0,0,,,,,,0,0,0,0,0,GEN-M600
30828315,"2026-02-06 02:28:28","2026-02-06 02:28:28",A3004F,"United States","United States",N29271,,,,,,Culver,CUCA,"Culver Cadet LCA",140,,,,,,Private,,,1940,,,,0,,,,,,0,0,0,0,0,,,,,,0,0,0,0,0,GEN-CUCA
30827865,"2026-02-06 02:22:08","2026-02-06 02:22:08",A2B13C,"United States","United States",N2727E,,,,,,Cessna,C337,"Cessna O-2A",337M0197,,,,,,"United States Air Force",,,,,,,0,,,,,,1,0,0,0,0,,,,,,0,0,0,0,0,
30827740,"2026-02-06 02:20:12","2026-02-06 02:20:12",AB0996,"United States","United States",N810CH,,,,,,Aerospatiale,AS50,"Aerospatiale Squirrel AS.350 B",1749,,,,,,Private,,,1984,,,,0,,,,,,0,0,0,0,0,,,,,,0,0,0,0,0,GEN-AS50
30827050,"2026-02-06 02:10:53","2026-02-06 02:10:53",A621CC,"United States","United States",N4943Y,,,,,,Grob,GLID,"Grob G 103 Twin Astir II Acro",3855-K-101,,,,,,Private,,,1984,,,,0,,,,,,0,0,0,0,0,,,,,,0,0,0,0,0,GEN-GLID
30826905,"2026-02-06 02:09:07","2026-02-06 02:09:07",A32A7F,"United States","United States",N303AH,,,,,,"Airbus Helicopters",EC45,"Airbus Helicopters UH-72A Lakota",9753,,,,,,"Airbus Helicopters Inc",,,2016,,,,0,,,,,,0,0,0,0,0,,,,,,0,0,0,0,0,GEN-EC45
30826864,"2026-02-06 02:08:30","2026-02-06 02:08:30",43E9AA,"Isle of Man","Isle of Man",M-ARRH,,,,,,Bombardier,CL30,"Bombardier Challenger 300",20400,,,,,,"Avcon Jet Ltd",,,2013,,,,0,,,,,,0,0,0,0,0,,,,,,0,0,0,0,0,GEN-CL30
30826748,"2026-02-06 02:06:58","2026-02-06 02:06:58",AA7430,"United States","United States",N773AD,,,,,,Bell,B407,"Bell 407",53160,,,,,,"Air Methods Corp",,,,,,,0,,,,,,0,0,0,0,0,,,,,,0,0,0,0,0,GEN-B407
30826098,"2026-02-06 01:58:13","2026-02-06 01:58:13",C818DE,"New Zealand","New Zealand",ZK-HBK,,,,,,Robinson,R22,"Robinson R22 Beta II",2915,,,,,,"Pine Works Ltd",,,,,,,0,,,,,,0,0,0,0,0,,,,,,0,0,0,0,0,GEN-R22
30825959,"2026-02-06 01:56:17","2026-02-06 01:56:17",A4C1CA,"United States","United States",N40512,,,,,,"Textron Aviation",C25M,"Textron Aviation Citation M2",525-0985,,,,,,"Textron Aviation Inc",,,,,,,0,,,,,,0,0,0,0,0,,,,,,0,0,0,0,0,GEN-C25M
30825443,"2026-02-06 01:49:24","2026-02-06 01:49:24",AB22C7,"United States","United States",N81651,,,,,,Aeronca,CH7A,"Aeronca Champion 7AC",7AC-272,,,,,,Private,,,1945,,,,0,,,,,,0,0,0,0,0,,,,,,0,0,0,0,0,GEN-CH7A
30825091,"2026-02-06 01:45:05","2026-02-06 01:45:05",48A532,Poland,Poland,SP-KKT,,,,,,Cessna,C303,"Cessna T303 Crusader",T303-00024,,,,,,Private,,,,,,,0,,,,,,0,0,0,0,0,,,,,,0,0,0,0,0,GEN-C303
30824531,"2026-02-06 01:37:04","2026-02-06 01:37:04",A41ECD,"United States","United States",N3649T,,,,,,"Raven Aerostar",BALL,"Raven Aerostar RX.8 Hot Air Balloon",RX8-3067,,,,,,Private,,,1990,,,,0,,,,,,0,0,0,0,0,,,,,,0,0,0,0,0,GEN-BALL
30823410,"2026-02-06 01:22:13","2026-02-06 01:22:13",152A73,Russia,Russia,RA-76403,,,,,,Ilyushin,IL76,"Ilyushin IL-76 TD",1023412414,,,,,,"Aero Rent",,,,,,,0,,,,,,0,0,0,0,0,,,,,,0,0,0,0,0,NRO
30822694,"2026-02-06 01:12:30","2026-02-06 01:12:30",A642F4,"United States","United States",N502SF,,,,,,"Aero Electric Aircraft",ALIG,"Aero Electric Aircraft Bye Sun Flyer SF100P",0001,,,,,,Private,,,,,,,0,,,,,,0,0,0,0,0,,,,,,0,0,0,0,0,GEN-ALIG
30822109,"2026-02-06 01:04:54","2026-02-06 01:04:54",A75D1F,"United States","United States",N57388,,,,,,Bellanca,CH7A,"Bellanca Citabria 7ECA",937-73,,,,,,Private,,,1973,,,,0,,,,,,0,0,0,0,0,,,,,,0,0,0,0,0,GEN-CH7A
30821957,"2026-02-06 01:02:42","2026-02-06 01:02:42",A650DC,"United States","United States",N506GM,,,,,,Swearingen,SW3,"Swearingen Merlin IIIB",T-294,,,,,,"Rangefire Productions",,,1978,,,,0,,,,,,0,0,0,0,0,,,,,,0,0,0,0,0,GEN-SW3
30821808,"2026-02-06 01:00:53","2026-02-06 01:00:53",3F0167,Germany,Germany,D-8400,,,,,,Schleicher,GLID,"Schleicher Ka 6 CR Rhonsegler",1116,,,,,,Private,,,1961,,,,0,,,,,,0,0,0,0,0,,,,,,0,0,0,0,0,GEN-GLID
30176,"2026-02-06 00:50:46","2026-02-06 00:50:46",3FA16A,Germany,Germany,60+0?,,,,,,,P3,"",,,,,,,"German Navy",,,,,,"JT: 2026-02-06 00:50:46",0,,,,,,1,0,0,0,0,,,,,,0,0,0,0,0,GNY-P3
953623,"2026-02-06 00:50:46","2026-02-06 00:50:46",3F7450,Germany,Germany,8?+??,,,,,,Panavia,H53,"Sikorsky CH-53GA Stallion",,,,,,,"German Air Force",,,,,,"JT: 2026-02-06 00:50:46",0,,,,,,1,0,0,0,0,,,,,,0,0,0,0,0,GAF-H53
1077144,"2026-02-06 00:50:46","2026-02-06 00:50:46",3F98F5,Germany,Germany,3?+??,,,,,,Panavia,EUFI,"Eurofighter Typhoon EF2000",,,,,,,"German Air Force",,,,,,"JT: 2026-02-06 00:50:46",0,,,,,,1,0,0,0,0,,,,,,0,0,0,0,0,GAF-EUFI
2849179,"2026-02-06 00:50:46","2026-02-06 00:50:46",3FB42E,Germany,Germany,79+23,,,,,,EUROFIGHTER,NH90,"NHIndustries NH90-TTH",,,,,,,"German Army",,,,,,"JT: 2026-02-06 00:50:46",0,,,,,,1,0,0,0,0,,,,,,0,0,0,0,0,GAM-NH90
28242170,"2026-02-06 00:50:46","2026-02-06 00:50:46",3FA9FA,Germany,Germany,77+??,,,,,,,EC45,"Airbus Helicopters H-145M",,,,,,,"German Army",,,,,,"JT: 2026-02-06 00:50:46",0,,,,,,1,0,0,0,0,,,,,,0,0,0,0,0,GAM-EC45
28242276,"2026-02-06 00:50:46","2026-02-06 00:50:46",3EAFDF,Germany,Germany,77+??,,,,,,,EC45,"Airbus Helicopters H-145M",,,,,,,"German Army",,,,,,"JT: 2026-02-06 00:50:46",0,,,,,,1,0,0,0,0,,,,,,0,0,0,0,0,GAM-EC45
28247476,"2026-02-06 00:50:46","2026-02-06 00:50:46",3FB683,Germany,Germany,3?+??,,,,,,,EUFI,"Eurofighter Typhoon EF2000",,,,,,,"German Air Force",,,,,,"JT: 2026-02-06 00:50:46",0,,,,,,1,0,0,0,0,,,,,,0,0,0,0,0,GAF-EUFI
28248939,"2026-02-06 00:50:46","2026-02-06 00:50:46",3F4915,Germany,Germany,30+75,,,,,,,EUFI,"Eurofighter Typhoon EF2000",,,,,,,"German Air Force",,,,,,"JT: 2026-02-06 00:50:46",0,,,,,,1,0,0,0,0,,,,,,0,0,0,0,0,GAF-EUFI
28271351,"2026-02-06 00:50:46","2026-02-06 00:50:46",3FAAB9,Germany,Germany,31+16,,,,,,,EUFI,"Eurofighter Typhoon EF2000",,,,,,,"German Air Force",,,,,,"JT: 2026-02-06 00:50:46",0,,,,,,1,0,0,0,0,,,,,,0,0,0,0,0,GAF-EUFI
28272223,"2026-02-06 00:50:46","2026-02-06 00:50:46",3E8560,Germany,Germany,3?+??,,,,,,,EUFI,"Eurofighter Typhoon EF2000",,,,,,,"German Air Force",,,,,,"JT: 2026-02-06 00:50:46",0,,,,,,1,0,0,0,0,,,,,,0,0,0,0,0,GAF-EUFI
28283218,"2026-02-06 00:50:46","2026-02-06 00:50:46",3E999B,Germany,Germany,77+03,,,,,,,EC45,"Airbus Helicopters H-145M",,,,,,,"German Army",,,,,,"JT: 2026-02-06 00:50:46",0,,,,,,1,0,0,0,0,,,,,,0,0,0,0,0,GAM-EC45
28366274,"2026-02-06 00:50:46","2026-02-06 00:50:46",3F5C9F,Germany,Germany,79+63,,,,,,,NH90,"NHIndustries NH90-TTH",,,,,,,"German Army",,,,,,"JT: 2026-02-06 00:50:46",0,,,,,,1,0,0,0,0,,,,,,0,0,0,0,0,GAM-NH90
28368138,"2026-02-06 00:50:46","2026-02-06 00:50:46",3F62CF,Germany,Germany,43+38,,,,,,,TOR,"Panavia Tornado",,,,,,,"German Air Force",,,,,,"JT: 2026-02-06 00:50:46",0,,,,,,1,0,0,0,0,,,,,,0,0,0,0,0,GAF-TOR
28369176,"2026-02-06 00:50:46","2026-02-06 00:50:46",3F73CB,Germany,Germany,46+32,,,,,,,TOR,"Panavia Tornado",,,,,,,"German Air Force",,,,,,"JT: 2026-02-06 00:50:46",0,,,,,,1,0,0,0,0,,,,,,0,0,0,0,0,GAF-TOR
28371746,"2026-02-06 00:50:46","2026-02-06 00:50:46",3EB2B0,Germany,Germany,3?+??,,,,,,,EUFI,"Eurofighter Typhoon EF2000",,,,,,,"German Air Force",,,,,,"JT: 2026-02-06 00:50:46",0,,,,,,1,0,0,0,0,,,,,,0,0,0,0,0,GAF-EUFI
28372008,"2026-02-06 00:50:46","2026-02-06 00:50:46",3F9110,Germany,Germany,3?+??,,,,,,,EUFI,"Eurofighter Typhoon EF2000",,,,,,,"German Air Force",,,,,,"JT: 2026-02-06 00:50:46",0,,,,,,1,0,0,0,0,,,,,,0,0,0,0,0,GAF-EUFI
28393228,"2026-02-06 00:50:46","2026-02-06 00:50:46",3F552C,Germany,Germany,83+??,,,,,,,LYNX,"Westland Lynx Mk.88A",,,,,,,"German Navy",,,,,,"JT: 2026-02-06 00:50:46",0,,,,,,1,0,0,0,0,,,,,,0,0,0,0,0,GNY-LYNX
28726255,"2026-02-06 00:50:46","2026-02-06 00:50:46",3FAE8E,Germany,Germany,76+??,,,,,,,EC45,"Airbus Helicopters H-145M",,,,,,,"German Army",,,,,,"JT: 2026-02-06 00:50:46",0,,,,,,1,0,0,0,0,,,,,,0,0,0,0,0,GAM-EC45
28752004,"2026-02-06 00:50:46","2026-02-06 00:50:46",3E9A3E,Germany,Germany,30+62,,,,,,,EUFI,"Eurofighter Typhoon EF2000",,,,,,,"German Air Force",,,,,,"JT: 2026-02-06 00:50:46",0,,,,,,1,0,0,0,0,,,,,,0,0,0,0,0,GAF-EUFI
28757057,"2026-02-06 00:50:46","2026-02-06 00:50:46",3F7FE8,Germany,Germany,44+73,,,,,,,TOR,"Panavia Tornado",,,,,,,"German Air Force",,,,,,"JT: 2026-02-06 00:50:46",0,,,,,,1,0,0,0,0,,,,,,0,0,0,0,0,GAF-TOR
28853831,"2026-02-06 00:50:46","2026-02-06 00:50:46",3EBB2E,Germany,Germany,76+16,,,,,,,EC45,"Airbus Helicopters H-145M",,,,,,,"German Army",,,,,,"JT: 2026-02-06 00:50:46",0,,,,,,1,0,0,0,0,,,,,,0,0,0,0,0,GAM-EC45
28862014,"2026-02-06 00:50:46","2026-02-06 00:50:46",3EA0D3,Germany,Germany,7?+??,,,,,,,NH90,"NHIndustries NH90-NTH",,,,,,,"German Navy",,,,,,"JT: 2026-02-06 00:50:46",0,,,,,,1,0,0,0,0,,,,,,0,0,0,0,0,GNY-NH90
28867904,"2026-02-06 00:50:46","2026-02-06 00:50:46",3F9231,Germany,Germany,76+??,,,,,,,EC45,"Airbus Helicopters H-145M",,,,,,,"German Army",,,,,,"JT: 2026-02-06 00:50:46",0,,,,,,1,0,0,0,0,,,,,,0,0,0,0,0,GAM-EC45
28872218,"2026-02-06 00:50:46","2026-02-06 00:50:46",3EB530,Germany,Germany,30+05,,,,,,,EUFI,"Eurofighter Typhoon EF2000",,,,,,,"German Air Force",,,,,,"JT: 2026-02-06 00:50:46",0,,,,,,1,0,0,0,0,,,,,,0,0,0,0,0,GAF-EUFI
29121053,"2026-02-06 00:50:46","2026-02-06 00:50:46",3E8D46,Germany,Germany,7?+??,,,,,,,NH90,"NHIndustries NH90-NTH",,,,,,,"German Navy",,,,,,"JT: 2026-02-06 00:50:46",0,,,,,,1,0,0,0,0,,,,,,0,0,0,0,0,GNY-NH90
29198130,"2026-02-06 00:50:46","2026-02-06 00:50:46",3E9D8E,Germany,Germany,31+48,,,,,,,EUFI,"Eurofighter Typhoon EF2000",,,,,,,"German Air Force",,,,,,"JT: 2026-02-06 00:50:46",0,,,,,,1,0,0,0,0,,,,,,0,0,0,0,0,GAF-EUFI
29201910,"2026-02-06 00:50:46","2026-02-06 00:50:46",3E9CCA,Germany,Germany,76+??,,,,,,,EC45,"Airbus Helicopters H-145M",,,,,,,"German Army",,,,,,"JT: 2026-02-06 00:50:46",0,,,,,,1,0,0,0,0,,,,,,0,0,0,0,0,GAM-EC45
29487794,"2026-02-06 00:50:46","2026-02-06 00:50:46",3E864D,Germany,Germany,3?+??,,,,,,,EUFI,"Eurofighter Typhoon EF2000",,,,,,,"German Air Force",,,,,,"JT: 2026-02-06 00:50:46",0,,,,,,1,0,0,0,0,,,,,,0,0,0,0,0,GAF-EUFI
29488146,"2026-02-06 00:50:46","2026-02-06 00:50:46",3EA58B,Germany,Germany,30+35,,,,,,,EUFI,"Eurofighter Typhoon EF2000",,,,,,,"German Air Force",,,,,,"JT: 2026-02-06 00:50:46",0,,,,,,1,0,0,0,0,,,,,,0,0,0,0,0,GAF-EUFI
29488214,"2026-02-06 00:50:46","2026-02-06 00:50:46",3E9493,Germany,Germany,4?+??,,,,,,,TOR,"Panavia Tornado",,,,,,,"German Air Force",,,,,,"JT: 2026-02-06 00:50:46",0,,,,,,1,0,0,0,0,,,,,,0,0,0,0,0,GAF-TOR
29488267,"2026-02-06 00:50:46","2026-02-06 00:50:46",3F671F,Germany,Germany,4?+??,,,,,,,TOR,"Panavia Tornado",,,,,,,"German Air Force",,,,,,"JT: 2026-02-06 00:50:46",0,,,,,,1,0,0,0,0,,,,,,0,0,0,0,0,GAF-TOR
29488398,"2026-02-06 00:50:46","2026-02-06 00:50:46",3E8B8B,Germany,Germany,74+??,,,,,,,TIGR,"Eurocopter EC.665 Tiger",,,,,,,"German Army",,,,,,"JT: 2026-02-06 00:50:46",0,,,,,,1,0,0,0,0,,,,,,0,0,0,0,0,GAM-TIGR
29488497,"2026-02-06 00:50:46","2026-02-06 00:50:46",3F5C7E,Germany,Germany,74+??,,,,,,,TIGR,"Eurocopter EC.665 Tiger",,,,,,,"German Army",,,,,,"JT: 2026-02-06 00:50:46",0,,,,,,1,0,0,0,0,,,,,,0,0,0,0,0,GAM-TIGR
29488799,"2026-02-06 00:50:46","2026-02-06 00:50:46",3F72AA,Germany,Germany,77+??,,,,,,,EC45,"Airbus Helicopters H-145M",,,,,,,"German Army",,,,,,"JT: 2026-02-06 00:50:46",0,,,,,,1,0,0,0,0,,,,,,0,0,0,0,0,GAM-EC45
29489175,"2026-02-06 00:50:46","2026-02-06 00:50:46",3EBC6D,Germany,Germany,78+20,,,,,,,NH90,"NHIndustries NH90-TTH",,,,,,,"German Army",,,,,,"JT: 2026-02-06 00:50:46",0,,,,,,1,0,0,0,0,,,,,,0,0,0,0,0,GAM-NH90
29489179,"2026-02-06 00:50:46","2026-02-06 00:50:46",3EAAB0,Germany,Germany,78+31,,,,,,,NH90,"NHIndustries NH90-TTH",,,,,,,"German Army",,,,,,"JT: 2026-02-06 00:50:46",0,,,,,,1,0,0,0,0,,,,,,0,0,0,0,0,GAM-NH90
29489197,"2026-02-06 00:50:46","2026-02-06 00:50:46",3F6084,Germany,Germany,79+31,,,,,,,NH90,"NHIndustries NH90-TTH",,,,,,,"German Army",,,,,,"JT: 2026-02-06 00:50:46",0,,,,,,1,0,0,0,0,,,,,,0,0,0,0,0,GAM-NH90
29489820,"2026-02-06 00:50:46","2026-02-06 00:50:46",3F90CC,Germany,Germany,8?+??,,,,,,,H53,"Sikorsky CH-53GA Stallion",,,,,,,"German Air Force",,,,,,"JT: 2026-02-06 00:50:46",0,,,,,,1,0,0,0,0,,,,,,0,0,0,0,0,GAF-H53
29489833,"2026-02-06 00:50:46","2026-02-06 00:50:46",3F9665,Germany,Germany,8?+??,,,,,,,H53,"Sikorsky CH-53GA Stallion",,,,,,,"German Air Force",,,,,,"JT: 2026-02-06 00:50:46",0,,,,,,1,0,0,0,0,,,,,,0,0,0,0,0,GAF-H53
29489876,"2026-02-06 00:50:46","2026-02-06 00:50:46",3FA375,Germany,Germany,8?+??,,,,,,,H53,"Sikorsky CH-53GA Stallion",,,,,,,"German Air Force",,,,,,"JT: 2026-02-06 00:50:46",0,,,,,,1,0,0,0,0,,,,,,0,0,0,0,0,GAF-H53
29609039,"2026-02-06 00:50:46","2026-02-06 00:50:46",3F9D49,Germany,Germany,30+94,,,,,,,EUFI,"Eurofighter Typhoon EF2000",,,,,,,"German Air Force",,,,,,"JT: 2026-02-06 00:50:46",0,,,,,,1,0,0,0,0,,,,,,0,0,0,0,0,GAF-EUFI
29687389,"2026-02-06 00:50:46","2026-02-06 00:50:46",3F8802,Germany,Germany,7?+??,,,,,,,NH90,"NHIndustries NH90-TTH",,,,,,,"German Army",,,,,,"JT: 2026-02-06 00:50:46",0,,,,,,1,0,0,0,0,,,,,,0,0,0,0,0,GAM-NH90
29690670,"2026-02-06 00:50:46","2026-02-06 00:50:46",3F5501,Germany,Germany,98+77,,,,,,,TOR,"Panavia Tornado",,,,,,,"German Navy",,,,,,"JT: 2026-02-06 00:50:46",0,,,,,,1,0,0,0,0,,,,,,0,0,0,0,0,GNY-TOR
29696351,"2026-02-06 00:50:46","2026-02-06 00:50:46",3F5A0C,Germany,Germany,76+??,,,,,,,EC45,"Airbus Helicopters H-145M",,,,,,,"German Army",,,,,,"JT: 2026-02-06 00:50:46",0,,,,,,1,0,0,0,0,,,,,,0,0,0,0,0,GAM-EC45
29697543,"2026-02-06 00:50:46","2026-02-06 00:50:46",3F4348,Germany,Germany,76+??,,,,,,,EC45,"Airbus Helicopters H-145M",,,,,,,"German Army",,,,,,"JT: 2026-02-06 00:50:46",0,,,,,,1,0,0,0,0,,,,,,0,0,0,0,0,GAM-EC45
29699562,"2026-02-06 00:50:46","2026-02-06 00:50:46",3F9820,Germany,Germany,76+??,,,,,,,EC45,"Airbus Helicopters H-145M",,,,,,,"German Army",,,,,,"JT: 2026-02-06 00:50:46",0,,,,,,1,0,0,0,0,,,,,,0,0,0,0,0,GAM-EC45
29702820,"2026-02-06 00:50:46","2026-02-06 00:50:46",3EA206,Germany,Germany,8?+??,,,,,,,H53,"Sikorsky CH-53GA Stallion",,,,,,,"German Air Force",,,,,,"JT: 2026-02-06 00:50:46",0,,,,,,1,0,0,0,0,,,,,,0,0,0,0,0,GAF-H53
29706920,"2026-02-06 00:50:46","2026-02-06 00:50:46",3EAD1B,Germany,Germany,31+36,,,,,,,EUFI,"Eurofighter Typhoon EF2000",,,,,,,"German Air Force",,,,,,"JT: 2026-02-06 00:50:46",0,,,,,,1,0,0,0,0,,,,,,0,0,0,0,0,GAF-EUFI
29823704,"2026-02-06 00:50:46","2026-02-06 00:50:46",3E9B76,Germany,Germany,3?+??,,,,,,,EUFI,"Eurofighter Typhoon EF2000",,,,,,,"German Air Force",,,,,,"JT: 2026-02-06 00:50:46",0,,,,,,1,0,0,0,0,,,,,,0,0,0,0,0,GAF-EUFI
29947728,"2026-02-06 00:50:46","2026-02-06 00:50:46",3F6CA4,Germany,Germany,8?+??,,,,,,,H53,"Sikorsky CH-53GA Stallion",,,,,,,"German Air Force",,,,,,"JT: 2026-02-06 00:50:46",0,,,,,,1,0,0,0,0,,,,,,0,0,0,0,0,GAF-H53
30406961,"2026-02-06 00:50:46","2026-02-06 00:50:46",3FBE07,Germany,Germany,7?+??,,,,,,,NH90,"NHIndustries NH90-TTH",,,,,,,"German Army",,,,,,"JT: 2026-02-06 00:50:46",0,,,,,,1,0,0,0,0,,,,,,0,0,0,0,0,GAM-NH90
30407634,"2026-02-06 00:50:46","2026-02-06 00:50:46",3F7219,Germany,Germany,7?+??,,,,,,,NH90,"NHIndustries NH90-TTH",,,,,,,"German Army",,,,,,"JT: 2026-02-06 00:50:46",0,,,,,,1,0,0,0,0,,,,,,0,0,0,0,0,GAM-NH90
30819972,"2026-02-06 00:35:25","2026-02-06 00:35:25",ACBCDD,"United States","United States",N92LT,,,,,,Vans,RV7,"Vans RV-7",71874,,,,,,Private,,,,,,,0,,,,,,0,0,0,0,0,,,,,,0,0,0,0,0,GEN-RV7
30819766,"2026-02-06 00:32:44","2026-02-06 00:32:44",A4C6D3,"United States","United States",N407BZ,,,,,,Bell,B407,"Bell 407 GX",54402,,,,,,"BK Copters LLC",,,2013,,,,0,,,,,,0,0,0,0,0,,,,,,0,0,0,0,0,GEN-B407
30819653,"2026-02-06 00:31:26","2026-02-06 00:31:26",4BBDA7,Turkey,Turkey,TC-OMG,,,,,,Piper,PA46,"Piper PA-46 R-350T Matrix",4692053,,,,,,Private,,,,,,,0,,,,,,0,0,0,0,0,,,,,,0,0,0,0,0,GEN-PA46
30819086,"2026-02-06 00:23:16","2026-02-06 00:23:16",3EF515,Germany,Germany,D-5246,,,,,,Rolladen-Schneider,GLID,"Rolladen-Schneider LS4 a",4727,,,,,,Private,,,1988,,,,0,,,,,,0,0,0,0,0,,,,,,0,0,0,0,0,GEN-GLID
30817952,"2026-02-06 00:08:35","2026-02-06 00:08:35",AD4AD7,"United States","United States",N9559K,,,,,,Stinson,S108,"Stinson Voyager 108-2",108-2559,,,,,,Private,,,1947,,,,0,,,,,,0,0,0,0,0,,,,,,0,0,0,0,0,GEN-S108
30817587,"2026-02-06 00:03:57","2026-02-06 00:03:57",A16B82,"United States","United States",N1907K,,,,,,Luscombe,L8,"Luscombe Silvaire 8F",4634,,,,,,Private,,,,,,,0,,,,,,0,0,0,0,0,,,,,,0,0,0,0,0,GEN-L8
30817571,"2026-02-06 00:03:47","2026-02-06 00:03:47",A2D5D6,"United States","United States",N282EJ,,,,,,"Eclipse Aviation",EA50,"Eclipse Aviation EA550",550-0282,,,,,,"Eclipse Aerospace Inc",,,,,,,0,,,,,,0,0,0,0,0,,,,,,0,0,0,0,0,GEN-EA50
