AircraftID,FirstCreated,LastModified,ModeS,ModeSCountry,Country,Registration,CurrentRegDate,PreviousID,FirstRegDate,Status,DeRegDate,Manufacturer,ICAOTypeCode,Type,SerialNo,PopularName,GenericName,AircraftClass,Engines,OwnershipStatus,RegisteredOwners,MTOW,TotalHours,YearBuilt,CofACategory,CofAExpiry,UserNotes,Interested,UserTag,InfoURL,PictureURL1,PictureURL2,PictureURL3,UserBool1,UserBool2,UserBool3,UserBool4,UserBool5,UserString1,UserString2,UserString3,UserString4,UserString5,UserInt1,UserInt2,UserInt3,UserInt4,UserInt5,OperatorFlagCode
29160132,"2026-01-22 23:58:13","2026-01-22 23:58:13",ACC0BB,"United States","United States",N9201X,,,,,,Cessna,C182,"Cessna 182E Skylane",18253601,,,,,,Private,,,,,,,0,,,,,,0,0,0,0,0,,,,,,0,0,0,0,0,GEN-C182
29159673,"2026-01-22 23:52:05","2026-01-22 23:52:05",A3FBAE,"United States","United States",N356GA,,,,,,"Gulfstream Aerospace",GA6C,"Gulfstream Aerospace GVII-G600",73056,,,,,,"Gulfstream Aerospace Corp",,,2020,,,,0,,,,,,0,0,0,0,0,,,,,,0,0,0,0,0,GEN-GA6C
29159033,"2026-01-22 23:43:27","2026-01-22 23:43:27",A323E0,"United States","United States",N301JQ,,,,,,"Quad City",ULAC,"Quad City Challenger II",CH2-0706-CW-2757,,,,,,Private,,,,,,,0,,,,,,0,0,0,0,0,,,,,,0,0,0,0,0,GEN-ULAC
29158813,"2026-01-22 23:40:18","2026-01-22 23:40:18",43C450,"United Kingdom","United Kingdom",XX316,,,,,,"Hawker Siddeley",HAWK,"Hawker Siddeley Hawk T.1A",41H-312141,,,,,,"Royal Navy",,,1980,,,,0,,,https://cdn.jetphotos.com/full/6/23334_1613164828.jpg,https://cdn.jetphotos.com/full/5/22651_1520057957.jpg,https://cdn.jetphotos.com/full/5/71199_1481270720.jpg,1,0,0,0,0,,,,,,0,0,0,0,0,
29158557,"2026-01-22 23:37:05","2026-01-22 23:37:05",A67718,"United States","United States",N5155Q,,,,,,Cessna,C172,"Cessna 172M Skyhawk",17261768,,,,,,Private,,,1973,,,,0,,,,,,0,0,0,0,0,,,,,,0,0,0,0,0,GEN-C172
29157828,"2026-01-22 23:27:12","2026-01-22 23:27:12",AD29B3,"United States","United States",N9471Q,,,,,,Beech,BE33,"Beech Debonair G33",CD-1280,,,,,,Private,,,,,,,0,,,,,,0,0,0,0,0,,,,,,0,0,0,0,0,GEN-BE33
29157422,"2026-01-22 23:22:24","2026-01-22 23:22:24",A7592C,"United States","United States",N5727H,,,,,,"Raven Aerostar",BALL,"Raven Aerostar S-60 Hot Air Balloon",S60-170,,,,,,Private,,,,,,,0,,,,,,0,0,0,0,0,,,,,,0,0,0,0,0,GEN-BALL
29156946,"2026-01-22 23:16:39","2026-01-22 23:16:39",A9A05B,"United States","United States",N71935,,,,,,Luscombe,L8,"Luscombe Silvaire 8A",3362,,,,,,Private,,,,,,,0,,,,,,0,0,0,0,0,,,,,,0,0,0,0,0,GEN-L8
29156786,"2026-01-22 23:14:09","2026-01-22 23:14:09",43C72A,"United Kingdom","United Kingdom",ZJ251,,,,,,Eurocopter,AS50,"Eurocopter Squirrel AS.350 HT.2",3042,,,,,,"Royal Air Force",,,1997,,,,0,,,https://cdn.jetphotos.com/full/6/32017_1411826718.jpg,https://cdn.jetphotos.com/full/4/79848_1345879799.jpg,https://cdn.jetphotos.com/full/3/36859_1324813124.jpg,1,0,0,0,0,,,,,,0,0,0,0,0,
29156749,"2026-01-22 23:13:36","2026-01-22 23:13:36",AC42C7,"United States","United States",N8898U,,,,,,Cessna,C150,"Cessna 150M",15078019,,,,,,Private,,,,,,,0,,,,,,0,0,0,0,0,,,,,,0,0,0,0,0,GEN-C150
29156503,"2026-01-22 23:10:23","2026-01-22 23:10:23",A9E46F,"United States","United States",N7365U,,,,,,Cessna,C411,"Cessna 411",411-0065,,,,,,Private,,,1965,,,,0,,,,,,0,0,0,0,0,,,,,,0,0,0,0,0,GEN-C411
29156504,"2026-01-22 23:10:23","2026-01-22 23:10:23",AA6B90,"United States","United States",N7701P,,,,,,"Zénith",CH70,"Zénith Zenair STOL CH 701",76881,,,,,,Private,,,,,,,0,,,,,,0,0,0,0,0,,,,,,0,0,0,0,0,GEN-CH70
29156240,"2026-01-22 23:07:10","2026-01-22 23:07:10",86957B,Japan,Japan,JA7963,,,,,,Robinson,R22,"Robinson R22 Beta II",3204,,,,,,Private,,,,,,,0,,,,,,0,0,0,0,0,,,,,,0,0,0,0,0,GEN-R22
29155794,"2026-01-22 23:01:42","2026-01-22 23:01:42",A355CC,"United States","United States",N314BF,,,,,,"Cirrus Design",SR20,"Cirrus Design SR20",1055,,,,,,Private,,,2000,,,,0,,,,,,0,0,0,0,0,,,,,,0,0,0,0,0,GEN-SR20
29155122,"2026-01-22 22:52:56","2026-01-22 22:52:56",AA0197,"United States","United States",N744BZ,,,,,,"Advanced Aviation",BUCA,"Advanced Aviation Buccaneer",B2A-025,,,,,,Private,,,,,,,0,,,,,,0,0,0,0,0,,,,,,0,0,0,0,0,GEN-BUCA
29154971,"2026-01-22 22:51:14","2026-01-22 22:51:14",A02528,"United States","United States",N10825,,,,,,Beech,BE20,"Beech King Air B200",BB-26,,,,,,"Woolie Enterprises Inc",,,,,,,0,,,,,,0,0,0,0,0,,,,,,0,0,0,0,0,GEN-BE20
29154836,"2026-01-22 22:49:51","2026-01-22 22:49:51",402494,"United Kingdom","United Kingdom",G-MMWS,,,,,,"Flexiform Sky Sails",ULAC,"Flexiform Sky Sails Solo Striker Tri-Pacer",983.SH,,,,,,Private,,,,,,,0,,,,,,0,0,0,0,0,,,,,,0,0,0,0,0,GEN-ULAC
29153834,"2026-01-22 22:37:55","2026-01-22 22:37:55",A8BB80,"United States","United States",N66187,,,,,,Cessna,C206,"Cessna T206H Turbo Stationair",T20608500,,,,,,Private,,,2004,,,,0,,,,,,0,0,0,0,0,,,,,,0,0,0,0,0,GEN-C206
29153742,"2026-01-22 22:36:44","2026-01-22 22:36:44",A6F4E9,"United States","United States",N5474Z,,,,,,Piper,PA22,"Piper PA-22 108 Colt",22-9255,,,,,,Private,,,,,,,0,,,,,,0,0,0,0,0,,,,,,0,0,0,0,0,GEN-PA22
29153627,"2026-01-22 22:35:28","2026-01-22 22:35:28",ACDA6A,"United States","United States",N927Z,,,,,,Corben,JACE,"Corben Junior Ace E",3-REZ,,,,,,Private,,,,,,,0,,,,,,0,0,0,0,0,,,,,,0,0,0,0,0,GEN-JACE
29152702,"2026-01-22 22:23:08","2026-01-22 22:23:08",A2D11A,"United States","United States",N2805Z,,,,,,Piper,PA22,"Piper PA-22 160 Tri-Pacer",22-6798,,,,,,Private,,,1959,,,,0,,,,,,0,0,0,0,0,,,,,,0,0,0,0,0,GEN-PA22
29151221,"2026-01-22 22:05:29","2026-01-22 22:05:29",A97905,"United States","United States",N7095A,,,,,,Robinson,R22,"Robinson R22 Beta II",2900,,,,,,Private,,,,,,,0,,,,,,0,0,0,0,0,,,,,,0,0,0,0,0,GEN-R22
29151160,"2026-01-22 22:04:48","2026-01-22 22:04:48",A741CC,"United States","United States",N567K,,,,,,Ryan,NAVI,"Ryan Navion B",NAV-4-2185B,,,,,,Private,,,1950,,,,0,,,,,,0,0,0,0,0,,,,,,0,0,0,0,0,GEN-NAVI
29150431,"2026-01-22 21:55:52","2026-01-22 21:55:52",43EC88,Guernsey,Guernsey,2-EAHE,,,,,,Airbus,A320,"Airbus A320 214",1041,,,,,,"Small Planet Airlines Cambodia",,,1999,,,,0,,,,,,0,0,0,0,0,,,,,,0,0,0,0,0,GEN-A320
29149587,"2026-01-22 21:45:03","2026-01-22 21:45:03",AD1BDB,"United States","United States",N94385,,,,,,ERCO,ERCO,"Ercoupe 415-C",1608,,,,,,Private,,,1946,,,,0,,,,,,0,0,0,0,0,,,,,,0,0,0,0,0,GEN-ERCO
29148309,"2026-01-22 21:30:13","2026-01-22 21:30:13",A4F100,"United States","United States",N41735,,,,,,Culver,CUCA,"Culver Cadet LFA",457,,,,,,Private,,,,,,,0,,,,,,0,0,0,0,0,,,,,,0,0,0,0,0,GEN-CUCA
29146987,"2026-01-22 21:15:24","2026-01-22 21:15:24",40064C,"United Kingdom","United Kingdom",G-BTPL,,,,,,"British Aerospace",ATP,"British Aerospace ATP",2042,,,,,,"Atlantic Airlines",,,1991,,,,0,,,,,,0,0,0,0,0,,,,,,0,0,0,0,0,GEN-ATP
29146738,"2026-01-22 21:12:13","2026-01-22 21:12:13",A2226D,"United States","United States",N2369R,,,,,,Bombardier,CL60,"Bombardier Challenger 601 3A",5134,,,,,,"Starflite Management Group Inc",,,1993,,,,0,,,,,,0,0,0,0,0,,,,,,0,0,0,0,0,GEN-CL60
29145062,"2026-01-22 20:52:41","2026-01-22 20:52:41",A2AD99,"United States","United States",N27170,,,,,,Cessna,C206,"Cessna U206G Stationair 6",U20606116,,,,,,Private,,,1981,,,,0,,,,,,0,0,0,0,0,,,,,,0,0,0,0,0,GEN-C206
29145000,"2026-01-22 20:52:00","2026-01-22 20:52:00",4036B4,"United Kingdom","United Kingdom",G-BUOA,,,,,,Whittaker,ULAC,"Whittaker MW6 S Fatboy Flyer Srs.A","PFA 164-11959",,,,,,Private,,,1993,,,,0,,,,,,0,0,0,0,0,,,,,,0,0,0,0,0,GEN-ULAC
29144873,"2026-01-22 20:50:39","2026-01-22 20:50:39",400927,"United Kingdom","United Kingdom",G-VEIL,,,,,,Airbus,A346,"Airbus A340 642",575,,,,,,"Virgin Atlantic",,,2004,,,,0,,,,,,0,0,0,0,0,,,,,,0,0,0,0,0,VIR
29144463,"2026-01-22 20:45:55","2026-01-22 20:45:55",AA6264,"United States","United States",N76854,,,,,,Cessna,C140,"Cessna 140",11288,,,,,,Private,,,1946,,,,0,,,,,,0,0,0,0,0,,,,,,0,0,0,0,0,GEN-C140
29143881,"2026-01-22 20:39:21","2026-01-22 20:39:21",A259CB,"United States","United States",N250ZP,,,,,,Zenith,CH25,"Zenith Zenair CH 250",125-A,,,,,,Private,,,,,,,0,,,,,,0,0,0,0,0,,,,,,0,0,0,0,0,GEN-CH25
29143429,"2026-01-22 20:34:01","2026-01-22 20:34:01",43BE99,Bermuda,Bermuda,VP-BMU,,,,,,Airbus,BCS3,"Airbus A220 300",55072,,,,,,"Bombardier Inc",,,2019,,,,0,,,,,,0,0,0,0,0,,,,,,0,0,0,0,0,GEN-BCS3
29143320,"2026-01-22 20:32:50","2026-01-22 20:32:50",4AB4B8,Sweden,Sweden,SE-MEX,,,,,,"British Aerospace",ATP,"British Aerospace ATP",2018,,,,,,NextJet,,,1989,,,,0,,,,,,0,0,0,0,0,,,,,,0,0,0,0,0,NTJ
29143184,"2026-01-22 20:31:13","2026-01-22 20:31:13",A548AE,"United States","United States",N44EF,,,,,,Cessna,C72R,"Cessna 172RG Cutlass RG",172RG0242,,,,,,Private,,,1980,,,,0,,,,,,0,0,0,0,0,,,,,,0,0,0,0,0,GEN-C72R
29142321,"2026-01-22 20:21:10","2026-01-22 20:21:10",4C0459,Serbia,Serbia,YU-BCZ,,,,,,Aermacchi,LA60,"Aermacchi AL-60 B-2 Santa Maria",6253,,,,,,Private,,,1967,,,,0,,,,,,0,0,0,0,0,,,,,,0,0,0,0,0,GEN-LA60
29141980,"2026-01-22 20:17:36","2026-01-22 20:17:36",A4CAF1,"United States","United States",N408GB,,,,,,Rans,RS12,"Rans Airaile S-14",1092046,,,,,,Private,,,1993,,,,0,,,,,,0,0,0,0,0,,,,,,0,0,0,0,0,GEN-RS12
29141813,"2026-01-22 20:15:38","2026-01-22 20:15:38",3DDFDF,Germany,Germany,D-HFAL,,,,,,Robinson,R44,"Robinson R44 Astro",0014,,,,,,Private,,,,,,,0,,,,,,0,0,0,0,0,,,,,,0,0,0,0,0,GEN-R44
29141683,"2026-01-22 20:14:12","2026-01-22 20:14:12",A7B380,"United States","United States",N5958X,,,,,,Brantly,BRB2,"Brantly B-2",99,,,,,,Private,,,,,,,0,,,,,,0,0,0,0,0,,,,,,0,0,0,0,0,GEN-BRB2
29141684,"2026-01-22 20:14:12","2026-01-22 20:14:12",4B8266,Turkey,Turkey,69-040,,,,,,VFW,C160,"VFW Transall C-160D",40,,,,,,"Turkish Air Force",,,,,,,0,,,,,,1,0,0,0,0,,,,,,0,0,0,0,0,HVK
29141529,"2026-01-22 20:12:04","2026-01-22 20:12:04",71D103,"South Korea","South Korea",HL9103,,,,,,Hughes,H500,"Hughes 369 D",126-0043D,,,,,,Private,,,1976,,,,0,,,,,,0,0,0,0,0,,,,,,0,0,0,0,0,GEN-H500
29140903,"2026-01-22 20:05:40","2026-01-22 20:05:40",ADCBDA,"United States","United States",N98841,,,,,,Cessna,C310,"Cessna 310R",310R-0608,,,,,,Private,,,,,,,0,,,,,,0,0,0,0,0,,,,,,0,0,0,0,0,GEN-C310
29140800,"2026-01-22 20:04:25","2026-01-22 20:04:25",4CAB9A,Ireland,Ireland,EI-FTO,,,,,,Boeing,B738,"Boeing 737NG 800/W",44765,,,,,,Ryanair,,,2016,,,,0,,,,,,0,0,0,0,0,,,,,,0,0,0,0,0,RYR
29140183,"2026-01-22 19:57:44","2026-01-22 19:57:44",462606,Finland,Finland,OH-OKK,,,,,,Lindstrand,BALL,"Lindstrand LBL.77A Hot Air Balloon",539,,,,,,Private,,,,,,,0,,,,,,0,0,0,0,0,,,,,,0,0,0,0,0,GEN-BALL
29139722,"2026-01-22 19:52:28","2026-01-22 19:52:28",405930,"United Kingdom","United Kingdom",G-DECC,,,,,,Schleicher,GLID,"Schleicher Ka 6 CR Rhonsegler",60/01,,,,,,Private,,,1960,,,,0,,,,,,0,0,0,0,0,,,,,,0,0,0,0,0,GEN-GLID
29139677,"2026-01-22 19:51:54","2026-01-22 19:51:54",50801E,Ukraine,Ukraine,5A-DKL,,,,,,Antonov,A124,"Antonov An-124 100",19530502761,,,,,,"Libyan Air Cargo",,,,,,,0,,,,,,0,0,0,0,0,,,,,,0,0,0,0,0,GEN-A124
29139611,"2026-01-22 19:51:19","2026-01-22 19:51:19",A53C38,"United States","United States",N4363Q,,,,,,Piper,PA46,"Piper PA-46 310P Malibu",46-8408061,,,,,,Private,,,1984,,,,0,,,,,,0,0,0,0,0,,,,,,0,0,0,0,0,GEN-PA46
29139591,"2026-01-22 19:51:01","2026-01-22 19:51:01",3D3E42,Germany,Germany,D-EVVE,,,,,,Beech,BE36,"Beech Bonanza A36",E-2200,,,,,,Private,,,1984,,,,0,,,,,,0,0,0,0,0,,,,,,0,0,0,0,0,GEN-BE36
29139561,"2026-01-22 19:50:39","2026-01-22 19:50:39",3F9943,Germany,Germany,50+67,,,,,,VFW,C160,"VFW Transall C-160D",104,,,,,,"German Air Force",,,,,,,0,,,"","","",1,0,0,0,0,,,,,,0,0,0,0,0,GAF
29139512,"2026-01-22 19:50:01","2026-01-22 19:50:01",A5318A,"United States","United States",N43364,,,,,,Rans,RS12,"Rans Airaile S-12",1191148,,,,,,Private,,,1992,,,,0,,,,,,0,0,0,0,0,,,,,,0,0,0,0,0,GEN-RS12
29139417,"2026-01-22 19:49:00","2026-01-22 19:49:00",AC9CBD,"United States","United States",N9110C,,,,,,Beech,BE23,"Beech Musketeer A23 II",M-719,,,,,,Private,,,,,,,0,,,,,,0,0,0,0,0,,,,,,0,0,0,0,0,GEN-BE23
29138604,"2026-01-22 19:39:47","2026-01-22 19:39:47",A23F69,"United States","United States",N244FS,,,,,,Tecnam,P208,"Tecnam P.2008",051,,,,,,Private,,,2012,,,,0,,,,,,0,0,0,0,0,,,,,,0,0,0,0,0,GEN-P208
29138438,"2026-01-22 19:37:50","2026-01-22 19:37:50",A5CBFB,"United States","United States",N4728C,,,,,,Cessna,C172,"Cessna T-41B Mescalero",R1720233,,,,,,Private,,,1967,,,,0,,,,,,0,0,0,0,0,,,,,,0,0,0,0,0,GEN-C172
29138059,"2026-01-22 19:33:47","2026-01-22 19:33:47",AB5F77,"United States","United States",N83170,,,,,,Aeronca,CH7A,"Aeronca Champion 7AC",7AC-1831,,,,,,Private,,,1946,,,,0,,,,,,0,0,0,0,0,,,,,,0,0,0,0,0,GEN-CH7A
29136930,"2026-01-22 19:20:43","2026-01-22 19:20:43",A8827F,"United States","United States",N64760,,,,,,"Raven Aerostar",BALL,"Raven Aerostar Rally RX.7 Hot Air Balloon",RX7-3088,,,,,,Private,,,,,,,0,,,,,,0,0,0,0,0,,,,,,0,0,0,0,0,GEN-BALL
29136849,"2026-01-22 19:19:50","2026-01-22 19:19:50",AA6A1B,"United States","United States",N770MA,,,,,,Boeing,B738,"Boeing 737NG 86N",28647,,,,,,"Miami Air International",,,2001,,,,0,,,,,,0,0,0,0,0,,,,,,0,0,0,0,0,BSK
29136670,"2026-01-22 19:17:44","2026-01-22 19:17:44",44D2E1,Belgium,Belgium,OO-TWA,,,,,,Piper,P28A,"Piper PA-28 180 Cherokee E",28-5608,,,,,,Private,,,,,,,0,,,,,,0,0,0,0,0,,,,,,0,0,0,0,0,GEN-P28A
29136397,"2026-01-22 19:14:53","2026-01-22 19:14:53",344280,Spain,Spain,EC-LQF,,,,,,Cessna,C550,"Cessna Citation S/II",S550-0007,,,,,,"Clipper National Air SA",,,,,,,0,,,,,,0,0,0,0,0,,,,,,0,0,0,0,0,ORO
29136236,"2026-01-22 19:13:03","2026-01-22 19:13:03",ABFD75,"United States","United States",N87172,,,,,,ERCO,ERCO,"Ercoupe 415-C",345,,,,,,Private,,,1946,,,,0,,,,,,0,0,0,0,0,,,,,,0,0,0,0,0,GEN-ERCO
29136226,"2026-01-22 19:12:29","2026-01-22 19:12:29",406A4A,"United Kingdom","United Kingdom",G-EEKX,,,,,,"P & M Aviation",ULAC,"P & M Aviation Pegasus Quik",8044,,,,,,Private,,,,,,,0,,,,,,0,0,0,0,0,,,,,,0,0,0,0,0,GEN-ULAC
29135613,"2026-01-22 19:05:22","2026-01-22 19:05:22",A8A2B3,"United States","United States",N65570,,,,,,Cameron,BALL,"Cameron A-400 Hot Air Balloon",6645,,,,,,Private,,,2011,,,,0,,,,,,0,0,0,0,0,,,,,,0,0,0,0,0,GEN-BALL
29135281,"2026-01-22 19:01:37","2026-01-22 19:01:37",3901A1,France,France,F-GANB,,,,,,Fournier,RF6,"Fournier RF-6B 100",30,,,,,,Private,,,,,,,0,,,,,,0,0,0,0,0,,,,,,0,0,0,0,0,GEN-RF6
29135056,"2026-01-22 18:59:07","2026-01-22 18:59:07",A485CD,"United States","United States",N39047,,,,,,Luscombe,L8,"Luscombe Silvaire 8C",1808,,,,,,Private,,,,,,,0,,,,,,0,0,0,0,0,,,,,,0,0,0,0,0,GEN-L8
29134443,"2026-01-22 18:52:03","2026-01-22 18:52:03",3B7792,France,France,R205,,,,,,VFW,C160,"VFW Transall C-160NG",206,,,,,,"French Air Force",,,,,,,0,,,,,,1,0,0,0,0,,,,,,0,0,0,0,0,CTM
29134073,"2026-01-22 18:47:59","2026-01-22 18:47:59",4BCC65,Turkey,Turkey,TC-SCE,,,,,,Boeing,B738,"Boeing 737NG 8Q8/W",41808,,,,,,"Nordwind Airlines",,,2015,,,,0,,,,,,0,0,0,0,0,,,,,,0,0,0,0,0,GEN-B738
29134022,"2026-01-22 18:47:31","2026-01-22 18:47:31",ADEFF0,"United States","United States",N99769,,,,,,ERCO,ERCO,"Ercoupe 415-C",2392,,,,,,Private,,,1946,,,,0,,,,,,0,0,0,0,0,,,,,,0,0,0,0,0,GEN-ERCO
29133848,"2026-01-22 18:45:30","2026-01-22 18:45:30",381283,France,France,F-BEUD,,,,,,Nord,N120,"Nord 1203 Norecrin",165,,,,,,Private,,,,,,,0,,,,,,0,0,0,0,0,,,,,,0,0,0,0,0,GEN-N120
29133814,"2026-01-22 18:45:07","2026-01-22 18:45:07",A3817E,"United States","United States",N325GE,,,,,,"Gulfstream Aerospace",GLF5,"Gulfstream Aerospace G550",5386,,,,,,"CKE Associates LLC",,,2012,,,,0,,,,,,0,0,0,0,0,,,,,,0,0,0,0,0,GEN-GLF5
29133807,"2026-01-22 18:45:01","2026-01-22 18:45:01",AD10D5,"United States","United States",N94091,,,,,,ERCO,ERCO,"Ercoupe 415-C",1414,,,,,,Private,,,1946,,,,0,,,,,,0,0,0,0,0,,,,,,0,0,0,0,0,GEN-ERCO
29133473,"2026-01-22 18:40:52","2026-01-22 18:40:52",068064,Uganda,Uganda,5X-HJI,,,,,,Airbus,A310,"Airbus A310 304F",413,,,,,,"Shiv Air",,,1986,,,,0,,,,,,0,0,0,0,0,,,,,,0,0,0,0,0,GEN-A310
29133423,"2026-01-22 18:40:28","2026-01-22 18:40:28",845F41,Japan,Japan,JA11GB,,,,,,"Quest Aircraft Company",KODI,"Quest Aircraft Company Kodiak 100",100-0166,,,,,,"Sky Trek",,,2015,,,,0,,,,,,0,0,0,0,0,,,,,,0,0,0,0,0,GEN-KODI
29132209,"2026-01-22 18:26:24","2026-01-22 18:26:24",39D10F,France,France,F-HUIP,,,,,,Eurocopter,EC25,"Eurocopter EC225 LP",2815,,,,,,Heli-Union,,,2011,,,,0,,,,,,0,0,0,0,0,,,,,,0,0,0,0,0,HLU
29131499,"2026-01-22 18:18:40","2026-01-22 18:18:40",A4FFBC,"United States","United States",N421EB,,,,,,SIAI-Marchetti,SM19,"SIAI-Marchetti SM.1019 E",031,,,,,,Private,,,1976,,,,0,,,,,,0,0,0,0,0,,,,,,0,0,0,0,0,GEN-SM19
29130964,"2026-01-22 18:13:10","2026-01-22 18:13:10",AD6AE9,"United States","United States",N9639L,,,,,,"American Aviation",AA1,"American Aviation AA-1B",AA1B-0139,,,,,,Private,,,,,,,0,,,,,,0,0,0,0,0,,,,,,0,0,0,0,0,GEN-AA1
29130927,"2026-01-22 18:12:39","2026-01-22 18:12:39",ACDD75,"United States","United States",N928SC,,,,,,Bell,B427,"Bell 427",56028,,,,,,Private,,,2001,,,,0,,,,,,0,0,0,0,0,,,,,,0,0,0,0,0,GEN-B427
29130478,"2026-01-22 18:08:20","2026-01-22 18:08:20",AAE4BE,"United States","United States",N80037,,,,,,Piper,P28A,"Piper PA-28 181 Archer III",2881062,,,,,,Private,,,2018,,,,0,,,,,,0,0,0,0,0,,,,,,0,0,0,0,0,GEN-P28A
29130346,"2026-01-22 18:06:55","2026-01-22 18:06:55",400C42,"United Kingdom","United Kingdom",G-EJAR,,,,,,Airbus,A319,"Airbus A319 111",2412,,,,,,easyJet,,,2005,,,,0,,,,,,0,0,0,0,0,,,,,,0,0,0,0,0,EZY
29130117,"2026-01-22 18:04:12","2026-01-22 18:04:12",704001,Myanmar,Myanmar,XY-ALI,,,,,,Embraer,E145,"Embraer ERJ-145 LR",145447,,,,,,"Air Mandalay",,,,,,,0,,,,,,0,0,0,0,0,,,,,,0,0,0,0,0,LMT
29130089,"2026-01-22 18:03:56","2026-01-22 18:03:56",4497F5,Belgium,Belgium,OO-E57,,,,,,"B & F Funk",FK9,"B & F Funk FK-9 Mk.III",232,,,,,,Private,,,,,,,0,,,,,,0,0,0,0,0,,,,,,0,0,0,0,0,GEN-FK9
29130090,"2026-01-22 18:03:56","2026-01-22 18:03:56",3D2762,Germany,Germany,D-ENDY,,,,,,Bolkow,JUNR,"Bolkow Junior Bo.208C",520,,,,,,Private,,,,,,,0,,,,,,0,0,0,0,0,,,,,,0,0,0,0,0,GEN-JUNR
29129949,"2026-01-22 18:02:23","2026-01-22 18:02:23",A05995,"United States","United States",N121YF,,,,,,Vans,RV8,"Vans RV-8",80870,,,,,,Private,,,,,,,0,,,,,,0,0,0,0,0,,,,,,0,0,0,0,0,GEN-RV8
29129801,"2026-01-22 18:00:48","2026-01-22 18:00:48",3EFAEF,Germany,Germany,D-6744,,,,,,Schleicher,GLID,"Schleicher ASW 20",20407,,,,,,Private,,,,,,,0,,,,,,0,0,0,0,0,,,,,,0,0,0,0,0,GEN-GLID
29128560,"2026-01-22 17:47:35","2026-01-22 17:47:35",474007,Hungary,Hungary,HA-DAM,,,,,,"Diamond Aircraft",DA42,"Diamond Aircraft Twin Star DA42",42.183,,,,,,Private,,,2006,,,,0,,,,,,0,0,0,0,0,,,,,,0,0,0,0,0,GEN-DA42
29128022,"2026-01-22 17:42:16","2026-01-22 17:42:16",4CA5B0,Ireland,Ireland,EI-DSE,,,,,,Airbus,A320,"Airbus A320 216",3079,,,,,,"ITA Airways",,,2007,,,,0,,,,,,0,0,0,0,0,,,,,,0,0,0,0,0,ITY
29127868,"2026-01-22 17:40:24","2026-01-22 17:40:24",A1C197,"United States","United States",N212GS,,,,,,Cessna,C152,"Cessna 152",15279657,,,,,,Private,,,1977,,,,0,,,,,,0,0,0,0,0,,,,,,0,0,0,0,0,GEN-C152
29127457,"2026-01-22 17:36:32","2026-01-22 17:36:32",A1AC9C,"United States","United States",N207GB,,,,,,Beech,BE50,"Beech Seminole U-8D",LH-104,,,,,,Private,,,,,,,0,,,,,,0,0,0,0,0,,,,,,0,0,0,0,0,GEN-BE50
29127073,"2026-01-22 17:32:25","2026-01-22 17:32:25",00B6E9,"South Africa","South Africa",ZS-UUA,,,,,,Scheibe,SF25,"Scheibe SF-25D Falke",4681,,,,,,Private,,,1970,,,,0,,,,,,0,0,0,0,0,,,,,,0,0,0,0,0,GEN-SF25
29126995,"2026-01-22 17:31:38","2026-01-22 17:31:38",A05A05,"United States","United States",N12118,,,,,,Piper,PA22,"Piper PA-22 150 Tri-Pacer",22-4428,,,,,,Private,,,,,,,0,,,,,,0,0,0,0,0,,,,,,0,0,0,0,0,GEN-PA22
29126350,"2026-01-22 17:25:09","2026-01-22 17:25:09",AA185C,"United States","United States",N75GX,,,,,,Pilatus,PC12,"Pilatus PC-XII NGX",2075,,,,,,"Pilatus Business Aircraft Ltd",,,2021,,,,0,,,,,,0,0,0,0,0,,,,,,0,0,0,0,0,GEN-PC12
29125307,"2026-01-22 17:13:22","2026-01-22 17:13:22",A0893E,"United States","United States",N1334D,,,,,,Cessna,C170,"Cessna 170A",19910,,,,,,Private,,,1951,,,,0,,,,,,0,0,0,0,0,,,,,,0,0,0,0,0,GEN-C170
29124850,"2026-01-22 17:08:46","2026-01-22 17:08:46",E48CDF,Brazil,Brazil,PR-PDC,,,,,,"Avions de Transport Regional",AT76,"Avions de Transport Regional ATR 72 600",1040,,,,,,"Passaredo Linhas Aereas",,,2012,,,,0,,,,,,0,0,0,0,0,,,,,,0,0,0,0,0,PTB
29124228,"2026-01-22 17:01:11","2026-01-22 17:01:11",402283,"United Kingdom","United Kingdom",G-OLLI,,,,,,Cameron,BALL,"Cameron O-31 Hot Air Balloon",196,,,,,,Private,,,,,,,0,,,,,,0,0,0,0,0,,,,,,0,0,0,0,0,GEN-BALL
29123298,"2026-01-22 16:51:12","2026-01-22 16:51:12",4804AC,Netherlands,Netherlands,J-870,,,,,,"General Dynamics",F16,"General Dynamics F-16AM Fighting Falcon",6D-87,,,,,,"Royal Netherlands Air Force",,,,,,,0,,,,,,1,0,0,0,0,,,,,,0,0,0,0,0,
29123299,"2026-01-22 16:51:12","2026-01-22 16:51:12",A23AD8,"United States","United States",N24275,,,,,,Aeronca,AR65,"Aeronca Super Chief 65-CA",L-7409,,,,,,Private,,,1941,,,,0,,,,,,0,0,0,0,0,,,,,,0,0,0,0,0,GEN-AR65
29123144,"2026-01-22 16:48:58","2026-01-22 16:48:58",C02239,Canada,Canada,C-FMYY,,,,,,Rans,COY2,"Rans Coyote II S-6",192258,,,,,,Private,,,,,,,0,,,,,,0,0,0,0,0,,,,,,0,0,0,0,0,GEN-COY2
29122461,"2026-01-22 16:41:31","2026-01-22 16:41:31",A639F2,"United States","United States",N500AB,,,,,,Cessna,C421,"Cessna 421B Golden Eagle",421B0369,,,,,,Private,,,1973,,,,0,,,,,,0,0,0,0,0,,,,,,0,0,0,0,0,GEN-C421
29121557,"2026-01-22 16:31:11","2026-01-22 16:31:11",A6E202,"United States","United States",N5422K,,,,,,Ryan,NAVI,"Ryan Navion B Super 260",NAV-4-2322B,,,,,,Private,,,1951,,,,0,,,,,,0,0,0,0,0,,,,,,0,0,0,0,0,GEN-NAVI
29120883,"2026-01-22 16:23:40","2026-01-22 16:23:40",A7CA1E,"United States","United States",N60035,,,,,,Stoddard-Hamilton,GLAS,"Stoddard-Hamilton Glasair II",2062,,,,,,Private,,,,,,,0,,,,,,0,0,0,0,0,,,,,,0,0,0,0,0,GEN-GLAS
29120314,"2026-01-22 16:16:49","2026-01-22 16:16:49",A349CB,"United States","United States",N3104X,,,,,,Cessna,C150,"Cessna 150F",15064504,,,,,,Private,,,1966,,,,0,,,,,,0,0,0,0,0,,,,,,0,0,0,0,0,GEN-C150
29119328,"2026-01-22 16:04:28","2026-01-22 16:04:28",A257AF,"United States","United States",N250BZ,,,,,,Cessna,C208,"Cessna 208 B",208B-0250,,,,,,"Gateway Air Center Inc",,,1991,,,,0,,,,,,0,0,0,0,0,,,,,,0,0,0,0,0,GEN-C208
29117983,"2026-01-22 15:49:29","2026-01-22 15:49:29",730688,Iran,Iran,EP-ATH,,,,,,"Avions de Transport Regional",AT73,"Avions de Transport Regional ATR 72 212",339,,,,,,"Iran Aseman Airlines",,,1992,,,,0,,,,,,0,0,0,0,0,,,,,,0,0,0,0,0,IRC
29117577,"2026-01-22 15:45:12","2026-01-22 15:45:12",A238F2,"United States","United States",N242RP,,,,,,Vans,RV6,"Vans RV-6 A",21731,,,,,,Private,,,2005,,,,0,,,,,,0,0,0,0,0,,,,,,0,0,0,0,0,GEN-RV6
29117290,"2026-01-22 15:42:15","2026-01-22 15:42:15",E492A4,Brazil,Brazil,PR-ZGT,,,,,,"Epic Aircraft Company",EPIC,"Epic Aircraft Company Epic LT",048,,,,,,Private,,,2014,,,,0,,,,,,0,0,0,0,0,,,,,,0,0,0,0,0,GEN-EPIC
29115644,"2026-01-22 15:23:58","2026-01-22 15:23:58",A14965,"United States","United States",N182PF,,,,,,Cessna,C182,"Cessna 182L Skylane",18258918,,,,,,Private,,,,,,,0,,,,,,0,0,0,0,0,,,,,,0,0,0,0,0,GEN-C182
29115382,"2026-01-22 15:21:23","2026-01-22 15:21:23",C81719,"New Zealand","New Zealand",ZK-HYE,,,,,,"MBB Kawasaki",BK17,"MBB Kawasaki BK.117 A-3",1008,,,,,,"Airwork NZ",,,1985,,,,0,,,,,,0,0,0,0,0,,,,,,0,0,0,0,0,AWK
29113764,"2026-01-22 15:03:15","2026-01-22 15:03:15",402FBB,"United Kingdom","United Kingdom",G-UTSI,,,,,,"Rand Robinson",KR2,"Rand Robinson KR-2","PFA 129-10966",,,,,,Private,,,1989,,,,0,,,,,,0,0,0,0,0,,,,,,0,0,0,0,0,GEN-KR2
29113393,"2026-01-22 14:59:25","2026-01-22 14:59:25",505C74,Slovakia,Slovakia,OM-GTC,,,,,,Boeing,B734,"Boeing 737 430",27001,,,,,,Go2Sky,,,1992,,,,0,,,,,,0,0,0,0,0,,,,,,0,0,0,0,0,RLX
29113109,"2026-01-22 14:56:12","2026-01-22 14:56:12",E48CDB,Brazil,Brazil,PR-YVL,,,,,,Dassault,FA7X,"Dassault Falcon 7X",165,,,,,,"Sedona Cobranca E Assessoria Ltda",,,2012,,,,0,,,,,,0,0,0,0,0,,,,,,0,0,0,0,0,GEN-FA7X
29112792,"2026-01-22 14:52:57","2026-01-22 14:52:57",4AA9F2,Sweden,Sweden,SE-JOR,,,,,,Eurocopter,AS50,"Eurocopter Squirrel AS.350 B3",7610,,,,,,"Scandinavian Helicopter Group",,,2013,,,,0,,,,,,0,0,0,0,0,,,,,,0,0,0,0,0,GEN-AS50
29112523,"2026-01-22 14:49:22","2026-01-22 14:49:22",0081FB,"South Africa","South Africa",ZS-ASW,,,,,,Avro,RJ85,"Avro 146 RJ85",E2313,,,,,,Airlink,,,1997,,,,0,,,,,,0,0,0,0,0,,,,,,0,0,0,0,0,GEN-RJ85
29112397,"2026-01-22 14:48:08","2026-01-22 14:48:08",ACC25A,"United States","United States",N921EW,,,,,,Dassault,FA50,"Dassault Falcon 50",31,,,,,,"Cloud-Time LLC",,,,,,,0,,,,,,0,0,0,0,0,,,,,,0,0,0,0,0,GEN-FA50
29112373,"2026-01-22 14:47:57","2026-01-22 14:47:57",AD9635,"United States","United States",N97498,,,,,,Stinson,S108,"Stinson Voyager 108",108-498,,,,,,Private,,,1946,,,,0,,,,,,0,0,0,0,0,,,,,,0,0,0,0,0,GEN-S108
29111329,"2026-01-22 14:36:52","2026-01-22 14:36:52",A3E6CF,"United States","United States",FAC5746,,,,,,"Raytheon Aircraft Company",B350,"Raytheon Aircraft Company King Air B350",FL-282,,,,,,"Colombian Air Force",,,,,,,0,,,,,,1,0,0,0,0,,,,,,0,0,0,0,0,
29111307,"2026-01-22 14:36:33","2026-01-22 14:36:33",44C1A8,Belgium,Belgium,OO-PMH,,,,,,Robinson,R22,"Robinson R22 Beta II",2832,,,,,,Private,,,,,,,0,,,,,,0,0,0,0,0,,,,,,0,0,0,0,0,GEN-R22
29110212,"2026-01-22 14:25:27","2026-01-22 14:25:27",406F68,"United Kingdom","United Kingdom",G-DHKA,,,,,,Boeing,B752,"Boeing 757 23NPCF/W",29330,,,,,,"DHL Air UK",,,1998,,,,0,,,,,,0,0,0,0,0,,,,,,0,0,0,0,0,DHK
29109766,"2026-01-22 14:20:26","2026-01-22 14:20:26",3EF0AD,Germany,Germany,D-4118,,,,,,Schleicher,GLID,"Schleicher K 8 B",8606,,,,,,Private,,,,,,,0,,,,,,0,0,0,0,0,,,,,,0,0,0,0,0,GEN-GLID
29109549,"2026-01-22 14:17:55","2026-01-22 14:17:55",896396,"United Arab Emirates","United Arab Emirates",A6-DCD,,,,,,Airbus,A332,"Airbus A330 243F",1524,,,,,,"Etihad Airways",,,,,,,0,,,,,,0,0,0,0,0,,,,,,0,0,0,0,0,ETD
26622,"2022-05-03 02:22:35","2026-01-22 14:17:39",4864B4,Netherlands,Netherlands,,,,,,,,RDTST,,,,,,,,,,,,,,,0,,,,,,0,0,0,0,0,Missing,,,,,0,0,0,0,0,TEST
29109145,"2026-01-22 14:13:48","2026-01-22 14:13:48",A28D66,"United States","United States",N26361,,,,,,Aeronca,CH7A,"Aeronca Defender 65-C",C-8250,,,,,,Private,,,1940,,,,0,,,,,,0,0,0,0,0,,,,,,0,0,0,0,0,GEN-CH7A
29108090,"2026-01-22 14:02:38","2026-01-22 14:02:38",A76A2D,"United States","United States",N577UA,,,,,,Bombardier,DH8D,"Bombardier DHC-8 402",4073,,,,,,"Operator Unknown",,,2002,,,,0,,,,,,0,0,0,0,0,,,,,,0,0,0,0,0,GEN-DH8D
29107968,"2026-01-22 14:01:25","2026-01-22 14:01:25",ABD1FA,"United States","United States",N86053,,,,,,Aeronca,AR11,"Aeronca Chief 11AC",11AC-475,,,,,,Private,,,1946,,,,0,,,,,,0,0,0,0,0,,,,,,0,0,0,0,0,GEN-AR11
29107815,"2026-01-22 13:59:45","2026-01-22 13:59:45",A7D914,"United States","United States",N6044W,,,,,,Piper,P28A,"Piper PA-28 140 Cherokee",28-20044,,,,,,Private,,,1964,,,,0,,,,,,0,0,0,0,0,,,,,,0,0,0,0,0,GEN-P28A
29107341,"2026-01-22 13:54:50","2026-01-22 13:54:50",424957,Bermuda,Bermuda,VQ-BET,,,,,,Airbus,A320,"Airbus A320 214",4150,,,,,,"S7 Airlines",,,2009,,,,0,,,,,,0,0,0,0,0,,,,,,0,0,0,0,0,SBI
29107272,"2026-01-22 13:54:06","2026-01-22 13:54:06",A06142,"United States","United States",N1230U,,,,,,Cessna,C172,"Cessna 172M Skyhawk",17266926,,,,,,Private,,,,,,,0,,,,,,0,0,0,0,0,,,,,,0,0,0,0,0,GEN-C172
29107074,"2026-01-22 13:52:15","2026-01-22 13:52:15",A7D143,"United States","United States",N60212,,,,,,Beech,BE24,"Beech Sierra C24R",MC-658,,,,,,Private,,,,,,,0,,,,,,0,0,0,0,0,,,,,,0,0,0,0,0,GEN-BE24
29107043,"2026-01-22 13:51:58","2026-01-22 13:51:58",4B427C,Switzerland,Switzerland,HB-ZEQ,,,,,,"Sud Aviation",ALO3,"Sud Aviation Alouette III SE.3160",1152,,,,,,Private,,,,,,,0,,,,,,0,0,0,0,0,,,,,,0,0,0,0,0,GEN-ALO3
29106831,"2026-01-22 13:49:10","2026-01-22 13:49:10",407B2F,"United Kingdom","United Kingdom",G-CLUC,,,,,,"Raytheon Aircraft Company",TEX2,"Raytheon Aircraft Company T-6C Texan T.1",PM-138,,,,,,"Ministry of Defence",,,2020,,,,0,,,,,,0,0,0,0,0,,,,,,0,0,0,0,0,GEN-TEX2
29106731,"2026-01-22 13:47:53","2026-01-22 13:47:53",A5866E,"United States","United States",N455TX,,,,,,Cessna,C25C,"Cessna Citation CJ4",525C0055,,,,,,"Cessna Aircraft Company",,,,,,,0,,,,,,0,0,0,0,0,,,,,,0,0,0,0,0,GEN-C25C
29105645,"2026-01-22 13:36:06","2026-01-22 13:36:06",A019C2,"United States","United States",N1051,,,,,,Schreder,GLID,"Schreder HP 14",17JB,,,,,,Private,,,1967,,,,0,,,,,,0,0,0,0,0,,,,,,0,0,0,0,0,GEN-GLID
29105047,"2026-01-22 13:29:34","2026-01-22 13:29:34",A3E7E2,"United States","United States",N3505P,,,,,,Piper,PA22,"Piper PA-22 150 Tri-Pacer",22-3255,,,,,,Private,,,1955,,,,0,,,,,,0,0,0,0,0,,,,,,0,0,0,0,0,GEN-PA22
29104972,"2026-01-22 13:28:54","2026-01-22 13:28:54",A7D60C,"United States","United States",N6039W,,,,,,Piper,P28A,"Piper PA-28 140 Cherokee",28-20039,,,,,,Private,,,1964,,,,0,,,,,,0,0,0,0,0,,,,,,0,0,0,0,0,GEN-P28A
29104615,"2026-01-22 13:24:55","2026-01-22 13:24:55",4CC4E0,Iceland,Iceland,TF-KID,,,,,,Airbus,A321,"Airbus A321 211",5681,,,,,,"WOW air",,,2013,,,,0,,,,,,0,0,0,0,0,,,,,,0,0,0,0,0,WOW
29104291,"2026-01-22 13:21:35","2026-01-22 13:21:35",A4FBBF,"United States","United States",N420BG,,,,,,Gates,LJ55,"Gates Learjet 55",55-123,,,,,,"Fly LD Corp",,,,,,,0,,,,,,0,0,0,0,0,,,,,,0,0,0,0,0,GEN-LJ55
29103777,"2026-01-22 13:15:14","2026-01-22 13:15:14",AE09EC,"United States","United States",81-23571,,,,,,Sikorsky,H60,"Sikorsky UH-60A Blackhawk",70292,,,,,,"United States Army",,,,,,,0,,,,,,1,0,0,0,0,,,,,,0,0,0,0,0,
29103684,"2026-01-22 13:14:13","2026-01-22 13:14:13",A05F85,"United States","United States",N123GZ,,,,,,"Cirrus Jet",SF50,"Cirrus Jet Vision SF50",0120,,,,,,"Cirrus Design Corp",,,2019,,,,0,,,,,,0,0,0,0,0,,,,,,0,0,0,0,0,GEN-SF50
29103450,"2026-01-22 13:11:37","2026-01-22 13:11:37",A7282A,"United States","United States",N560NV,,,,,,Cessna,C560,"Cessna Citation V",560-0429,,,,,,"Sabreliner Aviation LLC",,,,,,,0,,,,,,0,0,0,0,0,,,,,,0,0,0,0,0,GEN-C560
29103174,"2026-01-22 13:08:27","2026-01-22 13:08:27",0C3007,"Not Allocated","Not Allocated",HP-1373CMP,,,,,,Boeing,B737,"Boeing 737NG 7V3/W",30458,,,,,,Wingo,,,2000,,,,0,,,,,,0,0,0,0,0,,,,,,0,0,0,0,0,RPB
29102854,"2026-01-22 13:04:50","2026-01-22 13:04:50",403D85,"United Kingdom","United Kingdom",G-MZFX,,,,,,"Cyclone Airsports",ULAC,"Cyclone Airsports AX2000",7322,,,,,,Private,,,1997,,,,0,,,,,,0,0,0,0,0,,,,,,0,0,0,0,0,GEN-ULAC
29102383,"2026-01-22 12:59:57","2026-01-22 12:59:57",80072B,India,India,VT-JFD,,,,,,Boeing,B738,"Boeing 737NG 8AL/W",39051,,,,,,"Jet Airways",,,2012,,,,0,,,,,,0,0,0,0,0,,,,,,0,0,0,0,0,JAI
29102311,"2026-01-22 12:59:24","2026-01-22 12:59:24",A71929,"United States","United States",N5568D,,,,,,Beech,BE35,"Beech Bonanza H35",D-5127,,,,,,Private,,,,,,,0,,,,,,0,0,0,0,0,,,,,,0,0,0,0,0,GEN-BE35
29101934,"2026-01-22 12:55:25","2026-01-22 12:55:25",A3A088,"United States","United States",N33268,,,,,,Piper,J5,"Piper J-5 A Cub Cruiser",5-469,,,,,,Private,,,1941,,,,0,,,,,,0,0,0,0,0,,,,,,0,0,0,0,0,GEN-J5
29101908,"2026-01-22 12:55:08","2026-01-22 12:55:08",AA541B,"United States","United States",N765A,,,,,,"Israel Aircraft Industries",ASTR,"Israel Aircraft Industries 1125 Astra",011,,,,,,"Aeroservicios Astra 1125 Inc",,,1986,,,,0,,,,,,0,0,0,0,0,,,,,,0,0,0,0,0,GEN-ASTR
29101852,"2026-01-22 12:54:35","2026-01-22 12:54:35",A136EA,"United States","United States",N178AE,,,,,,Piper,PA27,"Piper PA-23 Aztec 250C",27-3189,,,,,,Private,,,,,,,0,,,,,,0,0,0,0,0,,,,,,0,0,0,0,0,GEN-PA27
29101262,"2026-01-22 12:43:59","2026-01-22 12:43:59",A93857,"United States","United States",N6931A,,,,,,Cessna,C172,"Cessna 172",29031,,,,,,Private,,,,,,,0,,,,,,0,0,0,0,0,,,,,,0,0,0,0,0,GEN-C172
29100924,"2026-01-22 12:40:44","2026-01-22 12:40:44",A636C8,"United States","United States",N5RU,,,,,,"Rand Robinson",KR2,"Rand Robinson KR-2",RU-1,,,,,,Private,,,1980,,,,0,,,,,,0,0,0,0,0,,,,,,0,0,0,0,0,GEN-KR2
29100763,"2026-01-22 12:38:53","2026-01-22 12:38:53",403752,"United Kingdom","United Kingdom",G-BUVW,,,,,,Cameron,BALL,"Cameron N-90 Hot Air Balloon",3020,,,,,,Private,,,1993,,,,0,,,,,,0,0,0,0,0,,,,,,0,0,0,0,0,GEN-BALL
29100654,"2026-01-22 12:37:47","2026-01-22 12:37:47",424B07,"Isle of Man","Isle of Man",M-MDMH,,,,,,Embraer,E550,"Embraer Legacy 500",55000046,,,,,,"Herrenknecht Aviation GmbH",,,2016,,,,0,,,,,,0,0,0,0,0,,,,,,0,0,0,0,0,GEN-E550
29099499,"2026-01-22 12:25:10","2026-01-22 12:25:10",ABAEE0,"United States","United States",N852BA,,,,,,Bombardier,LJ45,"Bombardier Learjet 45 XR",45-292,,,,,,"Omni Air Transport LLC",,,,,,,0,,,,,,0,0,0,0,0,,,,,,0,0,0,0,0,DRL
29099383,"2026-01-22 12:23:58","2026-01-22 12:23:58",4A9189,Sweden,Sweden,SE-DLI,,,,,,Reims/Cessna,C182,"Reims/Cessna F182Q Skylane",0072,,,,,,Private,,,1978,,,,0,,,,,,0,0,0,0,0,,,,,,0,0,0,0,0,GEN-C182
29099228,"2026-01-22 12:22:22","2026-01-22 12:22:22",43C639,"United Kingdom","United Kingdom",XV664,,,,,,Westland,S61,"Westland Sea King ASaC.7",WA652,,,,,,"Royal Navy",,,1970,,,,0,,,,,,1,0,0,0,0,,,,,,0,0,0,0,0,
29098670,"2026-01-22 12:16:01","2026-01-22 12:16:01",A6A8E8,"United States","United States",N528ZC,,,,,,Boeing,B78X,"Boeing 787 10",60256,,,,,,"Singapore Airlines",,,2016,,,,0,,,,,,0,0,0,0,0,,,,,,0,0,0,0,0,SIA
29097934,"2026-01-22 12:08:23","2026-01-22 12:08:23",1558A2,Russia,Russia,RA-88226,,,,,,Yakovlev,YK40,"Yakovlev Yak-40",9641350,,,,,,"Aviakompaniya SKOL",,,,,,,0,,,,,,0,0,0,0,0,,,,,,0,0,0,0,0,GEN-YK40
29097804,"2026-01-22 12:07:11","2026-01-22 12:07:11",AA82F5,"United States","United States",N7769S,,,,,,Schweizer,GLID,"Schweizer SGS 2-33 A",139,,,,,,Private,,,1969,,,,0,,,,,,0,0,0,0,0,,,,,,0,0,0,0,0,GEN-GLID
29097370,"2026-01-22 12:02:26","2026-01-22 12:02:26",A5E921,"United States","United States",N480FL,,,,,,"Raytheon Aircraft Company",BE40,"Raytheon Aircraft Company 400 XP",RK-398,,,,,,"Travel Management Company",,,,,,,0,,,,,,0,0,0,0,0,,,,,,0,0,0,0,0,TMC
29096885,"2026-01-22 11:56:53","2026-01-22 11:56:53",AA24C6,"United States","United States",N7527B,,,,,,Champion,CH7A,"Champion Tri-Traveler 7FC",7FC-30,,,,,,Private,,,,,,,0,,,,,,0,0,0,0,0,,,,,,0,0,0,0,0,GEN-CH7A
29096576,"2026-01-22 11:53:55","2026-01-22 11:53:55",4037CF,"United Kingdom","United Kingdom",G-MYKR,,,,,,"Solar Wings",ULAC,"Solar Wings Pegasus Quasar IITC",6635,,,,,,Private,,,1993,,,,0,,,,,,0,0,0,0,0,,,,,,0,0,0,0,0,GEN-ULAC
29096075,"2026-01-22 11:48:34","2026-01-22 11:48:34",ADE86E,"United States","United States",N917BS,,,,,,Piper,PA18,"Piper PA-18 Super Cub",18-2009,,,,,,Private,,,1952,,,,0,,,,,,0,0,0,0,0,,,,,,0,0,0,0,0,GEN-PA18
29095659,"2026-01-22 11:43:45","2026-01-22 11:43:45",A9105E,"United States","United States",N683WP,,,,,,Bombardier,DH8D,"Bombardier DHC-8 402 NG",4554,,,,,,"Island Air",,,2017,,,,0,,,,,,0,0,0,0,0,,,,,,0,0,0,0,0,GEN-DH8D
29095541,"2026-01-22 11:42:37","2026-01-22 11:42:37",A7F3E9,"United States","United States",N611QX,,,,,,Bombardier,CRJ7,"Bombardier CRJ 700",10041,,,,,,"American Eagle",,,,,,,0,,,,,,0,0,0,0,0,,,,,,0,0,0,0,0,ASQ
29095168,"2026-01-22 11:38:39","2026-01-22 11:38:39",A53926,"United States","United States",N4358E,,,,,,Aeronca,CH7A,"Aeronca Champion 7DC",7DC-19,,,,,,Private,,,1948,,,,0,,,,,,0,0,0,0,0,,,,,,0,0,0,0,0,GEN-CH7A
29095119,"2026-01-22 11:38:12","2026-01-22 11:38:12",3D11D2,Germany,Germany,D-EEZQ,,,,,,Reims/Cessna,C150,"Reims/Cessna F150L",0865,,,,,,Private,,,1972,,,,0,,,,,,0,0,0,0,0,,,,,,0,0,0,0,0,GEN-C150
29094847,"2026-01-22 11:35:35","2026-01-22 11:35:35",3E66C4,Germany,Germany,D-KECQ,,,,,,Scheibe,SF25,"Scheibe SF-25D Falke",46103D,,,,,,Private,,,1970,,,,0,,,,,,0,0,0,0,0,,,,,,0,0,0,0,0,GEN-SF25
29094680,"2026-01-22 11:33:52","2026-01-22 11:33:52",A06669,"United States","United States",N125BL,,,,,,Rutan,LGEZ,"Rutan Long-Ez",2110,,,,,,Private,,,,,,,0,,,,,,0,0,0,0,0,,,,,,0,0,0,0,0,GEN-LGEZ
29094677,"2026-01-22 11:33:47","2026-01-22 11:33:47",A050CA,"United States","United States",N11958,,,,,,"Advanced Aviation",BUCA,"Advanced Aviation Buccaneer",0030,,,,,,Private,,,,,,,0,,,,,,0,0,0,0,0,,,,,,0,0,0,0,0,GEN-BUCA
29094579,"2026-01-22 11:32:47","2026-01-22 11:32:47",A7C4E1,"United States","United States",N6ZW,,,,,,Cessna,C172,"Cessna 172H Skyhawk",17255851,,,,,,Private,,,1967,,,,0,,,,,,0,0,0,0,0,,,,,,0,0,0,0,0,GEN-C172
29094500,"2026-01-22 11:31:36","2026-01-22 11:31:36",A743DA,"United States","United States",N5674L,,,,,,"Raven Industries",BALL,"Raven Industries RX.6 Hot Air Balloon",RX6-315,,,,,,Private,,,1978,,,,0,,,,,,0,0,0,0,0,,,,,,0,0,0,0,0,GEN-BALL
29093996,"2026-01-22 11:26:04","2026-01-22 11:26:04",3E6499,Germany,Germany,D-KDHH,,,,,,Schempp-Hirth,VENT,"Schempp-Hirth Ventus cM",50/494,,,,,,Private,,,1991,,,,0,,,,,,0,0,0,0,0,,,,,,0,0,0,0,0,GEN-VENT
29093877,"2026-01-22 11:24:58","2026-01-22 11:24:58",C0162E,Canada,Canada,C-FIKJ,,,,,,Bell,B429,"Bell 429 Global Ranger",57254,,,,,,"Bell Helicopter Textron Canada",,,,,,,0,,,,,,0,0,0,0,0,,,,,,0,0,0,0,0,GEN-B429
29092871,"2026-01-22 11:14:07","2026-01-22 11:14:07",78026F,China,China,B-6229,,,,,,Airbus,A319,"Airbus A319 115",2762,,,,,,"Chengdu Airlines",,,2006,,,,0,,,,,,0,0,0,0,0,,,,,,0,0,0,0,0,UEA
29092805,"2026-01-22 11:13:24","2026-01-22 11:13:24",508343,Ukraine,Ukraine,UR-CNU,,,,,,Airbus,A320,"Airbus A320 212",525,,,,,,"Cham Wings Airlines",,,,,,,0,,,,,,0,0,0,0,0,,,,,,0,0,0,0,0,SAW
29092644,"2026-01-22 11:11:45","2026-01-22 11:11:45",A010BC,"United States","United States",N103KB,,,,,,Bombardier,CL60,"Bombardier Challenger 601 3A",5065,,,,,,"Blue Angel Aviation LLC",,,1990,,,,0,,,,,,0,0,0,0,0,,,,,,0,0,0,0,0,GEN-CL60
29091862,"2026-01-22 11:03:51","2026-01-22 11:03:51",A00508,"United States","United States",N100DJ,,,,,,Piper,PA34,"Piper PA-34 220T Seneca V",3449309,,,,,,Private,,,2004,,,,0,,,,,,0,0,0,0,0,,,,,,0,0,0,0,0,GEN-PA34
29091361,"2026-01-22 10:58:21","2026-01-22 10:58:21",34514B,Spain,Spain,EC-010,,,,,,Airbus,C295,"Airbus C295MP Persuader",S.211,,,,,,"Irish Air Corps",,,2022,,,,0,,,,,,0,0,0,0,0,,,,,,0,0,0,0,0,IRL
29091063,"2026-01-22 10:56:33","2026-01-22 10:56:33",AC0E8B,"United States","United States",N876VR,,,,,,"Raytheon Aircraft Company",H25B,"Raytheon Aircraft Company 125 800XP",258586,,,,,,"Cessna Aircraft Company",,,,,,,0,,,,,,0,0,0,0,0,,,,,,0,0,0,0,0,GEN-H25B
29090598,"2026-01-22 10:49:57","2026-01-22 10:49:57",480C02,Netherlands,Netherlands,T-264,,,,,,Douglas,DC10,"Douglas DC-10 KDC-10",46985,,,,,,"Omega Air",,,1978,,,,0,,,,,,1,0,0,0,0,,,,,,0,0,0,0,0,GEN-DC10
29090187,"2026-01-22 10:45:13","2026-01-22 10:45:13",A98360,"United States","United States",N7119J,,,,,,Piper,P28A,"Piper PA-28 181 Archer III",2881169,,,,,,Private,,,2019,,,,0,,,,,,0,0,0,0,0,,,,,,0,0,0,0,0,GEN-P28A
29089431,"2026-01-22 10:36:51","2026-01-22 10:36:51",07C420,Sudan,Sudan,VH-NBP,,,,,,Boeing,B737,"Boeing 737",38128,,,,,,"Virgin Australia",,,2011,,,,0,,,,,,0,0,0,0,0,,,,,,0,0,0,0,0,VOZ
29089381,"2026-01-22 10:36:19","2026-01-22 10:36:19",A6CFCF,"United States","United States",N538TA,,,,,,"Textron Aviation",C182,"Textron Aviation 182T Skylane",18283038,,,,,,Private,,,2018,,,,0,,,,,,0,0,0,0,0,,,,,,0,0,0,0,0,GEN-C182
29089198,"2026-01-22 10:34:27","2026-01-22 10:34:27",AD0A2A,"United States","United States",N9395L,,,,,,"American Aviation",AA1,"American Aviation AA-1A Trainer",AA1A-0095,,,,,,Private,,,1970,,,,0,,,,,,0,0,0,0,0,,,,,,0,0,0,0,0,GEN-AA1
29088413,"2026-01-22 10:25:22","2026-01-22 10:25:22",502CB5,Latvia,Latvia,YL-PSC,,,,,,Boeing,B738,"Boeing 737NG 86N/W",33419,,,,,,"Primera Air Nordic",,,2002,,,,0,,,,,,0,0,0,0,0,,,,,,0,0,0,0,0,PRW
29087879,"2026-01-22 10:19:41","2026-01-22 10:19:41",A95384,"United States","United States",N70PK,,,,,,"Sud Aviation",ALO2,"Sud Aviation Alouette Astazou SA.318C",1123,,,,,,Private,,,,,,,0,,,,,,0,0,0,0,0,,,,,,0,0,0,0,0,GEN-ALO2
29087747,"2026-01-22 10:18:14","2026-01-22 10:18:14",730E1A,Iran,Iran,EP-CPZ,,,,,,"McDonnell Douglas",MD83,"McDonnell Douglas DC-9 83",53464,,,,,,"Caspian Airlines",,,1994,,,,0,,,,,,0,0,0,0,0,,,,,,0,0,0,0,0,CPN
29087636,"2026-01-22 10:17:02","2026-01-22 10:17:02",A8555C,"United States","United States",N636PS,,,,,,"Cirrus Design",SR22,"Cirrus Design SR22",3131,,,,,,Private,,,2008,,,,0,,,,,,0,0,0,0,0,,,,,,0,0,0,0,0,GEN-SR22
29087457,"2026-01-22 10:14:59","2026-01-22 10:14:59",A60ED7,"United States","United States",N49ME,,,,,,Schempp-Hirth,GLID,"Schempp-Hirth Cirrus",4,,,,,,Private,,,1967,,,,0,,,,,,0,0,0,0,0,,,,,,0,0,0,0,0,GEN-GLID
29086446,"2026-01-22 10:04:53","2026-01-22 10:04:53",A69DE0,"United States","United States",N5250G,,,,,,Cessna,O1,"Cessna O-1A Bird Dog",23229,,,,,,Private,,,,,,,0,,,,,,0,0,0,0,0,,,,,,0,0,0,0,0,GEN-O1
29086391,"2026-01-22 10:04:18","2026-01-22 10:04:18",ADEA99,"United States","United States",N996TC,,,,,,"Thunder & Colt",BALL,"Thunder & Colt AX.9-140 SII Hot Air Balloon",1642US,,,,,,Private,,,1990,,,,0,,,,,,0,0,0,0,0,,,,,,0,0,0,0,0,GEN-BALL
29085552,"2026-01-22 09:55:03","2026-01-22 09:55:03",ACFED0,"United States","United States",N93633,,,,,,Bellanca,BL17,"Bellanca Turbo Super Viking 17-31-ATC",73-31063,,,,,,Private,,,1973,,,,0,,,,,,0,0,0,0,0,,,,,,0,0,0,0,0,GEN-BL17
29085316,"2026-01-22 09:52:19","2026-01-22 09:52:19",E0C1D2,Argentina,Argentina,LV-LGR,,,,,,MBB,B105,"MBB Bo.105 A",S-53,,,,,,Private,,,1972,,,,0,,,,,,0,0,0,0,0,,,,,,0,0,0,0,0,GEN-B105
27212,"2022-05-18 03:27:49","2026-01-22 09:48:56",48425C,Netherlands,Netherlands,"",,,,"",,"",-GND,"","",,,,,,"",,,,,,"",0,,,,,,0,0,0,0,0,Missing,,,"","",0,0,0,0,0,GEN--GND
29084940,"2026-01-22 09:48:10","2026-01-22 09:48:10",A1A77B,"United States","United States",N2054A,,,,,,"Textron Aviation",C25C,"Textron Aviation Citation CJ4",525C0243,,,,,,Corporate,,,2016,,,,0,,,,,,0,0,0,0,0,,,,,,0,0,0,0,0,GEN-C25C
29084154,"2026-01-22 09:39:32","2026-01-22 09:39:32",C07BEA,Canada,Canada,C-GUYB,,,,,,Bernier,ZZZZ,"Bernier G-Bair 6T",6,,,,,,Private,,,,,,,0,,,,,,0,0,0,0,0,,,,,,0,0,0,0,0,GEN-ZZZZ
29083746,"2026-01-22 09:35:22","2026-01-22 09:35:22",4074AA,"United Kingdom","United Kingdom",G-NMUS,,,,,,Steen,BOLT,"Steen Skybolt",BZ-2015,,,,,,Private,,,2015,,,,0,,,,,,0,0,0,0,0,,,,,,0,0,0,0,0,GEN-BOLT
29083681,"2026-01-22 09:34:50","2026-01-22 09:34:50",44B032,Belgium,Belgium,OO-LAR,,,,,,Mudry,CP10,"Mudry CAP-10 B",198,,,,,,Private,,,,,,,0,,,,,,0,0,0,0,0,,,,,,0,0,0,0,0,GEN-CP10
29083347,"2026-01-22 09:31:25","2026-01-22 09:31:25",4074A6,"United Kingdom","United Kingdom",G-OJMP,,,,,,Cessna,C208,"Cessna 208 B",208B0917,,,,,,"Parachuting Aircraft Ltd",,,2001,,,,0,,,https://cdn.jetphotos.com/full/6/11006_1623507454.jpg,https://cdn.jetphotos.com/full/6/20551_1623507407.jpg,https://cdn.jetphotos.com/full/5/23921_1533031766.jpg,0,0,0,0,0,,,,,,0,0,0,0,0,GEN-C208
29082508,"2026-01-22 09:22:01","2026-01-22 09:22:01",AB6C00,"United States","United States",N835M,,,,,,Bell,UH1,"Bell UH-1H Iroquois",12741,,,,,,"Johar Helicopters",,,,,,,0,,,,,,0,0,0,0,0,,,,,,0,0,0,0,0,GEN-UH1
29082175,"2026-01-22 09:18:35","2026-01-22 09:18:35",44B82D,Belgium,Belgium,OO-NAM,,,,,,Schleicher,GLID,"Schleicher ASW 20",20139,,,,,,Private,,,1979,,,,0,,,,,,0,0,0,0,0,,,,,,0,0,0,0,0,GEN-GLID
29081963,"2026-01-22 09:16:18","2026-01-22 09:16:18",402B49,"United Kingdom","United Kingdom",G-WYSZ,,,,,,Robin,DR40,"Robin DR.400 100 Cadet",1829,,,,,,Private,,,1988,,,,0,,,,,,0,0,0,0,0,,,,,,0,0,0,0,0,GEN-DR40
29081915,"2026-01-22 09:15:16","2026-01-22 09:15:16",402255,"United Kingdom","United Kingdom",G-MFMM,,,,,,Scheibe,SF25,"Scheibe SF-25C Falke",4412,,,,,,Private,,,,,,,0,,,,,,0,0,0,0,0,,,,,,0,0,0,0,0,GEN-SF25
29081470,"2026-01-22 09:10:41","2026-01-22 09:10:41",4ACDA4,Sweden,Sweden,SE-SMD,,,,,,Slingsby,GLID,"Slingsby T.21 B Sedbergh TX.1",609,,,,,,Private,,,1949,,,,0,,,,,,0,0,0,0,0,,,,,,0,0,0,0,0,GEN-GLID
29081155,"2026-01-22 09:07:24","2026-01-22 09:07:24",40440C,"United Kingdom","United Kingdom",G-TBGT,,,,,,SOCATA,TB20,"SOCATA TB20 Trinidad",2027,,,,,,Private,,,2000,,,,0,,,,,,0,0,0,0,0,,,,,,0,0,0,0,0,GEN-TB20
29080739,"2026-01-22 09:03:04","2026-01-22 09:03:04",3EEAE7,Germany,Germany,D-2640,,,,,,Rolladen-Schneider,GLID,"Rolladen-Schneider LS4",4429,,,,,,Private,,,1984,,,,0,,,,,,0,0,0,0,0,,,,,,0,0,0,0,0,GEN-GLID
29080560,"2026-01-22 09:00:56","2026-01-22 09:00:56",AA2438,"United States","United States",N7523,,,,,,LET,GLID,"LET L-13 Blanik",025523,,,,,,Private,,,1973,,,,0,,,,,,0,0,0,0,0,,,,,,0,0,0,0,0,GEN-GLID
29079962,"2026-01-22 08:53:30","2026-01-22 08:53:30",AB7257,"United States","United States",N83697,,,,,,Aeronca,CH7A,"Aeronca Champion 7AC",7AC-2375,,,,,,Private,,,1946,,,,0,,,,,,0,0,0,0,0,,,,,,0,0,0,0,0,GEN-CH7A
29079783,"2026-01-22 08:51:29","2026-01-22 08:51:29",009604,"South Africa","South Africa",ZS-IID,,,,,,Cessna,C210,"Cessna 210K Centurion",21059356,,,,,,Private,,,1970,,,,0,,,,,,0,0,0,0,0,,,,,,0,0,0,0,0,GEN-C210
29078618,"2026-01-22 08:38:05","2026-01-22 08:38:05",AAE31E,"United States","United States",N800NW,,,,,,Evektor-Aerotechnik,EVSS,"Evektor-Aerotechnik EV-97 Sportstar",2007-0820,,,,,,Private,,,2007,,,,0,,,,,,0,0,0,0,0,,,,,,0,0,0,0,0,GEN-EVSS
29078507,"2026-01-22 08:36:44","2026-01-22 08:36:44",40724B,"United Kingdom","United Kingdom",G-CJSI,,,,,,"Lindstrand Technologies",BALL,"Lindstrand Technologies LTL Series 1-310",020,,,,,,Private,,,,,,,0,,,,,,0,0,0,0,0,,,,,,0,0,0,0,0,GEN-BALL
29078413,"2026-01-22 08:35:38","2026-01-22 08:35:38",AB6616,"United States","United States",N83313,,,,,,Aeronca,CH7A,"Aeronca Champion 7AC",7AC-1981,,,,,,Private,,,1946,,,,0,,,,,,0,0,0,0,0,,,,,,0,0,0,0,0,GEN-CH7A
29077460,"2026-01-22 08:24:00","2026-01-22 08:24:00",A8DAB1,"United States","United States",N67PN,,,,,,Aerotek,PTS2,"Aerotek Pitts Special S-2A",2219,,,,,,Private,,,1980,,,,0,,,,,,0,0,0,0,0,,,,,,0,0,0,0,0,GEN-PTS2
29077303,"2026-01-22 08:22:24","2026-01-22 08:22:24",A96A6B,"United States","United States",N70567,,,,,,Kolb,ULAC,"Kolb Twinstar Mk.II",M2-144,,,,,,Private,,,1990,,,,0,,,,,,0,0,0,0,0,,,,,,0,0,0,0,0,GEN-ULAC
29076555,"2026-01-22 08:14:16","2026-01-22 08:14:16",448162,Belgium,Belgium,"",,,,,,"",-GND,"Ground Vehicle",,,,,,,"Brussels Airport",,,,,,,0,,,,,,0,0,0,0,0,,,,,,0,0,0,0,0,GEN--GND
29076539,"2026-01-22 08:14:05","2026-01-22 08:14:05",404FC0,"United Kingdom","United Kingdom",G-DAWZ,,,,,,HpH,GLID,"HpH 304 Wasp CZ-17",33-17,,,,,,Private,,,2000,,,,0,,,,,,0,0,0,0,0,,,,,,0,0,0,0,0,GEN-GLID
29075808,"2026-01-22 08:05:46","2026-01-22 08:05:46",A4C59A,"United States","United States",N4062S,,,,,,"Balloon Works",BALL,"Balloon Works Firefly 7 Hot Air Balloon",11141,,,,,,Private,,,,,,,0,,,,,,0,0,0,0,0,,,,,,0,0,0,0,0,GEN-BALL
29075563,"2026-01-22 08:02:58","2026-01-22 08:02:58",A09F38,"United States","United States",N13914,,,,,,Embraer,E145,"Embraer ERJ-145 LR",145430,,,,,,"United Express",,,,,,,0,,,,,,0,0,0,0,0,,,,,,0,0,0,0,0,ASQ
29075510,"2026-01-22 08:02:26","2026-01-22 08:02:26",AA04F7,"United States","United States",N74488,,,,,,Bellanca,B14A,"Bellanca Cruisair Senior 14-13-3",1601,,,,,,Private,,,1948,,,,0,,,,,,0,0,0,0,0,,,,,,0,0,0,0,0,GEN-B14A
29075320,"2026-01-22 07:59:49","2026-01-22 07:59:49",A50606,"United States","United States",N4224W,,,,,,"General Motors",WCAT,"General Motors Wildcat FM-2",1360,,,,,,Private,,,,,,,0,,,,,,0,0,0,0,0,,,,,,0,0,0,0,0,GEN-WCAT
29075200,"2026-01-22 07:58:33","2026-01-22 07:58:33",C03CE7,Canada,Canada,C-FXBQ,,,,,,Slipstream,ULAC,"Slipstream Genesis XL",39,,,,,,Private,,,,,,,0,,,,,,0,0,0,0,0,,,,,,0,0,0,0,0,GEN-ULAC
11102,"2021-11-08 16:26:52","2026-01-22 07:54:22",C87EE8,"New Zealand","New Zealand","",,,,"",,"",ZZZZ,"","",,,,,,"",,,,,,"",0,,,,,,0,0,0,0,0,Missing,,,"","",0,0,0,0,0,GEN-ZZZZ
766556,"2023-10-30 20:59:55","2026-01-22 07:54:22",43BF96,"United Kingdom","United Kingdom","",,,,"",,"",ZANT,"","",,,,,,"",,,,,,"",0,,,,,,0,0,0,0,0,Missing,,,"","",0,0,0,0,0,ZANT
29074608,"2026-01-22 07:51:34","2026-01-22 07:51:34",A3F38C,"United States","United States",N3539G,,,,,,Cessna,C182,"Cessna 182T Skylane",18281039,,,,,,Private,,,,,,,0,,,,,,0,0,0,0,0,,,,,,0,0,0,0,0,GEN-C182
29074039,"2026-01-22 07:45:26","2026-01-22 07:45:26",49A944,"Czech Republic","Czech Republic",OK-JJD,,,,,,Let,Z37P,"Let Cmelak Z-37A",24-05,,,,,,Private,,,,,,,0,,,,,,0,0,0,0,0,,,,,,0,0,0,0,0,GEN-Z37P
29073931,"2026-01-22 07:43:46","2026-01-22 07:43:46",393C8F,France,France,F-GPEP,,,,,,"Sud Aviation",ALO2,"Sud Aviation Alouette Astazou SA.318C",1322,,,,,,Private,,,,,,,0,,,,,,0,0,0,0,0,,,,,,0,0,0,0,0,GEN-ALO2
29073932,"2026-01-22 07:43:46","2026-01-22 07:43:46",AB8A58,"United States","United States",N8425K,,,,,,Stinson,S108,"Stinson Voyager 108-1",108-1425,,,,,,Private,,,1946,,,,0,,,,,,0,0,0,0,0,,,,,,0,0,0,0,0,GEN-S108
29072746,"2026-01-22 07:29:24","2026-01-22 07:29:24",A1B0C3,"United States","United States",N208LP,,,,,,Cessna,C208,"Cessna 208",699,,,,,,"Cessna Aircraft Company",,,1983,,,,0,,,,,,0,0,0,0,0,,,,,,0,0,0,0,0,GEN-C208
29072503,"2026-01-22 07:26:31","2026-01-22 07:26:31",A75587,"United States","United States",N57171,,,,,,"Raven Industries",BALL,"Raven Industries Rally RX.7 Hot Air Balloon",RX7-248,,,,,,Private,,,1981,,,,0,,,,,,0,0,0,0,0,,,,,,0,0,0,0,0,GEN-BALL
29071955,"2026-01-22 07:20:20","2026-01-22 07:20:20",4063AE,"United Kingdom","United Kingdom",G-LALE,,,,,,Embraer,E35L,"Embraer Legacy 600",14501017,,,,,,"Bookajet Operations Ltd",,,,,,,0,,,,,,0,0,0,0,0,,,,,,0,0,0,0,0,BOO
29071816,"2026-01-22 07:18:58","2026-01-22 07:18:58",C095D8,Canada,Canada,C-IETJ,,,,,,Micronautics,ZZZZ,"Micronautics C.G.S. Hawk B2CII",830012,,,,,,Private,,,,,,,0,,,,,,0,0,0,0,0,,,,,,0,0,0,0,0,GEN-ZZZZ
29071387,"2026-01-22 07:13:41","2026-01-22 07:13:41",4CABA0,Ireland,Ireland,EI-FZE,,,,,,Boeing,B738,"Boeing 737NG 800/W",44778,,,,,,Ryanair,,,2017,,,,0,,,,,,0,0,0,0,0,,,,,,0,0,0,0,0,RYR
29070173,"2026-01-22 07:00:28","2026-01-22 07:00:28",731E06,Iran,Iran,EP-GPF,,,,,,HESA,A140,"HESA Iran-140 100",9010,,,,,,"HESA Airlines",,,,,,,0,,,,,,0,0,0,0,0,,,,,,0,0,0,0,0,SPN
29069386,"2026-01-22 06:51:33","2026-01-22 06:51:33",4BE42A,Turkey,Turkey,TC-YAJ,,,,,,Embraer,E190,"Embraer EMB-190 LR",19000230,,,,,,BoraJet,,,2008,,,,0,,,,,,0,0,0,0,0,,,,,,0,0,0,0,0,GEN-E190
29068897,"2026-01-22 06:46:00","2026-01-22 06:46:00",AC7261,"United States","United States",N9006L,,,,,,Champion,CH7A,"Champion Citabria 7ECA",750-70,,,,,,Private,,,1970,,,,0,,,,,,0,0,0,0,0,,,,,,0,0,0,0,0,GEN-CH7A
29068007,"2026-01-22 06:35:27","2026-01-22 06:35:27",A8684F,"United States","United States",N6405N,,,,,,Cessna,C210,"Cessna 210N Centurion",21062981,,,,,,Private,,,1978,,,,0,,,,,,0,0,0,0,0,,,,,,0,0,0,0,0,GEN-C210
29066834,"2026-01-22 06:21:18","2026-01-22 06:21:18",C01E92,Canada,Canada,C-FLOZ,,,,,,"Zénith",CH70,"Zénith Zenair STOL CH 701",7-1587,,,,,,Private,,,,,,,0,,,,,,0,0,0,0,0,,,,,,0,0,0,0,0,GEN-CH70
29066401,"2026-01-22 06:16:37","2026-01-22 06:16:37",ABFD78,"United States","United States",N87175,,,,,,Cessna,C402,"Cessna 402B",402B1010,,,,,,Private,,,1975,,,,0,,,,,,0,0,0,0,0,,,,,,0,0,0,0,0,GEN-C402
29065109,"2026-01-22 06:01:08","2026-01-22 06:01:08",A76BA9,"United States","United States",N5776W,,,,,,Piper,P28A,"Piper PA-28 150 Cherokee B",28-1611,,,,,,Private,,,1964,,,,0,,,,,,0,0,0,0,0,,,,,,0,0,0,0,0,GEN-P28A
29064934,"2026-01-22 05:58:29","2026-01-22 05:58:29",3FA45F,Germany,Germany,72+95,,,,,,Dornier,UH1,"Dornier UH-1D Iroquois",8415,,,,,,"German Army",,,,,,,0,,,,,,1,0,0,0,0,,,,,,0,0,0,0,0,
29064020,"2026-01-22 05:47:48","2026-01-22 05:47:48",390DD1,France,France,F-GDOR,,,,,,Reims/Cessna,C152,"Reims/Cessna F152",1948,,,,,,Private,,,,,,,0,,,,,,0,0,0,0,0,,,,,,0,0,0,0,0,GEN-C152
29063720,"2026-01-22 05:43:12","2026-01-22 05:43:12",A6B1BA,"United States","United States",N530PH,,,,,,"McDonnell Douglas Helicopters",H500,"McDonnell Douglas Helicopters 369 FF",0148FF,,,,,,Private,,,2007,,,,0,,,,,,0,0,0,0,0,,,,,,0,0,0,0,0,GEN-H500
29063600,"2026-01-22 05:41:46","2026-01-22 05:41:46",A1FE75,"United States","United States",N2278C,,,,,,Cessna,C172,"Cessna 172S Skyhawk SP",172S9953,,,,,,Private,,,2005,,,,0,,,,,,0,0,0,0,0,,,,,,0,0,0,0,0,GEN-C172
29063316,"2026-01-22 05:38:12","2026-01-22 05:38:12",14186F,Russia,Russia,RA-06255,,,,,,Mil,MI26,"Mil Mi-26 T",34001212623,,,,,,"Rostvertal Avia",,,,,,,0,,,,,,0,0,0,0,0,,,,,,0,0,0,0,0,GEN-MI26
29062846,"2026-01-22 05:32:46","2026-01-22 05:32:46",0641C4,Nigeria,Nigeria,5N-RDK,,,,,,Boeing,B744,"Boeing 747 4F6",28959,,,,,,"Kabo Air",,,1998,,,,0,,,,,,0,0,0,0,0,,,,,,0,0,0,0,0,QNK
29061719,"2026-01-22 05:17:37","2026-01-22 05:17:37",00A023,"South Africa","South Africa",ZS-MDU,,,,,,Piper,PA34,"Piper PA-34 200T Seneca II",34-7570250,,,,,,Private,,,1975,,,,0,,,,,,0,0,0,0,0,,,,,,0,0,0,0,0,GEN-PA34
29061627,"2026-01-22 05:16:37","2026-01-22 05:16:37",40348D,"United Kingdom","United Kingdom",G-MWVA,,,,,,"Solar Wings",ULAC,"Solar Wings Pegasus XL-Q",SW-WQ-0457,,,,,,Private,,,1991,,,,0,,,,,,0,0,0,0,0,,,,,,0,0,0,0,0,GEN-ULAC
29061395,"2026-01-22 05:13:52","2026-01-22 05:13:52",AAF40D,"United States","United States",N8047G,,,,,,Cessna,C77R,"Cessna 177 Cardinal RG",177RG0047,,,,,,Private,,,1971,,,,0,,,,,,0,0,0,0,0,,,,,,0,0,0,0,0,GEN-C77R
29061359,"2026-01-22 05:12:52","2026-01-22 05:12:52",3C70A5,Germany,Germany,D-ALEE,,,,,,Boeing,B752,"Boeing 757 236F",22183,,,,,,"DHL Air",,,1984,,,,0,,,,,,0,0,0,0,0,,,,,,0,0,0,0,0,BCS
29059744,"2026-01-22 04:50:37","2026-01-22 04:50:37",A7C7A0,"United States","United States",N600DX,,,,,,Piper,M600,"Piper PA-46-600TP M600",4698155,,,,,,Private,,,2020,,,,0,,,,,,0,0,0,0,0,,,,,,0,0,0,0,0,GEN-M600
29059543,"2026-01-22 04:48:08","2026-01-22 04:48:08",402059,"United Kingdom","United Kingdom",G-BKMG,,,,,,Reproduction,ZZZZ,"Reproduction HP 0/400 Scale Replica",TPG-1,,,,,,Private,,,2010,,,,0,,,,,,0,0,0,0,0,,,,,,0,0,0,0,0,GEN-ZZZZ
29059481,"2026-01-22 04:47:23","2026-01-22 04:47:23",3F3278,Germany,Germany,D-OFAE,,,,,,Lindstrand,BALL,"Lindstrand LBL.120A Hot Air Balloon",975,,,,,,Private,,,,,,,0,,,,,,0,0,0,0,0,,,,,,0,0,0,0,0,GEN-BALL
29059482,"2026-01-22 04:47:23","2026-01-22 04:47:23",A540AA,"United States","United States",N43782,,,,,,Taylorcraft,TAYB,"Taylorcraft BC-12 D",7441,,,,,,Private,,,1946,,,,0,,,,,,0,0,0,0,0,,,,,,0,0,0,0,0,GEN-TAYB
29058907,"2026-01-22 04:40:00","2026-01-22 04:40:00",45D043,Denmark,Denmark,OY-TBC,,,,,,Cessna,C82R,"Cessna RT182 Turbo Skylane RG",R18201949,,,,,,Private,,,1983,,,,0,,,,,,0,0,0,0,0,,,,,,0,0,0,0,0,GEN-C82R
29056994,"2026-01-22 04:14:40","2026-01-22 04:14:40",A4D0B9,"United States","United States",N4092L,,,,,,"Textron Aviation",C25M,"Textron Aviation Citation M2",525-1032,,,,,,"Textron Aviation Inc",,,2019,,,,0,,,,,,0,0,0,0,0,,,,,,0,0,0,0,0,GEN-C25M
29056785,"2026-01-22 04:11:53","2026-01-22 04:11:53",7C4925,Australia,Australia,VH-OQF,,,,,,Airbus,A388,"Airbus A380 842",29,,,,,,Qantas,,,2009,,,,0,,,,,,0,0,0,0,0,,,,,,0,0,0,0,0,QFA
29055583,"2026-01-22 03:55:26","2026-01-22 03:55:26",A9796F,"United States","United States",N7098B,,,,,,Piper,J3,"Piper J-3 C-65 Cub",18087,,,,,,Private,,,1946,,,,0,,,,,,0,0,0,0,0,,,,,,0,0,0,0,0,GEN-J3
29055130,"2026-01-22 03:49:05","2026-01-22 03:49:05",C02598,Canada,Canada,CF-OGD,,,,,,Cessna,C140,"Cessna 140",10825,,,,,,Private,,,1946,,,,0,,,,,,0,0,0,0,0,,,,,,0,0,0,0,0,GEN-C140
29053578,"2026-01-22 03:27:17","2026-01-22 03:27:17",A88BF0,"United States","United States",N65RZ,,,,,,Gates,LJ35,"Gates Learjet 35 A",35A-236,,,,,,"Grupo Especializado de Servicias Aereos",,,1979,,,,0,,,,,,0,0,0,0,0,,,,,,0,0,0,0,0,GEN-LJ35
29053355,"2026-01-22 03:24:08","2026-01-22 03:24:08",45B5F2,Denmark,Denmark,OY-MOR,,,,,,Cameron,BALL,"Cameron O-84 Hot Air Balloon",1465,,,,,,Private,,,1987,,,,0,,,,,,0,0,0,0,0,,,,,,0,0,0,0,0,GEN-BALL
29051823,"2026-01-22 03:03:12","2026-01-22 03:03:12",A4C9B6,"United States","United States",N4075N,,,,,,Bushby,MUS2,"Bushby Mustang II",129,,,,,,Private,,,,,,,0,,,,,,0,0,0,0,0,,,,,,0,0,0,0,0,GEN-MUS2
29051651,"2026-01-22 03:01:03","2026-01-22 03:01:03",AA0092,"United States","United States",N74339,,,,,,Bellanca,B14A,"Bellanca Cruisair Senior 14-13-2",1452,,,,,,Private,,,1947,,,,0,,,,,,0,0,0,0,0,,,,,,0,0,0,0,0,GEN-B14A
29051530,"2026-01-22 02:59:29","2026-01-22 02:59:29",4C0D98,Serbia,Serbia,YU-DMY,,,,,,Piper,P28A,"Piper PA-28 140 Cherokee",28-20970,,,,,,Private,,,1965,,,,0,,,,,,0,0,0,0,0,,,,,,0,0,0,0,0,GEN-P28A
29051298,"2026-01-22 02:56:26","2026-01-22 02:56:26",39A181,France,France,F-HIMB,,,,,,Piper,PA46,"Piper PA-46 350P Malibu Mirage",4636305,,,,,,Private,,,2000,,,,0,,,,,,0,0,0,0,0,,,,,,0,0,0,0,0,GEN-PA46
29050204,"2026-01-22 02:41:22","2026-01-22 02:41:22",3EF8FF,Germany,Germany,D-6248,,,,,,Schleicher,GLID,"Schleicher K 8 B",1016,,,,,,Private,,,,,,,0,,,,,,0,0,0,0,0,,,,,,0,0,0,0,0,GEN-GLID
29050153,"2026-01-22 02:40:31","2026-01-22 02:40:31",A32339,"United States","United States",N301BY,,,,,,"Textron Aviation",BE20,"Textron Aviation King Air 200GT",BY-301,,,,,,"Textron Aviation Inc",,,2017,,,,0,,,,,,0,0,0,0,0,,,,,,0,0,0,0,0,GEN-BE20
29049216,"2026-01-22 02:27:19","2026-01-22 02:27:19",A0BEA2,"United States","United States",N147VX,,,,,,ERCO,ERCO,"Ercoupe 415-CD",3832,,,,,,Private,,,1946,,,,0,,,,,,0,0,0,0,0,,,,,,0,0,0,0,0,GEN-ERCO
29049217,"2026-01-22 02:27:19","2026-01-22 02:27:19",A1C791,"United States","United States",N2134F,,,,,,"Balloon Works",BALL,"Balloon Works Firefly 6B Hot Air Balloon",6635,,,,,,Private,,,1976,,,,0,,,,,,0,0,0,0,0,,,,,,0,0,0,0,0,GEN-BALL
29048904,"2026-01-22 02:22:48","2026-01-22 02:22:48",A55E06,"United States","United States",N445JP,,,,,,Cessna,C208,"Cessna 208 EX",208B-5045,,,,,,"Hawkeye Group LLC",,,2013,,,,0,,,,,,0,0,0,0,0,,,,,,0,0,0,0,0,GEN-C208
29048735,"2026-01-22 02:20:57","2026-01-22 02:20:57",A88581,"United States","United States",N6481U,,,,,,Mooney,M20P,"Mooney M.20C Mark 21",2228,,,,,,Private,,,,,,,0,,,,,,0,0,0,0,0,,,,,,0,0,0,0,0,GEN-M20P
29048283,"2026-01-22 02:14:37","2026-01-22 02:14:37",A950AE,"United States","United States",N7JK,,,,,,Oldfield,BLKS,"Oldfield Baby Lakes",7003B-221B,,,,,,Private,,,,,,,0,,,,,,0,0,0,0,0,,,,,,0,0,0,0,0,GEN-BLKS
29047752,"2026-01-22 02:07:26","2026-01-22 02:07:26",ABD24E,"United States","United States",N8608G,,,,,,Cessna,C150,"Cessna 150F",15062708,,,,,,Private,,,1966,,,,0,,,,,,0,0,0,0,0,,,,,,0,0,0,0,0,GEN-C150
29047665,"2026-01-22 02:06:24","2026-01-22 02:06:24",4017A8,"United Kingdom","United Kingdom",G-AWLR,,,,,,Slingsby,NIPR,"Slingsby Nipper T.66 RA45 Srs.3",1662,,,,,,Private,,,1968,,,,0,,,,,,0,0,0,0,0,,,,,,0,0,0,0,0,GEN-NIPR
29047377,"2026-01-22 02:02:24","2026-01-22 02:02:24",A63A45,"United States","United States",N500DK,,,,,,Howard,DG15,"Howard DGA-15P Jobmaster",751,,,,,,Private,,,1943,,,,0,,,,,,0,0,0,0,0,,,,,,0,0,0,0,0,GEN-DG15
29047180,"2026-01-22 01:59:54","2026-01-22 01:59:54",A6A696,"United States","United States",N5279V,,,,,,Cessna,C182,"Cessna T182T Turbo Skylane",T18208177,,,,,,Private,,,2002,,,,0,,,,,,0,0,0,0,0,,,,,,0,0,0,0,0,GEN-C182
29046250,"2026-01-22 01:46:40","2026-01-22 01:46:40",0101CB,Egypt,Egypt,SU-TMI,,,,,,Boeing,B738,"Boeing 737NG 85P/W",33973,,,,,,FlyEgypt,,,2004,,,,0,,,,,,0,0,0,0,0,,,,,,0,0,0,0,0,FEG
29046135,"2026-01-22 01:45:06","2026-01-22 01:45:06",A1084F,"United States","United States",N166DM,,,,,,Piper,PA31,"Piper PA-31 350 Navajo Chieftain",31-7652117,,,,,,Private,,,,,,,0,,,,,,0,0,0,0,0,,,,,,0,0,0,0,0,GEN-PA31
29046030,"2026-01-22 01:43:30","2026-01-22 01:43:30",A2C73C,"United States","United States",N2785A,,,,,,"Quad City",ULAC,"Quad City Challenger II","CH 21293-1067",,,,,,Private,,,1993,,,,0,,,,,,0,0,0,0,0,,,,,,0,0,0,0,0,GEN-ULAC
29045538,"2026-01-22 01:36:39","2026-01-22 01:36:39",4AD66E,Sweden,Sweden,SE-USN,,,,,,Scheibe,SF25,"Scheibe SF-25C Falke",44342,,,,,,Private,,,1984,,,,0,,,,,,0,0,0,0,0,,,,,,0,0,0,0,0,GEN-SF25
29043399,"2026-01-22 01:08:46","2026-01-22 01:08:46",AE05C0,"United States","United States",79-0478,,,,,,Lockheed,C130,"Lockheed C-130H Hercules",4858,,,,,,"United States Air Force",,,,,,,0,,,,,,1,0,0,0,0,,,,,,0,0,0,0,0,RCH
29043388,"2026-01-22 01:08:40","2026-01-22 01:08:40",403D48,"United Kingdom","United Kingdom",G-JACK,,,,,,Cessna,C421,"Cessna 421C Golden Eagle",421C1411,,,,,,Private,,,1983,,,,0,,,,,,0,0,0,0,0,,,,,,0,0,0,0,0,GEN-C421
29042546,"2026-01-22 00:56:04","2026-01-22 00:56:04",75005B,Malaysia,Malaysia,9M-MKA,,,,,,Airbus,A333,"Airbus A330 322",67,,,,,,"Malaysia Airlines",,,1995,,,,0,,,,,,0,0,0,0,0,,,,,,0,0,0,0,0,GEN-A333
29041521,"2026-01-22 00:43:38","2026-01-22 00:43:38",0B05EC,Cuba,Cuba,CU-A1056,,,,,,Antonov,AN2,"Antonov An-2 P",1G234-15,,,,,,ENSA,,,,,,,0,,,,,,0,0,0,0,0,,,,,,0,0,0,0,0,GEN-AN2
29041107,"2026-01-22 00:38:21","2026-01-22 00:38:21",4408E7,Austria,Austria,OE-ZKW,,,,,,Cameron,BALL,"Cameron N-90 Hot Air Balloon",3189,,,,,,Private,,,,,,,0,,,,,,0,0,0,0,0,,,,,,0,0,0,0,0,GEN-BALL
29041077,"2026-01-22 00:37:53","2026-01-22 00:37:53",A1F736,"United States","United States",N2259Q,,,,,,Piper,P28A,"Piper PA-28 181 Archer II",28-7790385,,,,,,Private,,,,,,,0,,,,,,0,0,0,0,0,,,,,,0,0,0,0,0,GEN-P28A
29040864,"2026-01-22 00:35:13","2026-01-22 00:35:13",C02FA5,Canada,Canada,C-FSBC,,,,,,Cessna,C650,"Cessna Citation VII",650-7092,,,,,,"Chartright Air Inc",,,,,,,0,,,,,,0,0,0,0,0,,,,,,0,0,0,0,0,HRT
29039817,"2026-01-22 00:20:36","2026-01-22 00:20:36",A1FBD1,"United States","United States",N227JG,,,,,,Denney,FOX,"Denney Kitfox Mk.III",1090,,,,,,Private,,,,,,,0,,,,,,0,0,0,0,0,,,,,,0,0,0,0,0,GEN-FOX
29039443,"2026-01-22 00:15:07","2026-01-22 00:15:07",A72E53,"United States","United States",N56196,,,,,,Piper,PA34,"Piper PA-34 200 Seneca",34-7350301,,,,,,Private,,,1973,,,,0,,,,,,0,0,0,0,0,,,,,,0,0,0,0,0,GEN-PA34
29039384,"2026-01-22 00:14:17","2026-01-22 00:14:17",A66A03,"United States","United States",N512NK,,,,,,Airbus,A319,"Airbus A319 132",2673,,,,,,"Spirit Airlines",,,2005,,,,0,,,,,,0,0,0,0,0,,,,,,0,0,0,0,0,NKS
29039247,"2026-01-22 00:12:21","2026-01-22 00:12:21",C0A118,Canada,Canada,C-IJAD,,,,,,Spectrum,BEVR,"Spectrum Beaver RX 550",SB-2582,,,,,,Private,,,,,,,0,,,,,,0,0,0,0,0,,,,,,0,0,0,0,0,GEN-BEVR
29038707,"2026-01-22 00:05:32","2026-01-22 00:05:32",873DA8,Japan,Japan,JA9616,,,,,,Bell,B412,"Bell 412",33109,,,,,,Private,,,,,,,0,,,,,,0,0,0,0,0,,,,,,0,0,0,0,0,GEN-B412
