AircraftID,FirstCreated,LastModified,ModeS,ModeSCountry,Country,Registration,CurrentRegDate,PreviousID,FirstRegDate,Status,DeRegDate,Manufacturer,ICAOTypeCode,Type,SerialNo,PopularName,GenericName,AircraftClass,Engines,OwnershipStatus,RegisteredOwners,MTOW,TotalHours,YearBuilt,CofACategory,CofAExpiry,UserNotes,Interested,UserTag,InfoURL,PictureURL1,PictureURL2,PictureURL3,UserBool1,UserBool2,UserBool3,UserBool4,UserBool5,UserString1,UserString2,UserString3,UserString4,UserString5,UserInt1,UserInt2,UserInt3,UserInt4,UserInt5,OperatorFlagCode
31801102,"2026-02-13 23:58:38","2026-02-13 23:58:38",A20571,"United States","United States",N22944,,,,,,Beech,BE58,"Beech Baron 58P",TJ-127,,,,,,Private,,,1977,,,,0,,,,,,0,0,0,0,0,,,,,,0,0,0,0,0,GEN-BE58
31800308,"2026-02-13 23:47:58","2026-02-13 23:47:58",A568B9,"United States","United States",N448E,,,,,,Bombardier,CL60,"Bombardier Challenger 604",5601,,,,,,"AIS Aviation LLC",,,2004,,,,0,,,,,,0,0,0,0,0,,,,,,0,0,0,0,0,GEN-CL60
31800239,"2026-02-13 23:47:03","2026-02-13 23:47:03",A6F84B,"United States","United States",N5482J,,,,,,"De Havilland Canada",DHC2,"De Havilland Canada DHC-2 Beaver",36,,,,,,"New Cal Aviation",,,1949,,,,0,,,,,,0,0,0,0,0,,,,,,0,0,0,0,0,GEN-DHC2
31799565,"2026-02-13 23:37:56","2026-02-13 23:37:56",AC83A5,"United States","United States",N905VL,,,,,,Britten-Norman,TRIS,"Britten-Norman Trislander BN-2A Mk.III-3",1048,,,,,,"Vieques Air Link",,,1977,,,,0,,,,,,0,0,0,0,0,,,,,,0,0,0,0,0,GEN-TRIS
31798848,"2026-02-13 23:29:00","2026-02-13 23:29:00",A892D8,"United States","United States",N6510Q,,,,,,Carlson,ULAC,"Carlson Sparrow",6849-129,,,,,,Private,,,2003,,,,0,,,,,,0,0,0,0,0,,,,,,0,0,0,0,0,GEN-ULAC
31798312,"2026-02-13 23:22:35","2026-02-13 23:22:35",A6E9FF,"United States","United States",N5446N,,,,,,Cessna,C182,"Cessna 182R Skylane",18267721,,,,,,Private,,,1980,,,,0,,,,,,0,0,0,0,0,,,,,,0,0,0,0,0,GEN-C182
31798216,"2026-02-13 23:21:13","2026-02-13 23:21:13",A505E5,"United States","United States",N4223Y,,,,,,"Raven Industries",BALL,"Raven Industries S-60A Hot Air Balloon",S60A-277,,,,,,Private,,,1984,,,,0,,,,,,0,0,0,0,0,,,,,,0,0,0,0,0,GEN-BALL
31798076,"2026-02-13 23:19:36","2026-02-13 23:19:36",A8F5AA,"United States","United States",N6769W,,,,,,Piper,P28A,"Piper PA-28 140 Cherokee",28-20896,,,,,,Private,,,1965,,,,0,,,,,,0,0,0,0,0,,,,,,0,0,0,0,0,GEN-P28A
31797152,"2026-02-13 23:08:04","2026-02-13 23:08:04",AB8100,"United States","United States",N840MV,,,,,,Rockwell,AC90,"Rockwell Turbo Commander 690C",11657,,,,,,"Aircraft Guaranty Corp Trustee",,,1980,,,,0,,,,,,0,0,0,0,0,,,,,,0,0,0,0,0,GEN-AC90
31796460,"2026-02-13 22:59:31","2026-02-13 22:59:31",A8F8A9,"United States","United States",N6774M,,,,,,Stinson,S108,"Stinson Voyager 108-3",108-4774,,,,,,Private,,,1949,,,,0,,,,,,0,0,0,0,0,,,,,,0,0,0,0,0,GEN-S108
31796361,"2026-02-13 22:58:24","2026-02-13 22:58:24",AAEFF0,"United States","United States",N8034K,,,,,,Stinson,S108,"Stinson Voyager 108-2",108-3034,,,,,,Private,,,1947,,,,0,,,,,,0,0,0,0,0,,,,,,0,0,0,0,0,GEN-S108
31796138,"2026-02-13 22:55:36","2026-02-13 22:55:36",A9C98B,"United States","United States",N73JS,,,,,,"American Aviation",AA1,"American Aviation AA-1A Trainer",AA1A-0314,,,,,,Private,,,1971,,,,0,,,,,,0,0,0,0,0,,,,,,0,0,0,0,0,GEN-AA1
31795906,"2026-02-13 22:52:31","2026-02-13 22:52:31",4407EC,Austria,Austria,OE-LNE,,,,,,Airbus,A319,"Airbus A319 112",3415,,,,,,Niki,,,2008,,,,0,,,,,,0,0,0,0,0,,,,,,0,0,0,0,0,NLY
31795724,"2026-02-13 22:50:13","2026-02-13 22:50:13",ADC43B,"United States","United States",N9863M,,,,,,Maule,M4,"Maule M-4 220C Strata Rocket",2002C,,,,,,Private,,,,,,,0,,,,,,0,0,0,0,0,,,,,,0,0,0,0,0,GEN-M4
31795447,"2026-02-13 22:47:01","2026-02-13 22:47:01",AAADAD,"United States","United States",N78756,,,,,,Piper,PA11,"Piper PA-11 Cub Special",11-1530,,,,,,Private,,,1948,,,,0,,,,,,0,0,0,0,0,,,,,,0,0,0,0,0,GEN-PA11
31795147,"2026-02-13 22:42:54","2026-02-13 22:42:54",ADA9D9,"United States","United States",N98LV,,,,,,Rutan,LGEZ,"Rutan Long-Ez",1664,,,,,,Private,,,,,,,0,,,,,,0,0,0,0,0,,,,,,0,0,0,0,0,GEN-LGEZ
31794699,"2026-02-13 22:36:55","2026-02-13 22:36:55",A2328B,"United States","United States",N2401S,,,,,,Cessna,C337,"Cessna 337B Super Skymaster",33700701,,,,,,Private,,,1967,,,,0,,,,,,0,0,0,0,0,,,,,,0,0,0,0,0,GEN-C337
31794156,"2026-02-13 22:30:10","2026-02-13 22:30:10",A00C60,"United States","United States",N102CM,,,,,,Vans,RV8,"Vans RV-8 A",81015,,,,,,Private,,,,,,,0,,,,,,0,0,0,0,0,,,,,,0,0,0,0,0,GEN-RV8
31794066,"2026-02-13 22:29:03","2026-02-13 22:29:03",7CF8B9,Australia,Australia,N22-021,,,,,,Aerospatiale,AS50,"Aerospatiale Squirrel AS.350 BA",1770,,,,,,"Royal Australian Navy",,,1984,,,,0,,,,,,1,0,0,0,0,,,,,,0,0,0,0,0,
31793888,"2026-02-13 22:26:53","2026-02-13 22:26:53",ABA764,"United States","United States",N850AM,,,,,,"Textron Aviation",C208,"Textron Aviation 208 EX",208B-5307,,,,,,Corporate,,,2016,,,,0,,,,,,0,0,0,0,0,,,,,,0,0,0,0,0,GEN-C208
31793871,"2026-02-13 22:26:35","2026-02-13 22:26:35",A4F4CA,"United States","United States",N4184P,,,,,,"Air Tractor",AT6T,"Air Tractor AT-602",602-1190,,,,,,Private,,,2010,,,,0,,,,,,0,0,0,0,0,,,,,,0,0,0,0,0,GEN-AT6T
31793669,"2026-02-13 22:24:18","2026-02-13 22:24:18",A0F555,"United States","United States",N1609V,,,,,,Cessna,C172,"Cessna R172K Hawk XP",R1722205,,,,,,Private,,,1976,,,,0,,,,,,0,0,0,0,0,,,,,,0,0,0,0,0,GEN-C172
31790910,"2026-02-13 21:51:28","2026-02-13 21:51:28",A0420A,"United States","United States",N11561,,,,,,Cessna,C150,"Cessna 150L",15075522,,,,,,Private,,,1973,,,,0,,,,,,0,0,0,0,0,,,,,,0,0,0,0,0,GEN-C150
31790790,"2026-02-13 21:49:59","2026-02-13 21:49:59",A27E65,"United States","United States",N26TZ,,,,,,"Israel Aircraft Industries",WW24,"Israel Aircraft Industries 1124 Westwind",293,,,,,,"Mark Soloman Trustee",,,1979,,,,0,,,,,,0,0,0,0,0,,,,,,0,0,0,0,0,GEN-WW24
31789780,"2026-02-13 21:37:47","2026-02-13 21:37:47",A1077C,"United States","United States",N1656S,,,,,,Snow,SS2P,"Snow S-2 C 600",1218C,,,,,,Private,,,1964,,,,0,,,,,,0,0,0,0,0,,,,,,0,0,0,0,0,GEN-SS2P
31788179,"2026-02-13 21:19:23","2026-02-13 21:19:23",AD4B01,"United States","United States",N956AR,,,,,,"McDonnell Douglas",MD11,"McDonnell Douglas MD-11 CF",48629,,,,,,"SkyLease Cargo",,,1995,,,,0,,,,,,0,0,0,0,0,,,,,,0,0,0,0,0,GEN-MD11
31788077,"2026-02-13 21:18:20","2026-02-13 21:18:20",A7E4E9,"United States","United States",N6079X,,,,,,Mooney,M20P,"Mooney M.20A Mark 20",1675,,,,,,Private,,,,,,,0,,,,,,0,0,0,0,0,,,,,,0,0,0,0,0,GEN-M20P
31788020,"2026-02-13 21:17:45","2026-02-13 21:17:45",A32AD6,"United States","United States",N303DV,,,,,,Rans,RS12,"Rans Airaile S-12",0791104,,,,,,Private,,,,,,,0,,,,,,0,0,0,0,0,,,,,,0,0,0,0,0,GEN-RS12
31787200,"2026-02-13 21:07:52","2026-02-13 21:07:52",A64FFF,"United States","United States",N5058M,,,,,,Taylorcraft,TAYB,"Taylorcraft BF",10358,,,,,,Private,,,1946,,,,0,,,,,,0,0,0,0,0,,,,,,0,0,0,0,0,GEN-TAYB
31786790,"2026-02-13 21:03:01","2026-02-13 21:03:01",A767D6,"United States","United States",N57653,,,,,,Bellanca,CH7B,"Bellanca Citabria 7GCAA",285-74,,,,,,Private,,,1973,,,,0,,,,,,0,0,0,0,0,,,,,,0,0,0,0,0,GEN-CH7B
31786244,"2026-02-13 20:57:15","2026-02-13 20:57:15",A06DA5,"United States","United States",N1269X,,,,,,Mooney,M20P,"Mooney M.20E Super 21",142,,,,,,Private,,,,,,,0,,,,,,0,0,0,0,0,,,,,,0,0,0,0,0,GEN-M20P
31785626,"2026-02-13 20:50:31","2026-02-13 20:50:31",47B48C,Norway,Norway,LN-NSM,,,,,,"Textron Aviation",C68A,"Textron Aviation Citation Latitude",680A-0140,,,,,,"Norwegian Special Mission",,,2018,,,,0,,,,,,0,0,0,0,0,,,,,,0,0,0,0,0,GEN-C68A
31785188,"2026-02-13 20:45:47","2026-02-13 20:45:47",AAF827,"United States","United States",N806A,,,,,,Piper,PA22,"Piper PA-22 Tri-Pacer",22-109,,,,,,Private,,,1951,,,,0,,,,,,0,0,0,0,0,,,,,,0,0,0,0,0,GEN-PA22
31784743,"2026-02-13 20:40:48","2026-02-13 20:40:48",C039B7,Canada,Canada,C-FVWG,,,,,,Bombardier,DH8D,"Bombardier DHC-8 402 NG",4570,,,,,,"Ryukyu Air Commuter",,,2017,,,,0,,,,,,0,0,0,0,0,,,,,,0,0,0,0,0,RAC
31784692,"2026-02-13 20:40:10","2026-02-13 20:40:10",A05DE4,"United States","United States",N1223C,,,,,,"Cirrus Design",SR22,"Cirrus Design SR22",0437,,,,,,Private,,,2003,,,,0,,,,,,0,0,0,0,0,,,,,,0,0,0,0,0,GEN-SR22
31783713,"2026-02-13 20:29:26","2026-02-13 20:29:26",A091C8,"United States","United States",N136DB,,,,,,"Air Tractor",AT3T,"Air Tractor AT-400",400-0504,,,,,,Private,,,1983,,,,0,,,,,,0,0,0,0,0,,,,,,0,0,0,0,0,GEN-AT3T
31783211,"2026-02-13 20:24:06","2026-02-13 20:24:06",A75FD8,"United States","United States",N5741Z,,,,,,Piper,PA22,"Piper PA-22 108 Colt",22-9580,,,,,,Private,,,,,,,0,,,,,,0,0,0,0,0,,,,,,0,0,0,0,0,GEN-PA22
31782791,"2026-02-13 20:19:29","2026-02-13 20:19:29",A2AA21,"United States","United States",N2709T,,,,,,Beech,BE55,"Beech Baron C55",TE-346,,,,,,Private,,,1967,,,,0,,,,,,0,0,0,0,0,,,,,,0,0,0,0,0,GEN-BE55
31781299,"2026-02-13 20:02:43","2026-02-13 20:02:43",A94729,"United States","United States",N69701,,,,,,"Zénith",CH70,"Zénith Zenair STOL CH 701",7-5852,,,,,,Private,,,,,,,0,,,,,,0,0,0,0,0,,,,,,0,0,0,0,0,GEN-CH70
31781264,"2026-02-13 20:02:05","2026-02-13 20:02:05",40049E,"United Kingdom","United Kingdom",PK-ECI,,,,,,Fokker,F100,"Fokker F100",11328,,,,,,"Sky Aviation",,,1991,,,,0,,,,,,0,0,0,0,0,,,,,,0,0,0,0,0,GEN-F100
31780914,"2026-02-13 19:58:22","2026-02-13 19:58:22",ABCED8,"United States","United States",N860AA,,,,,,"Gulfstream Aerospace",GLF5,"Gulfstream Aerospace G550",5079,,,,,,"Craig Protein Division Inc",,,2005,,,,0,,,,,,0,0,0,0,0,,,,,,0,0,0,0,0,GEN-GLF5
31780522,"2026-02-13 19:54:04","2026-02-13 19:54:04",A0A630,"United States","United States",N1408R,,,,,,"American Aviation",AA1,"American Aviation AA-1B",AA1B-0508,,,,,,Private,,,,,,,0,,,,,,0,0,0,0,0,,,,,,0,0,0,0,0,GEN-AA1
31780408,"2026-02-13 19:52:58","2026-02-13 19:52:58",30029F,Italy,Italy,I-AVSS,,,,,,Beech,BE40,"Beech 400 A",RK-66,,,,,,"Slam Air",,,,,,,0,,,,,,0,0,0,0,0,,,,,,0,0,0,0,0,GEN-BE40
31780135,"2026-02-13 19:49:24","2026-02-13 19:49:24",AAAE9E,"United States","United States",N788DW,,,,,,"Advanced Aviation",BUCA,"Advanced Aviation Buccaneer",B2A-018,,,,,,Private,,,1988,,,,0,,,,,,0,0,0,0,0,,,,,,0,0,0,0,0,GEN-BUCA
31779433,"2026-02-13 19:41:55","2026-02-13 19:41:55",A7B063,"United States","United States",N595EE,,,,,,Embraer,E50P,"Embraer Phenom 100",50000395,,,,,,"Embraer Executive Aircraft Inc",,,2018,,,,0,,,,,,0,0,0,0,0,,,,,,0,0,0,0,0,GEN-E50P
31779224,"2026-02-13 19:39:24","2026-02-13 19:39:24",A23ED1,"United States","United States",N24391,,,,,,Taylorcraft,TAYB,"Taylorcraft BL-65",1727,,,,,,Private,,,1940,,,,0,,,,,,0,0,0,0,0,,,,,,0,0,0,0,0,GEN-TAYB
31778693,"2026-02-13 19:33:13","2026-02-13 19:33:13",A1E3ED,"United States","United States",N2204H,,,,,,"Firefly Balloons",BALL,"Firefly Balloons Firefly 8B-15 Hot Air Balloon",F8B-2040,,,,,,Private,,,2003,,,,0,,,,,,0,0,0,0,0,,,,,,0,0,0,0,0,GEN-BALL
31777781,"2026-02-13 19:23:01","2026-02-13 19:23:01",C815D8,"New Zealand","New Zealand",ZK-HHR,,,,,,Robinson,R22,"Robinson R22 Beta II",3308,,,,,,Private,,,,,,,0,,,,,,0,0,0,0,0,,,,,,0,0,0,0,0,GEN-R22
31777521,"2026-02-13 19:20:00","2026-02-13 19:20:00",7C1FD5,Australia,Australia,VH-GKN,,,,,,Schneider,GLID,"Schneider ES-57 Kingfisher I",23,,,,,,Private,,,1956,,,,0,,,,,,0,0,0,0,0,,,,,,0,0,0,0,0,GEN-GLID
31777097,"2026-02-13 19:14:57","2026-02-13 19:14:57",A69E6B,"United States","United States",N5254F,,,,,,Cessna,C172,"Cessna T-41A Mescalero",17253358,,,,,,Private,,,1965,,,,0,,,,,,0,0,0,0,0,,,,,,0,0,0,0,0,GEN-C172
31776266,"2026-02-13 19:05:23","2026-02-13 19:05:23",A5C11B,"United States","United States",N470AA,,,,,,"McDonnell Douglas",MD82,"McDonnell Douglas DC-9 82",49600,,,,,,"American Airlines",,,1988,,,,0,,,,,,0,0,0,0,0,,,,,,0,0,0,0,0,AAL
31776199,"2026-02-13 19:04:47","2026-02-13 19:04:47",385D75,France,France,F-BXLV,,,,,,Agusta-Bell,B06,"Agusta-Bell AB.206B Jet Ranger II",8508,,,,,,Private,,,,,,,0,,,,,,0,0,0,0,0,,,,,,0,0,0,0,0,GEN-B06
31772814,"2026-02-13 18:25:12","2026-02-13 18:25:12",5000F0,"San Marino","San Marino",T7-IYY,,,,,,Avro,RJ1H,"Avro 146 RJ100",E3339,,,,,,"Aerovias DAP",,,,,,,0,,,,,,0,0,0,0,0,,,,,,0,0,0,0,0,DAP
31772105,"2026-02-13 18:17:28","2026-02-13 18:17:28",AB2F03,"United States","United States",N82FD,,,,,,Cessna,C650,"Cessna Citation III",650-0104,,,,,,"Citation III Holdings Corp",,,,,,,0,,,,,,0,0,0,0,0,,,,,,0,0,0,0,0,GEN-C650
31771084,"2026-02-13 18:06:05","2026-02-13 18:06:05",AAE063,"United States","United States",N80JY,,,,,,Vans,RV3,"Vans RV-3",448,,,,,,Private,,,,,,,0,,,,,,0,0,0,0,0,,,,,,0,0,0,0,0,GEN-RV3
31770933,"2026-02-13 18:04:29","2026-02-13 18:04:29",A2EB3E,"United States","United States",N2876Z,,,,,,Piper,P28A,"Piper PA-28 181 Archer II",28-7990516,,,,,,Private,,,,,,,0,,,,,,0,0,0,0,0,,,,,,0,0,0,0,0,GEN-P28A
31770745,"2026-02-13 18:02:26","2026-02-13 18:02:26",A33030,"United States","United States",N304WP,,,,,,HpH,GLID,"HpH 304 Wasp CZ",23,,,,,,Private,,,2000,,,,0,,,,,,0,0,0,0,0,,,,,,0,0,0,0,0,GEN-GLID
31768975,"2026-02-13 17:43:17","2026-02-13 17:43:17",A54FE9,"United States","United States",N441SE,,,,,,Robinson,R44,"Robinson R44 Raven",0485,,,,,,"Higher Ground Helicopter",,,1998,,,,0,,,,,,0,0,0,0,0,,,,,,0,0,0,0,0,GEN-R44
31768660,"2026-02-13 17:39:56","2026-02-13 17:39:56",4242E5,Bermuda,Bermuda,VP-BAX,,,,,,Airbus,A321,"Airbus A321 211SL",7084,,,,,,Aeroflot,,,2016,,,,0,,,,,,0,0,0,0,0,,,,,,0,0,0,0,0,AFL
31768177,"2026-02-13 17:34:41","2026-02-13 17:34:41",3E7746,Germany,Germany,D-KKJF,,,,,,"DG Flugzeugbau",DG80,"DG Flugzeugbau DG-808C",8-440B339X99,,,,,,Private,,,,,,,0,,,,,,0,0,0,0,0,,,,,,0,0,0,0,0,GEN-DG80
31767709,"2026-02-13 17:29:24","2026-02-13 17:29:24",A8F0F7,"United States","United States",N6752P,,,,,,Piper,PA24,"Piper PA-24 250 Comanche",24-1881,,,,,,Private,,,1960,,,,0,,,,,,0,0,0,0,0,,,,,,0,0,0,0,0,GEN-PA24
31765611,"2026-02-13 17:06:09","2026-02-13 17:06:09",402AA8,"United Kingdom","United Kingdom",G-MTWK,,,,,,CFM,ULAC,"CFM Shadow Series CD",073,,,,,,Private,,,1988,,,,0,,,,,,0,0,0,0,0,,,,,,0,0,0,0,0,GEN-ULAC
31765189,"2026-02-13 17:01:35","2026-02-13 17:01:35",ACB5BD,"United States","United States",N918PW,,,,,,"Cirrus Design",SR22,"Cirrus Design SR22 G5 GTS",4278,,,,,,Private,,,2015,,,,0,,,,,,0,0,0,0,0,,,,,,0,0,0,0,0,GEN-SR22
31764322,"2026-02-13 16:52:14","2026-02-13 16:52:14",40273A,"United Kingdom","United Kingdom",G-VVIP,,,,,,Cessna,C421,"Cessna 421C Golden Eagle",421C0699,,,,,,"Cranfield Aerospace Ltd",,,1979,,,,0,,,,,,0,0,0,0,0,,,,,,0,0,0,0,0,GEN-C421
31764089,"2026-02-13 16:50:07","2026-02-13 16:50:07",80063A,India,India,VT-FTL,,,,,,"Hawker Beechcraft Corp",H25B,"Hawker Beechcraft Corp 125 850XP",258980,,,,,,"Futura Travels Ltd",,,2008,,,,0,,,,,,0,0,0,0,0,,,,,,0,0,0,0,0,GEN-H25B
29219,"2022-08-30 09:24:20","2026-02-13 16:46:54",000005,"Not Allocated","Not Allocated","",,,,"",,"",UAV,"","",,,,,,"",,,,,,"",0,,,,,,0,0,0,0,0,Missing,,,"","",0,0,0,0,0,GEN-UAV
31762696,"2026-02-13 16:35:21","2026-02-13 16:35:21",4012D0,"United Kingdom","United Kingdom",G-BAKH,,,,,,Piper,P28A,"Piper PA-28 140 Cherokee F",28-7325014,,,,,,Private,,,,,,,0,,,,,,0,0,0,0,0,,,,,,0,0,0,0,0,GEN-P28A
31762250,"2026-02-13 16:30:25","2026-02-13 16:30:25",AC9C81,"United States","United States",N911XT,,,,,,Kolb,ULAC,"Kolb Slingshot",SS009,,,,,,Private,,,2005,,,,0,,,,,,0,0,0,0,0,,,,,,0,0,0,0,0,GEN-ULAC
31761979,"2026-02-13 16:27:16","2026-02-13 16:27:16",78015F,"China Hong Kong","China Hong Kong",B-HXE,,,,,,Airbus,A343,"Airbus A340 313X",157,,,,,,"Cathay Pacific Airways",,,1996,,,,0,,,,,,0,0,0,0,0,,,,,,0,0,0,0,0,CPA
31761337,"2026-02-13 16:20:37","2026-02-13 16:20:37",73346F,Iran,Iran,EP-MCO,,,,,,Tupolev,T154,"Tupolev Tu-154 M",88A774,,,,,,"Iran Air Tours",,,,,,,0,,,,,,0,0,0,0,0,,,,,,0,0,0,0,0,GEN-T154
31761045,"2026-02-13 16:17:02","2026-02-13 16:17:02",A99885,"United States","United States",N71706,,,,,,Luscombe,L8,"Luscombe Silvaire 8A",3133,,,,,,Private,,,,,,,0,,,,,,0,0,0,0,0,,,,,,0,0,0,0,0,GEN-L8
31759740,"2026-02-13 16:02:33","2026-02-13 16:02:33",71C270,"South Korea","South Korea",HL8270,,,,,,Boeing,B737,"Boeing 737NG 7EG/W BBJ",40586,,,,,,"Samsung Techwin Aviation",,,2012,,,,0,,,,,,0,0,0,0,0,,,,,,0,0,0,0,0,GEN-B737
31759310,"2026-02-13 15:57:49","2026-02-13 15:57:49",406051,"United Kingdom","United Kingdom",G-JGCA,,,,,,"Vickers Supermarine",SPIT,"Vickers Supermarine Spitfire LF.IXe","CBAF IX 558",,,,,,Private,,,,,,,0,,,,,,0,0,0,0,0,,,,,,0,0,0,0,0,GEN-SPIT
31758426,"2026-02-13 15:47:25","2026-02-13 15:47:25",A5BF92,"United States","United States",N47JJ,,,,,,"Aero Vodochody",L29,"Aero Vodochody L-29 Delfin",591705,,,,,,Private,,,1965,,,,0,,,,,,0,0,0,0,0,,,,,,0,0,0,0,0,GEN-L29
31757943,"2026-02-13 15:42:36","2026-02-13 15:42:36",ABADBD,"United States","United States",N8512R,,,,,,"Inter Air",B14C,"Inter Air Bellanca 260 14-19-3",4274,,,,,,Private,,,1965,,,,0,,,,,,0,0,0,0,0,,,,,,0,0,0,0,0,GEN-B14C
31756885,"2026-02-13 15:30:24","2026-02-13 15:30:24",A9E8AC,"United States","United States",N7379N,,,,,,Cessna,C206,"Cessna U206G Stationair 6",U20603643,,,,,,Private,,,,,,,0,,,,,,0,0,0,0,0,,,,,,0,0,0,0,0,GEN-C206
31756777,"2026-02-13 15:29:25","2026-02-13 15:29:25",A6AABD,"United States","United States",N529DW,,,,,,Robinson,R44,"Robinson R44 Raven",1109,,,,,,"MF Helicopters LLC",,,2001,,,,0,,,,,,0,0,0,0,0,,,,,,0,0,0,0,0,GEN-R44
31756700,"2026-02-13 15:28:26","2026-02-13 15:28:26",A07DA9,"United States","United States",N13007,,,,,,Heli-Sport,CH7,"Heli-Sport CH-7 Kompress",053,,,,,,Private,,,,,,,0,,,,,,0,0,0,0,0,,,,,,0,0,0,0,0,GEN-CH7
31756444,"2026-02-13 15:25:55","2026-02-13 15:25:55",AA0F99,"United States","United States",N7475G,,,,,,Robinson,R22,"Robinson R22 Beta II",3095,,,,,,Private,,,,,,,0,,,,,,0,0,0,0,0,,,,,,0,0,0,0,0,GEN-R22
31756390,"2026-02-13 15:25:15","2026-02-13 15:25:15",A2F2B1,"United States","United States",N28964,,,,,,ERCO,ERCO,"Ercoupe 415-C",60,,,,,,Private,,,1941,,,,0,,,,,,0,0,0,0,0,,,,,,0,0,0,0,0,GEN-ERCO
31756022,"2026-02-13 15:21:29","2026-02-13 15:21:29",AB0142,"United States","United States",LY-APR,,,,,,Aerostar,YK52,"Aerostar Yak-52 TD",833808,,,,,,Private,,,1983,,,,0,,,,,,0,0,0,0,0,,,,,,0,0,0,0,0,GEN-YK52
31755750,"2026-02-13 15:18:05","2026-02-13 15:18:05",A8FEB9,"United States","United States",N679SB,,,,,,Beech,BE50,"Beech Twin Bonanza D50E",DH-327,,,,,,Private,,,,,,,0,,,,,,0,0,0,0,0,,,,,,0,0,0,0,0,GEN-BE50
31755677,"2026-02-13 15:17:15","2026-02-13 15:17:15",A72DF6,"United States","United States",N5617H,,,,,,Piper,PA16,"Piper PA-16 Clipper",16-225,,,,,,Private,,,1949,,,,0,,,,,,0,0,0,0,0,,,,,,0,0,0,0,0,GEN-PA16
31754898,"2026-02-13 15:09:11","2026-02-13 15:09:11",AD05F0,"United States","United States",N9381V,,,,,,Mooney,M20P,"Mooney M.20G Statesman",700002,,,,,,Private,,,,,,,0,,,,,,0,0,0,0,0,,,,,,0,0,0,0,0,GEN-M20P
31754545,"2026-02-13 15:05:20","2026-02-13 15:05:20",A6A64C,"United States","United States",N5277R,,,,,,"Raven Aerostar",BALL,"Raven Aerostar RX.9 Hot Air Balloon",RX9-3019,,,,,,Private,,,,,,,0,,,,,,0,0,0,0,0,,,,,,0,0,0,0,0,GEN-BALL
31754357,"2026-02-13 15:03:03","2026-02-13 15:03:03",A61F37,"United States","United States",N494CS,,,,,,Boeing,B734,"Boeing 737 4M0SF",29202,,,,,,"ASL Airlines Ireland",,,1998,,,,0,,,,,,0,0,0,0,0,,,,,,0,0,0,0,0,ABR
31753475,"2026-02-13 14:53:33","2026-02-13 14:53:33",A2EF01,"United States","United States",N2887A,,,,,,Vans,RV7,"Vans RV-7 A",72296,,,,,,Private,,,2008,,,,0,,,,,,0,0,0,0,0,,,,,,0,0,0,0,0,GEN-RV7
31751370,"2026-02-13 14:31:00","2026-02-13 14:31:00",A7F1C5,"United States","United States",N6105,,,,,,Curtiss-Wright,TVLB,"Curtiss-Wright Travel Air 2000",603,,,,,,Private,,,1928,,,,0,,,,,,0,0,0,0,0,,,,,,0,0,0,0,0,GEN-TVLB
31750611,"2026-02-13 14:22:15","2026-02-13 14:22:15",A38D82,"United States","United States",N328RC,,,,,,Cessna,C25B,"Cessna Citation CJ3",525B0203,,,,,,Corporate,,,,,,,0,,,,,,0,0,0,0,0,,,,,,0,0,0,0,0,GEN-C25B
31750420,"2026-02-13 14:20:12","2026-02-13 14:20:12",A4D7F8,"United States","United States",N411BH,,,,,,Bell,B407,"Bell 407",53487,,,,,,Private,,,,,,,0,,,,,,0,0,0,0,0,,,,,,0,0,0,0,0,GEN-B407
31750159,"2026-02-13 14:17:13","2026-02-13 14:17:13",14524F,Russia,Russia,RA-21071,,,,,,Mil,MI6,"Mil Mi-6 A",0713,,,,,,"UT air",,,,,,,0,,,,,,0,0,0,0,0,,,,,,0,0,0,0,0,GEN-MI6
31749712,"2026-02-13 14:12:20","2026-02-13 14:12:20",A629A0,"United States","United States",N4966V,,,,,,Cessna,C72R,"Cessna 172RG Cutlass RG",172RG0433,,,,,,Private,,,1980,,,,0,,,,,,0,0,0,0,0,,,,,,0,0,0,0,0,GEN-C72R
31749526,"2026-02-13 14:10:12","2026-02-13 14:10:12",A09C88,"United States","United States",N1389M,,,,,,Vultee,VALI,"Vultee BT-13 Valiant",7473,,,,,,Private,,,,,,,0,,,,,,0,0,0,0,0,,,,,,0,0,0,0,0,GEN-VALI
31748906,"2026-02-13 14:03:25","2026-02-13 14:03:25",A0D453,"United States","United States",N1522Z,,,,,,"Air Tractor",AT3P,"Air Tractor AT-401",401-0841,,,,,,Private,,,1991,,,,0,,,,,,0,0,0,0,0,,,,,,0,0,0,0,0,GEN-AT3P
31748149,"2026-02-13 13:55:13","2026-02-13 13:55:13",A13339,"United States","United States",N177AL,,,,,,Bell,B06,"Bell 206L Long Ranger IV",52157,,,,,,Private,,,,,,,0,,,,,,0,0,0,0,0,,,,,,0,0,0,0,0,GEN-B06
31747659,"2026-02-13 13:49:56","2026-02-13 13:49:56",407299,"United Kingdom","United Kingdom",G-PRPK,,,,,,Bombardier,DH8D,"Bombardier DHC-8 402",4203,,,,,,Flybe,,,2008,,,,0,,,,,,0,0,0,0,0,,,,,,0,0,0,0,0,BEE
31747134,"2026-02-13 13:44:14","2026-02-13 13:44:14",A935C4,"United States","United States",N6929N,,,,,,Mooney,M20P,"Mooney M.20G Statesman",680146,,,,,,Private,,,,,,,0,,,,,,0,0,0,0,0,,,,,,0,0,0,0,0,GEN-M20P
31746897,"2026-02-13 13:41:39","2026-02-13 13:41:39",71D170,"South Korea","South Korea",HL9170,,,,,,Eurocopter,AS50,"Eurocopter Squirrel AS.350 B2",2773,,,,,,Private,,,,,,,0,,,,,,0,0,0,0,0,,,,,,0,0,0,0,0,GEN-AS50
31746474,"2026-02-13 13:36:51","2026-02-13 13:36:51",A2BF86,"United States","United States",N27629,,,,,,Bell,B06,"Bell 206B Jet Ranger III",2741,,,,,,Private,,,,,,,0,,,,,,0,0,0,0,0,,,,,,0,0,0,0,0,GEN-B06
31746382,"2026-02-13 13:36:00","2026-02-13 13:36:00",A356D1,"United States","United States",N314MS,,,,,,MBB,B105,"MBB Bo.105 CBS-4",S-772,,,,,,Private,,,1988,,,,0,,,,,,0,0,0,0,0,,,,,,0,0,0,0,0,GEN-B105
31744589,"2026-02-13 13:15:36","2026-02-13 13:15:36",4054F9,"United Kingdom","United Kingdom",G-DCVE,,,,,,Schempp-Hirth/VTC,GLID,"Schempp-Hirth/VTC Cirrus 17A",127Y,,,,,,Private,,,1973,,,,0,,,,,,0,0,0,0,0,,,,,,0,0,0,0,0,GEN-GLID
31742763,"2026-02-13 12:55:42","2026-02-13 12:55:42",406813,"United Kingdom","United Kingdom",G-SENT,,,,,,Bombardier,GLEX,"Bombardier Global Express",9094,,,,,,"Gama Aviation",,,2001,,,,0,,,,,,0,0,0,0,0,,,,,,0,0,0,0,0,GMA
31742165,"2026-02-13 12:50:00","2026-02-13 12:50:00",3005E6,Italy,Italy,I-VEGB,,,,,,AgustaWestland,A139,"AgustaWestland AW.139",41375,,,,,,Elilombarda,,,2014,,,,0,,,,,,0,0,0,0,0,,,,,,0,0,0,0,0,GEN-A139
31741744,"2026-02-13 12:45:23","2026-02-13 12:45:23",A33197,"United States","United States",N30473,,,,,,Piper,J5,"Piper J-5 A Cub Cruiser",5-195,,,,,,Private,,,1940,,,,0,,,,,,0,0,0,0,0,,,,,,0,0,0,0,0,GEN-J5
31741179,"2026-02-13 12:39:20","2026-02-13 12:39:20",A5ECF4,"United States","United States",N481GP,,,,,,"Textron Aviation",C25C,"Textron Aviation Citation CJ4",525C0342,,,,,,"Gregory Poole Equipment LLC",,,2020,,,,0,,,,,,0,0,0,0,0,,,,,,0,0,0,0,0,GEN-C25C
31740553,"2026-02-13 12:32:29","2026-02-13 12:32:29",402FA6,"United Kingdom","United Kingdom",G-WDEB,,,,,,"Thunder & Colt",BALL,"Thunder & Colt AX.7-77 Hot Air Balloon",1606,,,,,,"Balloon Retirement Collection",,,1989,,,,0,,,,,,0,0,0,0,0,,,,,,0,0,0,0,0,GEN-BALL
31739709,"2026-02-13 12:23:10","2026-02-13 12:23:10",A9A095,"United States","United States",N7195T,,,,,,Cessna,C172,"Cessna 172A",46795,,,,,,Private,,,1959,,,,0,,,,,,0,0,0,0,0,,,,,,0,0,0,0,0,GEN-C172
31739018,"2026-02-13 12:15:32","2026-02-13 12:15:32",AD3856,"United States","United States",N95093,,,,,,Taylorcraft,TAYB,"Taylorcraft BC-12 D",9493,,,,,,Private,,,1946,,,,0,,,,,,0,0,0,0,0,,,,,,0,0,0,0,0,GEN-TAYB
31738814,"2026-02-13 12:13:12","2026-02-13 12:13:12",461D7C,Finland,Finland,OH-LEI,,,,,,Embraer,E170,"Embraer EMB-170 ST",17000120,,,,,,Finnair,,,,,,,0,,,,,,0,0,0,0,0,,,,,,0,0,0,0,0,GEN-E170
31738598,"2026-02-13 12:10:43","2026-02-13 12:10:43",A0418A,"United States","United States",N1153C,,,,,,"Textron Aviation",B350,"Textron Aviation King Air B350",FL-1153,,,,,,"Fresno Beverage Co Inc",,,2018,,,,0,,,,,,0,0,0,0,0,,,,,,0,0,0,0,0,GEN-B350
31738539,"2026-02-13 12:10:10","2026-02-13 12:10:10",A9435B,"United States","United States",N6960C,,,,,,Beech,BE18,"Beech AT-11 Kansan",3306,,,,,,"Operator Unknown",,,,,,,0,,,,,,0,0,0,0,0,,,,,,0,0,0,0,0,GEN-BE18
31737966,"2026-02-13 12:04:15","2026-02-13 12:04:15",8006FB,India,India,VT-JBZ,,,,,,Boeing,B739,"Boeing 737NG 96NER/W",36539,,,,,,"Jet Airways",,,2008,,,,0,,,,,,0,0,0,0,0,,,,,,0,0,0,0,0,JAI
31737340,"2026-02-13 11:57:37","2026-02-13 11:57:37",A6CA1A,"United States","United States",N5367X,,,,,,Cessna,C206,"Cessna U206G Stationair 6",U20605683,,,,,,Private,,,1980,,,,0,,,,,,0,0,0,0,0,,,,,,0,0,0,0,0,GEN-C206
31737181,"2026-02-13 11:55:55","2026-02-13 11:55:55",A4E85D,"United States","United States",N415TA,,,,,,"Progressive Aerodyne",SREY,"Progressive Aerodyne SeaRey LSA",1018,,,,,,Private,,,,,,,0,,,"","","",0,0,0,0,0,,,,,,0,0,0,0,0,GEN-SREY
31735807,"2026-02-13 11:41:12","2026-02-13 11:41:12",C038FB,Canada,Canada,C-FVPA,,,,,,Robinson,R44,"Robinson R44 Raven",0846,,,,,,Private,,,2000,,,,0,,,,,,0,0,0,0,0,,,,,,0,0,0,0,0,GEN-R44
31735387,"2026-02-13 11:36:46","2026-02-13 11:36:46",A9677D,"United States","United States",N705DS,,,,,,Bell,B06,"Bell 206L Long Ranger III",51488,,,,,,"LPG Aircraft Parts Inc",,,1991,,,,0,,,,,,0,0,0,0,0,,,,,,0,0,0,0,0,GEN-B06
31734859,"2026-02-13 11:30:56","2026-02-13 11:30:56",AA121E,"United States","United States",N748VA,,,,,,Aerospatiale,AS32,"Aerospatiale Super Puma AS.332 L",2048,,,,,,"Airbus Helicopters Inc",,,1983,,,,0,,,,,,0,0,0,0,0,,,,,,0,0,0,0,0,GEN-AS32
31734770,"2026-02-13 11:29:54","2026-02-13 11:29:54",874813,Japan,Japan,JA98YH,,,,,,Eurocopter,AS65,"Eurocopter Dauphin AS.365 N2",6528,,,,,,Private,,,1997,,,,0,,,,,,0,0,0,0,0,,,,,,0,0,0,0,0,GEN-AS65
31734726,"2026-02-13 11:29:27","2026-02-13 11:29:27",733513,Iran,Iran,EP-MNS,,,,,,Airbus,A306,"Airbus A300 B4-603",414,,,,,,"Mahan Air",,,1987,,,,0,,,,,,0,0,0,0,0,,,,,,0,0,0,0,0,GEN-A306
31734225,"2026-02-13 11:24:10","2026-02-13 11:24:10",A3DA0B,"United States","United States",N34725,,,,,,Cessna,C177,"Cessna 177B Cardinal",17701961,,,,,,Private,,,1973,,,,0,,,,,,0,0,0,0,0,,,,,,0,0,0,0,0,GEN-C177
31733254,"2026-02-13 11:13:33","2026-02-13 11:13:33",A2DFEF,"United States","United States",N2845S,,,,,,Cessna,C150,"Cessna 150G",15066745,,,,,,Private,,,,,,,0,,,,,,0,0,0,0,0,,,,,,0,0,0,0,0,GEN-C150
31733006,"2026-02-13 11:11:13","2026-02-13 11:11:13",A2A36E,"United States","United States",N26945,,,,,,"Grumman American",AA5,"Grumman American AA-5A Cheetah",AA5A-0830,,,,,,Private,,,,,,,0,,,,,,0,0,0,0,0,,,,,,0,0,0,0,0,GEN-AA5
31732506,"2026-02-13 11:06:01","2026-02-13 11:06:01",4AE8E6,Sweden,Sweden,SE-ZGF,,,,,,Colt,BALL,"Colt 105A Hot Air Balloon",944,,,,,,Private,,,,,,,0,,,,,,0,0,0,0,0,,,,,,0,0,0,0,0,GEN-BALL
31731153,"2026-02-13 10:51:14","2026-02-13 10:51:14",C0885A,Canada,Canada,C-GZQN,,,,,,Schweizer-Grumman,G164,"Schweizer-Grumman G-164A Super Ag-Cat",736,,,,,,Private,,,,,,,0,,,,,,0,0,0,0,0,,,,,,0,0,0,0,0,GEN-G164
31730637,"2026-02-13 10:45:24","2026-02-13 10:45:24",485D68,Netherlands,Netherlands,PH-OAH,,,,,,"Thunder & Colt",BALL,"Thunder & Colt AX.8-105 SII Hot Air Balloon",2552,,,,,,Private,,,,,,,0,,,,,,0,0,0,0,0,,,,,,0,0,0,0,0,GEN-BALL
31730279,"2026-02-13 10:41:20","2026-02-13 10:41:20",AC3DCB,"United States","United States",N888YZ,,,,,,Grumman,GLF2,"Grumman GII SP",92,,,,,,"Flying Colors of Leesburg Inc",,,1970,,,,0,,,,,,0,0,0,0,0,,,,,,0,0,0,0,0,GEN-GLF2
31730195,"2026-02-13 10:40:23","2026-02-13 10:40:23",A3C850,"United States","United States",N3429A,,,,,,Piper,PA22,"Piper PA-22 135 Tri-Pacer",22-1697,,,,,,Private,,,1953,,,,0,,,,,,0,0,0,0,0,,,,,,0,0,0,0,0,GEN-PA22
31728817,"2026-02-13 10:25:30","2026-02-13 10:25:30",A4690F,"United States","United States",N3832B,,,,,,Piper,PA27,"Piper PA-23 Aztec 250C",27-2612,,,,,,Private,,,,,,,0,,,,,,0,0,0,0,0,,,,,,0,0,0,0,0,GEN-PA27
31728574,"2026-02-13 10:22:33","2026-02-13 10:22:33",A3AF27,"United States","United States",N3365G,,,,,,"Amateur built",ZZZZ,"Amateur built Aero Viper","AV 001",,,,,,Private,,,,,,,0,,,,,,0,0,0,0,0,,,,,,0,0,0,0,0,GEN-ZZZZ
31728222,"2026-02-13 10:18:33","2026-02-13 10:18:33",750122,Malaysia,Malaysia,9M-HMX,,,,,,Diamond,DA40,"Diamond DA-40D Diamond Star TDI",D4.160,,,,,,"HM Aerospace",,,,,,,0,,,,,,0,0,0,0,0,,,,,,0,0,0,0,0,GEN-DA40
31728166,"2026-02-13 10:18:06","2026-02-13 10:18:06",4B10B3,Switzerland,Switzerland,HB-GIL,,,,,,Beech,BE20,"Beech King Air B200",BB-194,,,,,,"Air Glaciers",,,1976,,,,0,,,,,,0,0,0,0,0,,,,,,0,0,0,0,0,AGV
31727747,"2026-02-13 10:13:39","2026-02-13 10:13:39",A7E060,"United States","United States",N6063X,,,,,,"MD Helicopters",H500,"MD Helicopters 369 FF",0288FF,,,,,,"MD Helicopters",,,2017,,,,0,,,,,,0,0,0,0,0,,,,,,0,0,0,0,0,GEN-H500
31727471,"2026-02-13 10:10:35","2026-02-13 10:10:35",A68FD8,"United States","United States",N5216J,,,,,,Cessna,C162,"Cessna 162",16200045,,,,,,Private,,,,,,,0,,,,,,0,0,0,0,0,,,,,,0,0,0,0,0,GEN-C162
31727429,"2026-02-13 10:10:09","2026-02-13 10:10:09",AB6DE5,"United States","United States",N8354V,,,,,,Champion,CH7A,"Champion Citabria 7ECA",500,,,,,,Private,,,1966,,,,0,,,,,,0,0,0,0,0,,,,,,0,0,0,0,0,GEN-CH7A
31727360,"2026-02-13 10:09:23","2026-02-13 10:09:23",A63B0D,"United States","United States",N500MK,,,,,,Beech,BE18,"Beech 18 D / S",A-216,,,,,,"Aerial Surveys",,,1946,,,,0,,,,,,0,0,0,0,0,,,,,,0,0,0,0,0,GEN-BE18
31726804,"2026-02-13 10:02:56","2026-02-13 10:02:56",A78DCA,"United States","United States",N586SH,,,,,,AgustaWestland,A139,"AgustaWestland AW.139",41514,,,,,,Private,,,2016,,,,0,,,,,,0,0,0,0,0,,,,,,0,0,0,0,0,GEN-A139
31726177,"2026-02-13 09:56:00","2026-02-13 09:56:00",A1C0D4,"United States","United States",N2119H,,,,,,ERCO,ERCO,"Ercoupe 415-C",2742,,,,,,Private,,,1946,,,,0,,,,,,0,0,0,0,0,,,,,,0,0,0,0,0,GEN-ERCO
31726038,"2026-02-13 09:54:20","2026-02-13 09:54:20",8007C3,India,India,VT-JFK,,,,,,Boeing,B738,"Boeing 737NG 8AL/W",39060,,,,,,"Jet Airways",,,2013,,,,0,,,,,,0,0,0,0,0,,,,,,0,0,0,0,0,JAI
31724959,"2026-02-13 09:42:44","2026-02-13 09:42:44",A509D0,"United States","United States",N4235E,,,,,,Aeronca,AR11,"Aeronca Super Chief 11CC",11CC-124,,,,,,Private,,,1947,,,,0,,,,,,0,0,0,0,0,,,,,,0,0,0,0,0,GEN-AR11
31724227,"2026-02-13 09:34:43","2026-02-13 09:34:43",4B4D4A,Switzerland,Switzerland,HB-2211,,,,,,Glaser-Dirks,DG40,"Glaser-Dirks DG-400",4-289,,,,,,Private,,,1993,,,,0,,,,,,0,0,0,0,0,,,,,,0,0,0,0,0,GEN-DG40
31723800,"2026-02-13 09:30:05","2026-02-13 09:30:05",40747B,"United Kingdom","United Kingdom",G-CKSI,,,,,,Grob,G120,"Grob Prefect T.1",11147,,,,,,"Affinity Flying Training Services Ltd",,,2018,,,,0,,,,,,0,0,0,0,0,,,,,,0,0,0,0,0,GEN-G120
27212,"2022-05-18 03:27:49","2026-02-13 09:29:32",48425C,Netherlands,Netherlands,"",,,,"",,"",-GND,"","",,,,,,"",,,,,,"",0,,,,,,0,0,0,0,0,Missing,,,"","",0,0,0,0,0,GEN--GND
31723688,"2026-02-13 09:28:42","2026-02-13 09:28:42",A5B6F3,"United States","United States",N4677K,,,,,,Cessna,C182,"Cessna 182P Skylane",18263678,,,,,,Private,,,,,,,0,,,,,,0,0,0,0,0,,,,,,0,0,0,0,0,GEN-C182
31723346,"2026-02-13 09:24:59","2026-02-13 09:24:59",0DE407,Venezuela,Venezuela,91-0343,,,,,,"General Dynamics",F16,"General Dynamics F-16CJ Fighting Falcon",CC-41,,,,,,"United States Air Force",,,,,,,0,,,,,,1,0,0,0,0,,,,,,0,0,0,0,0,
31721719,"2026-02-13 09:06:05","2026-02-13 09:06:05",A4AA44,"United States","United States",N4ZX,,,,,,Rutan,VEZE,"Rutan VariEze",312,,,,,,Private,,,1985,,,,0,,,,,,0,0,0,0,0,,,,,,0,0,0,0,0,GEN-VEZE
31721612,"2026-02-13 09:04:49","2026-02-13 09:04:49",491308,Portugal,Portugal,CS-DXH,,,,,,Cessna,C56X,"Cessna Citation XLS",560-5615,,,,,,"NetJets Europe",,,2006,,,,0,,,,,,0,0,0,0,0,,,,,,0,0,0,0,0,NJE
31721056,"2026-02-13 08:58:25","2026-02-13 08:58:25",A33F17,"United States","United States",N308X,,,,,,Maule,M5,"Maule M-5 210C Rocket",6133C,,,,,,Private,,,1975,,,,0,,,,,,0,0,0,0,0,,,,,,0,0,0,0,0,GEN-M5
31720399,"2026-02-13 08:51:02","2026-02-13 08:51:02",A1694E,"United States","United States",N64BF,,,,,,SOCATA,TBM7,"SOCATA TBM 700 C1",279,,,,,,"Bravo Foxtrot LLC",,,2003,,,,0,,,,,,0,0,0,0,0,,,,,,0,0,0,0,0,GEN-TBM7
31720355,"2026-02-13 08:50:28","2026-02-13 08:50:28",404024,"United Kingdom","United Kingdom",G-MZNM,,,,,,"Amateur Built",ULAC,"Amateur Built TEAM Mini-Max 91","PFA 186-12304",,,,,,Private,,,,,,,0,,,,,,0,0,0,0,0,,,,,,0,0,0,0,0,GEN-ULAC
31720282,"2026-02-13 08:49:28","2026-02-13 08:49:28",AD4F08,"United States","United States",N957DW,,,,,,Stinson,S10,"Stinson Voyager 10A",7957,,,,,,Private,,,1941,,,,0,,,,,,0,0,0,0,0,,,,,,0,0,0,0,0,GEN-S10
31719749,"2026-02-13 08:43:08","2026-02-13 08:43:08",3D5998,Germany,Germany,D-FGEI,,,,,,Grob,EGRT,"Grob G-500 Egrett",10001,,,,,,Private,,,,,,,0,,,,,,0,0,0,0,0,,,,,,0,0,0,0,0,GEN-EGRT
31719138,"2026-02-13 08:36:48","2026-02-13 08:36:48",AB78CA,"United States","United States",N83821,,,,,,Piper,PA34,"Piper PA-34 220T Seneca III",34-8133087,,,,,,Private,,,1981,,,,0,,,,,,0,0,0,0,0,,,,,,0,0,0,0,0,GEN-PA34
31718842,"2026-02-13 08:33:33","2026-02-13 08:33:33",4CA58A,Ireland,Ireland,EI-FIW,,,,,,Boeing,B738,"Boeing 737NG 8AS/W",44706,,,,,,Ryanair,,,2015,,,,0,,,,,,0,0,0,0,0,,,,,,0,0,0,0,0,RYR
31717593,"2026-02-13 08:18:44","2026-02-13 08:18:44",C002D5,Canada,Canada,C-FBBW,,,,,,"De Havilland Canada",DHC6,"De Havilland Canada DHC-6 Twin Otter 300",588,,,,,,"Kenn Borek Air",,,1978,,,,0,,,,,,0,0,0,0,0,,,,,,0,0,0,0,0,KBA
31717161,"2026-02-13 08:13:51","2026-02-13 08:13:51",A078D3,"United States","United States",N12996,,,,,,Embraer,E145,"Embraer ERJ-145 LR",145296,,,,,,"United Express",,,,,,,0,,,,,,0,0,0,0,0,,,,,,0,0,0,0,0,GEN-E145
11102,"2021-11-08 16:26:52","2026-02-13 08:08:34",C87EE8,"New Zealand","New Zealand","",,,,"",,"",ZZZZ,"","",,,,,,"",,,,,,"",0,,,,,,0,0,0,0,0,Missing,,,"","",0,0,0,0,0,GEN-ZZZZ
766556,"2023-10-30 20:59:55","2026-02-13 08:08:34",43BF96,"United Kingdom","United Kingdom","",,,,"",,"",ZANT,"","",,,,,,"",,,,,,"",0,,,,,,0,0,0,0,0,Missing,,,"","",0,0,0,0,0,ZANT
31715354,"2026-02-13 07:52:34","2026-02-13 07:52:34",4BA2A3,Turkey,Turkey,TC-HUC,,,,,,Bell,B430,"Bell 430",49074,,,,,,Private,,,,,,,0,,,,,,0,0,0,0,0,,,,,,0,0,0,0,0,GEN-B430
31715095,"2026-02-13 07:49:24","2026-02-13 07:49:24",AA6882,"United States","United States",N77UT,,,,,,Piper,PA31,"Piper PA-31 Navajo C",31-7512036,,,,,,Private,,,1975,,,,0,,,,,,0,0,0,0,0,,,,,,0,0,0,0,0,GEN-PA31
31715071,"2026-02-13 07:49:00","2026-02-13 07:49:00",402EBF,"United Kingdom","United Kingdom",G-MVUB,,,,,,"Thruster Aircraft",ULAC,"Thruster Aircraft Thruster T300",089-T300-373,,,,,,Private,,,1989,,,,0,,,,,,0,0,0,0,0,,,,,,0,0,0,0,0,GEN-ULAC
31714987,"2026-02-13 07:47:58","2026-02-13 07:47:58",A7D768,"United States","United States",N604PH,,,,,,Bombardier,CL60,"Bombardier Challenger 604",5578,,,,,,"Avpro Inc",,,,,,,0,,,,,,0,0,0,0,0,,,,,,0,0,0,0,0,GEN-CL60
31714703,"2026-02-13 07:44:32","2026-02-13 07:44:32",AB10FD,"United States","United States",N812CA,,,,,,Bombardier,CRJ2,"Bombardier CRJ 200ER",7381,,,,,,"Delta Connection",,,,,,,0,,,,,,0,0,0,0,0,,,,,,0,0,0,0,0,GEN-CRJ2
31714361,"2026-02-13 07:40:12","2026-02-13 07:40:12",402A5E,"United Kingdom","United Kingdom",G-ACMD,,,,,,"De Havilland",DH82,"De Havilland Tiger Moth DH.82A",3195,,,,,,Private,,,,,,,0,,,,,,0,0,0,0,0,,,,,,0,0,0,0,0,GEN-DH82
31714150,"2026-02-13 07:37:30","2026-02-13 07:37:30",3EF846,Germany,Germany,D-6063,,,,,,Schleicher,GLID,"Schleicher ASW 19 B",19014,,,,,,Private,,,1976,,,,0,,,,,,0,0,0,0,0,,,,,,0,0,0,0,0,GEN-GLID
31714079,"2026-02-13 07:36:52","2026-02-13 07:36:52",A95AE6,"United States","United States",N7012C,,,,,,"North American",T6,"North American SNJ-5 Texan",88-13889,,,,,,Private,,,,,,,0,,,,,,0,0,0,0,0,,,,,,0,0,0,0,0,GEN-T6
31713594,"2026-02-13 07:30:54","2026-02-13 07:30:54",501DFC,Croatia,Croatia,9A-DKZ,,,,,,SOCATA,TB20,"SOCATA TB20 Trinidad",1921,,,,,,Private,,,,,,,0,,,,,,0,0,0,0,0,,,,,,0,0,0,0,0,GEN-TB20
31712999,"2026-02-13 07:23:59","2026-02-13 07:23:59",AB8759,"United States","United States",N842AT,,,,,,Boeing,B734,"Boeing 737 436SF",25842,,,,,,"West Atlantic Cargo Airlines",,,1992,,,,0,,,,,,0,0,0,0,0,,,,,,0,0,0,0,0,NPT
31712455,"2026-02-13 07:17:10","2026-02-13 07:17:10",A3ED36,"United States","United States",N352LA,,,,,,"Air Tractor",AT5T,"Air Tractor AT-502 A",502A-3052,,,,,,Private,,,,,,,0,,,,,,0,0,0,0,0,,,,,,0,0,0,0,0,GEN-AT5T
31712084,"2026-02-13 07:12:51","2026-02-13 07:12:51",400620,"United Kingdom","United Kingdom",G-BTPA,,,,,,"British Aerospace",ATP,"British Aerospace ATP",2007,,,,,,"Atlantic Airlines",,,,,,,0,,,,,,0,0,0,0,0,,,,,,0,0,0,0,0,NPT
31712034,"2026-02-13 07:12:16","2026-02-13 07:12:16",402DFA,"United Kingdom","United Kingdom",G-MVPR,,,,,,"Solar Wings",ULAC,"Solar Wings Pegasus XL-Q",SW-WQ-0163,,,,,,Private,,,1988,,,,0,,,,,,0,0,0,0,0,,,,,,0,0,0,0,0,GEN-ULAC
31710111,"2026-02-13 06:49:57","2026-02-13 06:49:57",A218BA,"United States","United States",N234Q,,,,,,"Velocity Aircraft",VELO,"Velocity Aircraft Velocity","DMO 082",,,,,,Private,,,1992,,,,0,,,,,,0,0,0,0,0,,,,,,0,0,0,0,0,GEN-VELO
31709890,"2026-02-13 06:47:30","2026-02-13 06:47:30",A3AEC6,"United States","United States",N3362Q,,,,,,Cessna,C310,"Cessna 310Q",310Q-0768,,,,,,Private,,,,,,,0,,,,,,0,0,0,0,0,,,,,,0,0,0,0,0,GEN-C310
31709687,"2026-02-13 06:44:41","2026-02-13 06:44:41",520276,"Not Allocated","Not Allocated",94-0262,,,,,,Swearingen,SW4,"Swearingen C-26B Metro",DC-860B,,,,,,"Air Mobility Command",,,1994,,,,0,,,,,,0,0,0,0,0,,,,,,0,0,0,0,0,RCH
31709654,"2026-02-13 06:44:20","2026-02-13 06:44:20",C091F6,Canada,Canada,C-IDHD,,,,,,"Swallow Aeroplane Company",ULAC,"Swallow Aeroplane Company Swallow B",1282061-2,,,,,,Private,,,,,,,0,,,,,,0,0,0,0,0,,,,,,0,0,0,0,0,GEN-ULAC
31709400,"2026-02-13 06:41:21","2026-02-13 06:41:21",76CC43,Singapore,Singapore,9V-SBC,,,,,,Airbus,A319,"Airbus A319 132",1228,,,,,,SilkAir,,,2000,,,,0,,,,,,0,0,0,0,0,,,,,,0,0,0,0,0,GEN-A319
31708960,"2026-02-13 06:36:26","2026-02-13 06:36:26",A96AF2,"United States","United States",N706BA,,,,,,Cessna,C421,"Cessna 421C Golden Eagle",421C0273,,,,,,Private,,,1977,,,,0,,,,,,0,0,0,0,0,,,,,,0,0,0,0,0,GEN-C421
31708243,"2026-02-13 06:27:58","2026-02-13 06:27:58",A67E08,"United States","United States",N51714,,,,,,Rans,COY2,"Rans Coyote II S-6ES",0492290,,,,,,Private,,,1992,,,,0,,,,,,0,0,0,0,0,,,,,,0,0,0,0,0,GEN-COY2
31708140,"2026-02-13 06:26:37","2026-02-13 06:26:37",7448C6,Jordan,Jordan,JY-RFF,,,,,,Boeing,B734,"Boeing 737 4K5",27831,,,,,,"Royal Falcon Airlines",,,1994,,,,0,,,,,,0,0,0,0,0,,,,,,0,0,0,0,0,GEN-B734
31708072,"2026-02-13 06:25:54","2026-02-13 06:25:54",A33753,"United States","United States",N306TP,,,,,,"Hawker Beechcraft Corp",BE20,"Hawker Beechcraft Corp King Air 200GT",BY-86,,,,,,"Otter Tail Power Company",,,2009,,,,0,,,,,,0,0,0,0,0,,,,,,0,0,0,0,0,GEN-BE20
31707595,"2026-02-13 06:20:42","2026-02-13 06:20:42",A36E58,"United States","United States",N320AH,,,,,,"Airbus Helicopters",AS50,"Airbus Helicopters Squirrel AS.350 B3",8233,,,,,,"Airbus Helicopters Inc",,,,,,,0,,,,,,0,0,0,0,0,,,,,,0,0,0,0,0,GEN-AS50
31706956,"2026-02-13 06:13:55","2026-02-13 06:13:55",AD52F6,"United States","United States",N958GA,,,,,,"Gulfstream Aerospace",GA6C,"Gulfstream Aerospace GVII-G600",73058,,,,,,"Gulfstream Aerospace Corp",,,2020,,,,0,,,,,,0,0,0,0,0,,,,,,0,0,0,0,0,GEN-GA6C
31705805,"2026-02-13 06:00:23","2026-02-13 06:00:23",A4344D,"United States","United States",N370FE,,,,,,Douglas,DC10,"Douglas DC-10 10F",46608,,,,,,"FedEx Express",,,,,,,0,,,,,,0,0,0,0,0,,,,,,0,0,0,0,0,FDX
31704898,"2026-02-13 05:50:06","2026-02-13 05:50:06",A647D9,"United States","United States",N5033C,,,,,,Bellanca,BL8,"Bellanca Decathlon 8KCAB",477-79,,,,,,Private,,,1979,,,,0,,,,,,0,0,0,0,0,,,,,,0,0,0,0,0,GEN-BL8
31704663,"2026-02-13 05:47:03","2026-02-13 05:47:03",A7401B,"United States","United States",N5664C,,,,,,Cessna,C140,"Cessna 140A",15620,,,,,,Private,,,1950,,,,0,,,,,,0,0,0,0,0,,,,,,0,0,0,0,0,GEN-C140
31703349,"2026-02-13 05:32:05","2026-02-13 05:32:05",424372,"United Kingdom","United Kingdom",VP-BSP,,,,,,Boeing,B738,"Boeing 737NG 82R/W",40872,,,,,,"Nordwind Airlines",,,2010,,,,0,,,,,,0,0,0,0,0,,,,,,0,0,0,0,0,NWS
31702871,"2026-02-13 05:26:30","2026-02-13 05:26:30",852A40,Japan,Japan,JA3824,,,,,,Cessna,C206,"Cessna TU206G Turbo Stationair 6",U20604888,,,,,,"Kyoritsu Air",,,1979,,,,0,,,,,,0,0,0,0,0,,,,,,0,0,0,0,0,GEN-C206
31701935,"2026-02-13 05:15:24","2026-02-13 05:15:24",507C07,Uzbekistan,Uzbekistan,UK80002,,,,,,Avro,RJ85,"Avro 146 RJ85",E2309,,,,,,"Uzbekistan Airways",,,1997,,,,0,,,,,,0,0,0,0,0,,,,,,0,0,0,0,0,UZB
31700853,"2026-02-13 05:01:34","2026-02-13 05:01:34",341556,Spain,Spain,EC-HZR,,,,,,Bombardier,CRJ2,"Bombardier CRJ 200ER",7547,,,,,,"Air Nostrum",,,,,,,0,,,,,,0,0,0,0,0,,,,,,0,0,0,0,0,ANE
31700755,"2026-02-13 05:00:11","2026-02-13 05:00:11",896267,"United Arab Emirates","United Arab Emirates",A6-FDD,,,,,,Boeing,B738,"Boeing 737NG 8KN/W",40234,,,,,,flydubai,,,2009,,,,0,,,,,,0,0,0,0,0,,,,,,0,0,0,0,0,GEN-B738
31700102,"2026-02-13 04:52:21","2026-02-13 04:52:21",459429,Denmark,Denmark,OY-EAI,,,,,,Cessna,C150,"Cessna 150C",15059809,,,,,,Private,,,1963,,,,0,,,,,,0,0,0,0,0,,,,,,0,0,0,0,0,GEN-C150
31699308,"2026-02-13 04:42:49","2026-02-13 04:42:49",380E54,France,France,F-BDSU,,,,,,Nord,N120,"Nord 1203 Norecrin",26,,,,,,Private,,,,,,,0,,,,,,0,0,0,0,0,,,,,,0,0,0,0,0,GEN-N120
31698983,"2026-02-13 04:38:25","2026-02-13 04:38:25",C01D37,Canada,Canada,C-FLBQ,,,,,,Cessna,C560,"Cessna Citation V",560-0429,,,,,,"Can-West Corporate Air Charters Ltd",,,,,,,0,,,,,,0,0,0,0,0,,,,,,0,0,0,0,0,GEN-C560
31698984,"2026-02-13 04:38:25","2026-02-13 04:38:25",AC6FFB,"United States","United States",N900JG,,,,,,Dassault,FA7X,"Dassault Falcon 7X",115,,,,,,"Elmet 7X Inc",,,2010,,,,0,,,,,,0,0,0,0,0,,,,,,0,0,0,0,0,GEN-FA7X
31698622,"2026-02-13 04:33:48","2026-02-13 04:33:48",00A6D1,"South Africa","South Africa",ZS-ORO,,,,,,Cessna,P210,"Cessna P210N Pressurized Centurion",P21000234,,,,,,Private,,,1979,,,,0,,,,,,0,0,0,0,0,,,,,,0,0,0,0,0,GEN-P210
31698208,"2026-02-13 04:28:09","2026-02-13 04:28:09",AA0066,"United States","United States",N74320,,,,,,Bellanca,B14A,"Bellanca Cruisair Senior 14-13-2",1433,,,,,,Private,,,1947,,,,0,,,,,,0,0,0,0,0,,,,,,0,0,0,0,0,GEN-B14A
31697278,"2026-02-13 04:15:50","2026-02-13 04:15:50",AADD5D,"United States","United States",N8C,,,,,,"Amateur Built",PTS1,"Amateur Built Pitts Special S-1",322H,,,,,,Private,,,1971,,,,0,,,,,,0,0,0,0,0,,,,,,0,0,0,0,0,GEN-PTS1
31697221,"2026-02-13 04:15:06","2026-02-13 04:15:06",C040B3,Canada,Canada,C-FYNA,,,,,,Cessna,C150,"Cessna 150J",15070193,,,,,,Private,,,,,,,0,,,,,,0,0,0,0,0,,,,,,0,0,0,0,0,GEN-C150
31696121,"2026-02-13 04:01:02","2026-02-13 04:01:02",801CA8,India,India,HS-WEH,,,,,,"Gulfstream Aerospace",GLF5,"Gulfstream Aerospace GV",588,,,,,,"M Jets",,,1999,,,,0,,,,,,0,0,0,0,0,,,,,,0,0,0,0,0,GEN-GLF5
31695770,"2026-02-13 03:56:28","2026-02-13 03:56:28",A134F1,"United States","United States",N177UA,,,,,,Boeing,B744,"Boeing 747 422",24384,,,,,,"United Airlines",,,1990,,,,0,,,,,,0,0,0,0,0,,,,,,0,0,0,0,0,UAL
31694828,"2026-02-13 03:44:36","2026-02-13 03:44:36",A67E34,"United States","United States",N5173C,,,,,,Beech,BE35,"Beech Bonanza B35",D-2458,,,,,,Private,,,1950,,,,0,,,,,,0,0,0,0,0,,,,,,0,0,0,0,0,GEN-BE35
31693833,"2026-02-13 03:32:17","2026-02-13 03:32:17",A89386,"United States","United States",N6515P,,,,,,Piper,PA24,"Piper PA-24 250 Comanche",24-1637,,,,,,Private,,,,,,,0,,,,,,0,0,0,0,0,,,,,,0,0,0,0,0,GEN-PA24
31692965,"2026-02-13 03:21:19","2026-02-13 03:21:19",3EF4D5,Germany,Germany,D-5182,,,,,,Schleicher,GLID,"Schleicher K 7 Rhonadler",7030,,,,,,Private,,,1962,,,,0,,,,,,0,0,0,0,0,,,,,,0,0,0,0,0,GEN-GLID
31692103,"2026-02-13 03:09:57","2026-02-13 03:09:57",402D25,"United Kingdom","United Kingdom",G-JUNG,,,,,,CASA,BU31,"CASA Jungmann 1-131E",1121,,,,,,Private,,,1952,,,,0,,,,,,0,0,0,0,0,,,,,,0,0,0,0,0,GEN-BU31
31691366,"2026-02-13 03:00:29","2026-02-13 03:00:29",A2AD74,"United States","United States",N2716Y,,,,,,Beech,BE95,"Beech Travel Air 95",TD-43,,,,,,Private,,,1958,,,,0,,,,,,0,0,0,0,0,,,,,,0,0,0,0,0,GEN-BE95
31691168,"2026-02-13 02:57:51","2026-02-13 02:57:51",AB6303,"United States","United States",N8326S,,,,,,Piper,P28T,"Piper PA-28R T-201 Arrow IV",28R-8118052,,,,,,Private,,,1981,,,,0,,,,,,0,0,0,0,0,,,,,,0,0,0,0,0,GEN-P28T
31690198,"2026-02-13 02:45:27","2026-02-13 02:45:27",A91963,"United States","United States",N6859F,,,,,,Piper,P28A,"Piper PA-28 151 Cherokee Warrior",28-7715183,,,,,,Private,,,,,,,0,,,,,,0,0,0,0,0,,,,,,0,0,0,0,0,GEN-P28A
31689841,"2026-02-13 02:40:47","2026-02-13 02:40:47",468934,Greece,Greece,SX-BIT,,,,,,Bombardier,DH8D,"Bombardier DHC-8 402",4148,,,,,,"Olympic Air",,,2006,,,,0,,,,,,0,0,0,0,0,,,,,,0,0,0,0,0,GEN-DH8D
31689380,"2026-02-13 02:34:35","2026-02-13 02:34:35",AC6D3E,"United States","United States",N90EG,,,,,,Glaser-Dirks,DG40,"Glaser-Dirks DG-400",4-270,,,,,,Private,,,,,,,0,,,,,,0,0,0,0,0,,,,,,0,0,0,0,0,GEN-DG40
31688879,"2026-02-13 02:27:53","2026-02-13 02:27:53",C018FC,Canada,Canada,CF-JLZ,,,,,,Cessna,C120,"Cessna 120",8570,,,,,,Private,,,1946,,,,0,,,,,,0,0,0,0,0,,,,,,0,0,0,0,0,GEN-C120
31688311,"2026-02-13 02:20:08","2026-02-13 02:20:08",0DBEE4,Venezuela,Venezuela,90-0836,,,,,,"General Dynamics",F16,"General Dynamics F-16DM Fighting Falcon",CD-3,,,,,,"United States Air Force",,,,,,,0,,,,,,1,0,0,0,0,,,,,,0,0,0,0,0,
509766,"2023-05-23 01:48:05","2026-02-13 02:12:05",344043,Spain,Spain,"",,,,"",,"",ZANT,"","",,,,,,"",,,,,,"",0,,,,,,0,0,0,0,0,Missing,,,"","",0,0,0,0,0,ZANT
31687603,"2026-02-13 02:10:09","2026-02-13 02:10:09",A0231C,"United States","United States",N108HA,,,,,,Hiller,UH12,"Hiller UH-12E Raven",HA3008,,,,,,Private,,,,,,,0,,,,,,0,0,0,0,0,,,,,,0,0,0,0,0,GEN-UH12
31687173,"2026-02-13 02:05:15","2026-02-13 02:05:15",4029ED,"United Kingdom","United Kingdom",G-MTPX,,,,,,"Thruster Aircraft",ULAC,"Thruster Aircraft Thruster TST Mk.1",8107-TST-042,,,,,,Private,,,1987,,,,0,,,,,,0,0,0,0,0,,,,,,0,0,0,0,0,GEN-ULAC
31686927,"2026-02-13 02:02:01","2026-02-13 02:02:01",43C025,"United Kingdom","United Kingdom",ZH887,,,,,,Lockheed,C30J,"Lockheed C-130J Hercules C.5",5485,,,,,,"Royal Air Force",,,1999,,,,0,,,,,,1,0,0,0,0,,,,,,0,0,0,0,0,RRR
31686885,"2026-02-13 02:01:33","2026-02-13 02:01:33",A8E9B7,"United States","United States",N67330,,,,,,Bell,B06,"Bell TH-67A Creek",5138,,,,,,"United States Army",,,,,,,0,,,,,,1,0,0,0,0,,,,,,0,0,0,0,0,
31685818,"2026-02-13 01:47:44","2026-02-13 01:47:44",AA710B,"United States","United States",N772G,,,,,,Piper,PA27,"Piper PA-23 Aztec 250E",27-7305037,,,,,,Private,,,,,,,0,,,,,,0,0,0,0,0,,,,,,0,0,0,0,0,GEN-PA27
31684621,"2026-02-13 01:33:04","2026-02-13 01:33:04",A309AB,"United States","United States",N295SP,,,,,,Cessna,C172,"Cessna 172S Skyhawk SP",172S9480,,,,,,Private,,,2003,,,,0,,,,,,0,0,0,0,0,,,,,,0,0,0,0,0,GEN-C172
31684305,"2026-02-13 01:28:54","2026-02-13 01:28:54",A95B50,"United States","United States",N7015D,,,,,,Piper,PA22,"Piper PA-22 150 Tri-Pacer",22-4908,,,,,,Private,,,1957,,,,0,,,,,,0,0,0,0,0,,,,,,0,0,0,0,0,GEN-PA22
31683194,"2026-02-13 01:14:49","2026-02-13 01:14:49",3D055C,Germany,Germany,D-EAGY,,,,,,SOCATA,RALL,"SOCATA Rallye MS.883 115",1365,,,,,,Private,,,,,,,0,,,,,,0,0,0,0,0,,,,,,0,0,0,0,0,GEN-RALL
31683191,"2026-02-13 01:14:42","2026-02-13 01:14:42",3D07F7,Germany,Germany,D-EBGP,,,,,,Cessna,C172,"Cessna 172S Skyhawk SP",172S10597,,,,,,Private,,,2007,,,,0,,,,,,0,0,0,0,0,,,,,,0,0,0,0,0,GEN-C172
31683166,"2026-02-13 01:14:31","2026-02-13 01:14:31",0D0682,Mexico,Mexico,XA-MTO,,,,,,Airbus,A320,"Airbus A320 214",4924,,,,,,Interjet,,,2011,,,,0,,,,,,0,0,0,0,0,,,,,,0,0,0,0,0,AIJ
30228,"2026-02-13 00:51:00","2026-02-13 00:51:00",3E83A8,Germany,Germany,3?+??,,,,,,,EUFI,"Eurofighter Typhoon EF2000",,,,,,,"German Air Force",,,,,,"JT: 2026-02-13 00:51:00",0,,,,,,1,0,0,0,0,,,,,,0,0,0,0,0,GAF-EUFI
536058,"2026-02-13 00:51:00","2026-02-13 00:51:00",3EA77F,Germany,Germany,30+80,,,,,,Eurofighter,EUFI,"Eurofighter Typhoon EF2000",,,,,,,"German Air Force",,,,,,"JT: 2026-02-13 00:51:00",0,,,,,,1,0,0,0,0,,,,,,0,0,0,0,0,GAF-EUFI
578732,"2026-02-13 00:51:00","2026-02-13 00:51:00",3F8ECE,Germany,Germany,8?+??,,,,,,Eurofighter,H53,"Sikorsky CH-53GA Stallion",,,,,,,"German Air Force",,,,,,"JT: 2026-02-13 00:51:00",0,,,,,,1,0,0,0,0,,,,,,0,0,0,0,0,GAF-H53
660659,"2026-02-13 00:51:00","2026-02-13 00:51:00",3FA3C1,Germany,Germany,8?+??,,,,,,Dornier,H53,"Sikorsky CH-53GA Stallion",8225,,,,,,"German Air Force",,,,,,"JT: 2026-02-13 00:51:00",0,,,,,,1,0,0,0,0,,,,,,0,0,0,0,0,GAF-H53
953623,"2026-02-13 00:51:00","2026-02-13 00:51:00",3F7450,Germany,Germany,8?+??,,,,,,Panavia,H53,"Sikorsky CH-53GA Stallion",,,,,,,"German Air Force",,,,,,"JT: 2026-02-13 00:51:00",0,,,,,,1,0,0,0,0,,,,,,0,0,0,0,0,GAF-H53
2849179,"2026-02-13 00:51:00","2026-02-13 00:51:00",3FB42E,Germany,Germany,79+23,,,,,,EUROFIGHTER,NH90,"NHIndustries NH90-TTH",,,,,,,"German Army",,,,,,"JT: 2026-02-13 00:51:00",0,,,,,,1,0,0,0,0,,,,,,0,0,0,0,0,GAM-NH90
28241286,"2026-02-13 00:51:00","2026-02-13 00:51:00",3FB026,Germany,Germany,77+??,,,,,,,EC45,"Airbus Helicopters H-145M",,,,,,,"German Army",,,,,,"JT: 2026-02-13 00:51:00",0,,,,,,1,0,0,0,0,,,,,,0,0,0,0,0,GAM-EC45
28242276,"2026-02-13 00:51:00","2026-02-13 00:51:00",3EAFDF,Germany,Germany,77+??,,,,,,,EC45,"Airbus Helicopters H-145M",,,,,,,"German Army",,,,,,"JT: 2026-02-13 00:51:00",0,,,,,,1,0,0,0,0,,,,,,0,0,0,0,0,GAM-EC45
28244885,"2026-02-13 00:51:00","2026-02-13 00:51:00",3F45D6,Germany,Germany,75+56,,,,,,,EC45,"Airbus Helicopters H-145M",,,,,,,"German Army",,,,,,"JT: 2026-02-13 00:51:00",0,,,,,,1,0,0,0,0,,,,,,0,0,0,0,0,GAM-EC45
28247517,"2026-02-13 00:51:00","2026-02-13 00:51:00",3F5F80,Germany,Germany,31+00,,,,,,,EUFI,"Eurofighter Typhoon EF2000",,,,,,,"German Air Force",,,,,,"JT: 2026-02-13 00:51:00",0,,,,,,1,0,0,0,0,,,,,,0,0,0,0,0,GAF-EUFI
28271043,"2026-02-13 00:51:00","2026-02-13 00:51:00",3F7C94,Germany,Germany,75+02,,,,,,,EC45,"Airbus Helicopters H-145M",,,,,,,"German Army",,,,,,"JT: 2026-02-13 00:51:00",0,,,,,,1,0,0,0,0,,,,,,0,0,0,0,0,GAM-EC45
28271351,"2026-02-13 00:51:00","2026-02-13 00:51:00",3FAAB9,Germany,Germany,31+16,,,,,,,EUFI,"Eurofighter Typhoon EF2000",,,,,,,"German Air Force",,,,,,"JT: 2026-02-13 00:51:00",0,,,,,,1,0,0,0,0,,,,,,0,0,0,0,0,GAF-EUFI
28271573,"2026-02-13 00:51:00","2026-02-13 00:51:00",3EB91D,Germany,Germany,31+32,,,,,,,EUFI,"Eurofighter Typhoon EF2000",,,,,,,"German Air Force",,,,,,"JT: 2026-02-13 00:51:00",0,,,,,,1,0,0,0,0,,,,,,0,0,0,0,0,GAF-EUFI
28271920,"2026-02-13 00:51:00","2026-02-13 00:51:00",3F91DA,Germany,Germany,31+49,,,,,,,EUFI,"Eurofighter Typhoon EF2000",,,,,,,"German Air Force",,,,,,"JT: 2026-02-13 00:51:00",0,,,,,,1,0,0,0,0,,,,,,0,0,0,0,0,GAF-EUFI
28272011,"2026-02-13 00:51:00","2026-02-13 00:51:00",3F6B21,Germany,Germany,77+01,,,,,,,EC45,"Airbus Helicopters H-145M",,,,,,,"German Army",,,,,,"JT: 2026-02-13 00:51:00",0,,,,,,1,0,0,0,0,,,,,,0,0,0,0,0,GAM-EC45
28283218,"2026-02-13 00:51:00","2026-02-13 00:51:00",3E999B,Germany,Germany,77+03,,,,,,,EC45,"Airbus Helicopters H-145M",,,,,,,"German Army",,,,,,"JT: 2026-02-13 00:51:00",0,,,,,,1,0,0,0,0,,,,,,0,0,0,0,0,GAM-EC45
28365287,"2026-02-13 00:51:00","2026-02-13 00:51:00",3F6F2F,Germany,Germany,79+19,,,,,,,NH90,"NHIndustries NH90-TTH",,,,,,,"German Army",,,,,,"JT: 2026-02-13 00:51:00",0,,,,,,1,0,0,0,0,,,,,,0,0,0,0,0,GAM-NH90
28722488,"2026-02-13 00:51:00","2026-02-13 00:51:00",3EB8D1,Germany,Germany,30+92,,,,,,,EUFI,"Eurofighter Typhoon EF2000",,,,,,,"German Air Force",,,,,,"JT: 2026-02-13 00:51:00",0,,,,,,1,0,0,0,0,,,,,,0,0,0,0,0,GAF-EUFI
28746879,"2026-02-13 00:51:00","2026-02-13 00:51:00",3F9901,Germany,Germany,8?+??,,,,,,,H53,"Sikorsky CH-53GA Stallion",,,,,,,"German Air Force",,,,,,"JT: 2026-02-13 00:51:00",0,,,,,,1,0,0,0,0,,,,,,0,0,0,0,0,GAF-H53
28748637,"2026-02-13 00:51:00","2026-02-13 00:51:00",3E8E2D,Germany,Germany,30+52,,,,,,,EUFI,"Eurofighter Typhoon EF2000",,,,,,,"German Air Force",,,,,,"JT: 2026-02-13 00:51:00",0,,,,,,1,0,0,0,0,,,,,,0,0,0,0,0,GAF-EUFI
28853831,"2026-02-13 00:51:00","2026-02-13 00:51:00",3EBB2E,Germany,Germany,76+16,,,,,,,EC45,"Airbus Helicopters H-145M",,,,,,,"German Army",,,,,,"JT: 2026-02-13 00:51:00",0,,,,,,1,0,0,0,0,,,,,,0,0,0,0,0,GAM-EC45
28877722,"2026-02-13 00:51:00","2026-02-13 00:51:00",3F6539,Germany,Germany,76+??,,,,,,,EC45,"Airbus Helicopters H-145M",,,,,,,"German Army",,,,,,"JT: 2026-02-13 00:51:00",0,,,,,,1,0,0,0,0,,,,,,0,0,0,0,0,GAM-EC45
29102687,"2026-02-13 00:51:00","2026-02-13 00:51:00",3FA08A,Germany,Germany,79+29,,,,,,,NH90,"NHIndustries NH90-TTH",,,,,,,"German Army",,,,,,"JT: 2026-02-13 00:51:00",0,,,,,,1,0,0,0,0,,,,,,0,0,0,0,0,GAM-NH90
29196223,"2026-02-13 00:51:00","2026-02-13 00:51:00",3EBF4C,Germany,Germany,3?+??,,,,,,,EUFI,"Eurofighter Typhoon EF2000",,,,,,,"German Air Force",,,,,,"JT: 2026-02-13 00:51:00",0,,,,,,1,0,0,0,0,,,,,,0,0,0,0,0,GAF-EUFI
29201910,"2026-02-13 00:51:00","2026-02-13 00:51:00",3E9CCA,Germany,Germany,76+13,,,,,,,EC45,"Airbus Helicopters H-145M",,,,,,,"German Army",,,,,,"JT: 2026-02-13 00:51:00",0,,,,,,1,0,0,0,0,,,,,,0,0,0,0,0,GAM-EC45
29204661,"2026-02-13 00:51:00","2026-02-13 00:51:00",3F67F5,Germany,Germany,63+0?,,,,,,,P8,"",,,,,,,"German Navy",,,,,,"JT: 2026-02-13 00:51:00",0,,,,,,1,0,0,0,0,,,,,,0,0,0,0,0,GNY-P8
29487894,"2026-02-13 00:51:00","2026-02-13 00:51:00",3EBCCB,Germany,Germany,3?+??,,,,,,,EUFI,"Eurofighter Typhoon EF2000",,,,,,,"German Air Force",,,,,,"JT: 2026-02-13 00:51:00",0,,,,,,1,0,0,0,0,,,,,,0,0,0,0,0,GAF-EUFI
29488059,"2026-02-13 00:51:00","2026-02-13 00:51:00",3F9875,Germany,Germany,3?+??,,,,,,,EUFI,"Eurofighter Typhoon EF2000",,,,,,,"German Air Force",,,,,,"JT: 2026-02-13 00:51:00",0,,,,,,1,0,0,0,0,,,,,,0,0,0,0,0,GAF-EUFI
29488234,"2026-02-13 00:51:00","2026-02-13 00:51:00",3EB52C,Germany,Germany,4?+??,,,,,,,TOR,"Panavia Tornado",,,,,,,"German Air Force",,,,,,"JT: 2026-02-13 00:51:00",0,,,,,,1,0,0,0,0,,,,,,0,0,0,0,0,GAF-TOR
29488330,"2026-02-13 00:51:00","2026-02-13 00:51:00",3F9235,Germany,Germany,44+58,,,,,,,TOR,"Panavia Tornado",,,,,,,"German Air Force",,,,,,"JT: 2026-02-13 00:51:00",0,,,,,,1,0,0,0,0,,,,,,0,0,0,0,0,GAF-TOR
29488332,"2026-02-13 00:51:00","2026-02-13 00:51:00",3F5073,Germany,Germany,44+72,,,,,,,TOR,"Panavia Tornado",,,,,,,"German Air Force",,,,,,"JT: 2026-02-13 00:51:00",0,,,,,,1,0,0,0,0,,,,,,0,0,0,0,0,GAF-TOR
29488334,"2026-02-13 00:51:00","2026-02-13 00:51:00",3F64A3,Germany,Germany,44+79,,,,,,,TOR,"Panavia Tornado",,,,,,,"German Air Force",,,,,,"JT: 2026-02-13 00:51:00",0,,,,,,1,0,0,0,0,,,,,,0,0,0,0,0,GAF-TOR
29488884,"2026-02-13 00:51:00","2026-02-13 00:51:00",3E9CD2,Germany,Germany,7?+??,,,,,,,NH90,"NHIndustries NH90-TTH",,,,,,,"German Army",,,,,,"JT: 2026-02-13 00:51:00",0,,,,,,1,0,0,0,0,,,,,,0,0,0,0,0,GAM-NH90
29489057,"2026-02-13 00:51:00","2026-02-13 00:51:00",3F825D,Germany,Germany,7?+??,,,,,,,NH90,"NHIndustries NH90-TTH",,,,,,,"German Army",,,,,,"JT: 2026-02-13 00:51:00",0,,,,,,1,0,0,0,0,,,,,,0,0,0,0,0,GAM-NH90
29489060,"2026-02-13 00:51:00","2026-02-13 00:51:00",3F850D,Germany,Germany,7?+??,,,,,,,NH90,"NHIndustries NH90-TTH",,,,,,,"German Army",,,,,,"JT: 2026-02-13 00:51:00",0,,,,,,1,0,0,0,0,,,,,,0,0,0,0,0,GAM-NH90
29489162,"2026-02-13 00:51:00","2026-02-13 00:51:00",3FBC96,Germany,Germany,7?+??,,,,,,,NH90,"NHIndustries NH90-TTH",,,,,,,"German Army",,,,,,"JT: 2026-02-13 00:51:00",0,,,,,,1,0,0,0,0,,,,,,0,0,0,0,0,GAM-NH90
29489168,"2026-02-13 00:51:00","2026-02-13 00:51:00",3FBE0A,Germany,Germany,7?+??,,,,,,,NH90,"NHIndustries NH90-TTH",,,,,,,"German Army",,,,,,"JT: 2026-02-13 00:51:00",0,,,,,,1,0,0,0,0,,,,,,0,0,0,0,0,GAM-NH90
29489345,"2026-02-13 00:51:00","2026-02-13 00:51:00",3F5873,Germany,Germany,83+??,,,,,,,LYNX,"Westland Lynx Mk.88A",,,,,,,"German Navy",,,,,,"JT: 2026-02-13 00:51:00",0,,,,,,1,0,0,0,0,,,,,,0,0,0,0,0,GNY-LYNX
29489359,"2026-02-13 00:51:00","2026-02-13 00:51:00",3F696F,Germany,Germany,83+??,,,,,,,LYNX,"Westland Lynx Mk.88A",,,,,,,"German Navy",,,,,,"JT: 2026-02-13 00:51:00",0,,,,,,1,0,0,0,0,,,,,,0,0,0,0,0,GNY-LYNX
29489454,"2026-02-13 00:51:00","2026-02-13 00:51:00",3E8639,Germany,Germany,8?+??,,,,,,,H53,"Sikorsky CH-53GA Stallion",,,,,,,"German Air Force",,,,,,"JT: 2026-02-13 00:51:00",0,,,,,,1,0,0,0,0,,,,,,0,0,0,0,0,GAF-H53
29489548,"2026-02-13 00:51:00","2026-02-13 00:51:00",3EA9C7,Germany,Germany,8?+??,,,,,,,H53,"Sikorsky CH-53GA Stallion",,,,,,,"German Air Force",,,,,,"JT: 2026-02-13 00:51:00",0,,,,,,1,0,0,0,0,,,,,,0,0,0,0,0,GAF-H53
29489808,"2026-02-13 00:51:00","2026-02-13 00:51:00",3F8D50,Germany,Germany,8?+??,,,,,,,H53,"Sikorsky CH-53GA Stallion",,,,,,,"German Air Force",,,,,,"JT: 2026-02-13 00:51:00",0,,,,,,1,0,0,0,0,,,,,,0,0,0,0,0,GAF-H53
29489867,"2026-02-13 00:51:00","2026-02-13 00:51:00",3FA068,Germany,Germany,8?+??,,,,,,,H53,"Sikorsky CH-53GA Stallion",,,,,,,"German Air Force",,,,,,"JT: 2026-02-13 00:51:00",0,,,,,,1,0,0,0,0,,,,,,0,0,0,0,0,GAF-H53
29565100,"2026-02-13 00:51:00","2026-02-13 00:51:00",3EBB87,Germany,Germany,8?+??,,,,,,,H53,"Sikorsky CH-53GA Stallion",,,,,,,"German Air Force",,,,,,"JT: 2026-02-13 00:51:00",0,,,,,,1,0,0,0,0,,,,,,0,0,0,0,0,GAF-H53
29687389,"2026-02-13 00:51:00","2026-02-13 00:51:00",3F8802,Germany,Germany,79+28,,,,,,,NH90,"NHIndustries NH90-TTH",,,,,,,"German Army",,,,,,"JT: 2026-02-13 00:51:00",0,,,,,,1,0,0,0,0,,,,,,0,0,0,0,0,GAM-NH90
29696351,"2026-02-13 00:51:00","2026-02-13 00:51:00",3F5A0C,Germany,Germany,76+??,,,,,,,EC45,"Airbus Helicopters H-145M",,,,,,,"German Army",,,,,,"JT: 2026-02-13 00:51:00",0,,,,,,1,0,0,0,0,,,,,,0,0,0,0,0,GAM-EC45
29698299,"2026-02-13 00:51:00","2026-02-13 00:51:00",3F43F2,Germany,Germany,7?+??,,,,,,,NH90,"NHIndustries NH90-TTH",,,,,,,"German Army",,,,,,"JT: 2026-02-13 00:51:00",0,,,,,,1,0,0,0,0,,,,,,0,0,0,0,0,GAM-NH90
29699562,"2026-02-13 00:51:00","2026-02-13 00:51:00",3F9820,Germany,Germany,76+??,,,,,,,EC45,"Airbus Helicopters H-145M",,,,,,,"German Army",,,,,,"JT: 2026-02-13 00:51:00",0,,,,,,1,0,0,0,0,,,,,,0,0,0,0,0,GAM-EC45
29703647,"2026-02-13 00:51:00","2026-02-13 00:51:00",3FABDC,Germany,Germany,8?+??,,,,,,,H53,"Sikorsky CH-53GA Stallion",,,,,,,"German Air Force",,,,,,"JT: 2026-02-13 00:51:00",0,,,,,,1,0,0,0,0,,,,,,0,0,0,0,0,GAF-H53
29923708,"2026-02-13 00:51:00","2026-02-13 00:51:00",3EBB3C,Germany,Germany,43+25,,,,,,,TOR,"Panavia Tornado",,,,,,,"German Air Force",,,,,,"JT: 2026-02-13 00:51:00",0,,,,,,1,0,0,0,0,,,,,,0,0,0,0,0,GAF-TOR
29924269,"2026-02-13 00:51:00","2026-02-13 00:51:00",3F61CC,Germany,Germany,8?+??,,,,,,,H53,"Sikorsky CH-53GA Stallion",,,,,,,"German Air Force",,,,,,"JT: 2026-02-13 00:51:00",0,,,,,,1,0,0,0,0,,,,,,0,0,0,0,0,GAF-H53
30417982,"2026-02-13 00:51:00","2026-02-13 00:51:00",3FA768,Germany,Germany,8?+??,,,,,,,H53,"Sikorsky CH-53GA Stallion",,,,,,,"German Air Force",,,,,,"JT: 2026-02-13 00:51:00",0,,,,,,1,0,0,0,0,,,,,,0,0,0,0,0,GAF-H53
30529056,"2026-02-13 00:51:00","2026-02-13 00:51:00",3E8D19,Germany,Germany,3?+??,,,,,,,EUFI,"Eurofighter Typhoon EF2000",,,,,,,"German Air Force",,,,,,"JT: 2026-02-13 00:51:00",0,,,,,,1,0,0,0,0,,,,,,0,0,0,0,0,GAF-EUFI
30582648,"2026-02-13 00:51:00","2026-02-13 00:51:00",3F8483,Germany,Germany,7?+??,,,,,,,NH90,"NHIndustries NH90-TTH",,,,,,,"German Army",,,,,,"JT: 2026-02-13 00:51:00",0,,,,,,1,0,0,0,0,,,,,,0,0,0,0,0,GAM-NH90
30740729,"2026-02-13 00:51:00","2026-02-13 00:51:00",3EBCB5,Germany,Germany,43+48,,,,,,,TOR,"Panavia Tornado",,,,,,,"German Air Force",,,,,,"JT: 2026-02-13 00:51:00",0,,,,,,1,0,0,0,0,,,,,,0,0,0,0,0,GAF-TOR
30764369,"2026-02-13 00:51:00","2026-02-13 00:51:00",3FA22F,Germany,Germany,3?+??,,,,,,,EUFI,"Eurofighter Typhoon EF2000",,,,,,,"German Air Force",,,,,,"JT: 2026-02-13 00:51:00",0,,,,,,1,0,0,0,0,,,,,,0,0,0,0,0,GAF-EUFI
31229268,"2026-02-13 00:51:00","2026-02-13 00:51:00",3F7293,Germany,Germany,30+95,,,,,,,EUFI,"Eurofighter Typhoon EF2000",,,,,,,"German Air Force",,,,,,"JT: 2026-02-13 00:51:00",0,,,,,,1,0,0,0,0,,,,,,0,0,0,0,0,GAF-EUFI
31231268,"2026-02-13 00:51:00","2026-02-13 00:51:00",3F7470,Germany,Germany,74+??,,,,,,,TIGR,"Eurocopter EC.665 Tiger",,,,,,,"German Army",,,,,,"JT: 2026-02-13 00:51:00",0,,,,,,1,0,0,0,0,,,,,,0,0,0,0,0,GAM-TIGR
31233864,"2026-02-13 00:51:00","2026-02-13 00:51:00",3F43BA,Germany,Germany,4?+??,,,,,,,TOR,"Panavia Tornado",,,,,,,"German Air Force",,,,,,"JT: 2026-02-13 00:51:00",0,,,,,,1,0,0,0,0,,,,,,0,0,0,0,0,GAF-TOR
31680386,"2026-02-13 00:39:47","2026-02-13 00:39:47",C00AF2,Canada,Canada,C-FEDT,,,,,,Cessna,C172,"Cessna 172K Skyhawk",17258648,,,,,,Private,,,1969,,,,0,,,,,,0,0,0,0,0,,,,,,0,0,0,0,0,GEN-C172
31679830,"2026-02-13 00:32:13","2026-02-13 00:32:13",AA12B8,"United States","United States",N74805,,,,,,Robinson,R44,"Robinson R44 Raven II",10934,,,,,,Private,,,,,,,0,,,,,,0,0,0,0,0,,,,,,0,0,0,0,0,GEN-R44
31679607,"2026-02-13 00:29:26","2026-02-13 00:29:26",404710,"United Kingdom","United Kingdom",G-WAKY,,,,,,"Cyclone Airsports",ULAC,"Cyclone Airsports AX2000",7890,,,,,,Private,,,2002,,,,0,,,,,,0,0,0,0,0,,,,,,0,0,0,0,0,GEN-ULAC
31679039,"2026-02-13 00:22:29","2026-02-13 00:22:29",C05A4F,Canada,Canada,C-GIFE,,,,,,Bushby,MUS2,"Bushby Mustang II",M11-694,,,,,,Private,,,,,,,0,,,,,,0,0,0,0,0,,,,,,0,0,0,0,0,GEN-MUS2
31678363,"2026-02-13 00:14:29","2026-02-13 00:14:29",A94058,"United States","United States",N6955H,,,,,,Piper,J3,"Piper J-3 C-65 Cub",20196,,,,,,Private,,,1946,,,,0,,,,,,0,0,0,0,0,,,,,,0,0,0,0,0,GEN-J3
31678173,"2026-02-13 00:12:11","2026-02-13 00:12:11",383295,France,France,F-BMUV,,,,,,Gardan,GY80,"Gardan GY-80 180 Horizon",134,,,,,,Private,,,,,,,0,,,,,,0,0,0,0,0,,,,,,0,0,0,0,0,GEN-GY80
31677800,"2026-02-13 00:07:24","2026-02-13 00:07:24",A6F1D8,"United States","United States",N5469Q,,,,,,Cessna,C150,"Cessna 150L",15073369,,,,,,Private,,,,,,,0,,,,,,0,0,0,0,0,,,,,,0,0,0,0,0,GEN-C150
31677612,"2026-02-13 00:05:07","2026-02-13 00:05:07",ADC11B,"United States","United States",N9857Y,,,,,,Cessna,C210,"Cessna 210N Centurion",21064618,,,,,,Private,,,1981,,,,0,,,,,,0,0,0,0,0,,,,,,0,0,0,0,0,GEN-C210
