AircraftID,FirstCreated,LastModified,ModeS,ModeSCountry,Country,Registration,CurrentRegDate,PreviousID,FirstRegDate,Status,DeRegDate,Manufacturer,ICAOTypeCode,Type,SerialNo,PopularName,GenericName,AircraftClass,Engines,OwnershipStatus,RegisteredOwners,MTOW,TotalHours,YearBuilt,CofACategory,CofAExpiry,UserNotes,Interested,UserTag,InfoURL,PictureURL1,PictureURL2,PictureURL3,UserBool1,UserBool2,UserBool3,UserBool4,UserBool5,UserString1,UserString2,UserString3,UserString4,UserString5,UserInt1,UserInt2,UserInt3,UserInt4,UserInt5,OperatorFlagCode
30127976,"2026-01-30 23:59:47","2026-01-30 23:59:47",A74270,"United States","United States",N567RP,,,,,,Embraer,E145,"Embraer ERJ-145 LR",145698,,,,,,"Delta Connection",,,,,,,0,,,,,,0,0,0,0,0,,,,,,0,0,0,0,0,GEN-E145
30127977,"2026-01-30 23:59:47","2026-01-30 23:59:47",A0031A,"United States","United States",N10HR,,,,,,Beech,BE33,"Beech Debonair C33",CD-1110,,,,,,Private,,,,,,,0,,,,,,0,0,0,0,0,,,,,,0,0,0,0,0,GEN-BE33
30127668,"2026-01-30 23:55:47","2026-01-30 23:55:47",AB4C26,"United States","United States",N827PE,,,,,,Enstrom,EN28,"Enstrom Shark 280 FX",2149,,,,,,"Enstrom Helicopter Corp",,,2017,,,,0,,,,,,0,0,0,0,0,,,,,,0,0,0,0,0,GEN-EN28
30127344,"2026-01-30 23:51:04","2026-01-30 23:51:04",A682C1,"United States","United States",N5189G,,,,,,"Rand Robinson",KR2,"Rand Robinson KR-2",4545-63-639,,,,,,Private,,,,,,,0,,,,,,0,0,0,0,0,,,,,,0,0,0,0,0,GEN-KR2
30127058,"2026-01-30 23:47:16","2026-01-30 23:47:16",390D70,France,France,F-GDLQ,,,,,,Cessna,C310,"Cessna 310Q",310Q-1040,,,,,,Private,,,,,,,0,,,,,,0,0,0,0,0,,,,,,0,0,0,0,0,GEN-C310
30126952,"2026-01-30 23:45:59","2026-01-30 23:45:59",462CE6,Finland,Finland,OH-RAC,,,,,,Robin,HR10,"Robin HR.100 210 Safari",207,,,,,,Private,,,1974,,,,0,,,,,,0,0,0,0,0,,,,,,0,0,0,0,0,GEN-HR10
30126919,"2026-01-30 23:45:42","2026-01-30 23:45:42",A6A1C3,"United States","United States",N5261R,,,,,,"Textron Aviation",C700,"Textron Aviation Citation Longitude",700-0007,,,,,,"Textron Aviation Inc",,,2017,,,,0,,,,,,0,0,0,0,0,,,,,,0,0,0,0,0,GEN-C700
30126765,"2026-01-30 23:43:44","2026-01-30 23:43:44",A12A85,"United States","United States",N1741A,,,,,,Piper,PA27,"Piper PA-23 Aztec 250D",27-4415,,,,,,Private,,,,,,,0,,,,,,0,0,0,0,0,,,,,,0,0,0,0,0,GEN-PA27
30126332,"2026-01-30 23:37:51","2026-01-30 23:37:51",151463,Russia,Russia,RA-70755,,,,,,Antonov,AN2,"Antonov An-2",1G132-10,,,,,,"Chuvashia Airlines",,,,,,,0,,,,,,0,0,0,0,0,,,,,,0,0,0,0,0,GEN-AN2
30126283,"2026-01-30 23:37:13","2026-01-30 23:37:13",A8C2B1,"United States","United States",N6637F,,,,,,Cessna,C150,"Cessna 150F",15063237,,,,,,Private,,,1966,,,,0,,,,,,0,0,0,0,0,,,,,,0,0,0,0,0,GEN-C150
30125657,"2026-01-30 23:28:53","2026-01-30 23:28:53",A8B762,"United States","United States",N66059,,,,,,Cessna,C172,"Cessna 172Q Cutlass",17275956,,,,,,Private,,,1982,,,,0,,,,,,0,0,0,0,0,,,,,,0,0,0,0,0,GEN-C172
30124608,"2026-01-30 23:14:37","2026-01-30 23:14:37",4AD614,Sweden,Sweden,SE-UPT,,,,,,Grob,G103,"Grob G 103C Twin Astir IIISL",35030,,,,,,Private,,,1992,,,,0,,,,,,0,0,0,0,0,,,,,,0,0,0,0,0,GEN-G103
30124445,"2026-01-30 23:12:30","2026-01-30 23:12:30",A08B90,"United States","United States",N134RM,,,,,,"Rand Robinson",KR2,"Rand Robinson KR-2",KR-2-7844,,,,,,Private,,,1995,,,,0,,,,,,0,0,0,0,0,,,,,,0,0,0,0,0,GEN-KR2
30123539,"2026-01-30 23:00:53","2026-01-30 23:00:53",A6CB40,"United States","United States",N537JK,,,,,,"Gulfstream Aerospace",GLF5,"Gulfstream Aerospace G550",5005,,,,,,"Altitude Aviation Group LLC",,,2003,,,,0,,,,,,0,0,0,0,0,,,,,,0,0,0,0,0,GEN-GLF5
30122207,"2026-01-30 22:44:52","2026-01-30 22:44:52",A92FB5,"United States","United States",07-0691,,,,,,Pilatus,PC12,"Pilatus PC-XII U-28B",691,,,,,,"United States Air Force",,,2006,,,,0,,,,,,1,0,0,0,0,,,,,,0,0,0,0,0,
30122179,"2026-01-30 22:44:34","2026-01-30 22:44:34",A8CFC3,"United States","United States",N667RT,,,,,,Vans,RV6,"Vans RV-6 A",60032,,,,,,Private,,,2001,,,,0,,,,,,0,0,0,0,0,,,,,,0,0,0,0,0,GEN-RV6
30122078,"2026-01-30 22:43:28","2026-01-30 22:43:28",A7D55B,"United States","United States",N6034U,,,,,,Christen,PTS2,"Christen Pitts Special S-2B",5133,,,,,,Private,,,,,,,0,,,,,,0,0,0,0,0,,,,,,0,0,0,0,0,GEN-PTS2
30122061,"2026-01-30 22:43:16","2026-01-30 22:43:16",A00A5A,"United States","United States",N101VV,,,,,,Cessna,C172,"Cessna 172N Skyhawk",17272921,,,,,,Private,,,1979,,,,0,,,,,,0,0,0,0,0,,,,,,0,0,0,0,0,GEN-C172
30121827,"2026-01-30 22:40:41","2026-01-30 22:40:41",AC9AB1,"United States","United States",N911DD,,,,,,MBB,B105,"MBB Bo.105 S",S-830,,,,,,Private,,,1990,,,,0,,,,,,0,0,0,0,0,,,,,,0,0,0,0,0,GEN-B105
30121654,"2026-01-30 22:38:23","2026-01-30 22:38:23",34360B,Spain,Spain,EC-LJI,,,,,,Boeing,B733,"Boeing 737 301F",23512,,,,,,Swiftair,,,1986,,,,0,,,,,,0,0,0,0,0,,,,,,0,0,0,0,0,GEN-B733
30121611,"2026-01-30 22:37:50","2026-01-30 22:37:50",A5FEE4,"United States","United States",N486AA,,,,,,"McDonnell Douglas",MD82,"McDonnell Douglas DC-9 82",49679,,,,,,"American Airlines",,,1988,,,,0,,,,,,0,0,0,0,0,,,,,,0,0,0,0,0,AAL
30121070,"2026-01-30 22:31:03","2026-01-30 22:31:03",AD38B4,"United States","United States",N951DL,,,,,,"McDonnell Douglas",MD88,"McDonnell Douglas DC-9 88",49882,,,,,,"Delta Air Lines",,,1990,,,,0,,,,,,0,0,0,0,0,,,,,,0,0,0,0,0,DAL
30120734,"2026-01-30 22:26:59","2026-01-30 22:26:59",A8F604,"United States","United States",N677D,,,,,,Beech,BE35,"Beech Bonanza C35",D-2950,,,,,,Private,,,1951,,,,0,,,,,,0,0,0,0,0,,,,,,0,0,0,0,0,GEN-BE35
30120513,"2026-01-30 22:24:18","2026-01-30 22:24:18",A6A240,"United States","United States",N5265A,,,,,,Cessna,C310,"Cessna 310",35465,,,,,,Private,,,,,,,0,,,,,,0,0,0,0,0,,,,,,0,0,0,0,0,GEN-C310
30120266,"2026-01-30 22:21:30","2026-01-30 22:21:30",3D3A49,Germany,Germany,D-EUIB,,,,,,Cessna,P210,"Cessna P210N Pressurized Centurion",P21000162,,,,,,Private,,,1979,,,,0,,,,,,0,0,0,0,0,,,,,,0,0,0,0,0,GEN-P210
30119858,"2026-01-30 22:16:30","2026-01-30 22:16:30",852A1E,Japan,Japan,JA3814,,,,,,Cessna,C172,"Cessna 172N Skyhawk",17271076,,,,,,Private,,,1978,,,,0,,,,,,0,0,0,0,0,,,,,,0,0,0,0,0,GEN-C172
30119336,"2026-01-30 22:10:18","2026-01-30 22:10:18",403674,"United Kingdom","United Kingdom",G-HOBO,,,,,,Denney,FOX,"Denney Kitfox Mk.IV","PFA 172A-12140",,,,,,Private,,,1994,,,,0,,,,,,0,0,0,0,0,,,,,,0,0,0,0,0,GEN-FOX
30119305,"2026-01-30 22:09:47","2026-01-30 22:09:47",424197,"Cayman Islands","Cayman Islands",VP-CFS,,,,,,"Hawker Beechcraft Corp",H25B,"Hawker Beechcraft Corp Hawker 900XP",HA-0090,,,,,,"Infinum Altitudo Inc",,,,,,,0,,,,,,0,0,0,0,0,,,,,,0,0,0,0,0,GEN-H25B
30119181,"2026-01-30 22:08:03","2026-01-30 22:08:03",A459A3,"United States","United States",N38HC,,,,,,Monnett,SRAI,"Monnett Sonerai II",00191,,,,,,Private,,,1980,,,,0,,,,,,0,0,0,0,0,,,,,,0,0,0,0,0,GEN-SRAI
30118456,"2026-01-30 21:59:16","2026-01-30 21:59:16",A3228F,"United States","United States",N3006U,,,,,,Piper,P28A,"Piper PA-28 181 Archer II",28-7990332,,,,,,Private,,,,,,,0,,,,,,0,0,0,0,0,,,,,,0,0,0,0,0,GEN-P28A
29219,"2022-08-30 09:24:20","2026-01-30 21:57:11",000005,"Not Allocated","Not Allocated","",,,,"",,"",UAV,"","",,,,,,"",,,,,,"",0,,,,,,0,0,0,0,0,Missing,,,"","",0,0,0,0,0,GEN-UAV
30117617,"2026-01-30 21:49:15","2026-01-30 21:49:15",A9CFDB,"United States","United States",N731MF,,,,,,Cessna,C188,"Cessna 188B Agtruck",18802995T,,,,,,Private,,,,,,,0,,,,,,0,0,0,0,0,,,,,,0,0,0,0,0,GEN-C188
30116867,"2026-01-30 21:40:04","2026-01-30 21:40:04",A0CF62,"United States","United States",N151RE,,,,,,Rotec,ULAC,"Rotec Rally 3",25048,,,,,,Private,,,,,,,0,,,,,,0,0,0,0,0,,,,,,0,0,0,0,0,GEN-ULAC
30116008,"2026-01-30 21:29:52","2026-01-30 21:29:52",A1D3C0,"United States","United States",N217CL,,,,,,"Quest Aircraft Company",KODI,"Quest Aircraft Company Kodiak 100",100-0214,,,,,,"Quest Aircraft Company",,,2017,,,,0,,,,,,0,0,0,0,0,,,,,,0,0,0,0,0,GEN-KODI
30114729,"2026-01-30 21:15:03","2026-01-30 21:15:03",A399E2,"United States","United States",N331DS,,,,,,"Diamond Aircraft",DA40,"Diamond Aircraft Diamond Star DA40",40.1205,,,,,,Private,,,,,,,0,,,,,,0,0,0,0,0,,,,,,0,0,0,0,0,GEN-DA40
30113898,"2026-01-30 21:05:59","2026-01-30 21:05:59",AAFC80,"United States","United States",N807GM,,,,,,"Raytheon Aircraft Company",B350,"Raytheon Aircraft Company King Air B350",FL-451,,,,,,"Spotted Hawk Aviation LLC",,,,,,,0,,,,,,0,0,0,0,0,,,,,,0,0,0,0,0,GEN-B350
30113886,"2026-01-30 21:05:52","2026-01-30 21:05:52",A5E3E9,"United States","United States",N479QB,,,,,,Bell,B407,"Bell 407 GX",54368,,,,,,Private,,,2012,,,,0,,,,,,0,0,0,0,0,,,,,,0,0,0,0,0,GEN-B407
30113421,"2026-01-30 21:00:46","2026-01-30 21:00:46",403A48,"United Kingdom","United Kingdom",G-BWBZ,,,,,,"ARV Aviation",ARV1,"ARV Aviation ARV 1 Super 2","PFA 152-12802",,,,,,Private,,,1995,,,,0,,,,,,0,0,0,0,0,,,,,,0,0,0,0,0,GEN-ARV1
30112881,"2026-01-30 20:54:26","2026-01-30 20:54:26",4B07E3,Switzerland,Switzerland,HB-CZR,,,,,,Cessna,C172,"Cessna 172S Skyhawk SP",172S8499,,,,,,Private,,,2000,,,,0,,,,,,0,0,0,0,0,,,,,,0,0,0,0,0,GEN-C172
30112846,"2026-01-30 20:54:08","2026-01-30 20:54:08",AB2B02,"United States","United States",N819CE,,,,,,Eurocopter,EC35,"Eurocopter EC135 P2+",0544,,,,,,Private,,,2007,,,,0,,,,,,0,0,0,0,0,,,,,,0,0,0,0,0,GEN-EC35
30112722,"2026-01-30 20:52:33","2026-01-30 20:52:33",A8CFB4,"United States","United States",N667RC,,,,,,Cessna,C421,"Cessna 421C Golden Eagle",421C1073,,,,,,Private,,,1981,,,,0,,,,,,0,0,0,0,0,,,,,,0,0,0,0,0,GEN-C421
30112464,"2026-01-30 20:50:00","2026-01-30 20:50:00",A72A26,"United States","United States",N5606T,,,,,,Stolp,SA30,"Stolp SA.300 Starduster Too",001,,,,,,Private,,,,,,,0,,,,,,0,0,0,0,0,,,,,,0,0,0,0,0,GEN-SA30
30112116,"2026-01-30 20:45:53","2026-01-30 20:45:53",A3F6EA,"United States","United States",N3546Y,,,,,,Cessna,C182,"Cessna 182F Skylane",18254446,,,,,,Private,,,,,,,0,,,,,,0,0,0,0,0,,,,,,0,0,0,0,0,GEN-C182
30112077,"2026-01-30 20:45:18","2026-01-30 20:45:18",C80A0B,"New Zealand","New Zealand",ZK-EMA,,,,,,"Airparts NZ",FU24,"Airparts NZ Fletcher FU-24 950",250,,,,,,Private,,,,,,,0,,,,,,0,0,0,0,0,,,,,,0,0,0,0,0,GEN-FU24
30112050,"2026-01-30 20:45:07","2026-01-30 20:45:07",A9A09D,"United States","United States",N71951,,,,,,Cessna,C206,"Cessna U206D Super Skywagon",U206-1235,,,,,,Private,,,1968,,,,0,,,,,,0,0,0,0,0,,,,,,0,0,0,0,0,GEN-C206
30112046,"2026-01-30 20:45:01","2026-01-30 20:45:01",A852D0,"United States","United States",N6351F,,,,,,Cessna,C337,"Cessna 337A Super Skymaster",33700351,,,,,,Private,,,1966,,,,0,,,,,,0,0,0,0,0,,,,,,0,0,0,0,0,GEN-C337
30111933,"2026-01-30 20:43:43","2026-01-30 20:43:43",A03CCB,"United States","United States",N114TU,,,,,,Boeing,B763,"Boeing 767 381",27050,,,,,,"All Nippon Airways",,,1993,,,,0,,,,,,0,0,0,0,0,,,,,,0,0,0,0,0,ANA
30111768,"2026-01-30 20:42:00","2026-01-30 20:42:00",C09C0A,Canada,Canada,C-IHCJ,,,,,,"Amateur Built",ULAC,"Amateur Built Mitchell Wing B-10",P1133,,,,,,Private,,,,,,,0,,,,,,0,0,0,0,0,,,,,,0,0,0,0,0,GEN-ULAC
30111655,"2026-01-30 20:40:54","2026-01-30 20:40:54",896084,"United Arab Emirates","United Arab Emirates",A6-ERE,,,,,,Airbus,A345,"Airbus A340 541",572,,,,,,Emirates,,,2004,,,,0,,,,,,0,0,0,0,0,,,,,,0,0,0,0,0,UAE
30111479,"2026-01-30 20:38:50","2026-01-30 20:38:50",4ADA57,Sweden,Sweden,SE-VRU,,,,,,"AutoGyro Europe",CLON,"AutoGyro Europe Cavalon",V00090,,,,,,Private,,,,,,,0,,,,,,0,0,0,0,0,,,,,,0,0,0,0,0,GEN-CLON
30111351,"2026-01-30 20:37:15","2026-01-30 20:37:15",AB1EEF,"United States","United States",5Y-CDL,,,,,,Cessna,C208,"Cessna 208 EX",208B5074,,,,,,"Air Kenya",,,2013,,,,0,,,,,,0,0,0,0,0,,,,,,0,0,0,0,0,GEN-C208
30110618,"2026-01-30 20:28:51","2026-01-30 20:28:51",A1E996,"United States","United States",N222MV,,,,,,Swearingen,SW3,"Swearingen Merlin III",T-212,,,,,,Corporate,,,1971,,,,0,,,,,,0,0,0,0,0,,,,,,0,0,0,0,0,GEN-SW3
30110275,"2026-01-30 20:24:53","2026-01-30 20:24:53",3A1E20,"French Overseas","French Overseas",F-OHRA,,,,,,Piper,PA32,"Piper PA-32 300 Cherokee Six B",32-40635,,,,,,Private,,,1969,,,,0,,,,,,0,0,0,0,0,,,,,,0,0,0,0,0,GEN-PA32
30109858,"2026-01-30 20:19:54","2026-01-30 20:19:54",A2CD88,"United States","United States",XA-BTI,,,,,,Dassault,F900,"Dassault Falcon 900EX EASy",213,,,,,,Corporate,,,2008,,,,0,,,,,,0,0,0,0,0,,,,,,0,0,0,0,0,GEN-F900
30109717,"2026-01-30 20:18:17","2026-01-30 20:18:17",A88FE7,"United States","United States",N6506C,,,,,,Piper,P28R,"Piper PA-28R 201 Arrow III",28R-7837170,,,,,,Private,,,,,,,0,,,,,,0,0,0,0,0,,,,,,0,0,0,0,0,GEN-P28R
30107110,"2026-01-30 19:49:10","2026-01-30 19:49:10",ADEB75,"United States","United States",N9961N,,,,,,Cessna,C180,"Cessna 180J Skywagon 180",18052616,,,,,,Private,,,1975,,,,0,,,,,,0,0,0,0,0,,,,,,0,0,0,0,0,GEN-C180
30106964,"2026-01-30 19:47:39","2026-01-30 19:47:39",AC700C,"United States","United States",N900JZ,,,,,,DAHER-SOCATA,TBM9,"DAHER-SOCATA TBM 900",1022,,,,,,Private,,,2014,,,,0,,,,,,0,0,0,0,0,,,,,,0,0,0,0,0,GEN-TBM9
30106394,"2026-01-30 19:41:15","2026-01-30 19:41:15",A1ED63,"United States","United States",N223NS,,,,,,Embraer,E170,"Embraer EMB-175 200LR",17000529,,,,,,"American Eagle",,,2015,,,,0,,,,,,0,0,0,0,0,,,,,,0,0,0,0,0,ENY
30106351,"2026-01-30 19:40:32","2026-01-30 19:40:32",A1F677,"United States","United States",N22539,,,,,,Stinson,S10,"Stinson Voyager 105 / HW-75",7105,,,,,,Private,,,1939,,,,0,,,,,,0,0,0,0,0,,,,,,0,0,0,0,0,GEN-S10
30106160,"2026-01-30 19:38:27","2026-01-30 19:38:27",A40359,"United States","United States",N358JM,,,,,,Bombardier,CL35,"Bombardier Challenger 350",20518,,,,,,"Southeast Toyota Distributors",,,2014,,,,0,,,,,,0,0,0,0,0,,,,,,0,0,0,0,0,GEN-CL35
30106046,"2026-01-30 19:36:50","2026-01-30 19:36:50",A7CA99,"United States","United States",N6007N,,,,,,"Air Tractor",AT6T,"Air Tractor AT-602",602-1192,,,,,,Private,,,2010,,,,0,,,,,,0,0,0,0,0,,,,,,0,0,0,0,0,GEN-AT6T
30105295,"2026-01-30 19:28:42","2026-01-30 19:28:42",383B2C,France,France,F-BOZM,,,,,,C.E.A.,D253,"C.E.A. Jodel DR.253 Regent",105,,,,,,Private,,,,,,,0,,,,,,0,0,0,0,0,,,,,,0,0,0,0,0,GEN-D253
30104851,"2026-01-30 19:23:20","2026-01-30 19:23:20",407BCB,"United Kingdom","United Kingdom",G-CLXJ,,,,,,"Ace Aviation",ULAC,"Ace Aviation As-Tec 13",AA13268,,,,,,Private,,,2021,,,,0,,,,,,0,0,0,0,0,,,,,,0,0,0,0,0,GEN-ULAC
30104655,"2026-01-30 19:21:28","2026-01-30 19:21:28",A02659,"United States","United States",N109CD,,,,,,"Cirrus Design",SR20,"Cirrus Design SR20",1009,,,,,,Private,,,1999,,,,0,,,,,,0,0,0,0,0,,,,,,0,0,0,0,0,GEN-SR20
30104652,"2026-01-30 19:21:22","2026-01-30 19:21:22",A001E5,"United States","United States",N1VH,,,,,,Agusta,A109,"Agusta A.109 A Mk.II",7273,,,,,,"Magenta Aviation Solutions",,,1984,,,,0,,,,,,0,0,0,0,0,,,,,,0,0,0,0,0,GEN-A109
30104556,"2026-01-30 19:20:19","2026-01-30 19:20:19",7C1ACE,Australia,Australia,VH-FKW,,,,,,Fokker,F50,"Fokker F50",20306,,,,,,"Alliance Airlines",,,1995,,,,0,,,,,,0,0,0,0,0,,,,,,0,0,0,0,0,UTY
30104486,"2026-01-30 19:19:33","2026-01-30 19:19:33",AA3AF0,"United States","United States",N7586E,,,,,,Champion,CH7A,"Champion Traveler 7EC",7EC-680,,,,,,Private,,,1958,,,,0,,,,,,0,0,0,0,0,,,,,,0,0,0,0,0,GEN-CH7A
30104397,"2026-01-30 19:18:36","2026-01-30 19:18:36",A1ACDD,"United States","United States",N207JS,,,,,,Dassault,FA20,"Dassault Falcon 20 C-5",117,,,,,,"Skyview LLC",,,1967,,,,0,,,,,,0,0,0,0,0,,,,,,0,0,0,0,0,GEN-FA20
30103923,"2026-01-30 19:13:10","2026-01-30 19:13:10",402A69,"United Kingdom","United Kingdom",G-LAGR,,,,,,Cameron,BALL,"Cameron N-90 Hot Air Balloon",1628,,,,,,Private,,,1988,,,,0,,,,,,0,0,0,0,0,,,,,,0,0,0,0,0,GEN-BALL
30103246,"2026-01-30 19:05:59","2026-01-30 19:05:59",A2621C,"United States","United States",N2526F,,,,,,Champion,CH7A,"Champion Citabria 7ECA",146,,,,,,Private,,,1965,,,,0,,,,,,0,0,0,0,0,,,,,,0,0,0,0,0,GEN-CH7A
30103019,"2026-01-30 19:03:09","2026-01-30 19:03:09",A9832B,"United States","United States",N71171,,,,,,"Raven Industries",BALL,"Raven Industries S-66A Hot Air Balloon",S66A-106,,,,,,Private,,,1980,,,,0,,,,,,0,0,0,0,0,,,,,,0,0,0,0,0,GEN-BALL
30102474,"2026-01-30 18:57:08","2026-01-30 18:57:08",E075CC,Argentina,Argentina,LV-GWL,,,,,,Boeing,B738,"Boeing 737NG 85F/W",30007,,,,,,"Andes Líneas Aéreas",,,2000,,,,0,,,,,,0,0,0,0,0,,,,,,0,0,0,0,0,ANS
30102419,"2026-01-30 18:56:36","2026-01-30 18:56:36",ABDDDE,"United States","United States",N864BT,,,,,,"Textron Aviation",C172,"Textron Aviation 172S Skyhawk SP",172S12369,,,,,,Private,,,2019,,,,0,,,,,,0,0,0,0,0,,,,,,0,0,0,0,0,GEN-C172
30102410,"2026-01-30 18:56:30","2026-01-30 18:56:30",A8D9A7,"United States","United States",N67CX,,,,,,Cessna,C25B,"Cessna Citation CJ3",525B0067,,,,,,"White Pine Two LLC",,,,,,,0,,,,,,0,0,0,0,0,,,,,,0,0,0,0,0,GEN-C25B
30101679,"2026-01-30 18:48:46","2026-01-30 18:48:46",ADC410,"United States","United States",N9862D,,,,,,Piper,PA18,"Piper PA-18 150 Super Cub",18-7006,,,,,,Private,,,,,,,0,,,,,,0,0,0,0,0,,,,,,0,0,0,0,0,GEN-PA18
30101466,"2026-01-30 18:46:22","2026-01-30 18:46:22",AA85C7,"United States","United States",N77728,,,,,,Boeing,B772,"Boeing 777 2H6ER",28413,,,,,,"Malaysia Airlines",,,1998,,,,0,,,,,,0,0,0,0,0,,,,,,0,0,0,0,0,GEN-B772
30100959,"2026-01-30 18:40:45","2026-01-30 18:40:45",A2697A,"United States","United States",N25450,,,,,,"Balloon Works",BALL,"Balloon Works Firefly 7-15 Hot Air Balloon",F7-774,,,,,,Private,,,1992,,,,0,,,,,,0,0,0,0,0,,,,,,0,0,0,0,0,GEN-BALL
30100828,"2026-01-30 18:39:20","2026-01-30 18:39:20",A951C8,"United States","United States",N7VS,,,,,,Piper,PA23,"Piper PA-23 Apache 150",23-87,,,,,,Private,,,,,,,0,,,,,,0,0,0,0,0,,,,,,0,0,0,0,0,GEN-PA23
30100283,"2026-01-30 18:33:31","2026-01-30 18:33:31",4072AA,"United Kingdom","United Kingdom",G-YUSA,,,,,,"RotorSport UK",CLON,"RotorSport UK Cavalon Pro",RSUK/CAVP/003,,,,,,"Autogyro GmbH",,,2017,,,,0,,,,,,0,0,0,0,0,,,,,,0,0,0,0,0,GEN-CLON
30099876,"2026-01-30 18:28:57","2026-01-30 18:28:57",A03D78,"United States","United States",N1140S,,,,,,"Quad City",ULAC,"Quad City Challenger II PL STD",CH2-0596-1495,,,,,,Private,,,1997,,,,0,,,,,,0,0,0,0,0,,,,,,0,0,0,0,0,GEN-ULAC
30099229,"2026-01-30 18:21:22","2026-01-30 18:21:22",A08AEE,"United States","United States",N134K,,,,,,"Quad City",ULAC,"Quad City Challenger II",CH2-0202-2195,,,,,,Private,,,,,,,0,,,,,,0,0,0,0,0,,,,,,0,0,0,0,0,GEN-ULAC
30098488,"2026-01-30 18:12:58","2026-01-30 18:12:58",A750F6,"United States","United States",N5701T,,,,,,"Raven Aerostar",BALL,"Raven Aerostar S-55A Hot Air Balloon",S55A-599,,,,,,Private,,,,,,,0,,,,,,0,0,0,0,0,,,,,,0,0,0,0,0,GEN-BALL
30098308,"2026-01-30 18:11:11","2026-01-30 18:11:11",5080DC,Ukraine,Ukraine,UR-BXS,,,,,,Ilyushin,IL76,"Ilyushin IL-76 TD",1023411368,,,,,,"Yevropa Air",,,,,,,0,,,https://cdn.jetphotos.com/full/6/55197_1634380145.jpg,https://cdn.jetphotos.com/full/5/65379_1633783225.jpg,https://cdn.jetphotos.com/full/5/26749_1625761023.jpg,0,0,0,0,0,,,,,,0,0,0,0,0,GEN-IL76
30097740,"2026-01-30 18:04:38","2026-01-30 18:04:38",3984A2,France,France,F-HBFC,,,,,,Cessna,C182,"Cessna 182Q Skylane",18267308,,,,,,Private,,,1979,,,,0,,,,,,0,0,0,0,0,,,,,,0,0,0,0,0,GEN-C182
30097176,"2026-01-30 17:58:55","2026-01-30 17:58:55",AACE49,"United States","United States",N79595,,,,,,Fairchild,FA62,"Fairchild PT-19A M-62A",T42-4310,,,,,,Private,,,1943,,,,0,,,,,,0,0,0,0,0,,,,,,0,0,0,0,0,GEN-FA62
30097177,"2026-01-30 17:58:55","2026-01-30 17:58:55",A776CF,"United States","United States",N580KF,,,,,,"Gulfstream Aerospace",GLF4,"Gulfstream Aerospace GIV SP",1315,,,,,,"Regdalin Aviation LLC",,,1997,,,,0,,,,,,0,0,0,0,0,,,,,,0,0,0,0,0,GEN-GLF4
30096057,"2026-01-30 17:46:44","2026-01-30 17:46:44",4CC4E1,Iceland,Iceland,TF-SON,,,,,,Airbus,A321,"Airbus A321 211",5733,,,,,,"WOW air",,,2013,,,,0,,,,,,0,0,0,0,0,,,,,,0,0,0,0,0,WOW
30095219,"2026-01-30 17:37:33","2026-01-30 17:37:33",A1A40B,"United States","United States",N2046B,,,,,,Schweizer,H269,"Schweizer 269 C-1",0120,,,,,,Private,,,,,,,0,,,,,,0,0,0,0,0,,,,,,0,0,0,0,0,GEN-H269
30094743,"2026-01-30 17:32:23","2026-01-30 17:32:23",ACBBAB,"United States","United States",N91988,,,,,,Cessna,C182,"Cessna 182M Skylane",18259983,,,,,,Private,,,1969,,,,0,,,,,,0,0,0,0,0,,,,,,0,0,0,0,0,GEN-C182
30094490,"2026-01-30 17:29:56","2026-01-30 17:29:56",AA28B3,"United States","United States",N7538W,,,,,,Piper,P28A,"Piper PA-28 180 Cherokee B",28-1471,,,,,,Private,,,1963,,,,0,,,,,,0,0,0,0,0,,,,,,0,0,0,0,0,GEN-P28A
30093881,"2026-01-30 17:23:12","2026-01-30 17:23:12",730CC8,Iran,Iran,EP-CFH,,,,,,Fokker,F100,"Fokker F100",11443,,,,,,"Iran Air",,,1993,,,,0,,,,,,0,0,0,0,0,,,,,,0,0,0,0,0,GEN-F100
30093002,"2026-01-30 17:13:10","2026-01-30 17:13:10",AC6A13,"United States","United States",N8997C,,,,,,Piper,PA22,"Piper PA-22 135 Tri-Pacer",22-1571,,,,,,Private,,,1953,,,,0,,,,,,0,0,0,0,0,,,,,,0,0,0,0,0,GEN-PA22
30092738,"2026-01-30 17:10:28","2026-01-30 17:10:28",4BA26F,Turkey,Turkey,TC-HSO,,,,,,"MD Helicopters",H500,"MD Helicopters 369 E",0591E,,,,,,SUSHM,,,2009,,,,0,,,,,,0,0,0,0,0,,,,,,0,0,0,0,0,GEN-H500
30091707,"2026-01-30 16:59:51","2026-01-30 16:59:51",C091D0,Canada,Canada,C-IDFR,,,,,,Anglin,KTOO,"Anglin J-6 Karatoo",14/06/1921,,,,,,Private,,,,,,,0,,,,,,0,0,0,0,0,,,,,,0,0,0,0,0,GEN-KTOO
30091367,"2026-01-30 16:56:32","2026-01-30 16:56:32",A94BEF,"United States","United States",N6988S,,,,,,Cessna,C150,"Cessna 150H",15067688,,,,,,Private,,,1967,,,,0,,,,,,0,0,0,0,0,,,,,,0,0,0,0,0,GEN-C150
30090072,"2026-01-30 16:42:52","2026-01-30 16:42:52",AD26F9,"United States","United States",N9468Y,,,,,,Beech,BE35,"Beech Bonanza N35",D-6639,,,,,,Private,,,,,,,0,,,,,,0,0,0,0,0,,,,,,0,0,0,0,0,GEN-BE35
30089765,"2026-01-30 16:39:51","2026-01-30 16:39:51",A3C012,"United States","United States",N3403C,,,,,,Cessna,C170,"Cessna 170A",19437,,,,,,Private,,,1950,,,,0,,,,,,0,0,0,0,0,,,,,,0,0,0,0,0,GEN-C170
30088773,"2026-01-30 16:28:44","2026-01-30 16:28:44",4032D6,"United Kingdom","United Kingdom",G-MWNF,,,,,,"Murphy Aircraft",RENE,"Murphy Aircraft Murphy Renegade Spirit UK","PFA 188-11853",,,,,,Private,,,1992,,,,0,,,,,,0,0,0,0,0,,,,,,0,0,0,0,0,GEN-RENE
30088196,"2026-01-30 16:22:51","2026-01-30 16:22:51",477FFF,Hungary,Hungary,407,,,,,,Antonov,AN26,"Antonov An-26",3407,,,,,,"Hungarian Air Force",,,,,,,0,,,,,,1,0,0,0,0,,,,,,0,0,0,0,0,
30086898,"2026-01-30 16:09:24","2026-01-30 16:09:24",AD5A91,"United States","United States",N96HW,,,,,,"Quad City",ULAC,"Quad City Challenger I",1198-CW-0704,,,,,,Private,,,2007,,,,0,,,,,,0,0,0,0,0,,,,,,0,0,0,0,0,GEN-ULAC
30086685,"2026-01-30 16:07:16","2026-01-30 16:07:16",A53247,"United States","United States",2804,,,,,,Bell,B407,"Bell 407",54055,,,,,,"United Arab Emirates Air Force",,,2010,,,,0,,,,,,1,0,0,0,0,,,,,,0,0,0,0,0,
30086686,"2026-01-30 16:07:16","2026-01-30 16:07:16",A36B2E,"United States","United States",N3194K,,,,,,"Sud Aviation",ALO3,"Sud Aviation Alouette III SA.316",2025,,,,,,Private,,,,,,,0,,,,,,0,0,0,0,0,,,,,,0,0,0,0,0,GEN-ALO3
30083709,"2026-01-30 15:34:55","2026-01-30 15:34:55",A8607C,"United States","United States",N639PM,,,,,,"Cirrus Design",SR22,"Cirrus Design SR22",2623,,,,,,Private,,,2007,,,,0,,,,,,0,0,0,0,0,,,,,,0,0,0,0,0,GEN-SR22
30083552,"2026-01-30 15:33:35","2026-01-30 15:33:35",A054DF,"United States","United States",N120NA,,,,,,Beech,BE20,"Beech King Air B200",BB-1120,,,,,,"N220KW LLC",,,,,,,0,,,,,,0,0,0,0,0,,,,,,0,0,0,0,0,GEN-BE20
30081178,"2026-01-30 15:09:07","2026-01-30 15:09:07",A935F0,"United States","United States",N693AW,,,,,,Boeing-Vertol,H46,"Boeing-Vertol CH-46E Sea Knight",2592,,,,,,"United States Department of State",,,,,,,0,,,,,,0,0,0,0,0,,,,,,0,0,0,0,0,GEN-H46
30081042,"2026-01-30 15:07:34","2026-01-30 15:07:34",A4AEBF,"United States","United States",N400XS,,,,,,"Israel Aircraft Industries",ASTR,"Israel Aircraft Industries 1125 Astra",037,,,,,,"Silverstar Partners LLC",,,1989,,,,0,,,,,,0,0,0,0,0,,,,,,0,0,0,0,0,GEN-ASTR
30080956,"2026-01-30 15:06:52","2026-01-30 15:06:52",00A67A,"South Africa","South Africa",ZS-OOF,,,,,,Let,L410,"Let L-410 UVP-E3",871920,,,,,,"Aircraft Systems South Africa",,,,,,,0,,,,,,0,0,0,0,0,,,,,,0,0,0,0,0,GEN-L410
30080289,"2026-01-30 14:59:48","2026-01-30 14:59:48",A3E8B4,"United States","United States",N351BY,,,,,,"Textron Aviation",BE20,"Textron Aviation King Air 200CGT",BY-351,,,,,,"Textron Aviation Inc",,,2019,,,,0,,,,,,0,0,0,0,0,,,,,,0,0,0,0,0,GEN-BE20
30079785,"2026-01-30 14:53:57","2026-01-30 14:53:57",A7AFE1,"United States","United States",N5949L,,,,,,"American Aviation",AA1,"American Aviation AA-1 Yankee",AA1-0249,,,,,,Private,,,,,,,0,,,,,,0,0,0,0,0,,,,,,0,0,0,0,0,GEN-AA1
30079767,"2026-01-30 14:53:46","2026-01-30 14:53:46",A80E59,"United States","United States",N618VH,,,,,,Cessna,C560,"Cessna Citation V",560-0214,,,,,,"MKB Aviation LLC",,,,,,,0,,,,,,0,0,0,0,0,,,,,,0,0,0,0,0,GEN-C560
30079533,"2026-01-30 14:51:09","2026-01-30 14:51:09",45A1A2,Denmark,Denmark,OY-HMB,,,,,,Bell,B212,"Bell 212",30686,,,,,,"Atlantic Airways",,,,,,,0,,,,,,0,0,0,0,0,,,,,,0,0,0,0,0,FLI
30079100,"2026-01-30 14:46:27","2026-01-30 14:46:27",140ADF,Russia,Russia,RA-02783,,,,,,Embraer,E145,"Embraer ERJ-145 LR",14500804,,,,,,KomiAviatrans,,,,,,,0,,,,,,0,0,0,0,0,,,,,,0,0,0,0,0,KMA
30078597,"2026-01-30 14:41:15","2026-01-30 14:41:15",400AD5,"United Kingdom","United Kingdom",G-MDJN,,,,,,Beech,BE55,"Beech Baron B55",TC-1574,,,,,,Private,,,1973,,,,0,,,,,,0,0,0,0,0,,,,,,0,0,0,0,0,GEN-BE55
30078525,"2026-01-30 14:40:24","2026-01-30 14:40:24",39108C,France,France,F-GEEM,,,,,,Cameron,BALL,"Cameron O-105 Hot Air Balloon",1145,,,,,,Private,,,,,,,0,,,,,,0,0,0,0,0,,,,,,0,0,0,0,0,GEN-BALL
30078338,"2026-01-30 14:38:33","2026-01-30 14:38:33",AA34AC,"United States","United States",N757GM,,,,,,Beech,BE35,"Beech Bonanza C35",D-3239,,,,,,Private,,,1952,,,,0,,,,,,0,0,0,0,0,,,,,,0,0,0,0,0,GEN-BE35
30078251,"2026-01-30 14:37:35","2026-01-30 14:37:35",881BE3,Thailand,Thailand,60449,,,,,,"Diamond Aircraft",DA42,"Diamond Aircraft Twin Star DA42",42.409,,,,,,"Royal Thai Air Force",,,,,,,0,,,,,,1,0,0,0,0,,,,,,0,0,0,0,0,
30077855,"2026-01-30 14:33:20","2026-01-30 14:33:20",A089D4,"United States","United States",N1338P,,,,,,Piper,PA23,"Piper PA-23 Apache 150",23-383,,,,,,Private,,,,,,,0,,,,,,0,0,0,0,0,,,,,,0,0,0,0,0,GEN-PA23
30076534,"2026-01-30 14:19:35","2026-01-30 14:19:35",4242B7,Bermuda,Bermuda,VP-BLT,,,,,,Boeing,B752,"Boeing 757 28A",28174,,,,,,"Azur Air",,,1999,,,,0,,,,,,0,0,0,0,0,,,,,,0,0,0,0,0,GEN-B752
30075987,"2026-01-30 14:13:37","2026-01-30 14:13:37",C07C2D,Canada,Canada,8Q-TMX,,,,,,"Viking Air",DHC6,"Viking Air DHC-6 Twin Otter 400",848,,,,,,"Trans Maldivian Airways",,,2011,,,,0,,,,,,0,0,0,0,0,,,,,,0,0,0,0,0,GEN-DHC6
30074107,"2026-01-30 13:53:05","2026-01-30 13:53:05",A146C6,"United States","United States",N1810L,,,,,,Beech,BE36,"Beech Bonanza A36",E-834,,,,,,Private,,,1976,,,,0,,,,,,0,0,0,0,0,,,,,,0,0,0,0,0,GEN-BE36
30074040,"2026-01-30 13:52:18","2026-01-30 13:52:18",A7CE14,"United States","United States",N6015Y,,,,,,"MD Helicopters",H500,"MD Helicopters 369 FF",0315FF,,,,,,"MD Helicopters",,,2019,,,,0,,,,,,0,0,0,0,0,,,,,,0,0,0,0,0,GEN-H500
27212,"2022-05-18 03:27:49","2026-01-30 13:51:57",48425C,Netherlands,Netherlands,"",,,,"",,"",-GND,"","",,,,,,"",,,,,,"",0,,,,,,0,0,0,0,0,Missing,,,"","",0,0,0,0,0,GEN--GND
30073056,"2026-01-30 13:41:35","2026-01-30 13:41:35",A16F3B,"United States","United States",N1917M,,,,,,WSK,MG17,"WSK Lim-5",1C-0508,,,,,,Private,,,,,,,0,,,,,,0,0,0,0,0,,,,,,0,0,0,0,0,GEN-MG17
30072532,"2026-01-30 13:35:53","2026-01-30 13:35:53",4CA1BA,Ireland,Ireland,EI-DAI,,,,,,Boeing,B738,"Boeing 737NG 8AS/W",33547,,,,,,Ryanair,,,2003,,,,0,,,,,,0,0,0,0,0,,,,,,0,0,0,0,0,RYR
30072477,"2026-01-30 13:35:19","2026-01-30 13:35:19",4249E7,Bermuda,Bermuda,VQ-BLD,,,,,,"Avions de Transport Regional",AT75,"Avions de Transport Regional ATR 72 500",945,,,,,,"UT air Express",,,2011,,,,0,,,,,,0,0,0,0,0,,,,,,0,0,0,0,0,UTX
30072267,"2026-01-30 13:33:04","2026-01-30 13:33:04",3D4093,Germany,Germany,D-EWRZ,,,,,,"PZL Okecie",PZ04,"PZL Okecie Wilga PZL-104 35A",118410,,,,,,Private,,,1978,,,,0,,,,,,0,0,0,0,0,,,,,,0,0,0,0,0,GEN-PZ04
30071909,"2026-01-30 13:29:13","2026-01-30 13:29:13",AA970F,"United States","United States",N7813S,,,,,,Bell,B06,"Bell 206A Jet Ranger",13,,,,,,Private,,,1967,,,,0,,,,,,0,0,0,0,0,,,,,,0,0,0,0,0,GEN-B06
30071083,"2026-01-30 13:20:21","2026-01-30 13:20:21",43E799,"Isle of Man","Isle of Man",M-SMKM,,,,,,"Cirrus Design",SR20,"Cirrus Design SR20",1662,,,,,,Private,,,2006,,,,0,,,,,,0,0,0,0,0,,,,,,0,0,0,0,0,GEN-SR20
30070091,"2026-01-30 13:09:34","2026-01-30 13:09:34",A24D07,"United States","United States",N2475,,,,,,Cessna,C680,"Cessna Citation Sovereign",680-0054,,,,,,"Red Flag Two Ltd",,,,,,,0,,,,,,0,0,0,0,0,,,,,,0,0,0,0,0,GEN-C680
30069167,"2026-01-30 12:59:36","2026-01-30 12:59:36",AA0F8E,"United States","United States",N74746,,,,,,Mooney,M20P,"Mooney M.20B Mark 21",1746,,,,,,Private,,,,,,,0,,,,,,0,0,0,0,0,,,,,,0,0,0,0,0,GEN-M20P
30068662,"2026-01-30 12:54:27","2026-01-30 12:54:27",71C205,"South Korea","South Korea",HL8205,,,,,,Boeing,B737,"Boeing 737NG 73V",32412,,,,,,"Eastar Jet",,,2002,,,,0,,,,,,0,0,0,0,0,,,,,,0,0,0,0,0,ESR
30067761,"2026-01-30 12:44:54","2026-01-30 12:44:54",AB1F2C,"United States","United States",N8156U,,,,,,"North American",T28,"North American T-28A Trojan",,,,,,,Private,,,,,,,0,,,,,,0,0,0,0,0,,,,,,0,0,0,0,0,GEN-T28
30067052,"2026-01-30 12:37:28","2026-01-30 12:37:28",A5FE21,"United States","United States",N4854S,,,,,,Piper,PA32,"Piper PA-32 260 Cherokee Six",32-1291,,,,,,Private,,,1970,,,,0,,,,,,0,0,0,0,0,,,,,,0,0,0,0,0,GEN-PA32
30066700,"2026-01-30 12:33:39","2026-01-30 12:33:39",A7966F,"United States","United States",N5883P,,,,,,Piper,PA24,"Piper PA-24 250 Comanche",24-968,,,,,,Private,,,,,,,0,,,,,,0,0,0,0,0,,,,,,0,0,0,0,0,GEN-PA24
30066587,"2026-01-30 12:32:16","2026-01-30 12:32:16",4CA54C,Ireland,Ireland,EI-FHN,,,,,,Boeing,B738,"Boeing 737NG 8JP/W",39046,,,,,,"Norwegian Air International",,,2011,,,,0,,,,,,0,0,0,0,0,,,,,,0,0,0,0,0,IBK
30066436,"2026-01-30 12:30:59","2026-01-30 12:30:59",A620CF,"United States","United States",N494V,,,,,,Piper,P28A,"Piper PA-28 180 Cherokee C",28-4242,,,,,,Private,,,1967,,,,0,,,,,,0,0,0,0,0,,,,,,0,0,0,0,0,GEN-P28A
30066252,"2026-01-30 12:29:02","2026-01-30 12:29:02",402B78,"United Kingdom","United Kingdom",G-MVAX,,,,,,"Solar Wings",ULAC,"Solar Wings Pegasus XL-Q",SW-WQ-0065,,,,,,Private,,,1989,,,,0,,,,,,0,0,0,0,0,,,,,,0,0,0,0,0,GEN-ULAC
30065335,"2026-01-30 12:19:35","2026-01-30 12:19:35",AD3269,"United States","United States",N95BB,,,,,,Beech,BE58,"Beech Baron 58",TH-333,,,,,,Private,,,1973,,,,0,,,,,,0,0,0,0,0,,,,,,0,0,0,0,0,GEN-BE58
30065158,"2026-01-30 12:17:38","2026-01-30 12:17:38",ACEAA7,"United States","United States",N931PB,,,,,,Bombardier,LJ45,"Bombardier Learjet 45 XR",45-318,,,,,,"Integrated Flight Resources Inc",,,2006,,,,0,,,,,,0,0,0,0,0,,,,,,0,0,0,0,0,GEN-LJ45
30064995,"2026-01-30 12:16:01","2026-01-30 12:16:01",407111,"United Kingdom","United Kingdom",G-HMSJ,,,,,,Robin,DR40,"Robin DR.400 140B",2694,,,,,,Private,,,2016,,,,0,,,,,,0,0,0,0,0,,,,,,0,0,0,0,0,GEN-DR40
30064603,"2026-01-30 12:11:51","2026-01-30 12:11:51",A9DE93,"United States","United States",N735KV,,,,,,Cessna,C182,"Cessna 182Q Skylane",18265493,,,,,,Private,,,,,,,0,,,,,,0,0,0,0,0,,,,,,0,0,0,0,0,GEN-C182
30064330,"2026-01-30 12:08:43","2026-01-30 12:08:43",44E5E4,Belgium,Belgium,OO-YOD,,,,,,Schleicher,GLID,"Schleicher K 8 B",203/61,,,,,,Private,,,1961,,,,0,,,,,,0,0,0,0,0,,,,,,0,0,0,0,0,GEN-GLID
30063698,"2026-01-30 12:01:59","2026-01-30 12:01:59",AA13DF,"United States","United States",N7489K,,,,,,Piper,PA20,"Piper PA-20 Pacer",20-406,,,,,,Private,,,1950,,,,0,,,,,,0,0,0,0,0,,,,,,0,0,0,0,0,GEN-PA20
30063289,"2026-01-30 11:56:56","2026-01-30 11:56:56",AB05B4,"United States","United States",N8090R,,,,,,Beech,BE55,"Beech Baron D55",TE-727,,,,,,Private,,,1969,,,,0,,,,,,0,0,0,0,0,,,,,,0,0,0,0,0,GEN-BE55
30063164,"2026-01-30 11:55:27","2026-01-30 11:55:27",A8A2FF,"United States","United States",N65596,,,,,,"Raven Aerostar",BALL,"Raven Aerostar S-60A Hot Air Balloon",S60A-3082,,,,,,Private,,,1988,,,,0,,,,,,0,0,0,0,0,,,,,,0,0,0,0,0,GEN-BALL
30062881,"2026-01-30 11:52:19","2026-01-30 11:52:19",A19542,"United States","United States",N2006W,,,,,,Avian,BALL,"Avian Magnum IX Hot Air Balloon",193,,,,,,Private,,,1995,,,,0,,,,,,0,0,0,0,0,,,,,,0,0,0,0,0,GEN-BALL
30062219,"2026-01-30 11:45:20","2026-01-30 11:45:20",A7FF3B,"United States","United States",N614SS,,,,,,AgustaWestland,A119,"AgustaWestland AW.119 MkII",14845,,,,,,Private,,,,,,,0,,,,,,0,0,0,0,0,,,,,,0,0,0,0,0,GEN-A119
509766,"2023-05-23 01:48:05","2026-01-30 11:40:55",344043,Spain,Spain,"",,,,"",,"",ZANT,"","",,,,,,"",,,,,,"",0,,,,,,0,0,0,0,0,Missing,,,"","",0,0,0,0,0,ZANT
30061281,"2026-01-30 11:35:28","2026-01-30 11:35:28",401FF8,"United Kingdom","United Kingdom",G-BJXX,,,,,,Piper,PA27,"Piper PA-23 Aztec 250E",27-4692,,,,,,Private,,,1971,,,,0,,,,,,0,0,0,0,0,,,,,,0,0,0,0,0,GEN-PA27
30061161,"2026-01-30 11:34:05","2026-01-30 11:34:05",E47EB9,Brazil,Brazil,PR-MAR,,,,,,Airbus,A320,"Airbus A320 232",1888,,,,,,"LATAM Paraguay",,,2002,,,,0,,,,,,0,0,0,0,0,,,,,,0,0,0,0,0,LAP
30061085,"2026-01-30 11:33:15","2026-01-30 11:33:15",3EEF2B,Germany,Germany,D-3732,,,,,,Glaser-Dirks,GLID,"Glaser-Dirks DG-100",19,,,,,,Private,,,,,,,0,,,,,,0,0,0,0,0,,,,,,0,0,0,0,0,GEN-GLID
30061000,"2026-01-30 11:32:26","2026-01-30 11:32:26",A7D5BB,"United States","United States",N6037K,,,,,,Cessna,C150,"Cessna 150M",15077487,,,,,,Private,,,1975,,,,0,,,,,,0,0,0,0,0,,,,,,0,0,0,0,0,GEN-C150
30060954,"2026-01-30 11:31:58","2026-01-30 11:31:58",A530BD,"United States","United States",N43309,,,,,,Taylorcraft,TAYB,"Taylorcraft BF",6968,,,,,,Private,,,1946,,,,0,,,,,,0,0,0,0,0,,,,,,0,0,0,0,0,GEN-TAYB
30060772,"2026-01-30 11:29:55","2026-01-30 11:29:55",A8E875,"United States","United States",N673SH,,,,,,"AgustaWestland Philadelphia",A139,"AgustaWestland Philadelphia AW.139",41555,,,,,,"AgustaWestland Philadelphia",,,2019,,,,0,,,,,,0,0,0,0,0,,,,,,0,0,0,0,0,GEN-A139
30060174,"2026-01-30 11:23:52","2026-01-30 11:23:52",3834A2,France,France,F-BNFC,,,,,,Cessna,C175,"Cessna 175A Skylark",56689,,,,,,Private,,,1960,,,,0,,,,,,0,0,0,0,0,,,,,,0,0,0,0,0,GEN-C175
30059967,"2026-01-30 11:21:38","2026-01-30 11:21:38",A92B23,"United States","United States",N690EJ,,,,,,"Textron Aviation",C172,"Textron Aviation 172S Skyhawk SP",172S11690,,,,,,Private,,,,,,,0,,,,,,0,0,0,0,0,,,,,,0,0,0,0,0,GEN-C172
30059888,"2026-01-30 11:20:53","2026-01-30 11:20:53",A265E6,"United States","United States",N25360,,,,,,"Balloon Works",BALL,"Balloon Works Firefly 7B Hot Air Balloon",F7B-328,,,,,,Private,,,1992,,,,0,,,,,,0,0,0,0,0,,,,,,0,0,0,0,0,GEN-BALL
30059408,"2026-01-30 11:15:52","2026-01-30 11:15:52",A808A4,"United States","United States",N6169J,,,,,,Piper,P28A,"Piper PA-28 181 Archer II",28-7690360,,,,,,Private,,,1976,,,,0,,,,,,0,0,0,0,0,,,,,,0,0,0,0,0,GEN-P28A
30059193,"2026-01-30 11:13:40","2026-01-30 11:13:40",AC943E,"United States","United States",N9099R,,,,,,Cessna,C206,"Cessna 206H Stationair",20608326,,,,,,Private,,,,,,,0,,,,,,0,0,0,0,0,,,,,,0,0,0,0,0,GEN-C206
30059079,"2026-01-30 11:12:23","2026-01-30 11:12:23",A51EC8,"United States","United States",N429TS,,,,,,"Diamond Aircraft",DA42,"Diamond Aircraft Twin Star DA42",42.AC019,,,,,,Private,,,2006,,,,0,,,,,,0,0,0,0,0,,,,,,0,0,0,0,0,GEN-DA42
30057223,"2026-01-30 10:52:27","2026-01-30 10:52:27",AD1483,"United States","United States",B-9603,,,,,,Cessna,C172,"Cessna 172R Skyhawk",17281607,,,,,,Private,,,2012,,,,0,,,,,,0,0,0,0,0,,,,,,0,0,0,0,0,GEN-C172
30056945,"2026-01-30 10:49:41","2026-01-30 10:49:41",A2506F,"United States","United States",N24821,,,,,,"Amateur Built",RENE,"Amateur Built Murphy Renegade II",A13AML,,,,,,Private,,,,,,,0,,,,,,0,0,0,0,0,,,,,,0,0,0,0,0,GEN-RENE
30055080,"2026-01-30 10:29:53","2026-01-30 10:29:53",4488B3,Belgium,Belgium,OO-BES,,,,,,"Thunder & Colt",BALL,"Thunder & Colt AX.7-77 Hot Air Balloon",950,,,,,,Private,,,,,,,0,,,,,,0,0,0,0,0,,,,,,0,0,0,0,0,GEN-BALL
30054741,"2026-01-30 10:26:35","2026-01-30 10:26:35",A1FA0C,"United States","United States",N2263,,,,,,"Amateur Built",PTS1,"Amateur Built Pitts Special S-1",5729-1,,,,,,Private,,,1971,,,,0,,,,,,0,0,0,0,0,,,,,,0,0,0,0,0,GEN-PTS1
30054500,"2026-01-30 10:24:05","2026-01-30 10:24:05",A4169C,"United States","United States",N36238,,,,,,Taylorcraft,TAYB,"Taylorcraft BC-12 65",3195,,,,,,Private,,,1941,,,,0,,,,,,0,0,0,0,0,,,,,,0,0,0,0,0,GEN-TAYB
30054247,"2026-01-30 10:21:23","2026-01-30 10:21:23",4520E5,Bulgaria,Bulgaria,LZ-MDF,,,,,,Airbus,A321,"Airbus A321-211",1451,,,,,,Fly2Sky,,,2001,,,,0,,,,,,0,0,0,0,0,,,,,,0,0,0,0,0,VAW
30052434,"2026-01-30 10:02:55","2026-01-30 10:02:55",A91C76,"United States","United States",N6864S,,,,,,"Aero Commander",AC68,"Aero Commander Twin Commander 680 Super",680-381-64,,,,,,Private,,,,,,,0,,,,,,0,0,0,0,0,,,,,,0,0,0,0,0,GEN-AC68
30051628,"2026-01-30 09:54:23","2026-01-30 09:54:23",3846A1,France,France,F-BRVB,,,,,,Robin,DR30,"Robin DR.315 Petit Prince",438,,,,,,Private,,,,,,,0,,,,,,0,0,0,0,0,,,,,,0,0,0,0,0,GEN-DR30
30051111,"2026-01-30 09:48:36","2026-01-30 09:48:36",A19778,"United States","United States",N201TW,,,,,,Mooney,M20P,"Mooney M.20J Model 201",24-0150,,,,,,Private,,,1977,,,,0,,,,,,0,0,0,0,0,,,,,,0,0,0,0,0,GEN-M20P
30050698,"2026-01-30 09:44:32","2026-01-30 09:44:32",4D4046,Monaco,Monaco,3A-MAG,,,,,,"Airbus Helicopters",EC30,"Airbus Helicopters EC130 T2",8177,,,,,,"Skycam Helicopteres Sarl",,,2016,,,,0,,,,,,0,0,0,0,0,,,,,,0,0,0,0,0,GEN-EC30
30050174,"2026-01-30 09:39:03","2026-01-30 09:39:03",4C1CA7,Serbia,Serbia,YU-HFH,,,,,,Rogerson-Hiller,UH12,"Rogerson-Hiller UH-12E Raven",5167,,,,,,Private,,,,,,,0,,,,,,0,0,0,0,0,,,,,,0,0,0,0,0,GEN-UH12
30050091,"2026-01-30 09:38:02","2026-01-30 09:38:02",AD1629,"United States","United States",N942SC,,,,,,Bell,B06,"Bell OH-58C Kiowa",40186,,,,,,Private,,,1968,,,,0,,,,,,0,0,0,0,0,,,,,,0,0,0,0,0,GEN-B06
30049229,"2026-01-30 09:28:18","2026-01-30 09:28:18",C82029,"New Zealand","New Zealand",ZK-IKH,,,,,,Robinson,R44,"Robinson R44 Raven II",10172,,,,,,Private,,,2003,,,,0,,,,,,0,0,0,0,0,,,,,,0,0,0,0,0,GEN-R44
30049013,"2026-01-30 09:25:52","2026-01-30 09:25:52",A9FD05,"United States","United States",N7425F,,,,,,Hughes,H269,"Hughes 269 C",86-0532,,,,,,Private,,,1976,,,,0,,,,,,0,0,0,0,0,,,,,,0,0,0,0,0,GEN-H269
30048192,"2026-01-30 09:16:59","2026-01-30 09:16:59",4B430D,Switzerland,Switzerland,HB-ZKF,,,,,,Eurocopter,AS50,"Eurocopter Squirrel AS.350 B3",4541,,,,,,"Air Zermatt",,,2008,,,,0,,,,,,0,0,0,0,0,,,,,,0,0,0,0,0,GEN-AS50
30048150,"2026-01-30 09:16:24","2026-01-30 09:16:24",A40936,"United States","United States",N3594X,,,,,,Mooney,M20P,"Mooney M.20G Statesman",680163,,,,,,Private,,,,,,,0,,,,,,0,0,0,0,0,,,,,,0,0,0,0,0,GEN-M20P
30047753,"2026-01-30 09:12:08","2026-01-30 09:12:08",A0979F,"United States","United States",N1370W,,,,,,Rotec,ULAC,"Rotec Rally",64512,,,,,,Private,,,,,,,0,,,,,,0,0,0,0,0,,,,,,0,0,0,0,0,GEN-ULAC
30047610,"2026-01-30 09:10:39","2026-01-30 09:10:39",009992,"South Africa","South Africa",ZS-JRD,,,,,,Boeing,B734,"Boeing 737 4Y0",24917,,,,,,FlySafair,,,1991,,,,0,,,,,,0,0,0,0,0,,,,,,0,0,0,0,0,SFR
30046637,"2026-01-30 08:59:58","2026-01-30 08:59:58",A1A038,"United States","United States",N2035J,,,,,,Weatherly,W201,"Weatherly 620 B",1592,,,,,,Private,,,,,,,0,,,,,,0,0,0,0,0,,,,,,0,0,0,0,0,GEN-W201
30045481,"2026-01-30 08:46:31","2026-01-30 08:46:31",AB7F08,"United States","United States",N84RS,,,,,,Zenith,MC10,"Zenith Cri-Cri MC-12",MC12-0009,,,,,,Private,,,,,,,0,,,,,,0,0,0,0,0,,,,,,0,0,0,0,0,GEN-MC10
30044915,"2026-01-30 08:39:24","2026-01-30 08:39:24",4CA377,Ireland,Ireland,EI-FIF,,,,,,Boeing,B738,"Boeing 737NG 8AS/W",44696,,,,,,Ryanair,,,2015,,,,0,,,,,,0,0,0,0,0,,,,,,0,0,0,0,0,RYR
30044826,"2026-01-30 08:38:23","2026-01-30 08:38:23",A18CAC,"United States","United States",N1995L,,,,,,"Amateur Built",ZZZZ,"Amateur Built RL-1",1676,,,,,,Private,,,,,,,0,,,,,,0,0,0,0,0,,,,,,0,0,0,0,0,GEN-ZZZZ
30044595,"2026-01-30 08:35:40","2026-01-30 08:35:40",7C2143,Australia,Australia,VH-GUT,,,,,,LET,GLID,"LET L-13 Blanik",173626,,,,,,Private,,,1967,,,,0,,,,,,0,0,0,0,0,,,,,,0,0,0,0,0,GEN-GLID
30043758,"2026-01-30 08:26:21","2026-01-30 08:26:21",4A9308,Sweden,Sweden,SE-DXH,,,,,,Hawker,HUNT,"Hawker Hunter T.7A",41H-695448,,,,,,"International Test Pilots School Canada",,,1958,,,,0,,,,,,0,0,0,0,0,,,,,,0,0,0,0,0,GEN-HUNT
30043759,"2026-01-30 08:26:21","2026-01-30 08:26:21",43F76D,Guernsey,Guernsey,2-EZBC,,,,,,Airbus,A319,"Airbus A319-111",2866,,,,,,"Heston Materials",,,2006,,,,0,,,,,,0,0,0,0,0,,,,,,0,0,0,0,0,GEN-A319
30043700,"2026-01-30 08:25:49","2026-01-30 08:25:49",380558,France,France,F-BBKY,,,,,,Nord,N120,"Nord 1203 Norecrin",63,,,,,,Private,,,,,,,0,,,,,,0,0,0,0,0,,,,,,0,0,0,0,0,GEN-N120
30042932,"2026-01-30 08:16:39","2026-01-30 08:16:39",A7259F,"United States","United States",N56LV,,,,,,"Amateur Built",BALL,"Amateur Built LV 56 Hot Air Balloon",0693,,,,,,Private,,,1993,,,,0,,,,,,0,0,0,0,0,,,,,,0,0,0,0,0,GEN-BALL
30042933,"2026-01-30 08:16:39","2026-01-30 08:16:39",44E26D,Belgium,Belgium,OO-XSM,,,,,,"Sonaca Aircraft",SLG2,"Sonaca Aircraft Sonaca 201",026,,,,,,Private,,,2020,,,,0,,,,,,0,0,0,0,0,,,,,,0,0,0,0,0,GEN-SLG2
17912,"2022-02-16 07:49:47","2026-01-30 08:16:04",48421B,Netherlands,Netherlands,,,,,,,,-GND,,,,,,,,,,,,,,,0,,,,,,0,0,0,0,0,Missing,,,,,0,0,0,0,0,GEN--GND
30042639,"2026-01-30 08:13:16","2026-01-30 08:13:16",A7D9A7,"United States","United States",N60483,,,,,,Boeing,ST75,"Boeing Stearman A75N1 PT-17 Kaydet",75-3001,,,,,,Private,,,,,,,0,,,,,,0,0,0,0,0,,,,,,0,0,0,0,0,GEN-ST75
30042447,"2026-01-30 08:11:08","2026-01-30 08:11:08",A76864,"United States","United States",N57695,,,,,,Taylorcraft,TAYD,"Taylorcraft DC-65 Tandem Trainer",5402,,,,,,Private,,,1943,,,,0,,,,,,0,0,0,0,0,,,,,,0,0,0,0,0,GEN-TAYD
11102,"2021-11-08 16:26:52","2026-01-30 08:01:01",C87EE8,"New Zealand","New Zealand","",,,,"",,"",ZZZZ,"","",,,,,,"",,,,,,"",0,,,,,,0,0,0,0,0,Missing,,,"","",0,0,0,0,0,GEN-ZZZZ
766556,"2023-10-30 20:59:55","2026-01-30 08:01:01",43BF96,"United Kingdom","United Kingdom","",,,,"",,"",ZANT,"","",,,,,,"",,,,,,"",0,,,,,,0,0,0,0,0,Missing,,,"","",0,0,0,0,0,ZANT
30041369,"2026-01-30 07:59:34","2026-01-30 07:59:34",7BB0EC,China,China,B-5071,,,,,,Boeing,B733,"Boeing 737 341QC",24277,,,,,,"China Postal Airlines",,,1988,,,,0,,,,,,0,0,0,0,0,,,,,,0,0,0,0,0,CYZ
30041018,"2026-01-30 07:55:40","2026-01-30 07:55:40",A6C22E,"United States","United States",N5344A,,,,,,Galaxy,BALL,"Galaxy 7 Hot Air Balloon",GLX-1327,,,,,,Private,,,1987,,,,0,,,,,,0,0,0,0,0,,,,,,0,0,0,0,0,GEN-BALL
30040656,"2026-01-30 07:51:21","2026-01-30 07:51:21",A86C13,"United States","United States",N64151,,,,,,"St. Louis",FA62,"St. Louis PT-19A M-62A",264SL,,,,,,Private,,,,,,,0,,,,,,0,0,0,0,0,,,,,,0,0,0,0,0,GEN-FA62
30037872,"2026-01-30 07:20:24","2026-01-30 07:20:24",A8BE51,"United States","United States",N6622M,,,,,,Cessna,C210,"Cessna 210M Centurion",21061982,,,,,,Private,,,1977,,,,0,,,,,,0,0,0,0,0,,,,,,0,0,0,0,0,GEN-C210
30036669,"2026-01-30 07:06:37","2026-01-30 07:06:37",A5DA8F,"United States","United States",N4766A,,,,,,Piper,PA22,"Piper PA-22 150 Tri-Pacer",22-3914,,,,,,Private,,,1956,,,,0,,,,,,0,0,0,0,0,,,,,,0,0,0,0,0,GEN-PA22
30036534,"2026-01-30 07:05:14","2026-01-30 07:05:14",4016C0,"United Kingdom","United Kingdom",G-AVDG,,,,,,"Wallis Autogyros",GYRO,"Wallis Autogyros WA116 Series 1",215,,,,,,Private,,,1966,,,,0,,,,,,0,0,0,0,0,,,,,,0,0,0,0,0,GEN-GYRO
30036454,"2026-01-30 07:04:17","2026-01-30 07:04:17",40005A,"Cayman Islands","Cayman Islands",VP-CFB,,,,,,Embraer,E35L,"Embraer Legacy 600",145637,,,,,,"FAL Aviation",,,,,,,0,,,,,,0,0,0,0,0,,,,,,0,0,0,0,0,GEN-E35L
30036028,"2026-01-30 06:59:22","2026-01-30 06:59:22",71C935,"South Korea","South Korea",HL9135,,,,,,"McDonnell Douglas Helicopters",MD52,"McDonnell Douglas Helicopters MD 520N",LN044,,,,,,Private,,,,,,,0,,,,,,0,0,0,0,0,,,,,,0,0,0,0,0,GEN-MD52
30035672,"2026-01-30 06:55:38","2026-01-30 06:55:38",896053,"United Arab Emirates","United Arab Emirates",A6-EMP,,,,,,Boeing,B773,"Boeing 777 31H",29395,,,,,,"Emirates Airline",,,2001,,,,0,,,,,,0,0,0,0,0,,,,,,0,0,0,0,0,GEN-B773
30034859,"2026-01-30 06:45:42","2026-01-30 06:45:42",ADC10F,"United States","United States",N9857L,,,,,,"American Aviation",AA1,"American Aviation AA-1B",AA1B-0457,,,,,,Private,,,,,,,0,,,,,,0,0,0,0,0,,,,,,0,0,0,0,0,GEN-AA1
30034668,"2026-01-30 06:43:24","2026-01-30 06:43:24",A06B15,"United States","United States",N126MF,,,,,,"British Aerospace",JS41,"British Aerospace Jetstream 41 -01",41097,,,,,,Private,,,1996,,,,0,,,,,,0,0,0,0,0,,,,,,0,0,0,0,0,GEN-JS41
30034448,"2026-01-30 06:40:56","2026-01-30 06:40:56",4AB479,Sweden,Sweden,SE-MCY,,,,,,"Grumman American",GA7,"Grumman American GA-7 Cougar",GA7-0047,,,,,,Private,,,1978,,,,0,,,,,,0,0,0,0,0,,,,,,0,0,0,0,0,GEN-GA7
30033700,"2026-01-30 06:32:15","2026-01-30 06:32:15",4B0312,Switzerland,Switzerland,HB-BEG,,,,,,"Raven Aerostar",BALL,"Raven Aerostar S-55A Hot Air Balloon",S55A-148,,,,,,Private,,,,,,,0,,,,,,0,0,0,0,0,,,,,,0,0,0,0,0,GEN-BALL
30033575,"2026-01-30 06:30:47","2026-01-30 06:30:47",A07860,"United States","United States",N1296W,,,,,,Weatherly,W201,"Weatherly 201 C",1004,,,,,,Private,,,1976,,,,0,,,,,,0,0,0,0,0,,,,,,0,0,0,0,0,GEN-W201
30032890,"2026-01-30 06:22:44","2026-01-30 06:22:44",AC6C80,"United States","United States",N9WT,,,,,,Cessna,C337,"Cessna 337C Super Skymaster",33700802,,,,,,Private,,,1967,,,,0,,,,,,0,0,0,0,0,,,,,,0,0,0,0,0,GEN-C337
30032620,"2026-01-30 06:19:40","2026-01-30 06:19:40",43C231,"United Kingdom","United Kingdom",ZB683,,,,,,Westland/Aerospatiale,GAZL,"Westland/Aerospatiale Gazelle SA.341 AH.1",1990,,,,,,"Army Air Corps",,,,,,,0,,,,,,1,0,0,0,0,,,,,,0,0,0,0,0,
30031522,"2026-01-30 06:06:06","2026-01-30 06:06:06",A44A53,"United States","United States",N376CM,,,,,,Boeing,B763,"Boeing 767 338ERBDSF",30186,,,,,,QANTAS,,,2000,,,,0,,,,,,0,0,0,0,0,,,,,,0,0,0,0,0,GEN-B763
30028779,"2026-01-30 05:31:49","2026-01-30 05:31:49",A21E5E,"United States","United States",N23568,,,,,,Aeronca,AR65,"Aeronca Chief 65-C",C-5259,,,,,,Private,,,1939,,,,0,,,,,,0,0,0,0,0,,,,,,0,0,0,0,0,GEN-AR65
30027267,"2026-01-30 05:12:33","2026-01-30 05:12:33",C07711,Canada,Canada,C-GTCI,,,,,,Cessna,C750,"Cessna Citation X",750-0108,,,,,,"Execaire Inc",,,2000,,,,0,,,,,,0,0,0,0,0,,,,,,0,0,0,0,0,EXA
30026185,"2026-01-30 04:58:38","2026-01-30 04:58:38",A0CFA1,"United States","United States",N151TT,,,,,,"Textron Aviation",C56X,"Textron Aviation Citation XLS+",560-6251,,,,,,Corporate,,,2018,,,,0,,,,,,0,0,0,0,0,,,,,,0,0,0,0,0,GEN-C56X
30024671,"2026-01-30 04:39:50","2026-01-30 04:39:50",A658C1,"United States","United States",N508MF,,,,,,Bell,B412,"Bell 412",33180,,,,,,Private,,,,,,,0,,,,,,0,0,0,0,0,,,,,,0,0,0,0,0,GEN-B412
30024225,"2026-01-30 04:34:30","2026-01-30 04:34:30",44C1F3,Belgium,Belgium,OO-POS,,,,,,S.A.N.,D11,"S.A.N. Jodel D.117",430,,,,,,Private,,,1956,,,,0,,,,,,0,0,0,0,0,,,,,,0,0,0,0,0,GEN-D11
30024102,"2026-01-30 04:32:59","2026-01-30 04:32:59",4CA679,Ireland,Ireland,EI-FOW,,,,,,Boeing,B738,"Boeing 737NG 8AS/W",44729,,,,,,Ryanair,,,2016,,,,0,,,,,,0,0,0,0,0,,,,,,0,0,0,0,0,RYR
30024093,"2026-01-30 04:32:49","2026-01-30 04:32:49",A10BF1,"United States","United States",N167CR,,,,,,Boeing,B752,"Boeing 757 2G5SF",26278,,,,,,"SF Airlines",,,1995,,,,0,,,,,,0,0,0,0,0,,,,,,0,0,0,0,0,GEN-B752
30023752,"2026-01-30 04:28:29","2026-01-30 04:28:29",A02370,"United States","United States",N108LK,,,,,,Nord,ME08,"Nord 1002 Pingouin",246,,,,,,Private,,,1945,,,,0,,,,,,0,0,0,0,0,,,,,,0,0,0,0,0,GEN-ME08
30022591,"2026-01-30 04:13:38","2026-01-30 04:13:38",A5A0D1,"United States","United States",N4618Q,,,,,,Cessna,C210,"Cessna 210L Centurion",21059518,,,,,,Private,,,1971,,,,0,,,,,,0,0,0,0,0,,,,,,0,0,0,0,0,GEN-C210
30022172,"2026-01-30 04:07:55","2026-01-30 04:07:55",30021C,Italy,Italy,I-CLAD,,,,,,Cessna,C500,"Cessna Citation I",500-0223,,,,,,"Executive Aviation SRL",,,,,,,0,,,,,,0,0,0,0,0,,,,,,0,0,0,0,0,GEN-C500
30022128,"2026-01-30 04:07:15","2026-01-30 04:07:15",A14372,"United States","United States",N1803E,,,,,,Aeronca,CH7A,"Aeronca Champion 7AC",7AC-5370,,,,,,Private,,,1946,,,,0,,,,,,0,0,0,0,0,,,,,,0,0,0,0,0,GEN-CH7A
30021919,"2026-01-30 04:04:43","2026-01-30 04:04:43",A13BBD,"United States","United States",N179MP,,,,,,Cessna,C310,"Cessna 310R",310R1638,,,,,,Private,,,1979,,,,0,,,,,,0,0,0,0,0,,,,,,0,0,0,0,0,GEN-C310
30021766,"2026-01-30 04:02:49","2026-01-30 04:02:49",A7B7C8,"United States","United States",N597DW,,,,,,"Textron Aviation",C208,"Textron Aviation 208 EX",208B5597,,,,,,"Textron Aviation Inc",,,2020,,,,0,,,,,,0,0,0,0,0,,,,,,0,0,0,0,0,GEN-C208
30021683,"2026-01-30 04:01:39","2026-01-30 04:01:39",A69C9E,"United States","United States",N525MK,,,,,,Bellanca,CH7A,"Bellanca Champ 7ACA",6-71,,,,,,Private,,,1971,,,,0,,,,,,0,0,0,0,0,,,,,,0,0,0,0,0,GEN-CH7A
30021453,"2026-01-30 03:58:21","2026-01-30 03:58:21",A4B59B,"United States","United States",N402RW,,,,,,"Air Tractor",AT3T,"Air Tractor AT-402 A",402A-0822,,,,,,Private,,,1991,,,,0,,,,,,0,0,0,0,0,,,,,,0,0,0,0,0,GEN-AT3T
30019616,"2026-01-30 03:34:48","2026-01-30 03:34:48",C02CE8,Canada,Canada,C-FRAD,,,,,,Robinson,R22,"Robinson R22 Beta",1392,,,,,,Private,,,1990,,,,0,,,,,,0,0,0,0,0,,,,,,0,0,0,0,0,GEN-R22
30019457,"2026-01-30 03:32:40","2026-01-30 03:32:40",A4D560,"United States","United States",N410NV,,,,,,"McDonnell Douglas",MD83,"McDonnell Douglas DC-9 83",49965,,,,,,"Allegiant Air",,,1993,,,,0,,,,,,0,0,0,0,0,,,,,,0,0,0,0,0,AAY
30018924,"2026-01-30 03:24:47","2026-01-30 03:24:47",A0B577,"United States","United States",N145CB,,,,,,Cameron,BALL,"Cameron V-56 Hot Air Balloon",338,,,,,,Private,,,,,,,0,,,,,,0,0,0,0,0,,,,,,0,0,0,0,0,GEN-BALL
30018676,"2026-01-30 03:21:23","2026-01-30 03:21:23",A21551,"United States","United States",N233TC,,,,,,Beech,BE65,"Beech Queen Air 65",LC-126,,,,,,Private,,,1961,,,,0,,,,,,0,0,0,0,0,,,,,,0,0,0,0,0,GEN-BE65
30018438,"2026-01-30 03:17:59","2026-01-30 03:17:59",40230D,"United Kingdom","United Kingdom",G-STEV,,,,,,C.E.A.,DR22,"C.E.A. Jodel DR.221 Dauphin",61,,,,,,Private,,,1967,,,,0,,,,,,0,0,0,0,0,,,,,,0,0,0,0,0,GEN-DR22
30018424,"2026-01-30 03:17:46","2026-01-30 03:17:46",448912,Belgium,Belgium,OO-BHR,,,,,,"Raven Europe",BALL,"Raven Europe FS.57A Hot Air Balloon",E-363,,,,,,Private,,,,,,,0,,,,,,0,0,0,0,0,,,,,,0,0,0,0,0,GEN-BALL
30017079,"2026-01-30 02:59:44","2026-01-30 02:59:44",A9D4B4,"United States","United States",N732YW,,,,,,Cessna,C210,"Cessna 210M Centurion",21061890,,,,,,Private,,,1977,,,,0,,,,,,0,0,0,0,0,,,,,,0,0,0,0,0,GEN-C210
30016122,"2026-01-30 02:46:05","2026-01-30 02:46:05",00AFFE,"South Africa","South Africa",ZS-SDX,,,,,,BAe,B462,"BAe 146 200",E2046,,,,,,"Allegiance Air",,,1985,,,,0,,,,,,0,0,0,0,0,,,,,,0,0,0,0,0,GEN-B462
30015995,"2026-01-30 02:44:38","2026-01-30 02:44:38",A3CF58,"United States","United States",N3446D,,,,,,Aeronca,AR6T,"Aeronca Tandem 65-TL",L-10071T,,,,,,Private,,,1941,,,,0,,,,,,0,0,0,0,0,,,,,,0,0,0,0,0,GEN-AR6T
30015847,"2026-01-30 02:42:30","2026-01-30 02:42:30",AAED68,"United States","United States",N803EB,,,,,,Agusta,A119,"Agusta A.119 Koala",14033,,,,,,Private,,,2003,,,,0,,,,,,0,0,0,0,0,,,,,,0,0,0,0,0,GEN-A119
30015635,"2026-01-30 02:39:58","2026-01-30 02:39:58",ABF6A1,"United States","United States",N870D,,,,,,Piper,PA27,"Piper PA-23 Aztec 250F",27-7854127,,,,,,Private,,,1978,,,,0,,,,,,0,0,0,0,0,,,,,,0,0,0,0,0,GEN-PA27
30013651,"2026-01-30 02:13:05","2026-01-30 02:13:05",71C035,"South Korea","South Korea",HL8035,,,,,,Boeing,B738,"Boeing 737NG 8BK/W",33019,,,,,,"Eastar Jet",,,2004,,,,0,,,,,,0,0,0,0,0,,,,,,0,0,0,0,0,ESR
30013196,"2026-01-30 02:06:49","2026-01-30 02:06:49",A85EA2,"United States","United States",N6386D,,,,,,Cessna,C172,"Cessna 172N Skyhawk",17272772,,,,,,Private,,,1979,,,,0,,,,,,0,0,0,0,0,,,,,,0,0,0,0,0,GEN-C172
30013099,"2026-01-30 02:05:24","2026-01-30 02:05:24",A630A7,"United States","United States",N4983X,,,,,,Ayres,SS2P,"Ayres Thrush S2R-600",5028R,,,,,,Private,,,1975,,,,0,,,,,,0,0,0,0,0,,,,,,0,0,0,0,0,GEN-SS2P
30013051,"2026-01-30 02:04:41","2026-01-30 02:04:41",44884C,Belgium,Belgium,OO-BBL,,,,,,Ultramagic,BALL,"Ultramagic S-50 Hot Air Balloon",50/15,,,,,,Private,,,2015,,,,0,,,,,,0,0,0,0,0,,,,,,0,0,0,0,0,GEN-BALL
30012808,"2026-01-30 02:01:44","2026-01-30 02:01:44",A286B1,"United States","United States",N262CV,,,,,,"Cirrus Jet",SF50,"Cirrus Jet Vision SF50",0262,,,,,,"Cirrus Design Corp",,,2021,,,,0,,,,,,0,0,0,0,0,,,,,,0,0,0,0,0,GEN-SF50
30011354,"2026-01-30 01:42:59","2026-01-30 01:42:59",43C63E,"United Kingdom","United Kingdom",XV714,,,,,,Westland,S61,"Westland Sea King ASaC.7",WA685,,,,,,"Royal Navy",,,1972,,,,0,,,,,,1,0,0,0,0,,,,,,0,0,0,0,0,
30010922,"2026-01-30 01:37:07","2026-01-30 01:37:07",A17672,"United States","United States",N19352,,,,,,"Weaver Aircraft Company",WACC,"Weaver Aircraft Company Waco YKS-7",4680,,,,,,Private,,,1938,,,,0,,,,,,0,0,0,0,0,,,,,,0,0,0,0,0,GEN-WACC
30010713,"2026-01-30 01:34:29","2026-01-30 01:34:29",403ABA,"United Kingdom","United Kingdom",G-TANK,,,,,,Cameron,BALL,"Cameron N-90 Hot Air Balloon",3625,,,,,,Private,,,,,,,0,,,,,,0,0,0,0,0,,,,,,0,0,0,0,0,GEN-BALL
30010310,"2026-01-30 01:29:17","2026-01-30 01:29:17",71BD02,"South Korea","South Korea",HL7502,,,,,,Cessna,C560,"Cessna Citation Ultra",560-0294,,,,,,"Korean Air",,,,,,,0,,,,,,0,0,0,0,0,,,,,,0,0,0,0,0,KAL
30009239,"2026-01-30 01:16:00","2026-01-30 01:16:00",A4F0B3,"United States","United States",N4171Y,,,,,,Bellanca,CH7B,"Bellanca Citabria 7GCBC",960-77,,,,,,Private,,,1977,,,,0,,,,,,0,0,0,0,0,,,,,,0,0,0,0,0,GEN-CH7B
30009080,"2026-01-30 01:14:15","2026-01-30 01:14:15",A1AF5C,"United States","United States",N2077L,,,,,,Beech,BE23,"Beech Musketeer C23 Sundowner 180",M-2085,,,,,,Private,,,,,,,0,,,,,,0,0,0,0,0,,,,,,0,0,0,0,0,GEN-BE23
30009064,"2026-01-30 01:13:54","2026-01-30 01:13:54",A5EEF6,"United States","United States",N4812H,,,,,,Mooney,M20P,"Mooney M.20J Model 201",24-0887,,,,,,Private,,,,,,,0,,,,,,0,0,0,0,0,,,,,,0,0,0,0,0,GEN-M20P
30009033,"2026-01-30 01:13:26","2026-01-30 01:13:26",503C6B,Lithuania,Lithuania,LY-AWH,,,,,,Boeing,B733,"Boeing 737 3Y0",23924,,,,,,"SCAT Airlines",,,1988,,,,0,,,,,,0,0,0,0,0,,,,,,0,0,0,0,0,VSV
30008772,"2026-01-30 01:10:06","2026-01-30 01:10:06",4BD188,Turkey,Turkey,TC-TLH,,,,,,Boeing,B738,"Boeing 737NG 8K5/W",27984,,,,,,"Tailwind Airlines",,,1999,,,,0,,,,,,0,0,0,0,0,,,,,,0,0,0,0,0,TWI
30008692,"2026-01-30 01:08:57","2026-01-30 01:08:57",A81CAC,"United States","United States",N649EC,,,,,,Beech,BE58,"Beech Baron 58",TH-1323,,,,,,Private,,,1981,,,,0,,,,,,0,0,0,0,0,,,,,,0,0,0,0,0,GEN-BE58
30008448,"2026-01-30 01:05:38","2026-01-30 01:05:38",40333E,"United Kingdom","United Kingdom",G-LACR,,,,,,Denney,FOX,"Denney Kitfox","PFA 172-11945",,,,,,Private,,,1998,,,,0,,,,,,0,0,0,0,0,,,,,,0,0,0,0,0,GEN-FOX
30008341,"2026-01-30 01:03:58","2026-01-30 01:03:58",40570C,"United Kingdom","United Kingdom",G-TWNN,,,,,,Beech,BE76,"Beech Duchess 76",ME-329,,,,,,"Folada Aero and Technical Services",,,1980,,,,0,,,,,,0,0,0,0,0,,,,,,0,0,0,0,0,GEN-BE76
30008263,"2026-01-30 01:02:46","2026-01-30 01:02:46",A4D758,"United States","United States",N4106P,,,,,,Piper,PA23,"Piper PA-23 Apache 160",23-1586,,,,,,Private,,,1959,,,,0,,,,,,0,0,0,0,0,,,,,,0,0,0,0,0,GEN-PA23
30007914,"2026-01-30 00:58:00","2026-01-30 00:58:00",A7637F,"United States","United States",N5751H,,,,,,Piper,PA16,"Piper PA-16 Clipper",16-362,,,,,,Private,,,1949,,,,0,,,,,,0,0,0,0,0,,,,,,0,0,0,0,0,GEN-PA16
30007642,"2026-01-30 00:54:39","2026-01-30 00:54:39",0D07FE,Mexico,Mexico,XA-VAF,,,,,,Airbus,A320,"Airbus A320 232",2443,,,,,,VivaAeroBus,,,2005,,,,0,,,,,,0,0,0,0,0,,,,,,0,0,0,0,0,VIV
30007543,"2026-01-30 00:53:15","2026-01-30 00:53:15",C02CE9,Canada,Canada,C-FRAE,,,,,,Cessna,C172,"Cessna 172",36656,,,,,,Private,,,1958,,,,0,,,,,,0,0,0,0,0,,,,,,0,0,0,0,0,GEN-C172
30176,"2026-01-30 00:50:41","2026-01-30 00:50:41",3FA16A,Germany,Germany,60+0?,,,,,,,P3,"",,,,,,,"German Navy",,,,,,"JT: 2026-01-30 00:50:40",0,,,,,,1,0,0,0,0,,,,,,0,0,0,0,0,GNY-P3
31049,"2026-01-30 00:50:41","2026-01-30 00:50:41",3FAAD0,Germany,Germany,44+21,,,,,,,TOR,"Panavia Tornado",,,,,,,"German Air Force",,,,,,"JT: 2026-01-30 00:50:40",0,,,,,,1,0,0,0,0,,,,,,0,0,0,0,0,GAF-TOR
536058,"2026-01-30 00:50:41","2026-01-30 00:50:41",3EA77F,Germany,Germany,30+80,,,,,,Eurofighter,EUFI,"Eurofighter Typhoon EF2000",,,,,,,"German Air Force",,,,,,"JT: 2026-01-30 00:50:40",0,,,,,,1,0,0,0,0,,,,,,0,0,0,0,0,GAF-EUFI
706218,"2026-01-30 00:50:41","2026-01-30 00:50:41",3F54E8,Germany,Germany,31+02,,,,,,Eurofighter,EUFI,"Eurofighter Typhoon EF2000",,,,,,,"German Air Force",,,,,,"JT: 2026-01-30 00:50:40",0,,,,,,1,0,0,0,0,,,,,,0,0,0,0,0,GAF-EUFI
838022,"2026-01-30 00:50:41","2026-01-30 00:50:41",3EAE06,Germany,Germany,45+14,,,,,,Sikorsky,TOR,"Panavia Tornado",,,,,,,"German Air Force",,,,,,"JT: 2026-01-30 00:50:40",0,,,,,,1,0,0,0,0,,,,,,0,0,0,0,0,GAF-TOR
953623,"2026-01-30 00:50:41","2026-01-30 00:50:41",3F7450,Germany,Germany,8?+??,,,,,,Panavia,H53,"Sikorsky CH-53GA Stallion",,,,,,,"German Air Force",,,,,,"JT: 2026-01-30 00:50:40",0,,,,,,1,0,0,0,0,,,,,,0,0,0,0,0,GAF-H53
28244581,"2026-01-30 00:50:41","2026-01-30 00:50:41",3F4D48,Germany,Germany,75+05,,,,,,,EC45,"Airbus Helicopters H-145M",,,,,,,"German Army",,,,,,"JT: 2026-01-30 00:50:40",0,,,,,,1,0,0,0,0,,,,,,0,0,0,0,0,GAM-EC45
28245183,"2026-01-30 00:50:41","2026-01-30 00:50:41",3F7C99,Germany,Germany,3?+??,,,,,,,EUFI,"Eurofighter Typhoon EF2000",,,,,,,"German Air Force",,,,,,"JT: 2026-01-30 00:50:40",0,,,,,,1,0,0,0,0,,,,,,0,0,0,0,0,GAF-EUFI
28247476,"2026-01-30 00:50:41","2026-01-30 00:50:41",3FB683,Germany,Germany,3?+??,,,,,,,EUFI,"Eurofighter Typhoon EF2000",,,,,,,"German Air Force",,,,,,"JT: 2026-01-30 00:50:40",0,,,,,,1,0,0,0,0,,,,,,0,0,0,0,0,GAF-EUFI
28247517,"2026-01-30 00:50:41","2026-01-30 00:50:41",3F5F80,Germany,Germany,31+00,,,,,,,EUFI,"Eurofighter Typhoon EF2000",,,,,,,"German Air Force",,,,,,"JT: 2026-01-30 00:50:40",0,,,,,,1,0,0,0,0,,,,,,0,0,0,0,0,GAF-EUFI
28265776,"2026-01-30 00:50:41","2026-01-30 00:50:41",3FB922,Germany,Germany,79+09,,,,,,,NH90,"NHIndustries NH90-TTH",,,,,,,"German Army",,,,,,"JT: 2026-01-30 00:50:40",0,,,,,,1,0,0,0,0,,,,,,0,0,0,0,0,GAM-NH90
28270191,"2026-01-30 00:50:41","2026-01-30 00:50:41",3F6C42,Germany,Germany,78+23,,,,,,,NH90,"NHIndustries NH90-TTH",,,,,,,"German Army",,,,,,"JT: 2026-01-30 00:50:40",0,,,,,,1,0,0,0,0,,,,,,0,0,0,0,0,GAM-NH90
28271351,"2026-01-30 00:50:41","2026-01-30 00:50:41",3FAAB9,Germany,Germany,31+16,,,,,,,EUFI,"Eurofighter Typhoon EF2000",,,,,,,"German Air Force",,,,,,"JT: 2026-01-30 00:50:40",0,,,,,,1,0,0,0,0,,,,,,0,0,0,0,0,GAF-EUFI
28271573,"2026-01-30 00:50:41","2026-01-30 00:50:41",3EB91D,Germany,Germany,31+32,,,,,,,EUFI,"Eurofighter Typhoon EF2000",,,,,,,"German Air Force",,,,,,"JT: 2026-01-30 00:50:40",0,,,,,,1,0,0,0,0,,,,,,0,0,0,0,0,GAF-EUFI
28271666,"2026-01-30 00:50:41","2026-01-30 00:50:41",3E99BC,Germany,Germany,74+38,,,,,,,TIGR,"Eurocopter EC.665 Tiger",,,,,,,"German Army",,,,,,"JT: 2026-01-30 00:50:40",0,,,,,,1,0,0,0,0,,,,,,0,0,0,0,0,GAM-TIGR
28272419,"2026-01-30 00:50:41","2026-01-30 00:50:41",3F9CA3,Germany,Germany,44+33,,,,,,,TOR,"Panavia Tornado",,,,,,,"German Air Force",,,,,,"JT: 2026-01-30 00:50:40",0,,,,,,1,0,0,0,0,,,,,,0,0,0,0,0,GAF-TOR
28302968,"2026-01-30 00:50:41","2026-01-30 00:50:41",3EB8C2,Germany,Germany,44+70,,,,,,,TOR,"Panavia Tornado",,,,,,,"German Air Force",,,,,,"JT: 2026-01-30 00:50:40",0,,,,,,1,0,0,0,0,,,,,,0,0,0,0,0,GAF-TOR
28358855,"2026-01-30 00:50:41","2026-01-30 00:50:41",3FB796,Germany,Germany,79+60,,,,,,,NH90,"NHIndustries NH90-TTH",,,,,,,"German Army",,,,,,"JT: 2026-01-30 00:50:40",0,,,,,,1,0,0,0,0,,,,,,0,0,0,0,0,GAM-NH90
28365723,"2026-01-30 00:50:41","2026-01-30 00:50:41",3EB85B,Germany,Germany,79+62,,,,,,,NH90,"NHIndustries NH90-TTH",,,,,,,"German Army",,,,,,"JT: 2026-01-30 00:50:40",0,,,,,,1,0,0,0,0,,,,,,0,0,0,0,0,GAM-NH90
28367753,"2026-01-30 00:50:41","2026-01-30 00:50:41",3FB51F,Germany,Germany,83+15,,,,,,,LYNX,"Westland Lynx Mk.88A",,,,,,,"German Navy",,,,,,"JT: 2026-01-30 00:50:40",0,,,,,,1,0,0,0,0,,,,,,0,0,0,0,0,GNY-LYNX
28369176,"2026-01-30 00:50:41","2026-01-30 00:50:41",3F73CB,Germany,Germany,46+32,,,,,,,TOR,"Panavia Tornado",,,,,,,"German Air Force",,,,,,"JT: 2026-01-30 00:50:40",0,,,,,,1,0,0,0,0,,,,,,0,0,0,0,0,GAF-TOR
28370436,"2026-01-30 00:50:41","2026-01-30 00:50:41",3F7B6A,Germany,Germany,83+18,,,,,,,LYNX,"Westland Lynx Mk.88A",,,,,,,"German Navy",,,,,,"JT: 2026-01-30 00:50:40",0,,,,,,1,0,0,0,0,,,,,,0,0,0,0,0,GNY-LYNX
28371746,"2026-01-30 00:50:41","2026-01-30 00:50:41",3EB2B0,Germany,Germany,3?+??,,,,,,,EUFI,"Eurofighter Typhoon EF2000",,,,,,,"German Air Force",,,,,,"JT: 2026-01-30 00:50:40",0,,,,,,1,0,0,0,0,,,,,,0,0,0,0,0,GAF-EUFI
28372339,"2026-01-30 00:50:41","2026-01-30 00:50:41",3FA132,Germany,Germany,31+35,,,,,,,EUFI,"Eurofighter Typhoon EF2000",,,,,,,"German Air Force",,,,,,"JT: 2026-01-30 00:50:40",0,,,,,,1,0,0,0,0,,,,,,0,0,0,0,0,GAF-EUFI
28393228,"2026-01-30 00:50:41","2026-01-30 00:50:41",3F552C,Germany,Germany,83+??,,,,,,,LYNX,"Westland Lynx Mk.88A",,,,,,,"German Navy",,,,,,"JT: 2026-01-30 00:50:40",0,,,,,,1,0,0,0,0,,,,,,0,0,0,0,0,GNY-LYNX
28722488,"2026-01-30 00:50:41","2026-01-30 00:50:41",3EB8D1,Germany,Germany,30+92,,,,,,,EUFI,"Eurofighter Typhoon EF2000",,,,,,,"German Air Force",,,,,,"JT: 2026-01-30 00:50:40",0,,,,,,1,0,0,0,0,,,,,,0,0,0,0,0,GAF-EUFI
28748637,"2026-01-30 00:50:41","2026-01-30 00:50:41",3E8E2D,Germany,Germany,30+52,,,,,,,EUFI,"Eurofighter Typhoon EF2000",,,,,,,"German Air Force",,,,,,"JT: 2026-01-30 00:50:40",0,,,,,,1,0,0,0,0,,,,,,0,0,0,0,0,GAF-EUFI
28752004,"2026-01-30 00:50:41","2026-01-30 00:50:41",3E9A3E,Germany,Germany,30+62,,,,,,,EUFI,"Eurofighter Typhoon EF2000",,,,,,,"German Air Force",,,,,,"JT: 2026-01-30 00:50:40",0,,,,,,1,0,0,0,0,,,,,,0,0,0,0,0,GAF-EUFI
28752061,"2026-01-30 00:50:41","2026-01-30 00:50:41",3F9CBA,Germany,Germany,30+53,,,,,,,EUFI,"Eurofighter Typhoon EF2000",,,,,,,"German Air Force",,,,,,"JT: 2026-01-30 00:50:40",0,,,,,,1,0,0,0,0,,,,,,0,0,0,0,0,GAF-EUFI
28837545,"2026-01-30 00:50:41","2026-01-30 00:50:41",3EB174,Germany,Germany,30+06,,,,,,,EUFI,"Eurofighter Typhoon EF2000",,,,,,,"German Air Force",,,,,,"JT: 2026-01-30 00:50:40",0,,,,,,1,0,0,0,0,,,,,,0,0,0,0,0,GAF-EUFI
28862014,"2026-01-30 00:50:41","2026-01-30 00:50:41",3EA0D3,Germany,Germany,7?+??,,,,,,,NH90,"NHIndustries NH90-NTH",,,,,,,"German Navy",,,,,,"JT: 2026-01-30 00:50:40",0,,,,,,1,0,0,0,0,,,,,,0,0,0,0,0,GNY-NH90
28954822,"2026-01-30 00:50:41","2026-01-30 00:50:41",3E9890,Germany,Germany,30+56,,,,,,,EUFI,"Eurofighter Typhoon EF2000",,,,,,,"German Air Force",,,,,,"JT: 2026-01-30 00:50:40",0,,,,,,1,0,0,0,0,,,,,,0,0,0,0,0,GAF-EUFI
28957878,"2026-01-30 00:50:41","2026-01-30 00:50:41",3F7171,Germany,Germany,30+22,,,,,,,EUFI,"Eurofighter Typhoon EF2000",,,,,,,"German Air Force",,,,,,"JT: 2026-01-30 00:50:40",0,,,,,,1,0,0,0,0,,,,,,0,0,0,0,0,GAF-EUFI
28972134,"2026-01-30 00:50:41","2026-01-30 00:50:41",3F8460,Germany,Germany,7?+??,,,,,,,NH90,"NHIndustries NH90-TTH",,,,,,,"German Army",,,,,,"JT: 2026-01-30 00:50:40",0,,,,,,1,0,0,0,0,,,,,,0,0,0,0,0,GAM-NH90
28986192,"2026-01-30 00:50:41","2026-01-30 00:50:41",3EA2EC,Germany,Germany,79+65,,,,,,,NH90,"NHIndustries NH90-TTH",,,,,,,"German Army",,,,,,"JT: 2026-01-30 00:50:40",0,,,,,,1,0,0,0,0,,,,,,0,0,0,0,0,GAM-NH90
29073037,"2026-01-30 00:50:41","2026-01-30 00:50:41",3E9D3C,Germany,Germany,30+30,,,,,,,EUFI,"Eurofighter Typhoon EF2000",,,,,,,"German Air Force",,,,,,"JT: 2026-01-30 00:50:40",0,,,,,,1,0,0,0,0,,,,,,0,0,0,0,0,GAF-EUFI
29085067,"2026-01-30 00:50:41","2026-01-30 00:50:41",3F85EA,Germany,Germany,46+23,,,,,,,TOR,"Panavia Tornado",,,,,,,"German Air Force",,,,,,"JT: 2026-01-30 00:50:40",0,,,,,,1,0,0,0,0,,,,,,0,0,0,0,0,GAF-TOR
29103753,"2026-01-30 00:50:41","2026-01-30 00:50:41",3F5344,Germany,Germany,3?+??,,,,,,,EUFI,"Eurofighter Typhoon EF2000",,,,,,,"German Air Force",,,,,,"JT: 2026-01-30 00:50:40",0,,,,,,1,0,0,0,0,,,,,,0,0,0,0,0,GAF-EUFI
29121053,"2026-01-30 00:50:41","2026-01-30 00:50:41",3E8D46,Germany,Germany,7?+??,,,,,,,NH90,"NHIndustries NH90-NTH",,,,,,,"German Navy",,,,,,"JT: 2026-01-30 00:50:40",0,,,,,,1,0,0,0,0,,,,,,0,0,0,0,0,GNY-NH90
29201910,"2026-01-30 00:50:41","2026-01-30 00:50:41",3E9CCA,Germany,Germany,76+??,,,,,,,EC45,"Airbus Helicopters H-145M",,,,,,,"German Army",,,,,,"JT: 2026-01-30 00:50:40",0,,,,,,1,0,0,0,0,,,,,,0,0,0,0,0,GAM-EC45
29488107,"2026-01-30 00:50:41","2026-01-30 00:50:41",3FB245,Germany,Germany,3?+??,,,,,,,EUFI,"Eurofighter Typhoon EF2000",,,,,,,"German Air Force",,,,,,"JT: 2026-01-30 00:50:40",0,,,,,,1,0,0,0,0,,,,,,0,0,0,0,0,GAF-EUFI
29488171,"2026-01-30 00:50:41","2026-01-30 00:50:41",3F5C8C,Germany,Germany,30+91,,,,,,,EUFI,"Eurofighter Typhoon EF2000",,,,,,,"German Air Force",,,,,,"JT: 2026-01-30 00:50:40",0,,,,,,1,0,0,0,0,,,,,,0,0,0,0,0,GAF-EUFI
29488199,"2026-01-30 00:50:41","2026-01-30 00:50:41",3F9C10,Germany,Germany,31+53,,,,,,,EUFI,"Eurofighter Typhoon EF2000",,,,,,,"German Air Force",,,,,,"JT: 2026-01-30 00:50:40",0,,,,,,1,0,0,0,0,,,,,,0,0,0,0,0,GAF-EUFI
29488314,"2026-01-30 00:50:41","2026-01-30 00:50:41",3FBA7B,Germany,Germany,4?+??,,,,,,,TOR,"Panavia Tornado",,,,,,,"German Air Force",,,,,,"JT: 2026-01-30 00:50:40",0,,,,,,1,0,0,0,0,,,,,,0,0,0,0,0,GAF-TOR
29488503,"2026-01-30 00:50:41","2026-01-30 00:50:41",3F6398,Germany,Germany,74+??,,,,,,,TIGR,"Eurocopter EC.665 Tiger",,,,,,,"German Army",,,,,,"JT: 2026-01-30 00:50:40",0,,,,,,1,0,0,0,0,,,,,,0,0,0,0,0,GAM-TIGR
29488554,"2026-01-30 00:50:41","2026-01-30 00:50:41",3F8DD9,Germany,Germany,74+??,,,,,,,TIGR,"Eurocopter EC.665 Tiger",,,,,,,"German Army",,,,,,"JT: 2026-01-30 00:50:40",0,,,,,,1,0,0,0,0,,,,,,0,0,0,0,0,GAM-TIGR
29488782,"2026-01-30 00:50:41","2026-01-30 00:50:41",3E8852,Germany,Germany,77+??,,,,,,,EC45,"Airbus Helicopters H-145M",,,,,,,"German Army",,,,,,"JT: 2026-01-30 00:50:40",0,,,,,,1,0,0,0,0,,,,,,0,0,0,0,0,GAM-EC45
29488784,"2026-01-30 00:50:41","2026-01-30 00:50:41",3E992F,Germany,Germany,77+??,,,,,,,EC45,"Airbus Helicopters H-145M",,,,,,,"German Army",,,,,,"JT: 2026-01-30 00:50:40",0,,,,,,1,0,0,0,0,,,,,,0,0,0,0,0,GAM-EC45
29488841,"2026-01-30 00:50:41","2026-01-30 00:50:41",3E861C,Germany,Germany,7?+??,,,,,,,NH90,"NHIndustries NH90-TTH",,,,,,,"German Army",,,,,,"JT: 2026-01-30 00:50:40",0,,,,,,1,0,0,0,0,,,,,,0,0,0,0,0,GAM-NH90
29488903,"2026-01-30 00:50:41","2026-01-30 00:50:41",3EA916,Germany,Germany,7?+??,,,,,,,NH90,"NHIndustries NH90-TTH",,,,,,,"German Army",,,,,,"JT: 2026-01-30 00:50:40",0,,,,,,1,0,0,0,0,,,,,,0,0,0,0,0,GAM-NH90
29488986,"2026-01-30 00:50:41","2026-01-30 00:50:41",3F5569,Germany,Germany,7?+??,,,,,,,NH90,"NHIndustries NH90-TTH",,,,,,,"German Army",,,,,,"JT: 2026-01-30 00:50:40",0,,,,,,1,0,0,0,0,,,,,,0,0,0,0,0,GAM-NH90
29489089,"2026-01-30 00:50:41","2026-01-30 00:50:41",3F96D3,Germany,Germany,7?+??,,,,,,,NH90,"NHIndustries NH90-TTH",,,,,,,"German Army",,,,,,"JT: 2026-01-30 00:50:40",0,,,,,,1,0,0,0,0,,,,,,0,0,0,0,0,GAM-NH90
29489247,"2026-01-30 00:50:41","2026-01-30 00:50:41",3F5E9E,Germany,Germany,82+0?,,,,,,,AS32,"Eurocopter AS 532UC Cougar",,,,,,,"German Air Force",,,,,,"JT: 2026-01-30 00:50:40",0,,,,,,1,0,0,0,0,,,,,,0,0,0,0,0,GAF-AS32
29489293,"2026-01-30 00:50:41","2026-01-30 00:50:41",3E9D7B,Germany,Germany,83+??,,,,,,,LYNX,"Westland Lynx Mk.88A",,,,,,,"German Navy",,,,,,"JT: 2026-01-30 00:50:40",0,,,,,,1,0,0,0,0,,,,,,0,0,0,0,0,GNY-LYNX
29489458,"2026-01-30 00:50:41","2026-01-30 00:50:41",3E8848,Germany,Germany,8?+??,,,,,,,H53,"Sikorsky CH-53GA Stallion",,,,,,,"German Air Force",,,,,,"JT: 2026-01-30 00:50:40",0,,,,,,1,0,0,0,0,,,,,,0,0,0,0,0,GAF-H53
29489843,"2026-01-30 00:50:41","2026-01-30 00:50:41",3F9A90,Germany,Germany,8?+??,,,,,,,H53,"Sikorsky CH-53GA Stallion",,,,,,,"German Air Force",,,,,,"JT: 2026-01-30 00:50:40",0,,,,,,1,0,0,0,0,,,,,,0,0,0,0,0,GAF-H53
29519432,"2026-01-30 00:50:41","2026-01-30 00:50:41",3F5A9A,Germany,Germany,3?+??,,,,,,,EUFI,"Eurofighter Typhoon EF2000",,,,,,,"German Air Force",,,,,,"JT: 2026-01-30 00:50:40",0,,,,,,1,0,0,0,0,,,,,,0,0,0,0,0,GAF-EUFI
29552030,"2026-01-30 00:50:41","2026-01-30 00:50:41",3F642B,Germany,Germany,76+??,,,,,,,EC45,"Airbus Helicopters H-145M",,,,,,,"German Army",,,,,,"JT: 2026-01-30 00:50:40",0,,,,,,1,0,0,0,0,,,,,,0,0,0,0,0,GAM-EC45
29696351,"2026-01-30 00:50:41","2026-01-30 00:50:41",3F5A0C,Germany,Germany,76+??,,,,,,,EC45,"Airbus Helicopters H-145M",,,,,,,"German Army",,,,,,"JT: 2026-01-30 00:50:40",0,,,,,,1,0,0,0,0,,,,,,0,0,0,0,0,GAM-EC45
29699562,"2026-01-30 00:50:41","2026-01-30 00:50:41",3F9820,Germany,Germany,76+??,,,,,,,EC45,"Airbus Helicopters H-145M",,,,,,,"German Army",,,,,,"JT: 2026-01-30 00:50:40",0,,,,,,1,0,0,0,0,,,,,,0,0,0,0,0,GAM-EC45
29700595,"2026-01-30 00:50:41","2026-01-30 00:50:41",3F4C73,Germany,Germany,83+??,,,,,,,LYNX,"Westland Lynx Mk.88A",,,,,,,"German Navy",,,,,,"JT: 2026-01-30 00:50:40",0,,,,,,1,0,0,0,0,,,,,,0,0,0,0,0,GNY-LYNX
29706920,"2026-01-30 00:50:41","2026-01-30 00:50:41",3EAD1B,Germany,Germany,3?+??,,,,,,,EUFI,"Eurofighter Typhoon EF2000",,,,,,,"German Air Force",,,,,,"JT: 2026-01-30 00:50:40",0,,,,,,1,0,0,0,0,,,,,,0,0,0,0,0,GAF-EUFI
30006623,"2026-01-30 00:41:07","2026-01-30 00:41:07",C02AF6,Canada,Canada,C-FQGZ,,,,,,Cessna,C185,"Cessna A185E Skywagon 185",18501691,,,,,,Private,,,1970,,,,0,,,,,,0,0,0,0,0,,,,,,0,0,0,0,0,GEN-C185
30006510,"2026-01-30 00:39:44","2026-01-30 00:39:44",A518AF,"United States","United States",N4275H,,,,,,Eipper,ULAC,"Eipper Quicksilver MXL-II Sport",000603,,,,,,Private,,,,,,,0,,,,,,0,0,0,0,0,,,,,,0,0,0,0,0,GEN-ULAC
30006343,"2026-01-30 00:37:36","2026-01-30 00:37:36",A3270B,"United States","United States",N302D,,,,,,Ryan,PT22,"Ryan Recruit STA",302,,,,,,Private,,,,,,,0,,,,,,0,0,0,0,0,,,,,,0,0,0,0,0,GEN-PT22
30005878,"2026-01-30 00:31:18","2026-01-30 00:31:18",300546,Italy,Italy,I-MRTA,,,,,,Vans,RV6,"Vans RV-6",25999,,,,,,Private,,,,,,,0,,,,,,0,0,0,0,0,,,,,,0,0,0,0,0,GEN-RV6
30004385,"2026-01-30 00:12:00","2026-01-30 00:12:00",A0879F,"United States","United States",N133PD,,,,,,Bell,B06,"Bell OH-58C Kiowa",41612,,,,,,Private,,,,,,,0,,,,,,0,0,0,0,0,,,,,,0,0,0,0,0,GEN-B06
