AircraftID,FirstCreated,LastModified,ModeS,ModeSCountry,Country,Registration,CurrentRegDate,PreviousID,FirstRegDate,Status,DeRegDate,Manufacturer,ICAOTypeCode,Type,SerialNo,PopularName,GenericName,AircraftClass,Engines,OwnershipStatus,RegisteredOwners,MTOW,TotalHours,YearBuilt,CofACategory,CofAExpiry,UserNotes,Interested,UserTag,InfoURL,PictureURL1,PictureURL2,PictureURL3,UserBool1,UserBool2,UserBool3,UserBool4,UserBool5,UserString1,UserString2,UserString3,UserString4,UserString5,UserInt1,UserInt2,UserInt3,UserInt4,UserInt5,OperatorFlagCode
32617436,"2026-02-20 23:18:31","2026-02-20 23:18:31",ABF67B,"United States","United States",N870BM,,,,,,QAC,QIC2,"QAC Quickie Q.200",2572,,,,,,Private,,,1986,,,,0,,,,,,0,0,0,0,0,,,,,,0,0,0,0,0,GEN-QIC2
32617268,"2026-02-20 23:16:27","2026-02-20 23:16:27",A17E80,"United States","United States",N196AL,,,,,,Bell,B06,"Bell 206L Long Ranger IV",52380,,,,,,"Air Sansone LLC",,,2008,,,,0,,,,,,0,0,0,0,0,,,,,,0,0,0,0,0,GEN-B06
32616698,"2026-02-20 23:08:43","2026-02-20 23:08:43",A7129E,"United States","United States",N555GK,,,,,,Piper,PA31,"Piper PA-31 350 Navajo Chieftain",31-7405456,,,,,,Private,,,1974,,,,0,,,,,,0,0,0,0,0,,,,,,0,0,0,0,0,GEN-PA31
32616314,"2026-02-20 23:03:22","2026-02-20 23:03:22",78042B,China,China,B-6177,,,,,,Airbus,A319,"Airbus A319 112",3285,,,,,,"Capital Airlines",,,2007,,,,0,,,,,,0,0,0,0,0,,,,,,0,0,0,0,0,GEN-A319
32615808,"2026-02-20 22:56:33","2026-02-20 22:56:33",A13A29,"United States","United States",N17861,,,,,,Cessna,C182,"Cessna T182T Turbo Skylane",T18208430,,,,,,Private,,,,,,,0,,,,,,0,0,0,0,0,,,,,,0,0,0,0,0,GEN-C182
32615699,"2026-02-20 22:54:58","2026-02-20 22:54:58",A02199,"United States","United States",N1074,,,,,,"Amateur Built",GYRO,"Amateur Built Bensen Gyrocopter B.8M",D74452,,,,,,Private,,,1967,,,,0,,,,,,0,0,0,0,0,,,,,,0,0,0,0,0,GEN-GYRO
32613337,"2026-02-20 22:23:22","2026-02-20 22:23:22",AA0F8C,"United States","United States",N74744,,,,,,Robinson,R44,"Robinson R44 Raven II",10900,,,,,,Private,,,,,,,0,,,,,,0,0,0,0,0,,,,,,0,0,0,0,0,GEN-R44
32611852,"2026-02-20 22:04:25","2026-02-20 22:04:25",A4CD3F,"United States","United States",N4084B,,,,,,Bellanca,BL17,"Bellanca Super Viking 17-30A",75-30758,,,,,,Private,,,1974,,,,0,,,,,,0,0,0,0,0,,,,,,0,0,0,0,0,GEN-BL17
32611294,"2026-02-20 21:57:02","2026-02-20 21:57:02",385D78,France,France,F-BXLY,,,,,,Cessna,C207,"Cessna 207 Sky Wagon",20700283,,,,,,Private,,,,,,,0,,,,,,0,0,0,0,0,,,,,,0,0,0,0,0,GEN-C207
32611239,"2026-02-20 21:56:20","2026-02-20 21:56:20",A53BF5,"United States","United States",N4361T,,,,,,Piper,P28A,"Piper PA-28 140 Cherokee E",28-7225156,,,,,,Private,,,1971,,,,0,,,,,,0,0,0,0,0,,,,,,0,0,0,0,0,GEN-P28A
32610870,"2026-02-20 21:51:54","2026-02-20 21:51:54",A922E7,"United States","United States",N688WD,,,,,,"Advanced Aviation",BUCA,"Advanced Aviation Buccaneer",B2A-019,,,,,,Private,,,,,,,0,,,,,,0,0,0,0,0,,,,,,0,0,0,0,0,GEN-BUCA
32610819,"2026-02-20 21:51:13","2026-02-20 21:51:13",A49816,"United States","United States",N39523,,,,,,Piper,PA44,"Piper PA-44 180 Seminole",44-7995011,,,,,,Private,,,1978,,,,0,,,,,,0,0,0,0,0,,,,,,0,0,0,0,0,GEN-PA44
32609707,"2026-02-20 21:37:27","2026-02-20 21:37:27",A47425,"United States","United States",N3861X,,,,,,"Aero Commander",VO10,"Aero Commander 100 Darter",157,,,,,,Private,,,1967,,,,0,,,,,,0,0,0,0,0,,,,,,0,0,0,0,0,GEN-VO10
32609419,"2026-02-20 21:33:47","2026-02-20 21:33:47",C03D45,Canada,Canada,C-FXFG,,,,,,Bell,B407,"Bell 407 GX",54731,,,,,,"Bell Helicopter Textron Canada",,,2017,,,,0,,,,,,0,0,0,0,0,,,,,,0,0,0,0,0,GEN-B407
32608244,"2026-02-20 21:20:08","2026-02-20 21:20:08",4018FF,"United Kingdom","United Kingdom",G-AYUR,,,,,,Slingsby,SF25,"Slingsby T.61 A Falke",1736,,,,,,Private,,,1971,,,,0,,,,,,0,0,0,0,0,,,,,,0,0,0,0,0,GEN-SF25
32606844,"2026-02-20 21:02:53","2026-02-20 21:02:53",A4CC0B,"United States","United States",N408TJ,,,,,,Robinson,R44,"Robinson R44 Raven II",12266,,,,,,Private,,,,,,,0,,,,,,0,0,0,0,0,,,,,,0,0,0,0,0,GEN-R44
32606626,"2026-02-20 21:00:19","2026-02-20 21:00:19",A61AEF,"United States","United States",N49273,,,,,,Stinson,L5,"Stinson Sentinel L-5",76-135,,,,,,Private,,,1943,,,,0,,,,,,0,0,0,0,0,,,,,,0,0,0,0,0,GEN-L5
32606192,"2026-02-20 20:55:06","2026-02-20 20:55:06",00B180,"South Africa","South Africa",ZS-SST,,,,,,Cessna,C206,"Cessna T206H Turbo Stationair",T20608597,,,,,,Private,,,2006,,,,0,,,,,,0,0,0,0,0,,,,,,0,0,0,0,0,GEN-C206
32605952,"2026-02-20 20:52:42","2026-02-20 20:52:42",8A01BB,Indonesia,Indonesia,PK-AXG,,,,,,Airbus,A320,"Airbus A320 216",3813,,,,,,"Indonesia AirAsia",,,2009,,,,0,,,,,,0,0,0,0,0,,,,,,0,0,0,0,0,AWQ
32605897,"2026-02-20 20:51:56","2026-02-20 20:51:56",A68693,"United States","United States",N51999,,,,,,UFM,ULAC,"UFM Easy Riser",ER-275,,,,,,Private,,,,,,,0,,,,,,0,0,0,0,0,,,,,,0,0,0,0,0,GEN-ULAC
32605688,"2026-02-20 20:49:44","2026-02-20 20:49:44",852AC8,Japan,Japan,JA3864,,,,,,Cessna,C172,"Cessna 172N Skyhawk",17273116,,,,,,Private,,,1979,,,,0,,,,,,0,0,0,0,0,,,,,,0,0,0,0,0,GEN-C172
32604872,"2026-02-20 20:40:29","2026-02-20 20:40:29",A29530,"United States","United States",N2659N,,,,,,Cessna,C421,"Cessna 421C Golden Eagle",421C0840,,,,,,Private,,,,,,,0,,,,,,0,0,0,0,0,,,,,,0,0,0,0,0,GEN-C421
32604703,"2026-02-20 20:38:28","2026-02-20 20:38:28",A72D42,"United States","United States",N5612C,,,,,,Cessna,C140,"Cessna 140A",15545,,,,,,Private,,,1950,,,,0,,,,,,0,0,0,0,0,,,,,,0,0,0,0,0,GEN-C140
32604401,"2026-02-20 20:34:38","2026-02-20 20:34:38",A962B6,"United States","United States",N70346,,,,,,"De Havilland Canada",DH2T,"De Havilland Canada DHC-2 Beaver (Turbo)",1689/TB57,,,,,,"Great Western Aviation",,,1968,,,,0,,,,,,0,0,0,0,0,,,,,,0,0,0,0,0,GEN-DH2T
32604194,"2026-02-20 20:32:20","2026-02-20 20:32:20",A8C864,"United States","United States",N665SH,,,,,,"AgustaWestland Philadelphia",A139,"AgustaWestland Philadelphia AW.139",41550,,,,,,"AgustaWestland Philadelphia",,,2018,,,,0,,,,,,0,0,0,0,0,,,,,,0,0,0,0,0,GEN-A139
32603726,"2026-02-20 20:26:46","2026-02-20 20:26:46",152AA2,Russia,Russia,RF-93646,,,,,,Ilyushin,IL76,"Ilyushin IL-76 VKP",0053463900,,,,,,"Russian Air Force",,,,,,,0,,,,,,1,0,0,0,0,,,,,,0,0,0,0,0,
32601430,"2026-02-20 19:59:46","2026-02-20 19:59:46",A1AC05,"United States","United States",N207AA,,,,,,"Gulfstream Aerospace",GLF4,"Gulfstream Aerospace GIV SP",1456,,,,,,"AMB Group LLC",,,2001,,,,0,,,,,,0,0,0,0,0,,,,,,0,0,0,0,0,GEN-GLF4
32600346,"2026-02-20 19:46:37","2026-02-20 19:46:37",ADA8F7,"United States","United States",N98BU,,,,,,Pietenpol,CAMP,"Pietenpol Aircamper",72764,,,,,,Private,,,1981,,,,0,,,,,,0,0,0,0,0,,,,,,0,0,0,0,0,GEN-CAMP
32600082,"2026-02-20 19:43:28","2026-02-20 19:43:28",A70E3D,"United States","United States",N55391,,,,,,"Thrush Aircraft",SS2T,"Thrush Aircraft Turbo Thrush S2R-T34",T34-454,,,,,,Private,,,2017,,,,0,,,,,,0,0,0,0,0,,,,,,0,0,0,0,0,GEN-SS2T
32598865,"2026-02-20 19:30:04","2026-02-20 19:30:04",0093D9,"South Africa","South Africa",ZS-HMU,,,,,,Robinson,R44,"Robinson R44 Raven II",13814,,,,,,Private,,,2013,,,,0,,,,,,0,0,0,0,0,,,,,,0,0,0,0,0,GEN-R44
32598819,"2026-02-20 19:29:26","2026-02-20 19:29:26",AD4ABF,"United States","United States",N9558W,,,,,,Piper,P28A,"Piper PA-28 140 Cherokee",28-22995,,,,,,Private,,,,,,,0,,,,,,0,0,0,0,0,,,,,,0,0,0,0,0,GEN-P28A
32598256,"2026-02-20 19:22:32","2026-02-20 19:22:32",A8405E,"United States","United States",N6302D,,,,,,"Raven Aerostar",BALL,"Raven Aerostar RX.8 Hot Air Balloon",RX83052,,,,,,Private,,,1990,,,,0,,,,,,0,0,0,0,0,,,,,,0,0,0,0,0,GEN-BALL
32596592,"2026-02-20 19:03:18","2026-02-20 19:03:18",A7E4BF,"United States","United States",N6078Q,,,,,,Mooney,M20P,"Mooney M.20C Mark 21",3327,,,,,,Private,,,,,,,0,,,,,,0,0,0,0,0,,,,,,0,0,0,0,0,GEN-M20P
32595667,"2026-02-20 18:52:57","2026-02-20 18:52:57",AA6A9A,"United States","United States",N770SC,,,,,,"Israel Aircraft Industries",ASTR,"Israel Aircraft Industries 1125 Astra",054,,,,,,"Inversiones SC 2012 CA",,,1991,,,,0,,,,,,0,0,0,0,0,,,,,,0,0,0,0,0,GEN-ASTR
32595384,"2026-02-20 18:49:43","2026-02-20 18:49:43",A5122C,"United States","United States",N426CS,,,,,,"Textron Aviation",C182,"Textron Aviation 182T Skylane",18282426,,,,,,Private,,,2015,,,,0,,,,,,0,0,0,0,0,,,,,,0,0,0,0,0,GEN-C182
32594987,"2026-02-20 18:45:04","2026-02-20 18:45:04",A4EB7F,"United States","United States",N416MB,,,,,,Downer,B14C,"Downer Bellanca 260 14-19-3A",4225,,,,,,Private,,,1961,,,,0,,,,,,0,0,0,0,0,,,,,,0,0,0,0,0,GEN-B14C
32594610,"2026-02-20 18:40:59","2026-02-20 18:40:59",A763C8,"United States","United States",N5753L,,,,,,"American Aviation",AA1,"American Aviation AA-1 Yankee",AA1-0153,,,,,,Private,,,,,,,0,,,,,,0,0,0,0,0,,,,,,0,0,0,0,0,GEN-AA1
32594320,"2026-02-20 18:37:24","2026-02-20 18:37:24",A7E843,"United States","United States",N60869,,,,,,Cessna,C150,"Cessna 150J",15070634,,,,,,Private,,,1969,,,,0,,,,,,0,0,0,0,0,,,,,,0,0,0,0,0,GEN-C150
32594207,"2026-02-20 18:36:05","2026-02-20 18:36:05",43C07E,"United Kingdom","United Kingdom",XW848,,,,,,Westland/Aerospatiale,GAZL,"Westland/Aerospatiale Gazelle SA.341 AH.1",1013,,,,,,"Army Air Corps",,,1972,,,,0,,,https://cdn.jetphotos.com/full/1/22592_1170057661.jpg,https://cdn.jetphotos.com/full/2/60762_1169894924.jpg,https://cdn.jetphotos.com/full/1/24865_1154498746.jpg,1,0,0,0,0,,,,,,0,0,0,0,0,
32593504,"2026-02-20 18:28:13","2026-02-20 18:28:13",A8E9BE,"United States","United States",N67337,,,,,,Bell,B06,"Bell TH-67A Creek",5139,,,,,,"United States Army",,,,,,,0,,,,,,1,0,0,0,0,,,,,,0,0,0,0,0,
32593298,"2026-02-20 18:25:40","2026-02-20 18:25:40",4AB356,Sweden,Sweden,SE-LZV,,,,,,"Diamond Aircraft",DA40,"Diamond Aircraft Diamond Star DA40D",D4.331,,,,,,Private,,,,,,,0,,,,,,0,0,0,0,0,,,,,,0,0,0,0,0,GEN-DA40
32592601,"2026-02-20 18:17:45","2026-02-20 18:17:45",A288D1,"United States","United States",N2620P,,,,,,Lake,LA4,"Lake Buccaneer LA-4-200",881,,,,,,Private,,,1978,,,,0,,,,,,0,0,0,0,0,,,,,,0,0,0,0,0,GEN-LA4
32591857,"2026-02-20 18:09:28","2026-02-20 18:09:28",146A33,Russia,Russia,RA-27187,,,,,,Mil,MI8,"Mil Mi-8 T",99357620,,,,,,"Aero Taksi",,,,,,,0,,,,,,0,0,0,0,0,,,,,,0,0,0,0,0,GEN-MI8
32591394,"2026-02-20 18:04:28","2026-02-20 18:04:28",ABDD9C,"United States","United States",N8639N,,,,,,Piper,PA32,"Piper PA-32 300 Cherokee Six",32-7140032,,,,,,Private,,,1971,,,,0,,,,,,0,0,0,0,0,,,,,,0,0,0,0,0,GEN-PA32
32590367,"2026-02-20 17:53:44","2026-02-20 17:53:44",899078,Taiwan,Taiwan,B-28066,,,,,,"Avions de Transport Regional",AT76,"Avions de Transport Regional ATR 72 600",1171,,,,,,"Far Eastern Air Transport",,,2014,,,,0,,,,,,0,0,0,0,0,,,,,,0,0,0,0,0,FEA
32589967,"2026-02-20 17:49:19","2026-02-20 17:49:19",4B062D,Switzerland,Switzerland,HB-CIV,,,,,,Cessna,C182,"Cessna 182R Skylane",18268557,,,,,,Private,,,1986,,,,0,,,,,,0,0,0,0,0,,,,,,0,0,0,0,0,GEN-C182
32589372,"2026-02-20 17:41:56","2026-02-20 17:41:56",A2A99C,"United States","United States",N27050,,,,,,Piper,J3,"Piper J-3 L-65 Cub",4324,,,,,,Private,,,1940,,,,0,,,,,,0,0,0,0,0,,,,,,0,0,0,0,0,GEN-J3
32588161,"2026-02-20 17:28:48","2026-02-20 17:28:48",A4CB52,"United States","United States",N408KZ,,,,,,Boeing,B744,"Boeing 747 4KZF",36135,,,,,,"Nippon Cargo Airlines",,,2008,,,,0,,,,,,0,0,0,0,0,,,,,,0,0,0,0,0,NCA
32587527,"2026-02-20 17:21:42","2026-02-20 17:21:42",4B34D8,Switzerland,Switzerland,HB-UAI,,,,,,Champion,CH7A,"Champion Traveler 7EC",7EC-734,,,,,,Private,,,1960,,,,0,,,,,,0,0,0,0,0,,,,,,0,0,0,0,0,GEN-CH7A
32587371,"2026-02-20 17:20:07","2026-02-20 17:20:07",ADE652,"United States","United States",N995MJ,,,,,,"Textron Aviation",C25B,"Textron Aviation Citation CJ3",525B0599,,,,,,"Flight Simulator LLC",,,2019,,,,0,,,,,,0,0,0,0,0,,,,,,0,0,0,0,0,GEN-C25B
32587202,"2026-02-20 17:18:16","2026-02-20 17:18:16",C807DB,"New Zealand","New Zealand",ZK-TKO,,,,,,"Micro Aviation",ULAC,"Micro Aviation Bantam B22",52,,,,,,Private,,,,,,,0,,,,,,0,0,0,0,0,,,,,,0,0,0,0,0,GEN-ULAC
32587087,"2026-02-20 17:17:00","2026-02-20 17:17:00",7C752D,Australia,Australia,VH-XFJ,,,,,,Airbus,A332,"Airbus A330 243",1561,,,,,,"Virgin Australia",,,2014,,,,0,,,,,,0,0,0,0,0,,,,,,0,0,0,0,0,VOZ
32585852,"2026-02-20 17:02:47","2026-02-20 17:02:47",C808C5,"New Zealand","New Zealand",ZK-GSR,,,,,,Jansson,GLID,"Jansson BJ-1B Duster",AACA/338,,,,,,Private,,,,,,,0,,,,,,0,0,0,0,0,,,,,,0,0,0,0,0,GEN-GLID
32584761,"2026-02-20 16:50:36","2026-02-20 16:50:36",3A344B,"French Overseas","French Overseas",F-ONCL,,,,,,"Avions de Transport Regional",AT75,"Avions de Transport Regional ATR 72 500",759,,,,,,"Air Caledonie",,,2007,,,,0,,,,,,0,0,0,0,0,,,,,,0,0,0,0,0,TPC
32582162,"2026-02-20 16:21:22","2026-02-20 16:21:22",A04605,"United States","United States",N1168Z,,,,,,Mooney,M20T,"Mooney M.20K Model 231",25-0697,,,,,,Private,,,,,,,0,,,,,,0,0,0,0,0,,,,,,0,0,0,0,0,GEN-M20T
32582042,"2026-02-20 16:19:44","2026-02-20 16:19:44",AC2BC1,"United States","United States",N8833F,,,,,,Hughes,H269,"Hughes 269 A",33-0180,,,,,,Private,,,1963,,,,0,,,,,,0,0,0,0,0,,,,,,0,0,0,0,0,GEN-H269
32581556,"2026-02-20 16:14:45","2026-02-20 16:14:45",A92FF8,"United States","United States",N691RV,,,,,,Vans,RV6,"Vans RV-6",001,,,,,,Private,,,1992,,,,0,,,,,,0,0,0,0,0,,,,,,0,0,0,0,0,GEN-RV6
32581181,"2026-02-20 16:10:24","2026-02-20 16:10:24",4249C3,Bermuda,Bermuda,VQ-BJT,,,,,,Boeing,B735,"Boeing 737 524/W",28900,,,,,,"UT air",,,1997,,,,0,,,,,,0,0,0,0,0,,,,,,0,0,0,0,0,UTA
32580021,"2026-02-20 15:57:58","2026-02-20 15:57:58",A68295,"United States","United States",N51878,,,,,,"Amateur Built",BALL,"Amateur Built AX.3 Hot Air Balloon",001,,,,,,Private,,,1978,,,,0,,,,,,0,0,0,0,0,,,,,,0,0,0,0,0,GEN-BALL
32579535,"2026-02-20 15:52:22","2026-02-20 15:52:22",A919B7,"United States","United States",N686CD,,,,,,Beech,BE36,"Beech Bonanza A36",E-2895,,,,,,Private,,,1994,,,,0,,,,,,0,0,0,0,0,,,,,,0,0,0,0,0,GEN-BE36
32578840,"2026-02-20 15:44:02","2026-02-20 15:44:02",AA8EFF,"United States","United States",N78JK,,,,,,Rutan,VEZE,"Rutan VariEze",400,,,,,,Private,,,1979,,,,0,,,,,,0,0,0,0,0,,,,,,0,0,0,0,0,GEN-VEZE
32578621,"2026-02-20 15:41:44","2026-02-20 15:41:44",7580C4,Philippines,Philippines,RP-C7255,,,,,,"Avions de Transport Regional",AT75,"Avions de Transport Regional ATR 72 500",842,,,,,,Cebgo,,,2008,,,,0,,,,,,0,0,0,0,0,,,,,,0,0,0,0,0,SRQ
32577962,"2026-02-20 15:34:38","2026-02-20 15:34:38",AD0A8F,"United States","United States",N9398G,,,,,,Cessna,C182,"Cessna 182P Skylane",18260938,,,,,,Private,,,1971,,,,0,,,,,,0,0,0,0,0,,,,,,0,0,0,0,0,GEN-C182
32576677,"2026-02-20 15:20:25","2026-02-20 15:20:25",AA3569,"United States","United States",N757QA,,,,,,Cessna,C152,"Cessna 152",15279909,,,,,,Private,,,1977,,,,0,,,,,,0,0,0,0,0,,,,,,0,0,0,0,0,GEN-C152
32576160,"2026-02-20 15:15:00","2026-02-20 15:15:00",728638,Iraq,Iraq,EW-449TH,,,,,,Ilyushin,IL76,"Ilyushin IL-76 TD",1003405167,,,,,,"Ruby Star Airways",,,,,,,0,,,,,,0,0,0,0,0,,,,,,0,0,0,0,0,RSB
32575884,"2026-02-20 15:11:49","2026-02-20 15:11:49",880840,Thailand,Thailand,HS-BAZ,,,,,,Cessna,C172,"Cessna 172R Skyhawk",17280450,,,,,,"Bangkok Aviation Center",,,1998,,,,0,,,,,,0,0,0,0,0,,,,,,0,0,0,0,0,GEN-C172
32572958,"2026-02-20 14:38:55","2026-02-20 14:38:55",04C14D,Kenya,Kenya,5Y-SED,,,,,,Fokker,F50,"Fokker F50",20108,,,,,,"Safe Air Kenya",,,1987,,,,0,,,,,,0,0,0,0,0,,,,,,0,0,0,0,0,SAQ
32572717,"2026-02-20 14:36:11","2026-02-20 14:36:11",A93C03,"United States","United States",N69400,,,,,,Bell,B06,"Bell OH-58C Kiowa",40485,,,,,,"Kansas City Police Department",,,,,,,0,,,,,,0,0,0,0,0,,,,,,0,0,0,0,0,GEN-B06
32571983,"2026-02-20 14:27:58","2026-02-20 14:27:58",A23D18,"United States","United States",N243W,,,,,,Cessna,C185,"Cessna A185F Skywagon 185",18503820,,,,,,Private,,,1979,,,,0,,,,,,0,0,0,0,0,,,,,,0,0,0,0,0,GEN-C185
32569403,"2026-02-20 13:59:47","2026-02-20 13:59:47",A99D07,"United States","United States",N7186Z,,,,,,Robinson,R44,"Robinson R44 Astro",0737,,,,,,Private,,,,,,,0,,,,,,0,0,0,0,0,,,,,,0,0,0,0,0,GEN-R44
32569125,"2026-02-20 13:56:52","2026-02-20 13:56:52",403FFC,"United Kingdom","United Kingdom",G-OODX,,,,,,Robinson,R22,"Robinson R22 Beta",0720,,,,,,"HQ Aviation Ltd",,,1987,,,,0,,,,,,0,0,0,0,0,,,,,,0,0,0,0,0,GEN-R22
32567809,"2026-02-20 13:41:04","2026-02-20 13:41:04",43C1B2,"United Kingdom","United Kingdom",ZA370,,,,,,Panavia,TOR,"Panavia Tornado GR.4",BS052,,,,,,"Royal Air Force",,,1982,,,,0,,,,,,1,0,0,0,0,,,,,,0,0,0,0,0,
32566509,"2026-02-20 13:26:55","2026-02-20 13:26:55",A18619,"United States","United States",N198CD,,,,,,Piper,PA27,"Piper PA-23 Aztec 250F",27-7654141,,,,,,Private,,,,,,,0,,,,,,0,0,0,0,0,,,,,,0,0,0,0,0,GEN-PA27
32566032,"2026-02-20 13:20:54","2026-02-20 13:20:54",A033BD,"United States","United States",N112BC,,,,,,"American Champion",BL8,"American Champion Scout 8GCBC",598-2019,,,,,,Private,,,,,,,0,,,,,,0,0,0,0,0,,,,,,0,0,0,0,0,GEN-BL8
32564304,"2026-02-20 13:01:30","2026-02-20 13:01:30",49212B,Portugal,Portugal,CS-HIK,,,,,,Agusta,A109,"Agusta A.109 E Power",11713,,,,,,"Babcock MCS Portugal",,,2007,,,,0,,,,,,0,0,0,0,0,,,,,,0,0,0,0,0,BBO
32564176,"2026-02-20 12:59:56","2026-02-20 12:59:56",008C7B,"South Africa","South Africa",ZS-ESG,,,,,,SIAI-Marchetti,S05R,"SIAI-Marchetti S.205 18/R",364,,,,,,Private,,,,,,,0,,,,,,0,0,0,0,0,,,,,,0,0,0,0,0,GEN-S05R
32561383,"2026-02-20 12:26:19","2026-02-20 12:26:19",A76790,"United States","United States",N57633,,,,,,Bellanca,CH7A,"Bellanca Citabria 7ECA",988-74,,,,,,Private,,,1973,,,,0,,,,,,0,0,0,0,0,,,,,,0,0,0,0,0,GEN-CH7A
32560865,"2026-02-20 12:20:40","2026-02-20 12:20:40",3F0562,Germany,Germany,D-9419,,,,,,Scheibe,GLID,"Scheibe Leistung-Spatz III",830,,,,,,Private,,,,,,,0,,,,,,0,0,0,0,0,,,,,,0,0,0,0,0,GEN-GLID
32560160,"2026-02-20 12:12:52","2026-02-20 12:12:52",4B1787,Switzerland,Switzerland,HB-IXR,,,,,,Avro,RJ1H,"Avro 146 RJ100",E3281,,,,,,"Swiss International Air Lines",,,1996,,,,0,,,,,,0,0,0,0,0,,,,,,0,0,0,0,0,GEN-RJ1H
32559868,"2026-02-20 12:09:37","2026-02-20 12:09:37",3EE5C1,Germany,Germany,D-1322,,,,,,Schleicher,GLID,"Schleicher ASW 19 B",19360,,,,,,Private,,,,,,,0,,,,,,0,0,0,0,0,,,,,,0,0,0,0,0,GEN-GLID
32559810,"2026-02-20 12:08:58","2026-02-20 12:08:58",404326,"United Kingdom","United Kingdom",G-BZDJ,,,,,,Cameron,BALL,"Cameron Z-105 Hot Air Balloon",4832,,,,,,Private,,,2000,,,,0,,,,,,0,0,0,0,0,,,,,,0,0,0,0,0,GEN-BALL
32559682,"2026-02-20 12:07:29","2026-02-20 12:07:29",718953,"South Korea","South Korea",HL1153,,,,,,Cessna,C172,"Cessna 172S Skyhawk SP",172S8661,,,,,,Private,,,2000,,,,0,,,,,,0,0,0,0,0,,,,,,0,0,0,0,0,GEN-C172
32559369,"2026-02-20 12:03:55","2026-02-20 12:03:55",C0748F,Canada,Canada,C-GSDQ,,,,,,"Cirrus Design",SR22,"Cirrus Design SR22 G2",1042,,,,,,Private,,,2004,,,,0,,,,,,0,0,0,0,0,,,,,,0,0,0,0,0,GEN-SR22
32558923,"2026-02-20 11:58:43","2026-02-20 11:58:43",A39633,"United States","United States",N330E,,,,,,Short,SH33,"Short SD3-30 100",SH3026,,,,,,"Win Win Aviation",,,1979,,,,0,,,,,,0,0,0,0,0,,,,,,0,0,0,0,0,GEN-SH33
32557978,"2026-02-20 11:48:21","2026-02-20 11:48:21",AA1014,"United States","United States",N74780,,,,,,Robinson,R44,"Robinson R44 Raven II",11052,,,,,,Private,,,,,,,0,,,,,,0,0,0,0,0,,,,,,0,0,0,0,0,GEN-R44
32557151,"2026-02-20 11:39:26","2026-02-20 11:39:26",AC4F79,"United States","United States",N89220,,,,,,Cessna,C140,"Cessna 140",8240,,,,,,Private,,,1946,,,,0,,,,,,0,0,0,0,0,,,,,,0,0,0,0,0,GEN-C140
32556971,"2026-02-20 11:37:19","2026-02-20 11:37:19",4034F4,"United Kingdom","United Kingdom",G-BTWF,,,,,,"De Havilland",DHC1,"De Havilland DHC-1 Chipmunk 22",C1/0564,,,,,,Private,,,1952,,,,0,,,,,,0,0,0,0,0,,,,,,0,0,0,0,0,GEN-DHC1
32556616,"2026-02-20 11:33:10","2026-02-20 11:33:10",AB49BD,"United States","United States",N82614,,,,,,Aeronca,CH7A,"Aeronca Champion 7AC",7AC-1254,,,,,,Private,,,1946,,,,0,,,,,,0,0,0,0,0,,,,,,0,0,0,0,0,GEN-CH7A
32556047,"2026-02-20 11:27:08","2026-02-20 11:27:08",A270BA,"United States","United States",N2564P,,,,,,Piper,PA22,"Piper PA-22 150 Tri-Pacer",22-2927,,,,,,Private,,,,,,,0,,,,,,0,0,0,0,0,,,,,,0,0,0,0,0,GEN-PA22
32555745,"2026-02-20 11:23:54","2026-02-20 11:23:54",39850E,France,France,F-HBIO,,,,,,Airbus,A320,"Airbus A320 214",3242,,,,,,"Aigle Azur",,,2007,,,,0,,,,,,0,0,0,0,0,,,,,,0,0,0,0,0,AAF
32555343,"2026-02-20 11:19:22","2026-02-20 11:19:22",A652D1,"United States","United States",N50613,,,,,,Aeronca,CH7A,"Aeronca O-58B Grasshopper",C-3652TA,,,,,,Private,,,1945,,,,0,,,,,,0,0,0,0,0,,,,,,0,0,0,0,0,GEN-CH7A
32555188,"2026-02-20 11:17:42","2026-02-20 11:17:42",AA27C8,"United States","United States",N75316,,,,,,Piper,P28A,"Piper PA-28 151 Cherokee Warrior",28-7615288,,,,,,Private,,,1976,,,,0,,,,,,0,0,0,0,0,,,,,,0,0,0,0,0,GEN-P28A
32555154,"2026-02-20 11:17:20","2026-02-20 11:17:20",3FD930,Germany,Germany,D-OTRK,,,,,,Lindstrand,BALL,"Lindstrand LBL.150A Hot Air Balloon",1191,,,,,,Private,,,,,,,0,,,,,,0,0,0,0,0,,,,,,0,0,0,0,0,GEN-BALL
32555135,"2026-02-20 11:17:08","2026-02-20 11:17:08",A421B5,"United States","United States",N3653W,,,,,,"Air Tractor",AT3P,"Air Tractor AT-301",301-0274,,,,,,Private,,,1980,,,,0,,,,,,0,0,0,0,0,,,,,,0,0,0,0,0,GEN-AT3P
32554002,"2026-02-20 11:04:35","2026-02-20 11:04:35",A25B08,"United States","United States",N25081,,,,,,Corben,JACE,"Corben Junior Ace E",001,,,,,,Private,,,,,,,0,,,,,,0,0,0,0,0,,,,,,0,0,0,0,0,GEN-JACE
32553473,"2026-02-20 10:58:40","2026-02-20 10:58:40",A844C3,"United States","United States",N6317C,,,,,,Glasair,GLST,"Glasair GlaStar GS-1",5051,,,,,,Private,,,1997,,,,0,,,,,,0,0,0,0,0,,,,,,0,0,0,0,0,GEN-GLST
32552787,"2026-02-20 10:51:04","2026-02-20 10:51:04",A2474F,"United States","United States",N246LM,,,,,,"Cirrus Design",SR22,"Cirrus Design SR22",2123,,,,,,Private,,,2006,,,,0,,,,,,0,0,0,0,0,,,,,,0,0,0,0,0,GEN-SR22
32552152,"2026-02-20 10:44:03","2026-02-20 10:44:03",A70C3D,"United States","United States",N553TD,,,,,,"Quad City",ULAC,"Quad City Challenger II","CH2-0694 W1164",,,,,,Private,,,2001,,,,0,,,,,,0,0,0,0,0,,,,,,0,0,0,0,0,GEN-ULAC
32551427,"2026-02-20 10:36:05","2026-02-20 10:36:05",A0CA5A,"United States","United States",N150BT,,,,,,Cessna,C150,"Cessna 150F",15062392,,,,,,Private,,,1965,,,,0,,,,,,0,0,0,0,0,,,,,,0,0,0,0,0,GEN-C150
32550479,"2026-02-20 10:26:31","2026-02-20 10:26:31",403F06,"United Kingdom","United Kingdom",G-MZJV,,,,,,"Mainair Sports",ULAC,"Mainair Sports Mainair Blade 912",1141-0198-7-W944,,,,,,Private,,,1998,,,,0,,,,,,0,0,0,0,0,,,,,,0,0,0,0,0,GEN-ULAC
32550401,"2026-02-20 10:25:40","2026-02-20 10:25:40",AAF366,"United States","United States",N8042Q,,,,,,Cessna,C195,"Cessna 195A",7578,,,,,,Private,,,1950,,,,0,,,,,,0,0,0,0,0,,,,,,0,0,0,0,0,GEN-C195
32548439,"2026-02-20 10:03:23","2026-02-20 10:03:23",A4C25A,"United States","United States",N40556,,,,,,"Balloon Works",BALL,"Balloon Works Firefly 7 Hot Air Balloon",10140,,,,,,Private,,,1980,,,,0,,,,,,0,0,0,0,0,,,,,,0,0,0,0,0,GEN-BALL
32548402,"2026-02-20 10:03:01","2026-02-20 10:03:01",141FEB,Russia,Russia,RA-08171,,,,,,Mil,MI8,"Mil Mi-8",,,,,,,"Operator Unknown",,,,,,,0,,,,,,0,0,0,0,0,,,,,,0,0,0,0,0,GEN-MI8
32548354,"2026-02-20 10:02:32","2026-02-20 10:02:32",A76061,"United States","United States",N5745W,,,,,,Piper,P28A,"Piper PA-28 160 Cherokee B",28-1451,,,,,,Private,,,1964,,,,0,,,,,,0,0,0,0,0,,,,,,0,0,0,0,0,GEN-P28A
32545679,"2026-02-20 09:32:56","2026-02-20 09:32:56",A9CA2D,"United States","United States",N73RD,,,,,,"Raven Aerostar",BALL,"Raven Aerostar S-50A Hot Air Balloon",S50A-237,,,,,,Private,,,,,,,0,,,,,,0,0,0,0,0,,,,,,0,0,0,0,0,GEN-BALL
32545628,"2026-02-20 09:32:28","2026-02-20 09:32:28",0D0262,Mexico,Mexico,XA-NTE,,,,,,"Raytheon Aircraft Company",H25B,"Raytheon Aircraft Company 125 800XP",258638,,,,,,"Grupo Maseca SA",,,,,,,0,,,,,,0,0,0,0,0,,,,,,0,0,0,0,0,GEN-H25B
32545629,"2026-02-20 09:32:28","2026-02-20 09:32:28",AB0775,"United States","United States",N81EP,,,,,,Stits,SA3,"Stits Playboy SA-3B",1,,,,,,Private,,,,,,,0,,,,,,0,0,0,0,0,,,,,,0,0,0,0,0,GEN-SA3
32544424,"2026-02-20 09:19:00","2026-02-20 09:19:00",A550CE,"United States","United States",N44109,,,,,,Taylorcraft,TAYB,"Taylorcraft BC-12D",9909,,,,,,Private,,,1946,,,,0,,,,,,0,0,0,0,0,,,,,,0,0,0,0,0,GEN-TAYB
32542101,"2026-02-20 08:50:57","2026-02-20 08:50:57",C091A1,Canada,Canada,C-IDDW,,,,,,"Canadian Ultralight",ULAC,"Canadian Ultralight Chinook Plus 2",2004,,,,,,Private,,,,,,,0,,,,,,0,0,0,0,0,,,,,,0,0,0,0,0,GEN-ULAC
32541999,"2026-02-20 08:49:45","2026-02-20 08:49:45",A656F1,"United States","United States",N50743,,,,,,Cessna,C150,"Cessna 150J",15069523,,,,,,Private,,,1968,,,,0,,,,,,0,0,0,0,0,,,,,,0,0,0,0,0,GEN-C150
32541091,"2026-02-20 08:38:33","2026-02-20 08:38:33",0D07BB,Mexico,Mexico,XA-JEP,,,,,,Bombardier,CL60,"Bombardier Challenger 604",5653,,,,,,"Aerolineas Ejecutivas SA",,,2006,,,,0,,,,,,0,0,0,0,0,,,,,,0,0,0,0,0,LET
32539793,"2026-02-20 08:22:31","2026-02-20 08:22:31",A49FB3,"United States","United States",N3974E,,,,,,Aeronca,AR11,"Aeronca Chief 11BC",11BC-59,,,,,,Private,,,1947,,,,0,,,,,,0,0,0,0,0,,,,,,0,0,0,0,0,GEN-AR11
32539269,"2026-02-20 08:16:28","2026-02-20 08:16:28",AA441D,"United States","United States",N76011,,,,,,Cessna,C140,"Cessna 140",10405,,,,,,Private,,,1946,,,,0,,,,,,0,0,0,0,0,,,,,,0,0,0,0,0,GEN-C140
11102,"2021-11-08 16:26:52","2026-02-20 08:14:30",C87EE8,"New Zealand","New Zealand","",,,,"",,"",ZZZZ,"","",,,,,,"",,,,,,"",0,,,,,,0,0,0,0,0,Missing,,,"","",0,0,0,0,0,GEN-ZZZZ
766556,"2023-10-30 20:59:55","2026-02-20 08:14:30",43BF96,"United Kingdom","United Kingdom","",,,,"",,"",ZANT,"","",,,,,,"",,,,,,"",0,,,,,,0,0,0,0,0,Missing,,,"","",0,0,0,0,0,ZANT
32538360,"2026-02-20 08:05:36","2026-02-20 08:05:36",A1C7AE,"United States","United States",N2135,,,,,,Bowers,FB1A,"Bowers Fly Baby 1A",67-5,,,,,,Private,,,,,,,0,,,,,,0,0,0,0,0,,,,,,0,0,0,0,0,GEN-FB1A
32537894,"2026-02-20 07:59:59","2026-02-20 07:59:59",C07764,Canada,Canada,C-GTFN,,,,,,Cessna,C172,"Cessna 172R Skyhawk",17280021,,,,,,Private,,,1997,,,,0,,,,,,0,0,0,0,0,,,,,,0,0,0,0,0,GEN-C172
32537864,"2026-02-20 07:59:43","2026-02-20 07:59:43",3DD3C4,Germany,Germany,D-HALG,,,,,,Robinson,R44,"Robinson R44 Raven",1552,,,,,,Private,,,,,,,0,,,,,,0,0,0,0,0,,,,,,0,0,0,0,0,GEN-R44
32536805,"2026-02-20 07:46:14","2026-02-20 07:46:14",3C4B06,Germany,Germany,D-ABXF,,,,,,Airbus,A332,"Airbus A330 223",1112,,,,,,"Air Berlin",,,2010,,,,0,,,,,,0,0,0,0,0,,,,,,0,0,0,0,0,BER
32533916,"2026-02-20 07:10:28","2026-02-20 07:10:28",AC7A59,"United States","United States",N903AH,,,,,,Agusta,A109,"Agusta A.109 E Power",11638,,,,,,Private,,,2005,,,,0,,,,,,0,0,0,0,0,,,,,,0,0,0,0,0,GEN-A109
32533184,"2026-02-20 07:01:01","2026-02-20 07:01:01",A40EA8,"United States","United States",N3600D,,,,,,Cessna,C310,"Cessna 310",35300,,,,,,Private,,,,,,,0,,,,,,0,0,0,0,0,,,,,,0,0,0,0,0,GEN-C310
32532420,"2026-02-20 06:51:57","2026-02-20 06:51:57",40273E,"United Kingdom","United Kingdom",G-EAGA,,,,,,Sopwith,ZZZZ,"Sopwith Dove",3004/1,,,,,,Private,,,1990,,,,0,,,,,,0,0,0,0,0,,,,,,0,0,0,0,0,GEN-ZZZZ
32532229,"2026-02-20 06:49:28","2026-02-20 06:49:28",A37100,"United States","United States",N3202T,,,,,,Cessna,C177,"Cessna 177 Cardinal",17700502,,,,,,Private,,,1968,,,,0,,,,,,0,0,0,0,0,,,,,,0,0,0,0,0,GEN-C177
32531569,"2026-02-20 06:41:36","2026-02-20 06:41:36",43BE8C,Bermuda,Bermuda,VP-BAN,,,,,,Airbus,A321,"Airbus A321 211",2005,,,,,,"Red Wings Airlines",,,2003,,,,0,,,,,,0,0,0,0,0,,,,,,0,0,0,0,0,RWZ
32531274,"2026-02-20 06:38:17","2026-02-20 06:38:17",A428AF,"United States","United States",N3670K,,,,,,Piper,P28A,"Piper PA-28 140 Cherokee",28-23679,,,,,,Private,,,1967,,,,0,,,,,,0,0,0,0,0,,,,,,0,0,0,0,0,GEN-P28A
32529225,"2026-02-20 06:12:39","2026-02-20 06:12:39",AB838A,"United States","United States",N84095,,,,,,Aeronca,CH7A,"Aeronca Champion 7DC",7DC-2782,,,,,,Private,,,1946,,,,0,,,,,,0,0,0,0,0,,,,,,0,0,0,0,0,GEN-CH7A
32529098,"2026-02-20 06:10:55","2026-02-20 06:10:55",39B533,France,France,F-HNJT,,,,,,Cessna,C152,"Cessna 152",15283956,,,,,,Private,,,1979,,,,0,,,,,,0,0,0,0,0,,,,,,0,0,0,0,0,GEN-C152
32528109,"2026-02-20 05:57:40","2026-02-20 05:57:40",A5DB97,"United States","United States",N477EZ,,,,,,Rutan,VEZE,"Rutan VariEze",1738,,,,,,Private,,,,,,,0,,,,,,0,0,0,0,0,,,,,,0,0,0,0,0,GEN-VEZE
32527834,"2026-02-20 05:54:11","2026-02-20 05:54:11",A4F868,"United States","United States",N4193Z,,,,,,Piper,PA18,"Piper PA-18 150 Super Cub",18-8380,,,,,,Private,,,,,,,0,,,,,,0,0,0,0,0,,,,,,0,0,0,0,0,GEN-PA18
32527573,"2026-02-20 05:50:29","2026-02-20 05:50:29",A62D9F,"United States","United States",N4978X,,,,,,Ayres,SS2P,"Ayres Thrush S2R-600",5023R,,,,,,Private,,,1975,,,,0,,,,,,0,0,0,0,0,,,,,,0,0,0,0,0,GEN-SS2P
32525708,"2026-02-20 05:25:36","2026-02-20 05:25:36",148025,Russia,Russia,RF-32805,,,,,,Kamov,KA27,"Kamov Ka-32 A11BC",523324069835,,,,,,"MChS Rossii",,,,,,,0,,,https://cdn.jetphotos.com/full/5/45911_1418552894.jpg,https://cdn.jetphotos.com/full/3/32921_1391613341.jpg,https://cdn.jetphotos.com/full/4/45290_1390413381.jpg,0,0,0,0,0,,,,,,0,0,0,0,0,SUM
32525624,"2026-02-20 05:24:24","2026-02-20 05:24:24",A070ED,"United States","United States",N1276R,,,,,,Bellanca,BL17,"Bellanca Super Viking 17-30A",30400,,,,,,Private,,,1971,,,,0,,,,,,0,0,0,0,0,,,,,,0,0,0,0,0,GEN-BL17
32525557,"2026-02-20 05:23:47","2026-02-20 05:23:47",3D1B15,Germany,Germany,D-EIMV,,,,,,Reims/Cessna,C172,"Reims/Cessna F172P",2143,,,,,,Private,,,1982,,,,0,,,,,,0,0,0,0,0,,,,,,0,0,0,0,0,GEN-C172
32525306,"2026-02-20 05:19:48","2026-02-20 05:19:48",A34F27,"United States","United States",N312KG,,,,,,"Raytheon Aircraft Company",H25B,"Raytheon Aircraft Company 125 800XP",258704,,,,,,"Solairus Aviation",,,,,,,0,,,,,,0,0,0,0,0,,,,,,0,0,0,0,0,TWY
27212,"2022-05-18 03:27:49","2026-02-20 05:10:52",48425C,Netherlands,Netherlands,"",,,,"",,"",-GND,"","",,,,,,"",,,,,,"",0,,,,,,0,0,0,0,0,Missing,,,"","",0,0,0,0,0,GEN--GND
32523664,"2026-02-20 04:56:27","2026-02-20 04:56:27",A4B79D,"United States","United States",N40285,,,,,,Piper,PA27,"Piper PA-23 Aztec 250E",27-7305100,,,,,,Private,,,1973,,,,0,,,,,,0,0,0,0,0,,,,,,0,0,0,0,0,GEN-PA27
32521512,"2026-02-20 04:26:35","2026-02-20 04:26:35",A7F3CA,"United States","United States",N611PR,,,,,,Bombardier,CL60,"Bombardier Challenger 601 3A",5064,,,,,,"Jet Affiliates International LLC",,,1990,,,,0,,,,,,0,0,0,0,0,,,,,,0,0,0,0,0,GEN-CL60
32520913,"2026-02-20 04:18:07","2026-02-20 04:18:07",AD7177,"United States","United States",N96527,,,,,,Taylorcraft,TAYB,"Taylorcraft BC-12 D",8827,,,,,,Private,,,1946,,,,0,,,,,,0,0,0,0,0,,,,,,0,0,0,0,0,GEN-TAYB
32518792,"2026-02-20 03:46:41","2026-02-20 03:46:41",A6B32B,"United States","United States",N53027,,,,,,Boeing,ST75,"Boeing Stearman A75N1 PT-17 Kaydet",75-2903,,,,,,Private,,,1942,,,,0,,,,,,0,0,0,0,0,,,,,,0,0,0,0,0,GEN-ST75
32518678,"2026-02-20 03:44:57","2026-02-20 03:44:57",A90618,"United States","United States",N68037,,,,,,"Thunder Balloons",BALL,"Thunder Balloons AX.7-77A Hot Air Balloon",069,,,,,,Private,,,1976,,,,0,,,,,,0,0,0,0,0,,,,,,0,0,0,0,0,GEN-BALL
32518611,"2026-02-20 03:44:01","2026-02-20 03:44:01",3F8518,Germany,Germany,10+24,,,,,,Airbus,A310,"Airbus A310 304",434,,,,,,"German Air Force",,,1987,,,,0,,,"","","",1,0,0,0,0,,,,,,0,0,0,0,0,GAF
32517759,"2026-02-20 03:31:43","2026-02-20 03:31:43",A61922,"United States","United States",PR-OHB,,,,,,AgustaWestland,A139,"AgustaWestland AW.139",41304,,,,,,"Omni Taxi Aereo",,,2012,,,,0,,,,,,0,0,0,0,0,,,,,,0,0,0,0,0,GEN-A139
32517518,"2026-02-20 03:27:20","2026-02-20 03:27:20",A250DC,"United States","United States",N24855,,,,,,Cessna,C152,"Cessna 152",15280413,,,,,,Private,,,1977,,,,0,,,,,,0,0,0,0,0,,,,,,0,0,0,0,0,GEN-C152
32517393,"2026-02-20 03:25:31","2026-02-20 03:25:31",0DE413,Venezuela,Venezuela,91-0355,,,,,,"General Dynamics",F16,"General Dynamics F-16CG Fighting Falcon",CC-53,,,,,,"United States Air Force",,,,,,,0,,,,,,1,0,0,0,0,,,,,,0,0,0,0,0,
32515324,"2026-02-20 02:55:19","2026-02-20 02:55:19",403AD5,"United Kingdom","United Kingdom",G-OZAR,,,,,,Enstrom,EN48,"Enstrom 480",5007,,,,,,Private,,,1995,,,,0,,,,,,0,0,0,0,0,,,,,,0,0,0,0,0,GEN-EN48
32515325,"2026-02-20 02:55:19","2026-02-20 02:55:19",AD8AF2,"United States","United States",N9719C,,,,,,Cessna,C303,"Cessna T303 Crusader",T303-00208,,,,,,Private,,,,,,,0,,,,,,0,0,0,0,0,,,,,,0,0,0,0,0,GEN-C303
32515254,"2026-02-20 02:54:18","2026-02-20 02:54:18",0D08D6,Mexico,Mexico,XA-MBU,,,,,,Bombardier,LJ75,"Bombardier Learjet 75",45-457,,,,,,"Aerolineas Ejecutivas SA",,,2013,,,,0,,,,,,0,0,0,0,0,,,,,,0,0,0,0,0,LET
32515110,"2026-02-20 02:52:16","2026-02-20 02:52:16",3D35BF,Germany,Germany,D-ESPJ,,,,,,SOCATA,TRIN,"SOCATA TB20 Trinidad GT",2140,,,,,,Private,,,,,,,0,,,,,,0,0,0,0,0,,,,,,0,0,0,0,0,GEN-TRIN
32513591,"2026-02-20 02:30:00","2026-02-20 02:30:00",758109,Philippines,Philippines,RP-C3260,,,,,,Airbus,A320,"Airbus A320 214",4447,,,,,,"Cebu Pacific Air",,,2010,,,,0,,,,,,0,0,0,0,0,,,,,,0,0,0,0,0,CEB
32512990,"2026-02-20 02:21:01","2026-02-20 02:21:01",147B73,Russia,Russia,RA-31603,,,,,,Kamov,KA27,"Kamov Ka-32 A",9102,,,,,,Private,,,,,,,0,,,https://cdn.jetphotos.com/full/5/48116_1615285702.jpg,"","",0,0,0,0,0,,,,,,0,0,0,0,0,GEN-KA27
32511232,"2026-02-20 01:56:24","2026-02-20 01:56:24",A7DBCC,"United States","United States",N605WF,,,,,,Bombardier,CL60,"Bombardier Challenger 605",5703,,,,,,"TVPX ARS Inc Trustee",,,2006,,,,0,,,,,,0,0,0,0,0,,,,,,0,0,0,0,0,GEN-CL60
32510057,"2026-02-20 01:39:12","2026-02-20 01:39:12",A1C688,"United States","United States",N213VF,,,,,,"Cirrus Design",S22T,"Cirrus Design SR22T",1761,,,,,,Private,,,2018,,,,0,,,,,,0,0,0,0,0,,,,,,0,0,0,0,0,GEN-S22T
32510013,"2026-02-20 01:38:39","2026-02-20 01:38:39",A0EAC9,"United States","United States",NC15838,,,,,,Beech,BE17,"Beech Staggerwing C17B",110,,,,,,Private,,,,,,,0,,,,,,0,0,0,0,0,,,,,,0,0,0,0,0,GEN-BE17
32509403,"2026-02-20 01:29:59","2026-02-20 01:29:59",A70D1A,"United States","United States",N5531Q,,,,,,Cessna,C172,"Cessna 172S Skyhawk SP",172S11526,,,,,,Private,,,2015,,,,0,,,,,,0,0,0,0,0,,,,,,0,0,0,0,0,GEN-C172
32509164,"2026-02-20 01:26:39","2026-02-20 01:26:39",50005F,"San Marino","San Marino",T7-KAA,,,,,,Bombardier,LJ45,"Bombardier Learjet 45 XR",45-305,,,,,,"SkyJet Aviation Services Ltd",,,2006,,,,0,,,,,,0,0,0,0,0,,,,,,0,0,0,0,0,GEN-LJ45
32507724,"2026-02-20 01:04:54","2026-02-20 01:04:54",A2D4F3,"United States","United States",N2816Y,,,,,,Cessna,C182,"Cessna 182E Skylane",18253816,,,,,,Private,,,,,,,0,,,,,,0,0,0,0,0,,,,,,0,0,0,0,0,GEN-C182
32507268,"2026-02-20 00:58:09","2026-02-20 00:58:09",A86BEA,"United States","United States",N6414V,,,,,,Cessna,C72R,"Cessna 172RG Cutlass RG",172RG0676,,,,,,Private,,,1980,,,,0,,,,,,0,0,0,0,0,,,,,,0,0,0,0,0,GEN-C72R
615099,"2026-02-20 00:50:54","2026-02-20 00:50:54",3EA13D,Germany,Germany,3?+??,,,,,,Eurocopter,EUFI,"Eurofighter Typhoon EF2000",,,,,,,"German Air Force",,,,,,"JT: 2026-02-20 00:50:54",0,,,,,,1,0,0,0,0,,,,,,0,0,0,0,0,GAF-EUFI
847247,"2026-02-20 00:50:54","2026-02-20 00:50:54",3F4E82,Germany,Germany,30+01,,,,,,Sikorsky,EUFI,"Eurofighter Typhoon EF2000",,,,,,,"German Air Force",,,,,,"JT: 2026-02-20 00:50:54",0,,,,,,1,0,0,0,0,,,,,,0,0,0,0,0,GAF-EUFI
2693029,"2026-02-20 00:50:54","2026-02-20 00:50:54",3FAAD4,Germany,Germany,83+??,,,,,,EUROFIGHTER,LYNX,"Westland Lynx Mk.88A",,,,,,,"German Navy",,,,,,"JT: 2026-02-20 00:50:54",0,,,,,,1,0,0,0,0,,,,,,0,0,0,0,0,GNY-LYNX
28271920,"2026-02-20 00:50:54","2026-02-20 00:50:54",3F91DA,Germany,Germany,31+49,,,,,,,EUFI,"Eurofighter Typhoon EF2000",,,,,,,"German Air Force",,,,,,"JT: 2026-02-20 00:50:54",0,,,,,,1,0,0,0,0,,,,,,0,0,0,0,0,GAF-EUFI
28837545,"2026-02-20 00:50:54","2026-02-20 00:50:54",3EB174,Germany,Germany,30+06,,,,,,,EUFI,"Eurofighter Typhoon EF2000",,,,,,,"German Air Force",,,,,,"JT: 2026-02-20 00:50:54",0,,,,,,1,0,0,0,0,,,,,,0,0,0,0,0,GAF-EUFI
28872218,"2026-02-20 00:50:54","2026-02-20 00:50:54",3EB530,Germany,Germany,30+05,,,,,,,EUFI,"Eurofighter Typhoon EF2000",,,,,,,"German Air Force",,,,,,"JT: 2026-02-20 00:50:54",0,,,,,,1,0,0,0,0,,,,,,0,0,0,0,0,GAF-EUFI
29487777,"2026-02-20 00:50:54","2026-02-20 00:50:54",3C55C4,Germany,Germany,D-AEND,,,,,,,GLEX,"Bombardier Global 6000",,,,,,,Unknown,,,,,,"JT: 2026-02-20 00:50:54",0,,,,,,0,0,0,0,0,,,,,,0,0,0,0,0,GAF
29487854,"2026-02-20 00:50:54","2026-02-20 00:50:54",3EA8E0,Germany,Germany,3?+??,,,,,,,EUFI,"Eurofighter Typhoon EF2000",,,,,,,"German Air Force",,,,,,"JT: 2026-02-20 00:50:54",0,,,,,,1,0,0,0,0,,,,,,0,0,0,0,0,GAF-EUFI
29487929,"2026-02-20 00:50:54","2026-02-20 00:50:54",3F4E7C,Germany,Germany,3?+??,,,,,,,EUFI,"Eurofighter Typhoon EF2000",,,,,,,"German Air Force",,,,,,"JT: 2026-02-20 00:50:54",0,,,,,,1,0,0,0,0,,,,,,0,0,0,0,0,GAF-EUFI
29487979,"2026-02-20 00:50:54","2026-02-20 00:50:54",3F660A,Germany,Germany,3?+??,,,,,,,EUFI,"Eurofighter Typhoon EF2000",,,,,,,"German Air Force",,,,,,"JT: 2026-02-20 00:50:54",0,,,,,,1,0,0,0,0,,,,,,0,0,0,0,0,GAF-EUFI
29488126,"2026-02-20 00:50:54","2026-02-20 00:50:54",3FBC00,Germany,Germany,3?+??,,,,,,,EUFI,"Eurofighter Typhoon EF2000",,,,,,,"German Air Force",,,,,,"JT: 2026-02-20 00:50:54",0,,,,,,1,0,0,0,0,,,,,,0,0,0,0,0,GAF-EUFI
29488132,"2026-02-20 00:50:54","2026-02-20 00:50:54",3FBE8C,Germany,Germany,3?+??,,,,,,,EUFI,"Eurofighter Typhoon EF2000",,,,,,,"German Air Force",,,,,,"JT: 2026-02-20 00:50:54",0,,,,,,1,0,0,0,0,,,,,,0,0,0,0,0,GAF-EUFI
29488201,"2026-02-20 00:50:54","2026-02-20 00:50:54",3E827F,Germany,Germany,4?+??,,,,,,,TOR,"Panavia Tornado",,,,,,,"German Air Force",,,,,,"JT: 2026-02-20 00:50:54",0,,,,,,1,0,0,0,0,,,,,,0,0,0,0,0,GAF-TOR
29488823,"2026-02-20 00:50:54","2026-02-20 00:50:54",3FB2C9,Germany,Germany,76+10,,,,,,,EC45,"Airbus Helicopters H-145M",,,,,,,"German Army",,,,,,"JT: 2026-02-20 00:50:54",0,,,,,,1,0,0,0,0,,,,,,0,0,0,0,0,GAM-EC45
29488879,"2026-02-20 00:50:54","2026-02-20 00:50:54",3E9A6D,Germany,Germany,7?+??,,,,,,,NH90,"NHIndustries NH90-TTH",,,,,,,"German Army",,,,,,"JT: 2026-02-20 00:50:54",0,,,,,,1,0,0,0,0,,,,,,0,0,0,0,0,GAM-NH90
29488890,"2026-02-20 00:50:54","2026-02-20 00:50:54",3EA06F,Germany,Germany,79+39,,,,,,,NH90,"NHIndustries NH90-TTH",,,,,,,"German Army",,,,,,"JT: 2026-02-20 00:50:54",0,,,,,,1,0,0,0,0,,,,,,0,0,0,0,0,GAM-NH90
29489133,"2026-02-20 00:50:54","2026-02-20 00:50:54",3FAE26,Germany,Germany,7?+??,,,,,,,NH90,"NHIndustries NH90-TTH",,,,,,,"German Army",,,,,,"JT: 2026-02-20 00:50:54",0,,,,,,1,0,0,0,0,,,,,,0,0,0,0,0,GAM-NH90
29489489,"2026-02-20 00:50:54","2026-02-20 00:50:54",3E9297,Germany,Germany,76+??,,,,,,,EC45,"Airbus Helicopters H-145M",,,,,,,"German Army",,,,,,"JT: 2026-02-20 00:50:54",0,,,,,,1,0,0,0,0,,,,,,0,0,0,0,0,GAM-EC45
29489521,"2026-02-20 00:50:54","2026-02-20 00:50:54",3E9EE4,Germany,Germany,8?+??,,,,,,,H53,"Sikorsky CH-53GA Stallion",,,,,,,"German Air Force",,,,,,"JT: 2026-02-20 00:50:54",0,,,,,,1,0,0,0,0,,,,,,0,0,0,0,0,GAF-H53
29489585,"2026-02-20 00:50:54","2026-02-20 00:50:54",3EB904,Germany,Germany,8?+??,,,,,,,H53,"Sikorsky CH-53GA Stallion",,,,,,,"German Air Force",,,,,,"JT: 2026-02-20 00:50:54",0,,,,,,1,0,0,0,0,,,,,,0,0,0,0,0,GAF-H53
29489772,"2026-02-20 00:50:54","2026-02-20 00:50:54",3F7E7E,Germany,Germany,8?+??,,,,,,,H53,"Sikorsky CH-53GA Stallion",,,,,,,"German Air Force",,,,,,"JT: 2026-02-20 00:50:54",0,,,,,,1,0,0,0,0,,,,,,0,0,0,0,0,GAF-H53
29489806,"2026-02-20 00:50:54","2026-02-20 00:50:54",3F8BD4,Germany,Germany,8?+??,,,,,,,H53,"Sikorsky CH-53GA Stallion",,,,,,,"German Air Force",,,,,,"JT: 2026-02-20 00:50:54",0,,,,,,1,0,0,0,0,,,,,,0,0,0,0,0,GAF-H53
29489865,"2026-02-20 00:50:54","2026-02-20 00:50:54",3FA02F,Germany,Germany,8?+??,,,,,,,H53,"Sikorsky CH-53GA Stallion",,,,,,,"German Air Force",,,,,,"JT: 2026-02-20 00:50:54",0,,,,,,1,0,0,0,0,,,,,,0,0,0,0,0,GAF-H53
29684986,"2026-02-20 00:50:54","2026-02-20 00:50:54",3EBECB,Germany,Germany,46+28,,,,,,,TOR,"Panavia Tornado",,,,,,,"German Air Force",,,,,,"JT: 2026-02-20 00:50:54",0,,,,,,1,0,0,0,0,,,,,,0,0,0,0,0,GAF-TOR
29697543,"2026-02-20 00:50:54","2026-02-20 00:50:54",3F4348,Germany,Germany,76+??,,,,,,,EC45,"Airbus Helicopters H-145M",,,,,,,"German Army",,,,,,"JT: 2026-02-20 00:50:54",0,,,,,,1,0,0,0,0,,,,,,0,0,0,0,0,GAM-EC45
29923708,"2026-02-20 00:50:54","2026-02-20 00:50:54",3EBB3C,Germany,Germany,43+25,,,,,,,TOR,"Panavia Tornado",,,,,,,"German Air Force",,,,,,"JT: 2026-02-20 00:50:54",0,,,,,,1,0,0,0,0,,,,,,0,0,0,0,0,GAF-TOR
30430430,"2026-02-20 00:50:54","2026-02-20 00:50:54",3F47F1,Germany,Germany,3?+??,,,,,,,EUFI,"Eurofighter Typhoon EF2000",,,,,,,"German Air Force",,,,,,"JT: 2026-02-20 00:50:54",0,,,,,,1,0,0,0,0,,,,,,0,0,0,0,0,GAF-EUFI
30560881,"2026-02-20 00:50:54","2026-02-20 00:50:54",3E8BD2,Germany,Germany,30+28,,,,,,,EUFI,"Eurofighter Typhoon EF2000",,,,,,,"German Air Force",,,,,,"JT: 2026-02-20 00:50:54",0,,,,,,1,0,0,0,0,,,,,,0,0,0,0,0,GAF-EUFI
31223859,"2026-02-20 00:50:54","2026-02-20 00:50:54",3F8CF5,Germany,Germany,30+87,,,,,,,EUFI,"Eurofighter Typhoon EF2000",,,,,,,"German Air Force",,,,,,"JT: 2026-02-20 00:50:54",0,,,,,,1,0,0,0,0,,,,,,0,0,0,0,0,GAF-EUFI
31229268,"2026-02-20 00:50:54","2026-02-20 00:50:54",3F7293,Germany,Germany,30+95,,,,,,,EUFI,"Eurofighter Typhoon EF2000",,,,,,,"German Air Force",,,,,,"JT: 2026-02-20 00:50:54",0,,,,,,1,0,0,0,0,,,,,,0,0,0,0,0,GAF-EUFI
31230026,"2026-02-20 00:50:54","2026-02-20 00:50:54",3F62F3,Germany,Germany,74+??,,,,,,,TIGR,"Eurocopter EC.665 Tiger",,,,,,,"German Army",,,,,,"JT: 2026-02-20 00:50:54",0,,,,,,1,0,0,0,0,,,,,,0,0,0,0,0,GAM-TIGR
31231268,"2026-02-20 00:50:54","2026-02-20 00:50:54",3F7470,Germany,Germany,74+??,,,,,,,TIGR,"Eurocopter EC.665 Tiger",,,,,,,"German Army",,,,,,"JT: 2026-02-20 00:50:54",0,,,,,,1,0,0,0,0,,,,,,0,0,0,0,0,GAM-TIGR
31245546,"2026-02-20 00:50:54","2026-02-20 00:50:54",3FA398,Germany,Germany,74+??,,,,,,,TIGR,"Eurocopter EC.665 Tiger",,,,,,,"German Army",,,,,,"JT: 2026-02-20 00:50:54",0,,,,,,1,0,0,0,0,,,,,,0,0,0,0,0,GAM-TIGR
31247884,"2026-02-20 00:50:54","2026-02-20 00:50:54",3F7AB8,Germany,Germany,7?+??,,,,,,,NH90,"NHIndustries NH90-TTH",,,,,,,"German Army",,,,,,"JT: 2026-02-20 00:50:54",0,,,,,,1,0,0,0,0,,,,,,0,0,0,0,0,GAM-NH90
31376914,"2026-02-20 00:50:54","2026-02-20 00:50:54",3FB6F5,Germany,Germany,31+08,,,,,,,EUFI,"Eurofighter Typhoon EF2000",,,,,,,"German Air Force",,,,,,"JT: 2026-02-20 00:50:54",0,,,,,,1,0,0,0,0,,,,,,0,0,0,0,0,GAF-EUFI
31380241,"2026-02-20 00:50:54","2026-02-20 00:50:54",3FA89B,Germany,Germany,79+37,,,,,,,NH90,"NHIndustries NH90-TTH",,,,,,,"German Army",,,,,,"JT: 2026-02-20 00:50:54",0,,,,,,1,0,0,0,0,,,,,,0,0,0,0,0,GAM-NH90
31471635,"2026-02-20 00:50:54","2026-02-20 00:50:54",3F6146,Germany,Germany,3?+??,,,,,,,EUFI,"Eurofighter Typhoon EF2000",,,,,,,"German Air Force",,,,,,"JT: 2026-02-20 00:50:54",0,,,,,,1,0,0,0,0,,,,,,0,0,0,0,0,GAF-EUFI
31471693,"2026-02-20 00:50:54","2026-02-20 00:50:54",3F78F4,Germany,Germany,44+90,,,,,,,TOR,"Panavia Tornado",,,,,,,"German Air Force",,,,,,"JT: 2026-02-20 00:50:54",0,,,,,,1,0,0,0,0,,,,,,0,0,0,0,0,GAF-TOR
31471716,"2026-02-20 00:50:54","2026-02-20 00:50:54",3EA3ED,Germany,Germany,31+09,,,,,,,EUFI,"Eurofighter Typhoon EF2000",,,,,,,"German Air Force",,,,,,"JT: 2026-02-20 00:50:54",0,,,,,,1,0,0,0,0,,,,,,0,0,0,0,0,GAF-EUFI
31471727,"2026-02-20 00:50:54","2026-02-20 00:50:54",3E91AD,Germany,Germany,44+70,,,,,,,TOR,"Panavia Tornado",,,,,,,"German Air Force",,,,,,"JT: 2026-02-20 00:50:54",0,,,,,,1,0,0,0,0,,,,,,0,0,0,0,0,GAF-TOR
31591482,"2026-02-20 00:50:54","2026-02-20 00:50:54",3FB29D,Germany,Germany,74+??,,,,,,,TIGR,"Eurocopter EC.665 Tiger",,,,,,,"German Army",,,,,,"JT: 2026-02-20 00:50:54",0,,,,,,1,0,0,0,0,,,,,,0,0,0,0,0,GAM-TIGR
31591689,"2026-02-20 00:50:54","2026-02-20 00:50:54",3F63A4,Germany,Germany,3?+??,,,,,,,EUFI,"Eurofighter Typhoon EF2000",,,,,,,"German Air Force",,,,,,"JT: 2026-02-20 00:50:54",0,,,,,,1,0,0,0,0,,,,,,0,0,0,0,0,GAF-EUFI
31591900,"2026-02-20 00:50:54","2026-02-20 00:50:54",3EBC02,Germany,Germany,43+46,,,,,,,TOR,"Panavia Tornado",,,,,,,"German Air Force",,,,,,"JT: 2026-02-20 00:50:54",0,,,,,,1,0,0,0,0,,,,,,0,0,0,0,0,GAF-TOR
31615767,"2026-02-20 00:50:54","2026-02-20 00:50:54",3EA877,Germany,Germany,3?+??,,,,,,,EUFI,"Eurofighter Typhoon EF2000",,,,,,,"German Air Force",,,,,,"JT: 2026-02-20 00:50:54",0,,,,,,1,0,0,0,0,,,,,,0,0,0,0,0,GAF-EUFI
31746988,"2026-02-20 00:50:54","2026-02-20 00:50:54",3F6538,Germany,Germany,7?+??,,,,,,,NH90,"NHIndustries NH90-NTH",,,,,,,"German Navy",,,,,,"JT: 2026-02-20 00:50:54",0,,,,,,1,0,0,0,0,,,,,,0,0,0,0,0,GNY-NH90
32098323,"2026-02-20 00:50:54","2026-02-20 00:50:54",3F8F46,Germany,Germany,7?+??,,,,,,,NH90,"NHIndustries NH90-NTH",,,,,,,"German Navy",,,,,,"JT: 2026-02-20 00:50:54",0,,,,,,1,0,0,0,0,,,,,,0,0,0,0,0,GNY-NH90
32194042,"2026-02-20 00:50:54","2026-02-20 00:50:54",3EB797,Germany,Germany,75+??,,,,,,,EC45,"Airbus Helicopters H-145M",,,,,,,"German Army",,,,,,"JT: 2026-02-20 00:50:54",0,,,,,,1,0,0,0,0,,,,,,0,0,0,0,0,GAM-EC45
32203523,"2026-02-20 00:50:54","2026-02-20 00:50:54",3E8FA6,Germany,Germany,74+??,,,,,,,TIGR,"Eurocopter EC.665 Tiger",,,,,,,"German Army",,,,,,"JT: 2026-02-20 00:50:54",0,,,,,,1,0,0,0,0,,,,,,0,0,0,0,0,GAM-TIGR
32221791,"2026-02-20 00:50:54","2026-02-20 00:50:54",3F6E72,Germany,Germany,78+10,,,,,,,NH90,"NHIndustries NH90-TTH",,,,,,,"German Army",,,,,,"JT: 2026-02-20 00:50:54",0,,,,,,1,0,0,0,0,,,,,,0,0,0,0,0,GAM-NH90
32308895,"2026-02-20 00:50:54","2026-02-20 00:50:54",3F5494,Germany,Germany,7?+??,,,,,,,NH90,"NHIndustries NH90-TTH",,,,,,,"German Army",,,,,,"JT: 2026-02-20 00:50:54",0,,,,,,1,0,0,0,0,,,,,,0,0,0,0,0,GAM-NH90
32506311,"2026-02-20 00:45:28","2026-02-20 00:45:28",A3D372,"United States","United States",N34588,,,,,,Aeronca,AR65,"Aeronca Super Chief 65-CA",C-15871,,,,,,Private,,,1941,,,,0,,,,,,0,0,0,0,0,,,,,,0,0,0,0,0,GEN-AR65
32505994,"2026-02-20 00:40:46","2026-02-20 00:40:46",398889,France,France,F-HCEJ,,,,,,Cameron,BALL,"Cameron A-300 Hot Air Balloon",10954,,,,,,Private,,,,,,,0,,,,,,0,0,0,0,0,,,,,,0,0,0,0,0,GEN-BALL
32505714,"2026-02-20 00:36:30","2026-02-20 00:36:30",ADB511,"United States","United States",N9821D,,,,,,Piper,PA22,"Piper PA-22 160 Tri-Pacer",22-6708,,,,,,Private,,,1959,,,,0,,,,,,0,0,0,0,0,,,,,,0,0,0,0,0,GEN-PA22
32505640,"2026-02-20 00:35:22","2026-02-20 00:35:22",A68591,"United States","United States",N5192W,,,,,,Piper,P28A,"Piper PA-28 160 Cherokee",28-227,,,,,,Private,,,1961,,,,0,,,,,,0,0,0,0,0,,,,,,0,0,0,0,0,GEN-P28A
32504966,"2026-02-20 00:26:17","2026-02-20 00:26:17",A27024,"United States","United States",N2560D,,,,,,"Amateur Built",ZZZZ,"Amateur Built Rossi 1+1",564,,,,,,Private,,,,,,,0,,,,,,0,0,0,0,0,,,,,,0,0,0,0,0,GEN-ZZZZ
32504322,"2026-02-20 00:17:29","2026-02-20 00:17:29",A9A181,"United States","United States",N72DC,,,,,,Schweizer,H269,"Schweizer 269 C",S1624,,,,,,Private,,,,,,,0,,,,,,0,0,0,0,0,,,,,,0,0,0,0,0,GEN-H269
32504170,"2026-02-20 00:15:22","2026-02-20 00:15:22",A40F73,"United States","United States",N36057,,,,,,Piper,P28A,"Piper PA-28 181 Archer II",28-7890491,,,,,,Private,,,,,,,0,,,,,,0,0,0,0,0,,,,,,0,0,0,0,0,GEN-P28A
32503806,"2026-02-20 00:10:44","2026-02-20 00:10:44",ABAA0C,"United States","United States",N8502X,,,,,,Eagle,BALL,"Eagle C-7 Hot Air Balloon",E867103,,,,,,Private,,,,,,,0,,,,,,0,0,0,0,0,,,,,,0,0,0,0,0,GEN-BALL
32503744,"2026-02-20 00:09:53","2026-02-20 00:09:53",A246A2,"United States","United States",N246DP,,,,,,Vans,RV6,"Vans RV-6 A",20906,,,,,,Private,,,,,,,0,,,,,,0,0,0,0,0,,,,,,0,0,0,0,0,GEN-RV6
32503390,"2026-02-20 00:04:54","2026-02-20 00:04:54",ADF4E4,"United States","United States",N999JK,,,,,,"Air Command",CMDE,"Air Command 532 Elite",001-1,,,,,,Private,,,,,,,0,,,,,,0,0,0,0,0,,,,,,0,0,0,0,0,GEN-CMDE
