AircraftID,FirstCreated,LastModified,ModeS,ModeSCountry,Country,Registration,CurrentRegDate,PreviousID,FirstRegDate,Status,DeRegDate,Manufacturer,ICAOTypeCode,Type,SerialNo,PopularName,GenericName,AircraftClass,Engines,OwnershipStatus,RegisteredOwners,MTOW,TotalHours,YearBuilt,CofACategory,CofAExpiry,UserNotes,Interested,UserTag,InfoURL,PictureURL1,PictureURL2,PictureURL3,UserBool1,UserBool2,UserBool3,UserBool4,UserBool5,UserString1,UserString2,UserString3,UserString4,UserString5,UserInt1,UserInt2,UserInt3,UserInt4,UserInt5,OperatorFlagCode
27895339,"2026-01-11 23:52:20","2026-01-11 23:52:20",4CA9E0,Ireland,Ireland,EI-UNM,,,,,,Boeing,B773,"Boeing 777 312",28534,,,,,,"Rossiya Russian Airlines",,,1999,,,,0,,,,,,0,0,0,0,0,,,,,,0,0,0,0,0,SDM
27894858,"2026-01-11 23:45:59","2026-01-11 23:45:59",39BC21,France,France,F-HPBB,,,,,,Evektor-Aerotechnik,EVSS,"Evektor-Aerotechnik EV-97 Sportstar",2015-1720,,,,,,Private,,,2015,,,,0,,,,,,0,0,0,0,0,,,,,,0,0,0,0,0,GEN-EVSS
27894523,"2026-01-11 23:40:55","2026-01-11 23:40:55",AB29FD,"United States","United States",N8184E,,,,,,Mooney,M20P,"Mooney M.20A Mark 20",1455,,,,,,Private,,,,,,,0,,,,,,0,0,0,0,0,,,,,,0,0,0,0,0,GEN-M20P
27894462,"2026-01-11 23:40:05","2026-01-11 23:40:05",A98099,"United States","United States",N711JN,,,,,,"Progressive Aerodyne",SREY,"Progressive Aerodyne SeaRey",1DK-215,,,,,,Private,,,,,,,0,,,,,,0,0,0,0,0,,,,,,0,0,0,0,0,GEN-SREY
27894407,"2026-01-11 23:39:26","2026-01-11 23:39:26",AB535A,"United States","United States",LV-FPW,,,,,,"Raytheon Aircraft Company",H25B,"Raytheon Aircraft Company 125 800XP",258466,,,,,,"Jet Net SA",,,,,,,0,,,,,,0,0,0,0,0,,,,,,0,0,0,0,0,GEN-H25B
27893713,"2026-01-11 23:30:00","2026-01-11 23:30:00",A85F75,"United States","United States",N639CZ,,,,,,Embraer,E75S,"Embraer EMB-175 LR",17000262,,,,,,"Delta Connection",,,2008,,,,0,,,,,,0,0,0,0,0,,,,,,0,0,0,0,0,CPZ
27892504,"2026-01-11 23:13:25","2026-01-11 23:13:25",A6E7E1,"United States","United States",N544MF,,,,,,Cessna,C510,"Cessna Citation Mustang",510-0097,,,,,,"Walder Manufacturing Co Inc",,,,,,,0,,,,,,0,0,0,0,0,,,,,,0,0,0,0,0,GEN-C510
27892318,"2026-01-11 23:11:20","2026-01-11 23:11:20",A74DBB,"United States","United States",N57TB,,,,,,SOCATA,TRIN,"SOCATA TB20 Trinidad",493,,,,,,Private,,,,,,,0,,,,,,0,0,0,0,0,,,,,,0,0,0,0,0,GEN-TRIN
27892250,"2026-01-11 23:09:52","2026-01-11 23:09:52",45A1A6,Denmark,Denmark,OY-HMF,,,,,,SOCATA,TOBA,"SOCATA TB10 Tobago",,,,,,,Private,,,,,,,0,,,,,,0,0,0,0,0,,,,,,0,0,0,0,0,GEN-TOBA
27891170,"2026-01-11 22:55:10","2026-01-11 22:55:10",44F675,Belgium,Belgium,ST-35,,,,,,SIAI-Marchetti,F260,"SIAI-Marchetti SF.260 M+",1035,,,,,,"Belgian Air Component",,,,,,,0,,,,,,1,0,0,0,0,,,,,,0,0,0,0,0,
27891148,"2026-01-11 22:54:48","2026-01-11 22:54:48",ABB531,"United States","United States",N8532X,,,,,,Cessna,C172,"Cessna P172D Skyhawk Powermatic",P17257132,,,,,,Private,,,1962,,,,0,,,,,,0,0,0,0,0,,,,,,0,0,0,0,0,GEN-C172
27890747,"2026-01-11 22:49:52","2026-01-11 22:49:52",AA229C,"United States","United States",N752MT,,,,,,"Raytheon Aircraft Company",H25B,"Raytheon Aircraft Company 125 800XP",258752,,,,,,"Jet Sense Aviation Aircraft Holding Corp",,,,,,,0,,,,,,0,0,0,0,0,,,,,,0,0,0,0,0,GEN-H25B
27890559,"2026-01-11 22:47:35","2026-01-11 22:47:35",A1AB09,"United States","United States",N20625,,,,,,"Textron Aviation",C56X,"Textron Aviation Citation XLS+",560-6225,,,,,,"Tennessee Valley Authority",,,2016,,,,0,,,,,,0,0,0,0,0,,,,,,0,0,0,0,0,GEN-C56X
27890413,"2026-01-11 22:45:40","2026-01-11 22:45:40",A85B5D,"United States","United States",N6379N,,,,,,Champion,CH7B,"Champion Citabria 7GCBC",92,,,,,,Private,,,1967,,,,0,,,,,,0,0,0,0,0,,,,,,0,0,0,0,0,GEN-CH7B
27890370,"2026-01-11 22:45:01","2026-01-11 22:45:01",AC9173,"United States","United States",N909JR,,,,,,Cameron,BALL,"Cameron 90 SS Hot Air Balloon Head",10700,,,,,,Private,,,2005,,,,0,,,,,,0,0,0,0,0,,,,,,0,0,0,0,0,GEN-BALL
27889738,"2026-01-11 22:36:37","2026-01-11 22:36:37",A0B812,"United States","United States",N1453P,,,,,,Piper,PA23,"Piper PA-23 Apache 150",23-516,,,,,,Private,,,,,,,0,,,,,,0,0,0,0,0,,,,,,0,0,0,0,0,GEN-PA23
27889449,"2026-01-11 22:33:01","2026-01-11 22:33:01",AB46EA,"United States","United States",N8258M,,,,,,Cessna,C210,"Cessna 210K Centurion",21059258,,,,,,Private,,,1969,,,,0,,,,,,0,0,0,0,0,,,,,,0,0,0,0,0,GEN-C210
27889023,"2026-01-11 22:27:26","2026-01-11 22:27:26",A42291,"United States","United States",N36596,,,,,,Bellanca,CH7B,"Bellanca Citabria 7GCBC",579-73,,,,,,Private,,,1973,,,,0,,,,,,0,0,0,0,0,,,,,,0,0,0,0,0,GEN-CH7B
27888620,"2026-01-11 22:22:07","2026-01-11 22:22:07",A14DC6,"United States","United States",N183WA,,,,,,Aeronca,CH7A,"Aeronca Champion 7AC",7AC-4741,,,,,,Private,,,1946,,,,0,,,,,,0,0,0,0,0,,,,,,0,0,0,0,0,GEN-CH7A
27888507,"2026-01-11 22:20:46","2026-01-11 22:20:46",AB076F,"United States","United States",N81EH,,,,,,Christen,EAGL,"Christen Eagle II",0001,,,,,,Private,,,1981,,,,0,,,,,,0,0,0,0,0,,,,,,0,0,0,0,0,GEN-EAGL
27887969,"2026-01-11 22:14:01","2026-01-11 22:14:01",C098F8,Canada,Canada,C-IFYD,,,,,,Rotec,PANT,"Rotec Panther 2 Plus",69011,,,,,,Private,,,,,,,0,,,,,,0,0,0,0,0,,,,,,0,0,0,0,0,GEN-PANT
27887590,"2026-01-11 22:08:50","2026-01-11 22:08:50",A58A1A,"United States","United States",N456TL,,,,,,Reims/Cessna,P337,"Reims/Cessna FT337G Pressurized Skymaster",0019,,,,,,Private,,,1976,,,,0,,,,,,0,0,0,0,0,,,,,,0,0,0,0,0,GEN-P337
27887210,"2026-01-11 22:04:03","2026-01-11 22:04:03",AA04D3,"United States","United States",N74477,,,,,,Bellanca,B14A,"Bellanca Cruisair Senior 14-13-2",1590,,,,,,Private,,,1948,,,,0,,,,,,0,0,0,0,0,,,,,,0,0,0,0,0,GEN-B14A
27883890,"2026-01-11 21:23:04","2026-01-11 21:23:04",449FFA,Belgium,Belgium,OO-G62,,,,,,Aveko,VL3,"Aveko VL-3",,,,,,,Private,,,,,,,0,,,,,,0,0,0,0,0,,,,,,0,0,0,0,0,GEN-VL3
27883619,"2026-01-11 21:18:52","2026-01-11 21:18:52",A6911F,"United States","United States",N522HV,,,,,,"Textron Aviation",C25C,"Textron Aviation Citation CJ4",525C0229,,,,,,"Textron Aviation Inc",,,2016,,,,0,,,,,,0,0,0,0,0,,,,,,0,0,0,0,0,GEN-C25C
27883223,"2026-01-11 21:14:08","2026-01-11 21:14:08",C00D6B,Canada,Canada,C-FFCC,,,,,,Cessna,C550,"Cessna Citation II",550-0332,,,,,,"Vector Air Ltd",,,,,,,0,,,,,,0,0,0,0,0,,,,,,0,0,0,0,0,GEN-C550
27882840,"2026-01-11 21:09:10","2026-01-11 21:09:10",A8A9EA,"United States","United States",N6576E,,,,,,Rans,RS12,"Rans Airaile S-12XL",06950610,,,,,,Private,,,1996,,,,0,,,,,,0,0,0,0,0,,,,,,0,0,0,0,0,GEN-RS12
27882724,"2026-01-11 21:07:34","2026-01-11 21:07:34",A03A22,"United States","United States",N1133J,,,,,,Piper,P28R,"Piper PA-28R 180 Cherokee Arrow",28R-30229,,,,,,Private,,,1967,,,,0,,,,,,0,0,0,0,0,,,,,,0,0,0,0,0,GEN-P28R
27881507,"2026-01-11 20:52:40","2026-01-11 20:52:40",A0CCFA,"United States","United States",N1503K,,,,,,"Balloon Works",BALL,"Balloon Works Firefly 7 Hot Air Balloon",11149,,,,,,Private,,,1982,,,,0,,,,,,0,0,0,0,0,,,,,,0,0,0,0,0,GEN-BALL
27881493,"2026-01-11 20:52:30","2026-01-11 20:52:30",A98F18,"United States","United States",N715EV,,,,,,LET,GLID,"LET L-13 Blanik",173337,,,,,,Private,,,1966,,,,0,,,,,,0,0,0,0,0,,,,,,0,0,0,0,0,GEN-GLID
27881318,"2026-01-11 20:50:33","2026-01-11 20:50:33",384506,France,France,F-BRIG,,,,,,S.A.N.,D140,"S.A.N. Jodel D.140C Mousquetaire III",169,,,,,,Private,,,,,,,0,,,,,,0,0,0,0,0,,,,,,0,0,0,0,0,GEN-D140
29219,"2022-08-30 09:24:20","2026-01-11 20:49:54",000005,"Not Allocated","Not Allocated",,,,,,,,UAV,,,,,,,,,,,,,,,0,,,,,,0,0,0,0,0,Missing,,,,,0,0,0,0,0,GEN-UAV
5193658,"2024-10-02 01:06:45","2026-01-11 20:29:03",A01F40,"United States","United States",N107FP,,,,,,"Dan Rihn",RODS,"Dan Rihn One Design DR-107",940116,,,,,,Private,,,,,,,0,,,,,,0,0,0,0,0,,,,,,0,0,0,0,0,GEN-RODS
27878841,"2026-01-11 20:22:09","2026-01-11 20:22:09",04C088,Kenya,Kenya,5Y-KGV,,,,,,Eurocopter,EC30,"Eurocopter EC130 B4",4920,,,,,,Private,,,2010,,,,0,,,,,,0,0,0,0,0,,,,,,0,0,0,0,0,GEN-EC30
27877745,"2026-01-11 20:09:01","2026-01-11 20:09:01",402036,"United Kingdom","United Kingdom",G-BKFW,,,,,,Percival,PPRO,"Percival Provost T.1",PAC/56/303,,,,,,Private,,,1954,,,,0,,,,,,0,0,0,0,0,,,,,,0,0,0,0,0,GEN-PPRO
27877617,"2026-01-11 20:07:31","2026-01-11 20:07:31",A48271,"United States","United States",N39WN,,,,,,Bell,UH1,"Bell UH-1H Iroquois",12863,,,,,,"Wisconsin Division of Federal Property",,,,,,,0,,,,,,0,0,0,0,0,,,,,,0,0,0,0,0,GEN-UH1
27877451,"2026-01-11 20:05:41","2026-01-11 20:05:41",A6D7A3,"United States","United States",N54XC,,,,,,CubCrafters,CC19,"CubCrafters CC19 180",CC19-0027,,,,,,Private,,,,,,,0,,,,,,0,0,0,0,0,,,,,,0,0,0,0,0,GEN-CC19
27876895,"2026-01-11 19:58:56","2026-01-11 19:58:56",A8701D,"United States","United States",N6428D,,,,,,Cessna,C172,"Cessna 172N Skyhawk",17272794,,,,,,Private,,,1979,,,,0,,,,,,0,0,0,0,0,,,,,,0,0,0,0,0,GEN-C172
27876382,"2026-01-11 19:52:17","2026-01-11 19:52:17",A5393D,"United States","United States",N43583,,,,,,Bell,B06,"Bell 206B Jet Ranger III",4358,,,,,,Private,,,,,,,0,,,,,,0,0,0,0,0,,,,,,0,0,0,0,0,GEN-B06
27875627,"2026-01-11 19:42:49","2026-01-11 19:42:49",AC083C,"United States","United States",N8745C,,,,,,Bell,B429,"Bell 429 Global Ranger",57375,,,,,,"Bell Textron Inc",,,2019,,,,0,,,,,,0,0,0,0,0,,,,,,0,0,0,0,0,GEN-B429
27874871,"2026-01-11 19:33:23","2026-01-11 19:33:23",AB57BB,"United States","United States",N83TS,,,,,,Reproduction,BU33,"Reproduction Jungmeister R",1047,,,,,,Private,,,2011,,,,0,,,,,,0,0,0,0,0,,,,,,0,0,0,0,0,GEN-BU33
27874752,"2026-01-11 19:31:46","2026-01-11 19:31:46",3F04E2,Germany,Germany,D-9291,,,,,,Rolladen-Schneider,GLID,"Rolladen-Schneider LS1 f",326,,,,,,Private,,,1975,,,,0,,,,,,0,0,0,0,0,,,,,,0,0,0,0,0,GEN-GLID
27874184,"2026-01-11 19:25:02","2026-01-11 19:25:02",AE1342,"United States","United States",161242,,,,,,Grumman,A6,"Grumman EA-6B Prowler",P-85,,,,,,"United States Marine Corps",,,,,,,0,,,,,,1,0,0,0,0,,,,,,0,0,0,0,0,
27873308,"2026-01-11 19:14:00","2026-01-11 19:14:00",44882E,Belgium,Belgium,OO-BAN,,,,,,Ultramagic,BALL,"Ultramagic N-210 Hot Air Balloon",210/64,,,,,,Private,,,2009,,,,0,,,,,,0,0,0,0,0,,,,,,0,0,0,0,0,GEN-BALL
27873072,"2026-01-11 19:11:30","2026-01-11 19:11:30",A42D2E,"United States","United States",N3686,,,,,,Thorp,T18,"Thorp T-18",MMCVAC,,,,,,Private,,,1972,,,,0,,,,,,0,0,0,0,0,,,,,,0,0,0,0,0,GEN-T18
27872950,"2026-01-11 19:09:59","2026-01-11 19:09:59",A37551,"United States","United States",N32167,,,,,,Kolb,ULAC,"Kolb Mk.III",M3-053,,,,,,Private,,,,,,,0,,,,,,0,0,0,0,0,,,,,,0,0,0,0,0,GEN-ULAC
27872789,"2026-01-11 19:07:38","2026-01-11 19:07:38",A40FA9,"United States","United States",N3607R,,,,,,"Raven Aerostar",BALL,"Raven Aerostar S-57A Hot Air Balloon",S57A-3039,,,,,,Private,,,,,,,0,,,,,,0,0,0,0,0,,,,,,0,0,0,0,0,GEN-BALL
27871008,"2026-01-11 18:46:54","2026-01-11 18:46:54",E492BE,Brazil,Brazil,PR-PGJ,,,,,,Embraer,E50P,"Embraer Phenom 100",50000363,,,,,,Embraer,,,2015,,,,0,,,,,,0,0,0,0,0,,,,,,0,0,0,0,0,GEN-E50P
27870788,"2026-01-11 18:46:38","2026-01-11 18:46:38",A1FBB3,"United States","United States",N227HB,,,,,,Sorrell,SNS7,"Sorrell SNS-7  Hiperbipe",227,,,,,,Private,,,,,,,0,,,,,,0,0,0,0,0,,,,,,0,0,0,0,0,GEN-SNS7
27870789,"2026-01-11 18:46:38","2026-01-11 18:46:38",343416,Spain,Spain,EC-LDS,,,,,,"Gulfstream Aerospace",ASTR,"Gulfstream Aerospace G100",158,,,,,,"TAG Aviation Spain SL",,,2006,,,,0,,,,,,0,0,0,0,0,,,,,,0,0,0,0,0,TGM
27869810,"2026-01-11 18:31:41","2026-01-11 18:31:41",AA4C4E,"United States","United States",N7627L,,,,,,Lake,LA4,"Lake Buccaneer LA-4-180",400,,,,,,Private,,,,,,,0,,,,,,0,0,0,0,0,,,,,,0,0,0,0,0,GEN-LA4
27869615,"2026-01-11 18:29:36","2026-01-11 18:29:36",14A560,Russia,Russia,RA-42336,,,,,,Yakovlev,YK42,"Yakovlev Yak-42",4520422606220,,,,,,"Kuban Airlines",,,,,,,0,,,,,,0,0,0,0,0,,,,,,0,0,0,0,0,GEN-YK42
27868388,"2026-01-11 18:14:22","2026-01-11 18:14:22",A66BDF,"United States","United States",N51245,,,,,,Cessna,C150,"Cessna 150J",15069866,,,,,,Private,,,1968,,,,0,,,,,,0,0,0,0,0,,,,,,0,0,0,0,0,GEN-C150
27867975,"2026-01-11 18:09:18","2026-01-11 18:09:18",A274FF,"United States","United States",N2578R,,,,,,Cessna,C182,"Cessna 182K Skylane",18258278,,,,,,Private,,,,,,,0,,,,,,0,0,0,0,0,,,,,,0,0,0,0,0,GEN-C182
27867381,"2026-01-11 18:01:24","2026-01-11 18:01:24",AB1063,"United States","United States",N8117C,,,,,,Piper,PA22,"Piper PA-22 135 Tri-Pacer",22-2263,,,,,,Private,,,1954,,,,0,,,,,,0,0,0,0,0,,,,,,0,0,0,0,0,GEN-PA22
27867084,"2026-01-11 17:58:21","2026-01-11 17:58:21",A45EE3,"United States","United States",N3809F,,,,,,"Great Lakes",G2T1,"Great Lakes Sport Trainer 2T-1A-2",0777,,,,,,Private,,,,,,,0,,,,,,0,0,0,0,0,,,,,,0,0,0,0,0,GEN-G2T1
27866228,"2026-01-11 17:48:02","2026-01-11 17:48:02",A2EB2F,"United States","United States",N2876J,,,,,,Cessna,C188,"Cessna T188C Ag Husky",T18803551T,,,,,,Private,,,1979,,,,0,,,,,,0,0,0,0,0,,,,,,0,0,0,0,0,GEN-C188
27866067,"2026-01-11 17:47:04","2026-01-11 17:47:04",A911C1,"United States","United States",N6837Z,,,,,,Piper,PA25,"Piper PA-25 235 Pawnee",25-2507,,,,,,Private,,,,,,,0,,,,,,0,0,0,0,0,,,,,,0,0,0,0,0,GEN-PA25
27866068,"2026-01-11 17:47:04","2026-01-11 17:47:04",7CF923,Australia,Australia,A17-046,,,,,,CAC,B06,"CAC Kiowa CA-32",44546,,,,,,"Royal Australian Army Aviation Corps",,,,,,,0,,,,,,1,0,0,0,0,,,,,,0,0,0,0,0,
27865784,"2026-01-11 17:43:35","2026-01-11 17:43:35",A3067C,"United States","United States",N294Y,,,,,,Sikorsky,S92,"Sikorsky S-92 A",920294,,,,,,"Sikorsky Aircraft Corporation",,,,,,,0,,,,,,0,0,0,0,0,,,,,,0,0,0,0,0,GEN-S92
27865560,"2026-01-11 17:40:26","2026-01-11 17:40:26",C02E06,Canada,Canada,C-FRLD,,,,,,Bell,B407,"Bell 407 GXi",54805,,,,,,"Bell Helicopter Textron Canada",,,2017,,,,0,,,,,,0,0,0,0,0,,,,,,0,0,0,0,0,GEN-B407
27865023,"2026-01-11 17:36:23","2026-01-11 17:36:23",A5FE4A,"United States","United States",N4855Y,,,,,,"Aeronaut Instruction Research",BALL,"Aeronaut Instruction Research AX.5 Skysailor Hot Air Balloon",1006,,,,,,Private,,,1984,,,,0,,,,,,0,0,0,0,0,,,,,,0,0,0,0,0,GEN-BALL
27864073,"2026-01-11 17:22:59","2026-01-11 17:22:59",87415C,Japan,Japan,JA9724,,,,,,Bell,B06,"Bell 206B Jet Ranger III",3580,,,,,,Private,,,,,,,0,,,,,,0,0,0,0,0,,,,,,0,0,0,0,0,GEN-B06
27863505,"2026-01-11 17:17:33","2026-01-11 17:17:33",A40F12,"United States","United States",N3603E,,,,,,"Balloon Works",BALL,"Balloon Works Firefly 7 Hot Air Balloon",F7-021,,,,,,Private,,,,,,,0,,,,,,0,0,0,0,0,,,,,,0,0,0,0,0,GEN-BALL
27862983,"2026-01-11 17:10:37","2026-01-11 17:10:37",C07CDA,Canada,Canada,C-GVHH,,,,,,Rutan,LGEZ,"Rutan Long-Ez",1759L,,,,,,Private,,,,,,,0,,,,,,0,0,0,0,0,,,,,,0,0,0,0,0,GEN-LGEZ
27862788,"2026-01-11 17:08:39","2026-01-11 17:08:39",3EE3FB,Germany,Germany,D-0868,,,,,,Schleicher,GLID,"Schleicher ASW 15 B",15184,,,,,,Private,,,,,,,0,,,,,,0,0,0,0,0,,,,,,0,0,0,0,0,GEN-GLID
27862574,"2026-01-11 17:05:33","2026-01-11 17:05:33",A9F120,"United States","United States",N74KP,,,,,,Cessna,C421,"Cessna 421C Golden Eagle",421C0641,,,,,,Private,,,1979,,,,0,,,,,,0,0,0,0,0,,,,,,0,0,0,0,0,GEN-C421
27862318,"2026-01-11 17:02:46","2026-01-11 17:02:46",C81850,"New Zealand","New Zealand",ZK-XAM,,,,,,"Micro Aviation",ULAC,"Micro Aviation Bantam B22J",04-0257,,,,,,Private,,,,,,,0,,,,,,0,0,0,0,0,,,,,,0,0,0,0,0,GEN-ULAC
27862121,"2026-01-11 17:00:25","2026-01-11 17:00:25",A2C464,"United States","United States",N278BY,,,,,,"Textron Aviation",BE20,"Textron Aviation King Air 200GT",BY-278,,,,,,"Avcorp US Registrations LLC",,,2017,,,,0,,,,,,0,0,0,0,0,,,,,,0,0,0,0,0,GEN-BE20
27861286,"2026-01-11 16:53:16","2026-01-11 16:53:16",A3D034,"United States","United States",N823LF,,,,,,"Gulfstream Aerospace",GLF4,"Gulfstream Aerospace GIV",1075,,,,,,"N823LF LLC",,,1988,,,,0,,,,,,0,0,0,0,0,,,,,,0,0,0,0,0,GEN-GLF4
27860628,"2026-01-11 16:43:48","2026-01-11 16:43:48",A24533,"United States","United States",N2452C,,,,,,Piper,PA38,"Piper PA-38 112 Tomahawk",38-79A0192,,,,,,Private,,,,,,,0,,,,,,0,0,0,0,0,,,,,,0,0,0,0,0,GEN-PA38
27860217,"2026-01-11 16:39:25","2026-01-11 16:39:25",C0453E,Canada,Canada,C-GAFT,,,,,,Stoddard-Hamilton,GLAS,"Stoddard-Hamilton Glasair II-FT",1063,,,,,,Private,,,,,,,0,,,,,,0,0,0,0,0,,,,,,0,0,0,0,0,GEN-GLAS
27858486,"2026-01-11 16:21:41","2026-01-11 16:21:41",A33DB9,"United States","United States",N308H,,,,,,Bombardier,DH8C,"Bombardier DHC-8 315",374,,,,,,"Dynamic Airways",,,1994,,,,0,,,,,,0,0,0,0,0,,,,,,0,0,0,0,0,DYA
27858347,"2026-01-11 16:21:08","2026-01-11 16:21:08",ABA09A,"United States","United States",N8485B,,,,,,Bell,B505,"Bell 505 Jet Ranger X",65096,,,,,,"Bank of Utah Trustee",,,2018,,,,0,,,,,,0,0,0,0,0,,,,,,0,0,0,0,0,GEN-B505
27858000,"2026-01-11 16:14:00","2026-01-11 16:14:00",30061F,Italy,Italy,I-EJGB,,,,,,Airbus,A332,"Airbus A330 202",831,,,,,,"ITA Airways",,,2007,,,,0,,,,,,0,0,0,0,0,,,,,,0,0,0,0,0,ITY
27856939,"2026-01-11 16:02:20","2026-01-11 16:02:20",3F3532,Germany,Germany,D-OGBA,,,,,,Lindstrand,BALL,"Lindstrand LBL.120A Hot Air Balloon",1163,,,,,,Private,,,,,,,0,,,,,,0,0,0,0,0,,,,,,0,0,0,0,0,GEN-BALL
27856676,"2026-01-11 16:00:50","2026-01-11 16:00:50",ABB940,"United States","United States",N8545E,,,,,,Piper,P28A,"Piper PA-28 151 Cherokee Warrior",28-7615139,,,,,,Private,,,1976,,,,0,,,,,,0,0,0,0,0,,,,,,0,0,0,0,0,GEN-P28A
27856677,"2026-01-11 16:00:50","2026-01-11 16:00:50",478B43,Norway,Norway,"",,,,,,"",-GND,"Ground Vehicle",,,,,,,"Stavanger Airport",,,,,,,0,,,,,,0,0,0,0,0,,,,,,0,0,0,0,0,GEN--GND
27856438,"2026-01-11 15:56:46","2026-01-11 15:56:46",A5EB5B,"United States","United States",N4803A,,,,,,Piper,PA22,"Piper PA-22 150 Tri-Pacer",22-3955,,,,,,Private,,,1956,,,,0,,,,,,0,0,0,0,0,,,,,,0,0,0,0,0,GEN-PA22
27856077,"2026-01-11 15:52:13","2026-01-11 15:52:13",A7381E,"United States","United States",N5640,,,,,,Cessna,C150,"Cessna 150F",15062901,,,,,,Private,,,1966,,,,0,,,,,,0,0,0,0,0,,,,,,0,0,0,0,0,GEN-C150
27856006,"2026-01-11 15:51:29","2026-01-11 15:51:29",C0A12E,Canada,Canada,C-IJAZ,,,,,,Ultraflight,ULAC,"Ultraflight Lazair",A376,,,,,,Private,,,,,,,0,,,,,,0,0,0,0,0,,,,,,0,0,0,0,0,GEN-ULAC
27855435,"2026-01-11 15:45:15","2026-01-11 15:45:15",00A65A,"South Africa","South Africa",ZS-OMZ,,,,,,"British Aerospace",JS41,"British Aerospace Jetstream 41 -02",41037,,,,,,"ProFlight Zambia",,,1994,,,,0,,,,,,0,0,0,0,0,,,,,,0,0,0,0,0,PFZ
27854981,"2026-01-11 15:40:22","2026-01-11 15:40:22",A477CB,"United States","United States",N3871E,,,,,,Aeronca,CH7A,"Aeronca Champion 7AC",7AC-7099,,,,,,Private,,,1947,,,,0,,,,,,0,0,0,0,0,,,,,,0,0,0,0,0,GEN-CH7A
27854943,"2026-01-11 15:39:46","2026-01-11 15:39:46",AD178E,"United States","United States",N9424V,,,,,,Mooney,M20P,"Mooney M.20E Chaparral 201",700026,,,,,,Private,,,1970,,,,0,,,,,,0,0,0,0,0,,,,,,0,0,0,0,0,GEN-M20P
27853082,"2026-01-11 15:17:05","2026-01-11 15:17:05",A70D91,"United States","United States",N55344,,,,,,Boeing,ST75,"Boeing Stearman A75N1 PT-17 Kaydet",75-3148,,,,,,Private,,,1942,,,,0,,,,,,0,0,0,0,0,,,,,,0,0,0,0,0,GEN-ST75
27853005,"2026-01-11 15:16:17","2026-01-11 15:16:17",A63ABD,"United States","United States",N500JE,,,,,,Bombardier,LJ31,"Bombardier Learjet 31 A",31A-088,,,,,,"KVJ Aviation LLC",,,,,,,0,,,,,,0,0,0,0,0,,,,,,0,0,0,0,0,GEN-LJ31
27852017,"2026-01-11 15:04:10","2026-01-11 15:04:10",50816A,Ukraine,Ukraine,UR-CDD,,,,,,Mil,MI8,"Mil Mi-8 MTV-1",95227,,,,,,"United Nations",,,,,,,0,,,,,,0,0,0,0,0,,,,,,0,0,0,0,0,GEN-MI8
27850649,"2026-01-11 14:48:41","2026-01-11 14:48:41",A43F4B,"United States","United States",N373DR,,,,,,Beech,BE36,"Beech Bonanza A36",E-3373,,,,,,Private,,,,,,,0,,,,,,0,0,0,0,0,,,,,,0,0,0,0,0,GEN-BE36
27849047,"2026-01-11 14:29:59","2026-01-11 14:29:59",403109,"United Kingdom","United Kingdom",G-MWFX,,,,,,"Quad City",ULAC,"Quad City Challenger II UK","PFA 177-11706",,,,,,Private,,,1991,,,,0,,,,,,0,0,0,0,0,,,,,,0,0,0,0,0,GEN-ULAC
27849014,"2026-01-11 14:29:39","2026-01-11 14:29:39",384D35,France,France,F-BTJV,,,,,,SOCATA,RALL,"SOCATA Rallye MS.893A Commodore 180",11979,,,,,,Private,,,,,,,0,,,,,,0,0,0,0,0,,,,,,0,0,0,0,0,GEN-RALL
27848175,"2026-01-11 14:20:00","2026-01-11 14:20:00",0A0710,Algeria,Algeria,PK-LQO,,,,,,Boeing,B38M,"Boeing 737MAX 8",42998,,,,,,"Lion Air",,,2018,,,,0,,,,,,0,0,0,0,0,,,,,,0,0,0,0,0,LNI
27847760,"2026-01-11 14:13:08","2026-01-11 14:13:08",4784BE,Norway,Norway,LN-NOH,,,,,,Boeing,B738,"Boeing 737NG 86N/W",36814,,,,,,Norwegian,,,2009,,,,0,,,,,,0,0,0,0,0,,,,,,0,0,0,0,0,NOZ
27846540,"2026-01-11 13:58:47","2026-01-11 13:58:47",704C21,Myanmar,Myanmar,XY-AMG,,,,,,"Avions de Transport Regional",AT76,"Avions de Transport Regional ATR 72 600",1069,,,,,,"FMI Air",,,2013,,,,0,,,,,,0,0,0,0,0,,,,,,0,0,0,0,0,FMI
27845975,"2026-01-11 13:52:20","2026-01-11 13:52:20",A4E8AC,"United States","United States",N415WE,,,,,,ERCO,ERCO,"Ercoupe 415-C",2157,,,,,,Private,,,1946,,,,0,,,,,,0,0,0,0,0,,,,,,0,0,0,0,0,GEN-ERCO
27845783,"2026-01-11 13:50:07","2026-01-11 13:50:07",A4262F,"United States","United States",N3669F,,,,,,Aerospatiale,AS50,"Aerospatiale Squirrel AS.350 BA",1495,,,,,,Private,,,1981,,,,0,,,,,,0,0,0,0,0,,,,,,0,0,0,0,0,GEN-AS50
27845494,"2026-01-11 13:46:56","2026-01-11 13:46:56",1500D3,Russia,Russia,RA-65747,,,,,,Tupolev,T134,"Tupolev Tu-134 B-3",64715,,,,,,"Rus Jet",,,,,,,0,,,,,,0,0,0,0,0,,,,,,0,0,0,0,0,RSJ
27844459,"2026-01-11 13:34:05","2026-01-11 13:34:05",A512CA,"United States","United States",N426K,,,,,,Fleet,FLE2,"Fleet 2",8,,,,,,Private,,,,,,,0,,,,,,0,0,0,0,0,,,,,,0,0,0,0,0,GEN-FLE2
27844223,"2026-01-11 13:30:44","2026-01-11 13:30:44",AD9961,"United States","United States",N97559,,,,,,Stinson,S108,"Stinson Voyager 108",108-559,,,,,,Private,,,1946,,,,0,,,,,,0,0,0,0,0,,,,,,0,0,0,0,0,GEN-S108
27844176,"2026-01-11 13:30:17","2026-01-11 13:30:17",A55CAB,"United States","United States",N4446H,,,,,,Piper,PA15,"Piper PA-15 Vagabond",15-235,,,,,,Private,,,1948,,,,0,,,,,,0,0,0,0,0,,,,,,0,0,0,0,0,GEN-PA15
27843772,"2026-01-11 13:26:07","2026-01-11 13:26:07",A042C0,"United States","United States",N116CS,,,,,,Pilatus,PC12,"Pilatus PC-XII 45",354,,,,,,"Aircraft Trust & Financing Corp Trustee",,,2000,,,,0,,,,,,0,0,0,0,0,,,,,,0,0,0,0,0,GEN-PC12
27843773,"2026-01-11 13:26:07","2026-01-11 13:26:07",A9B50E,"United States","United States",N7242H,,,,,,"Zénith",CH70,"Zénith Zenair STOL CH 701",7-5404,,,,,,Private,,,,,,,0,,,,,,0,0,0,0,0,,,,,,0,0,0,0,0,GEN-CH70
27842647,"2026-01-11 13:13:35","2026-01-11 13:13:35",4B02C4,Switzerland,Switzerland,HB-BBG,,,,,,Augsberg,BALL,"Augsberg K-1260/3-SI Gas Balloon",10512,,,,,,Private,,,,,,,0,,,,,,0,0,0,0,0,,,,,,0,0,0,0,0,GEN-BALL
27841446,"2026-01-11 12:59:09","2026-01-11 12:59:09",C07F31,Canada,Canada,C-GWEI,,,,,,Piper,P46T,"Piper PA-46-500TP",4697351,,,,,,Corporate,,,2008,,,,0,,,,,,0,0,0,0,0,,,,,,0,0,0,0,0,GEN-P46T
27841245,"2026-01-11 12:57:35","2026-01-11 12:57:35",AD1EF1,"United States","United States",N9444J,,,,,,Piper,P28A,"Piper PA-28 180 Cherokee C",28-3556,,,,,,Private,,,,,,,0,,,,,,0,0,0,0,0,,,,,,0,0,0,0,0,GEN-P28A
27841084,"2026-01-11 12:55:22","2026-01-11 12:55:22",88434F,Thailand,Thailand,HS-PZO,,,,,,"Avions de Transport Regional",AT76,"Avions de Transport Regional ATR 72 600",1549,,,,,,"Bangkok Airways",,,2018,,,,0,,,,,,0,0,0,0,0,,,,,,0,0,0,0,0,BKP
27840975,"2026-01-11 12:53:59","2026-01-11 12:53:59",00AD32,"South Africa","South Africa",ZS-RCJ,,,,,,Robinson,R22,"Robinson R22 Beta",2108,,,,,,Private,,,1992,,,,0,,,,,,0,0,0,0,0,,,,,,0,0,0,0,0,GEN-R22
27840044,"2026-01-11 12:43:03","2026-01-11 12:43:03",A4BA8A,"United States","United States",N4033C,,,,,,Stinson,S108,"Stinson Voyager 108-3",108-5033,,,,,,Private,,,1949,,,,0,,,,,,0,0,0,0,0,,,,,,0,0,0,0,0,GEN-S108
27834573,"2026-01-11 11:38:09","2026-01-11 11:38:09",A818E1,"United States","United States",N6202F,,,,,,Reproduction,BL11,"Reproduction Bleriot XI",002,,,,,,Private,,,1999,,,,0,,,,,,0,0,0,0,0,,,,,,0,0,0,0,0,GEN-BL11
27832940,"2026-01-11 11:19:13","2026-01-11 11:19:13",47AD44,Norway,Norway,LN-AWH,,,,,,Piaggio,P180,"Piaggio P-180 Avanti",1105,,,,,,Airwing,,,2023,,,,0,,,,,,0,0,0,0,0,,,,,,0,0,0,0,0,NWG
27832650,"2026-01-11 11:16:09","2026-01-11 11:16:09",7604AF,Pakistan,Pakistan,AP-AEO,,,,,,"De Havilland Australia",DH82,"De Havilland Australia Tiger Moth DH.82A",DHA552,,,,,,Private,,,1941,,,,0,,,,,,0,0,0,0,0,,,,,,0,0,0,0,0,GEN-DH82
27832599,"2026-01-11 11:15:37","2026-01-11 11:15:37",A96720,"United States","United States",N705,,,,,,Cessna,C82R,"Cessna R182 Skylane RG",R18202037,,,,,,Private,,,1986,,,,0,,,,,,0,0,0,0,0,,,,,,0,0,0,0,0,GEN-C82R
27831060,"2026-01-11 10:57:57","2026-01-11 10:57:57",A985FD,"United States","United States",N7121G,,,,,,Piper,PA44,"Piper PA-44 180 Seminole",4496440,,,,,,Private,,,2018,,,,0,,,,,,0,0,0,0,0,,,,,,0,0,0,0,0,GEN-PA44
27830552,"2026-01-11 10:52:03","2026-01-11 10:52:03",E496FF,Brazil,Brazil,PR-LEW,,,,,,Embraer,E550,"Embraer Praetor 600",55020140,,,,,,Embraer,,,2020,,,,0,,,,,,0,0,0,0,0,,,,,,0,0,0,0,0,GEN-E550
27830528,"2026-01-11 10:51:52","2026-01-11 10:51:52",A08AE5,"United States","United States",N134JR,,,,,,Cessna,C310,"Cessna 310R",310R2117,,,,,,Private,,,1980,,,,0,,,,,,0,0,0,0,0,,,,,,0,0,0,0,0,GEN-C310
2628847,"2024-06-16 18:25:57","2026-01-11 10:31:18",A6D8E6,"United States","United States",N540L,,,,,,"Lancair International",LEG2,"Lancair International Lancair Legacy",L2K-115,,,,,,Private,,,2001,,,,0,,,,,,0,0,0,0,0,,,,,,0,0,0,0,0,GEN-LEG2
27827528,"2026-01-11 10:16:53","2026-01-11 10:16:53",AD3F0C,"United States","United States",N9524U,,,,,,Cameron,BALL,"Cameron N-105 Hot Air Balloon",5611,,,,,,Private,,,,,,,0,,,,,,0,0,0,0,0,,,,,,0,0,0,0,0,GEN-BALL
27827081,"2026-01-11 10:11:58","2026-01-11 10:11:58",A7C478,"United States","United States",N6VR,,,,,,Vans,RV6,"Vans RV-6",20270,,,,,,Private,,,1991,,,,0,,,,,,0,0,0,0,0,,,,,,0,0,0,0,0,GEN-RV6
27826544,"2026-01-11 10:05:55","2026-01-11 10:05:55",4B0474,Switzerland,Switzerland,HB-BRW,,,,,,"Raven Aerostar",BALL,"Raven Aerostar S-66A Hot Air Balloon",S66A-146,,,,,,Private,,,1984,,,,0,,,,,,0,0,0,0,0,,,,,,0,0,0,0,0,GEN-BALL
17504316,"2025-05-17 11:59:29","2026-01-11 10:04:17",A59655,"United States","United States",N4593J,,,,,,Piper,P28R,"Piper PA-28R 180 Cherokee Arrow",28R-30469,,,,,,Private,,,1968,,,,0,,,,,,0,0,0,0,0,,,,,,0,0,0,0,0,GEN-P28R
27826272,"2026-01-11 10:02:51","2026-01-11 10:02:51",C808EC,"New Zealand","New Zealand",ZK-RER,,,,,,"Ken Brock",GYRO,"Ken Brock KB-2 Gyroplane",NZRA/R51,,,,,,Private,,,,,,,0,,,,,,0,0,0,0,0,,,,,,0,0,0,0,0,GEN-GYRO
27825234,"2026-01-11 09:49:46","2026-01-11 09:49:46",00B30B,"South Africa","South Africa",ZS-THY,,,,,,Boeing,B735,"Boeing 737 5Y0",25188,,,,,,"Africa Charter Airline",,,1992,,,,0,,,,,,0,0,0,0,0,,,,,,0,0,0,0,0,GEN-B735
27212,"2022-05-18 03:27:49","2026-01-11 09:46:29",48425C,Netherlands,Netherlands,,,,,,,,-GND,,,,,,,,,,,,,,,0,,,,,,0,0,0,0,0,Missing,,,,,0,0,0,0,0,GEN--GND
27824830,"2026-01-11 09:44:57","2026-01-11 09:44:57",39A5D8,France,France,F-HJOY,,,,,,Robinson,R22,"Robinson R22 Beta II",4612,,,,,,Private,,,2013,,,,0,,,,,,0,0,0,0,0,,,,,,0,0,0,0,0,GEN-R22
27824343,"2026-01-11 09:38:59","2026-01-11 09:38:59",A95879,"United States","United States",N701CB,,,,,,"Zénith",CH70,"Zénith Zenair STOL CH 701",73899,,,,,,Private,,,2002,,,,0,,,,,,0,0,0,0,0,,,,,,0,0,0,0,0,GEN-CH70
27821921,"2026-01-11 09:08:37","2026-01-11 09:08:37",AB427E,"United States","United States",N8243F,,,,,,Cessna,C150,"Cessna 150F",15064343,,,,,,Private,,,1966,,,,0,,,,,,0,0,0,0,0,,,,,,0,0,0,0,0,GEN-C150
27821231,"2026-01-11 08:59:58","2026-01-11 08:59:58",A4AB42,"United States","United States",N40L,,,,,,"Light Aero",AVID,"Light Aero Avid Flyer Mk.IV",1195D,,,,,,Private,,,2000,,,,0,,,,,,0,0,0,0,0,,,,,,0,0,0,0,0,GEN-AVID
27820222,"2026-01-11 08:47:42","2026-01-11 08:47:42",4B51AA,Switzerland,Switzerland,HB-3331,,,,,,Rolladen-Schneider,GLID,"Rolladen-Schneider LS4 b",41045,,,,,,Private,,,2002,,,,0,,,,,,0,0,0,0,0,,,,,,0,0,0,0,0,GEN-GLID
27820122,"2026-01-11 08:46:36","2026-01-11 08:46:36",4A9D38,Sweden,Sweden,SE-GIX,,,,,,Piper,P28R,"Piper PA-28R 200 Cherokee Arrow II",28R-7435106,,,,,,Private,,,1974,,,,0,,,,,,0,0,0,0,0,,,,,,0,0,0,0,0,GEN-P28R
27819346,"2026-01-11 08:37:04","2026-01-11 08:37:04",A143B5,"United States","United States",N1805B,,,,,,Luscombe,L8,"Luscombe Silvaire 8E",6232,,,,,,Private,,,,,,,0,,,,,,0,0,0,0,0,,,,,,0,0,0,0,0,GEN-L8
27818543,"2026-01-11 08:26:17","2026-01-11 08:26:17",A475E9,"United States","United States",N387GH,,,,,,Grumman,HCAT,"Grumman F6F-3 Hellcat",,,,,,,Private,,,,,,,0,,,,,,0,0,0,0,0,,,,,,0,0,0,0,0,GEN-HCAT
27817309,"2026-01-11 08:10:48","2026-01-11 08:10:48",8960C9,"United Arab Emirates","United Arab Emirates",A6-EBB,,,,,,Boeing,B77W,"Boeing 777 36NER",32789,,,,,,Emirates,,,2005,,,,0,,,,,,0,0,0,0,0,,,,,,0,0,0,0,0,UAE
27815717,"2026-01-11 07:50:43","2026-01-11 07:50:43",A0CC34,"United States","United States",N150WS,,,,,,Cessna,C421,"Cessna 421B Golden Eagle",421B0591,,,,,,Private,,,1974,,,,0,,,,,,0,0,0,0,0,,,,,,0,0,0,0,0,GEN-C421
11102,"2021-11-08 16:26:52","2026-01-11 07:50:30",C87EE8,"New Zealand","New Zealand",,,,,,,,ZZZZ,,,,,,,,,,,,,,,0,,,,,,0,0,0,0,0,Missing,,,,,0,0,0,0,0,GEN-ZZZZ
766556,"2023-10-30 20:59:55","2026-01-11 07:50:30",43BF96,"United Kingdom","United Kingdom",,,,,,,,ZANT,,,,,,,,,,,,,,,0,,,,,,0,0,0,0,0,Missing,,,,,0,0,0,0,0,ZANT
27815547,"2026-01-11 07:48:42","2026-01-11 07:48:42",A8A947,"United States","United States",N6571S,,,,,,Beech,BE9L,"Beech King Air E90",LW-171,,,,,,Corporate,,,,,,,0,,,,,,0,0,0,0,0,,,,,,0,0,0,0,0,GEN-BE9L
27815442,"2026-01-11 07:47:35","2026-01-11 07:47:35",E161C2,Argentina,Argentina,LV-VGB,,,,,,"McDonnell Douglas",MD88,"McDonnell Douglas DC-9 88",53446,,,,,,"Austral Líneas Aéreas",,,1993,,,,0,,,,,,0,0,0,0,0,,,,,,0,0,0,0,0,GEN-MD88
27812748,"2026-01-11 07:14:02","2026-01-11 07:14:02",A66363,"United States","United States",N510W,,,,,,Bell,B222,"Bell 222 B",47133,,,,,,Private,,,1983,,,,0,,,,,,0,0,0,0,0,,,,,,0,0,0,0,0,GEN-B222
27812367,"2026-01-11 07:09:18","2026-01-11 07:09:18",A955E1,"United States","United States",N700PP,,,,,,"Gulfstream Aerospace",GLF4,"Gulfstream Aerospace GIV SP",1248,,,,,,"Washington International Aviation LLC",,,1994,,,,0,,,,,,0,0,0,0,0,,,,,,0,0,0,0,0,GEN-GLF4
27809784,"2026-01-11 06:37:03","2026-01-11 06:37:03",1405D2,Russia,Russia,RA-01490,,,,,,Antonov,AN2,"Antonov An-2 TP",1G232-24,,,,,,"UT air",,,,,,,0,,,,,,0,0,0,0,0,,,,,,0,0,0,0,0,UTA
27808815,"2026-01-11 06:24:34","2026-01-11 06:24:34",A33E36,"United States","United States",N308N,,,,,,"De Havilland Canada",DH8C,"De Havilland Canada DHC-8 311",276,,,,,,"Dynamic Airways",,,1991,,,,0,,,,,,0,0,0,0,0,,,,,,0,0,0,0,0,DYA
27807469,"2026-01-11 06:07:02","2026-01-11 06:07:02",A166C5,"United States","United States",N19KT,,,,,,Cessna,C25A,"Cessna Citation CJ2+",525A0413,,,,,,"Beata Acquisitions LLC",,,,,,,0,,,,,,0,0,0,0,0,,,,,,0,0,0,0,0,GEN-C25A
27806998,"2026-01-11 06:00:05","2026-01-11 06:00:05",AC80CD,"United States","United States",N9043D,,,,,,"Raven Aerostar",BALL,"Raven Aerostar S-49A Hot Air Balloon",S49A-3139,,,,,,Private,,,1992,,,,0,,,,,,0,0,0,0,0,,,,,,0,0,0,0,0,GEN-BALL
27806611,"2026-01-11 05:54:56","2026-01-11 05:54:56",3FC11A,Germany,Germany,D-KOBY,,,,,,Scheibe,SF25,"Scheibe SF-25B Falke",4616,,,,,,Private,,,1968,,,,0,,,,,,0,0,0,0,0,,,,,,0,0,0,0,0,GEN-SF25
27804304,"2026-01-11 05:24:03","2026-01-11 05:24:03",A1D333,"United States","United States",N21671,,,,,,"Honda Aircraft Company",HDJT,"Honda Aircraft Company Honda Jet HA-420",42000026,,,,,,"Tower Industries LLC",,,2016,,,,0,,,,,,0,0,0,0,0,,,,,,0,0,0,0,0,GEN-HDJT
27802592,"2026-01-11 04:59:31","2026-01-11 04:59:31",A4BFBF,"United States","United States",HS-KAI,,,,,,"Diamond Aircraft",DA40,"Diamond Aircraft Diamond Star DA40F",40.FC005,,,,,,Private,,,2005,,,,0,,,,,,0,0,0,0,0,,,,,,0,0,0,0,0,GEN-DA40
27800356,"2026-01-11 04:27:45","2026-01-11 04:27:45",A75139,"United States","United States",N5703Q,,,,,,Mooney,M20P,"Mooney M.20E Super 21",711,,,,,,Private,,,,,,,0,,,,,,0,0,0,0,0,,,,,,0,0,0,0,0,GEN-M20P
27799685,"2026-01-11 04:17:20","2026-01-11 04:17:20",A76944,"United States","United States",N577JT,,,,,,Cessna,C501,"Cessna Citation I",501-0057,,,,,,"Ari Ben Aviator Inc",,,,,,,0,,,,,,0,0,0,0,0,,,,,,0,0,0,0,0,GEN-C501
27799319,"2026-01-11 04:12:40","2026-01-11 04:12:40",AC6E01,"United States","United States",N90NB,,,,,,Cessna,C560,"Cessna Citation Encore",560-0634,,,,,,"Daniel Giovanni Air LLC",,,,,,,0,,,,,,0,0,0,0,0,,,,,,0,0,0,0,0,GEN-C560
27797961,"2026-01-11 03:49:50","2026-01-11 03:49:50",5113D6,Estonia,Estonia,"",,,,,,"",-GND,"Ground Vehicle",,,,,,,"Tallinn Airport",,,,,,,0,,,,,,0,0,0,0,0,,,,,,0,0,0,0,0,GEN--GND
27795008,"2026-01-11 02:48:50","2026-01-11 02:48:50",0084A5,"South Africa","South Africa",ZS-BTC,,,,,,Cessna,C500,"Cessna Citation I",500-0161,,,,,,"CDC Aviation P/L",,,1974,,,,0,,,,,,0,0,0,0,0,,,,,,0,0,0,0,0,GEN-C500
27794726,"2026-01-11 02:44:34","2026-01-11 02:44:34",C0588C,Canada,Canada,C-GHNV,,,,,,Bell,B407,"Bell 407 GXP",54831,,,,,,"Bell Helicopter Textron Canada",,,2019,,,,0,,,,,,0,0,0,0,0,,,,,,0,0,0,0,0,GEN-B407
27794330,"2026-01-11 02:38:34","2026-01-11 02:38:34",AD0276,"United States","United States",N9373L,,,,,,"American Aviation",AA1,"American Aviation AA-1A Trainer",AA1A-0073,,,,,,Private,,,,,,,0,,,,,,0,0,0,0,0,,,,,,0,0,0,0,0,GEN-AA1
27792449,"2026-01-11 02:11:29","2026-01-11 02:11:29",C07A86,Canada,Canada,C-GUKJ,,,,,,Sikorsky,S76,"Sikorsky S-76 C++",760718,,,,,,"Eagle Copters",,,2008,,,,0,,,,,,0,0,0,0,0,,,,,,0,0,0,0,0,GEN-S76
27792440,"2026-01-11 02:11:24","2026-01-11 02:11:24",A37B0E,"United States","United States",N323SJ,,,,,,"De Havilland Canada",DHC6,"De Havilland Canada DHC-6 Twin Otter 200",119,,,,,,"Operator Unknown",,,1968,,,,0,,,,,,0,0,0,0,0,,,,,,0,0,0,0,0,GEN-DHC6
27791584,"2026-01-11 01:58:41","2026-01-11 01:58:41",A6D381,"United States","United States",N539SW,,,,,,"ICON Aircraft",A5,"ICON Aircraft A5",00037,,,,,,Private,,,2018,,,,0,,,,,,0,0,0,0,0,,,,,,0,0,0,0,0,GEN-A5
27791503,"2026-01-11 01:57:36","2026-01-11 01:57:36",A291E4,"United States","United States",N265DJ,,,,,,"Innovator Technologies",UHEL,"Innovator Technologies Mosquito XE-285",MXE1250,,,,,,Private,,,,,,,0,,,,,,0,0,0,0,0,,,,,,0,0,0,0,0,GEN-UHEL
27791479,"2026-01-11 01:57:25","2026-01-11 01:57:25",A1E072,"United States","United States",N22UH,,,,,,Robinson,R22,"Robinson R22 Beta II",4676,,,,,,"Robinson Helicopter Company",,,,,,,0,,,,,,0,0,0,0,0,,,,,,0,0,0,0,0,GEN-R22
27789980,"2026-01-11 01:35:01","2026-01-11 01:35:01",A3BDA7,"United States","United States",N340DP,,,,,,Cessna,C340,"Cessna 340A",340A0694,,,,,,Private,,,,,,,0,,,,,,0,0,0,0,0,,,,,,0,0,0,0,0,GEN-C340
27789529,"2026-01-11 01:28:39","2026-01-11 01:28:39",3EFD37,Germany,Germany,D-7328,,,,,,Schleicher,GLID,"Schleicher ASW 20",20497,,,,,,Private,,,1981,,,,0,,,,,,0,0,0,0,0,,,,,,0,0,0,0,0,GEN-GLID
27788279,"2026-01-11 01:07:41","2026-01-11 01:07:41",AC8D61,"United States","United States",N908F,,,,,,Stits,SA3,"Stits Playboy SA-3A",P-841,,,,,,Private,,,,,,,0,,,,,,0,0,0,0,0,,,,,,0,0,0,0,0,GEN-SA3
27788217,"2026-01-11 01:06:38","2026-01-11 01:06:38",A5A41D,"United States","United States",N4625N,,,,,,Cessna,C402,"Cessna 402B",402B1377,,,,,,Private,,,,,,,0,,,,,,0,0,0,0,0,,,,,,0,0,0,0,0,GEN-C402
27787871,"2026-01-11 01:01:47","2026-01-11 01:01:47",407122,"United Kingdom","United Kingdom",G-CJGA,,,,,,Cameron,BALL,"Cameron Z-90 Hot Air Balloon",12015,,,,,,Private,,,2016,,,,0,,,,,,0,0,0,0,0,,,,,,0,0,0,0,0,GEN-BALL
27787209,"2026-01-11 00:52:15","2026-01-11 00:52:15",A4713F,"United States","United States",N3857W,,,,,,Rans,RS12,"Rans Airaile S-14",0393063,,,,,,Private,,,1995,,,,0,,,,,,0,0,0,0,0,,,,,,0,0,0,0,0,GEN-RS12
27786727,"2026-01-11 00:43:47","2026-01-11 00:43:47",403646,"United Kingdom","United Kingdom",G-HOTZ,,,,,,Colt,BALL,"Colt 77B Hot Air Balloon",2218,,,,,,Private,,,1992,,,,0,,,,,,0,0,0,0,0,,,,,,0,0,0,0,0,GEN-BALL
27786427,"2026-01-11 00:39:19","2026-01-11 00:39:19",3D1A81,Germany,Germany,D-EIHD,,,,,,"Stampe et Renard",SV4,"Stampe et Renard Stampe SV-4 B",1169,,,,,,Private,,,,,,,0,,,,,,0,0,0,0,0,,,,,,0,0,0,0,0,GEN-SV4
27785977,"2026-01-11 00:32:45","2026-01-11 00:32:45",A261A9,"United States","United States",N25226,,,,,,Luscombe,L8,"Luscombe Silvaire 8A",1131,,,,,,Private,,,,,,,0,,,,,,0,0,0,0,0,,,,,,0,0,0,0,0,GEN-L8
27785202,"2026-01-11 00:21:13","2026-01-11 00:21:13",A20D1A,"United States","United States",N231KB,,,,,,Mooney,M20T,"Mooney M.20K Model 231",25-0006,,,,,,Private,,,,,,,0,,,,,,0,0,0,0,0,,,,,,0,0,0,0,0,GEN-M20T
27784938,"2026-01-11 00:17:40","2026-01-11 00:17:40",880449,Thailand,Thailand,HS-ABI,,,,,,Airbus,A320,"Airbus A320 216",3729,,,,,,"Thai AirAsia",,,2008,,,,0,,,,,,0,0,0,0,0,,,,,,0,0,0,0,0,AIQ
27784203,"2026-01-11 00:06:25","2026-01-11 00:06:25",A067F4,"United States","United States",N125TF,,,,,,"Gulfstream Aerospace",GLF4,"Gulfstream Aerospace G450",4244,,,,,,"Solairus Aviation",,,2010,,,,0,,,,,,0,0,0,0,0,,,,,,0,0,0,0,0,TWY
27783843,"2026-01-11 00:00:29","2026-01-11 00:00:29",448F24,Belgium,Belgium,OO-CYD,,,,,,Cessna,C150,"Cessna 150M",15077540,,,,,,Private,,,1975,,,,0,,,,,,0,0,0,0,0,,,,,,0,0,0,0,0,GEN-C150
