AircraftID,FirstCreated,LastModified,ModeS,ModeSCountry,Country,Registration,CurrentRegDate,PreviousID,FirstRegDate,Status,DeRegDate,Manufacturer,ICAOTypeCode,Type,SerialNo,PopularName,GenericName,AircraftClass,Engines,OwnershipStatus,RegisteredOwners,MTOW,TotalHours,YearBuilt,CofACategory,CofAExpiry,UserNotes,Interested,UserTag,InfoURL,PictureURL1,PictureURL2,PictureURL3,UserBool1,UserBool2,UserBool3,UserBool4,UserBool5,UserString1,UserString2,UserString3,UserString4,UserString5,UserInt1,UserInt2,UserInt3,UserInt4,UserInt5,OperatorFlagCode
30367420,"2026-02-01 23:43:36","2026-02-01 23:43:36",ACC69B,"United States","United States",N922LJ,,,,,,Dassault,F900,"Dassault Falcon 900",25,,,,,,"BDPlane Inc",,,1987,,,,0,,,,,,0,0,0,0,0,,,,,,0,0,0,0,0,GEN-F900
30367215,"2026-02-01 23:40:45","2026-02-01 23:40:45",C08201,Canada,Canada,C-GXGA,,,,,,Bell,B06,"Bell 206B Jet Ranger II",2009,,,,,,Private,,,1976,,,,0,,,,,,0,0,0,0,0,,,,,,0,0,0,0,0,GEN-B06
30366410,"2026-02-01 23:30:16","2026-02-01 23:30:16",44E970,Belgium,Belgium,OO-ZKP,,,,,,Schleicher,GLID,"Schleicher ASK 13",13261,,,,,,Private,,,,,,,0,,,,,,0,0,0,0,0,,,,,,0,0,0,0,0,GEN-GLID
30366124,"2026-02-01 23:26:16","2026-02-01 23:26:16",AA24B2,"United States","United States",N7526S,,,,,,Robinson,R22,"Robinson R22 Beta II",3584,,,,,,Private,,,2004,,,,0,,,,,,0,0,0,0,0,,,,,,0,0,0,0,0,GEN-R22
30365627,"2026-02-01 23:19:54","2026-02-01 23:19:54",A5476D,"United States","United States",N43936,,,,,,"Zénith",CH70,"Zénith Zenair STOL CH 701",73269,,,,,,Private,,,,,,,0,,,,,,0,0,0,0,0,,,,,,0,0,0,0,0,GEN-CH70
30364456,"2026-02-01 23:04:24","2026-02-01 23:04:24",145E33,Russia,Russia,RA-24115,,,,,,Mil,MI8,"Mil Mi-8 T",98839750,,,,,,Vertical-T,,,1988,,,,0,,,,,,0,0,0,0,0,,,,,,0,0,0,0,0,GEN-MI8
30364333,"2026-02-01 23:02:44","2026-02-01 23:02:44",A1E627,"United States","United States",N221QS,,,,,,Dassault,F2TH,"Dassault Falcon 2000EX EASy",054,,,,,,NetJets,,,2004,,,,0,,,,,,0,0,0,0,0,,,,,,0,0,0,0,0,EJA
30364135,"2026-02-01 22:59:56","2026-02-01 22:59:56",A2DE62,"United States","United States",N284RV,,,,,,"Rand Robinson",KR2,"Rand Robinson KR-2",KR-2S,,,,,,Private,,,1986,,,,0,,,,,,0,0,0,0,0,,,,,,0,0,0,0,0,GEN-KR2
30364044,"2026-02-01 22:58:51","2026-02-01 22:58:51",404E1C,"United Kingdom","United Kingdom",G-CDNI,,,,,,Evektor,EV97,"Evektor EV-97 TeamEurostar UK",2321,,,,,,Private,,,2005,,,,0,,,,,,0,0,0,0,0,,,,,,0,0,0,0,0,GEN-EV97
30362741,"2026-02-01 22:41:24","2026-02-01 22:41:24",508139,Ukraine,Ukraine,UR-CDH,,,,,,Mil,MI8,"Mil Mi-8 MTV-1",94841,,,,,,"United Nations",,,,,,,0,,,,,,0,0,0,0,0,,,,,,0,0,0,0,0,GEN-MI8
30361835,"2026-02-01 22:30:06","2026-02-01 22:30:06",155581,Russia,Russia,RA-87425,,,,,,Yakovlev,YK40,"Yakovlev Yak-40",9420135,,,,,,"Tuva Avia",,,,,,,0,,,,,,0,0,0,0,0,,,,,,0,0,0,0,0,GEN-YK40
30360043,"2026-02-01 22:08:15","2026-02-01 22:08:15",A5EB36,"United States","United States",N48019,,,,,,Taylorcraft,TAYD,"Taylorcraft DC-65 Tandem Trainer",L-4650,,,,,,Private,,,1942,,,,0,,,,,,0,0,0,0,0,,,,,,0,0,0,0,0,GEN-TAYD
30359804,"2026-02-01 22:05:12","2026-02-01 22:05:12",7C0FE6,Australia,Australia,VH-DFC,,,,,,Beech,BE23,"Beech Musketeer 23",M-480,,,,,,Private,,,1964,,,,0,,,,,,0,0,0,0,0,,,,,,0,0,0,0,0,GEN-BE23
30359524,"2026-02-01 22:01:30","2026-02-01 22:01:30",4058F3,"United Kingdom","United Kingdom",G-CEZV,,,,,,"Zénith",CH60,"Zénith Zenair Zodiac CH 601 HDS","PFA 162-13748",,,,,,Private,,,,,,,0,,,,,,0,0,0,0,0,,,,,,0,0,0,0,0,GEN-CH60
30359303,"2026-02-01 21:59:00","2026-02-01 21:59:00",A6F19F,"United States","United States",N54673,,,,,,"Raven Aerostar",BALL,"Raven Aerostar S-55A Hot Air Balloon",S55A-167,,,,,,Private,,,,,,,0,,,,,,0,0,0,0,0,,,,,,0,0,0,0,0,GEN-BALL
30358707,"2026-02-01 21:51:32","2026-02-01 21:51:32",A277E1,"United States","United States",N2582N,,,,,,Cessna,C140,"Cessna 140",12842,,,,,,Private,,,1947,,,,0,,,,,,0,0,0,0,0,,,,,,0,0,0,0,0,GEN-C140
30358622,"2026-02-01 21:50:10","2026-02-01 21:50:10",00A32A,"South Africa","South Africa",ZS-NHP,,,,,,Piper,PA31,"Piper PA-31 P-425 Pressurised Navajo",31P-7400218,,,,,,Private,,,1974,,,,0,,,,,,0,0,0,0,0,,,,,,0,0,0,0,0,GEN-PA31
30358211,"2026-02-01 21:45:19","2026-02-01 21:45:19",ACD872,"United States","United States",N927CW,,,,,,Denney,FOX,"Denney Kitfox Mk.IV",C9912-0254,,,,,,Private,,,2001,,,,0,,,,,,0,0,0,0,0,,,,,,0,0,0,0,0,GEN-FOX
30357596,"2026-02-01 21:38:21","2026-02-01 21:38:21",A9AA41,"United States","United States",N72141,,,,,,Beech,BE36,"Beech Bonanza A36",E-2211,,,,,,Private,,,,,,,0,,,,,,0,0,0,0,0,,,,,,0,0,0,0,0,GEN-BE36
30357167,"2026-02-01 21:33:13","2026-02-01 21:33:13",A498E2,"United States","United States",N3958X,,,,,,Piper,PA34,"Piper PA-34 200T Seneca II",34-7670006,,,,,,Private,,,1975,,,,0,,,,,,0,0,0,0,0,,,,,,0,0,0,0,0,GEN-PA34
30356848,"2026-02-01 21:29:15","2026-02-01 21:29:15",A325A2,"United States","United States",N30115,,,,,,Cessna,C210,"Cessna 210L Centurion",21059884,,,,,,Private,,,1973,,,,0,,,,,,0,0,0,0,0,,,,,,0,0,0,0,0,GEN-C210
30356522,"2026-02-01 21:25:26","2026-02-01 21:25:26",14B5C3,Russia,Russia,RA-46531,,,,,,Antonov,AN24,"Antonov An-24 RV",57310010,,,,,,"Norilsk Air Enterprise",,,,,,,0,,,,,,0,0,0,0,0,,,,,,0,0,0,0,0,GEN-AN24
30356249,"2026-02-01 21:22:18","2026-02-01 21:22:18",404B75,"United Kingdom","United Kingdom",G-CCUE,,,,,,Ultramagic,BALL,"Ultramagic T-180 Hot Air Balloon",180/45,,,,,,Private,,,2004,,,,0,,,,,,0,0,0,0,0,,,,,,0,0,0,0,0,GEN-BALL
30356250,"2026-02-01 21:22:18","2026-02-01 21:22:18",A8CA23,"United States","United States",N6657K,,,,,,Republic,RC3,"Republic RC-3 Seabee",934,,,,,,Private,,,,,,,0,,,,,,0,0,0,0,0,,,,,,0,0,0,0,0,GEN-RC3
30353249,"2026-02-01 20:46:52","2026-02-01 20:46:52",4069DD,"United Kingdom","United Kingdom",G-HATD,,,,,,FFA,VAMP,"FFA Vampire T.55",989,,,,,,Private,,,1959,,,,0,,,,,,0,0,0,0,0,,,,,,0,0,0,0,0,GEN-VAMP
30352488,"2026-02-01 20:38:19","2026-02-01 20:38:19",A4BBD4,"United States","United States",N404DM,,,,,,Fouga,FOUG,"Fouga Magister CM.170",FM-72,,,,,,Private,,,,,,,0,,,,,,0,0,0,0,0,,,,,,0,0,0,0,0,GEN-FOUG
30351797,"2026-02-01 20:30:54","2026-02-01 20:30:54",A90194,"United States","United States",N68HG,,,,,,Cessna,C56X,"Cessna Citation Excel",560-5103,,,,,,"Air 357 LLC",,,2000,,,,0,,,,,,0,0,0,0,0,,,,,,0,0,0,0,0,GEN-C56X
30351769,"2026-02-01 20:30:37","2026-02-01 20:30:37",A51CC9,"United States","United States",N4288B,,,,,,Beech,BE35,"Beech Bonanza F35",D-4219,,,,,,Private,,,,,,,0,,,,,,0,0,0,0,0,,,,,,0,0,0,0,0,GEN-BE35
30351063,"2026-02-01 20:22:48","2026-02-01 20:22:48",AAD1EC,"United States","United States",N7969K,,,,,,Beech,BE18,"Beech 18 H",BA-702,,,,,,"Polynesian Airways",,,,,,,0,,,,,,0,0,0,0,0,,,,,,0,0,0,0,0,GEN-BE18
30350561,"2026-02-01 20:17:00","2026-02-01 20:17:00",A705D6,"United States","United States",N5512X,,,,,,Rockwell,SS2P,"Rockwell Thrush Commander S2R-600",1712R,,,,,,Private,,,1973,,,,0,,,,,,0,0,0,0,0,,,,,,0,0,0,0,0,GEN-SS2P
30350127,"2026-02-01 20:12:07","2026-02-01 20:12:07",3FC573,Germany,Germany,D-OMFB,,,,,,Ultramagic,BALL,"Ultramagic M-56C Hot Air Balloon",56/54,,,,,,Private,,,2016,,,,0,,,,,,0,0,0,0,0,,,,,,0,0,0,0,0,GEN-BALL
30348789,"2026-02-01 19:57:43","2026-02-01 19:57:43",A0D12A,"United States","United States",N15161,,,,,,"Firefly Balloons",BALL,"Firefly Balloons Firefly 8B-15 Hot Air Balloon",F8B-2008,,,,,,Private,,,2001,,,,0,,,,,,0,0,0,0,0,,,,,,0,0,0,0,0,GEN-BALL
30348733,"2026-02-01 19:56:29","2026-02-01 19:56:29",A1647B,"United States","United States",N1890H,,,,,,Cessna,C310,"Cessna 310C",35990,,,,,,Private,,,,,,,0,,,,,,0,0,0,0,0,,,,,,0,0,0,0,0,GEN-C310
30347315,"2026-02-01 19:39:35","2026-02-01 19:39:35",A5F844,"United States","United States",N484JG,,,,,,Eurocopter,EC30,"Eurocopter EC130 B4",3892,,,,,,"Carter Copters LLC",,,2004,,,,0,,,,,,0,0,0,0,0,,,,,,0,0,0,0,0,GEN-EC30
30345192,"2026-02-01 19:15:28","2026-02-01 19:15:28",600834,Azerbaijan,Azerbaijan,4K-AZ52,,,,,,Embraer,E170,"Embraer EMB-170 LR",17000002,,,,,,"Buta Airways",,,2002,,,,0,,,,,,0,0,0,0,0,,,,,,0,0,0,0,0,GEN-E170
30345023,"2026-02-01 19:13:37","2026-02-01 19:13:37",A66D38,"United States","United States",N513GP,,,,,,Vans,RV7,"Vans RV-7 A",74104,,,,,,Private,,,,,,,0,,,,,,0,0,0,0,0,,,,,,0,0,0,0,0,GEN-RV7
30345014,"2026-02-01 19:13:32","2026-02-01 19:13:32",A37C27,"United States","United States",N3232V,,,,,,Pipistrel,PIVI,"Pipistrel Virus SW iS 100","554 SWN 100 IS",,,,,,Private,,,,,,,0,,,,,,0,0,0,0,0,,,,,,0,0,0,0,0,GEN-PIVI
30344918,"2026-02-01 19:12:20","2026-02-01 19:12:20",C024E3,Canada,Canada,C-FNZE,,,,,,Bombardier,DH8B,"Bombardier DHC-8 201",428,,,,,,Aurora,,,1996,,,,0,,,,,,0,0,0,0,0,,,,,,0,0,0,0,0,SHU
30344797,"2026-02-01 19:10:50","2026-02-01 19:10:50",A18E85,"United States","United States",N2NH,,,,,,"American Aviation",AA1,"American Aviation AA-1B",AA1B-0527,,,,,,Private,,,,,,,0,,,,,,0,0,0,0,0,,,,,,0,0,0,0,0,GEN-AA1
30343951,"2026-02-01 19:01:09","2026-02-01 19:01:09",3EFCD8,Germany,Germany,D-7233,,,,,,PZL-Bielsko,GLID,"PZL-Bielsko SZD-9bis Bocian 1E",P-515,,,,,,Private,,,,,,,0,,,,,,0,0,0,0,0,,,,,,0,0,0,0,0,GEN-GLID
30343638,"2026-02-01 18:57:40","2026-02-01 18:57:40",A6CA76,"United States","United States",N537AH,,,,,,"Airbus Helicopters",AS50,"Airbus Helicopters Squirrel AS.350 B3e (H125)",8652,,,,,,"Airbus Helicopters Inc",,,2019,,,,0,,,,,,0,0,0,0,0,,,,,,0,0,0,0,0,GEN-AS50
30343581,"2026-02-01 18:56:57","2026-02-01 18:56:57",A3C445,"United States","United States",N3416X,,,,,,Mooney,M20P,"Mooney M.20C Mark 21",3396,,,,,,Private,,,,,,,0,,,,,,0,0,0,0,0,,,,,,0,0,0,0,0,GEN-M20P
30342703,"2026-02-01 18:47:36","2026-02-01 18:47:36",392A83,France,France,F-GKUD,,,,,,SOCATA,TAMP,"SOCATA TB9 Tampico Club",1128,,,,,,Private,,,,,,,0,,,,,,0,0,0,0,0,,,,,,0,0,0,0,0,GEN-TAMP
30341971,"2026-02-01 18:39:40","2026-02-01 18:39:40",406B43,"United Kingdom","United Kingdom",G-LGNO,,,,,,SAAB,SB20,"Saab 2000",013,,,,,,Loganair,,,1995,,,,0,,,,,,0,0,0,0,0,,,,,,0,0,0,0,0,LOG
30341623,"2026-02-01 18:35:37","2026-02-01 18:35:37",3EF60B,Germany,Germany,D-5492,,,,,,Schempp-Hirth,GLID,"Schempp-Hirth Standard Cirrus",258,,,,,,Private,,,1972,,,,0,,,,,,0,0,0,0,0,,,,,,0,0,0,0,0,GEN-GLID
30341612,"2026-02-01 18:35:32","2026-02-01 18:35:32",ACAC81,"United States","United States",N91560,,,,,,"North American",NAVI,"North American Navion",NAV-4-337,,,,,,Private,,,1946,,,,0,,,,,,0,0,0,0,0,,,,,,0,0,0,0,0,GEN-NAVI
30340379,"2026-02-01 18:21:19","2026-02-01 18:21:19",404C4E,"United Kingdom","United Kingdom",G-CCYX,,,,,,Bell,B412,"Bell 412",34001,,,,,,Private,,,1985,,,,0,,,,,,0,0,0,0,0,,,,,,0,0,0,0,0,GEN-B412
30340096,"2026-02-01 18:18:15","2026-02-01 18:18:15",A156DC,"United States","United States",N1859K,,,,,,Beech,BE58,"Beech Baron 58",TH-1299,,,,,,Private,,,1981,,,,0,,,,,,0,0,0,0,0,,,,,,0,0,0,0,0,GEN-BE58
30339980,"2026-02-01 18:17:08","2026-02-01 18:17:08",A8B182,"United States","United States",N6597M,,,,,,Stinson,S108,"Stinson Voyager 108-3",108-4597,,,,,,Private,,,1948,,,,0,,,,,,0,0,0,0,0,,,,,,0,0,0,0,0,GEN-S108
30339631,"2026-02-01 18:13:11","2026-02-01 18:13:11",A0D07A,"United States","United States",N15110,,,,,,"Firefly Balloons",BALL,"Firefly Balloons Firefly 8 Hot Air Balloon",F8-2002,,,,,,Private,,,2001,,,,0,,,,,,0,0,0,0,0,,,,,,0,0,0,0,0,GEN-BALL
30338903,"2026-02-01 18:05:11","2026-02-01 18:05:11",780888,China,China,B-3139,,,,,,Embraer,E190,"Embraer EMB-190 LR",19000548,,,,,,"China Southern Airlines",,,2012,,,,0,,,,,,0,0,0,0,0,,,,,,0,0,0,0,0,CSN
30338904,"2026-02-01 18:05:11","2026-02-01 18:05:11",ACA706,"United States","United States",N914RH,,,,,,"AutoGyro Europe",MT,"AutoGyro Europe MTO Sport",M00920,,,,,,Private,,,2012,,,,0,,,,,,0,0,0,0,0,,,,,,0,0,0,0,0,GEN-MT
30337887,"2026-02-01 17:54:15","2026-02-01 17:54:15",ADC857,"United States","United States",N9876H,,,,,,Cessna,T50,"Cessna UC-78B Bobcat",4521,,,,,,Private,,,,,,,0,,,,,,0,0,0,0,0,,,,,,0,0,0,0,0,GEN-T50
30337159,"2026-02-01 17:46:38","2026-02-01 17:46:38",4CA980,Ireland,Ireland,EI-ESY,,,,,,Boeing,B738,"Boeing 737NG 8AS/W",34999,,,,,,Ryanair,,,2011,,,,0,,,,,,0,0,0,0,0,,,,,,0,0,0,0,0,RYR
30337027,"2026-02-01 17:45:19","2026-02-01 17:45:19",C820A4,"New Zealand","New Zealand",RA-02543,,,,,,MBB,B105,"MBB Bo.105 CBS-4",S-797,,,,,,"Oceania Aviation Ltd",,,1988,,,,0,,,,,,0,0,0,0,0,,,,,,0,0,0,0,0,GEN-B105
30336971,"2026-02-01 17:44:37","2026-02-01 17:44:37",A5FE63,"United States","United States",N4856N,,,,,,Stits,SA3,"Stits Playboy SA-3B",DP-82,,,,,,Private,,,,,,,0,,,,,,0,0,0,0,0,,,,,,0,0,0,0,0,GEN-SA3
30336652,"2026-02-01 17:41:04","2026-02-01 17:41:04",04C04C,Kenya,Kenya,5Y-BXG,,,,,,Boeing,B732,"Boeing 737 247",23519,,,,,,"Jubba Airways",,,1986,,,,0,,,,,,0,0,0,0,0,,,,,,0,0,0,0,0,GEN-B732
30336487,"2026-02-01 17:39:07","2026-02-01 17:39:07",AD95AB,"United States","United States",N9746,,,,,,Oldfield,BLKS,"Oldfield Baby Lakes",6725-J-92B,,,,,,Private,,,1971,,,,0,,,,,,0,0,0,0,0,,,,,,0,0,0,0,0,GEN-BLKS
30336331,"2026-02-01 17:37:15","2026-02-01 17:37:15",A6E939,"United States","United States",N54400,,,,,,Fairchild,FA62,"Fairchild PT-19A M-62A",T43-5193,,,,,,Private,,,1943,,,,0,,,,,,0,0,0,0,0,,,,,,0,0,0,0,0,GEN-FA62
30336298,"2026-02-01 17:36:47","2026-02-01 17:36:47",C0642F,Canada,Canada,C-GLYK,,,,,,"Team Rocket",TRF1,"Team Rocket F1 Rocket",128,,,,,,Private,,,,,,,0,,,,,,0,0,0,0,0,,,,,,0,0,0,0,0,GEN-TRF1
29219,"2022-08-30 09:24:20","2026-02-01 17:30:54",000005,"Not Allocated","Not Allocated","",,,,"",,"",UAV,"","",,,,,,"",,,,,,"",0,,,,,,0,0,0,0,0,Missing,,,"","",0,0,0,0,0,GEN-UAV
30335755,"2026-02-01 17:30:54","2026-02-01 17:30:54",AB3566,"United States","United States",N821JM,,,,,,Denney,FOX,"Denney Kitfox Srs.7 Super Sport",KA14787283,,,,,,Private,,,,,,,0,,,,,,0,0,0,0,0,,,,,,0,0,0,0,0,GEN-FOX
30335709,"2026-02-01 17:30:29","2026-02-01 17:30:29",4B825C,Turkey,Turkey,69-026,,,,,,VFW,C160,"VFW Transall C-160D",26,,,,,,"Turkish Air Force",,,,,,,0,,,,,,1,0,0,0,0,,,,,,0,0,0,0,0,HVK
30335254,"2026-02-01 17:25:17","2026-02-01 17:25:17",A70D9A,"United States","United States",N5535C,,,,,,Cessna,C172,"Cessna 172S Skyhawk",172S11592,,,,,,Private,,,2015,,,,0,,,,,,0,0,0,0,0,,,,,,0,0,0,0,0,GEN-C172
30335139,"2026-02-01 17:23:52","2026-02-01 17:23:52",402EFF,"United Kingdom","United Kingdom",G-MVVP,,,,,,"Solar Wings",ULAC,"Solar Wings Pegasus XL-Q",SW-WQ-0228,,,,,,Private,,,,,,,0,,,,,,0,0,0,0,0,,,,,,0,0,0,0,0,GEN-ULAC
30334851,"2026-02-01 17:20:44","2026-02-01 17:20:44",A2CEA1,"United States","United States",N280GR,,,,,,"Gulfstream Aerospace",G280,"Gulfstream Aerospace G280",2170,,,,,,"Gulfstream Aerospace Corp",,,2019,,,,0,,,,,,0,0,0,0,0,,,,,,0,0,0,0,0,GEN-G280
30334437,"2026-02-01 17:16:34","2026-02-01 17:16:34",A7B2FE,"United States","United States",N59547,,,,,,Fairchild,FA62,"Fairchild PT-19A M-62A",T43-5317,,,,,,Private,,,1943,,,,0,,,,,,0,0,0,0,0,,,,,,0,0,0,0,0,GEN-FA62
30333225,"2026-02-01 17:03:20","2026-02-01 17:03:20",4B3962,Switzerland,Switzerland,HB-VTA,,,,,,"Textron Aviation",C25C,"Textron Aviation Citation CJ4",525C0221,,,,,,"Albinati Aeronautics SA",,,2016,,,,0,,,,,,0,0,0,0,0,,,,,,0,0,0,0,0,LUC
30332631,"2026-02-01 16:56:50","2026-02-01 16:56:50",7CF8B2,Australia,Australia,N22-014,,,,,,Aerospatiale,AS50,"Aerospatiale Squirrel AS.350 BA",1738,,,,,,"Royal Australian Navy",,,,,,,0,,,,,,1,0,0,0,0,,,,,,0,0,0,0,0,
30332530,"2026-02-01 16:55:37","2026-02-01 16:55:37",A9ED38,"United States","United States",N739HQ,,,,,,Cessna,C172,"Cessna 172N Skyhawk",17270559,,,,,,Private,,,1978,,,,0,,,,,,0,0,0,0,0,,,,,,0,0,0,0,0,GEN-C172
30332112,"2026-02-01 16:51:09","2026-02-01 16:51:09",A8FCE9,"United States","United States",N6788J,,,,,,Piper,P28A,"Piper PA-28 140 Cherokee",28-24516,,,,,,Private,,,1968,,,,0,,,,,,0,0,0,0,0,,,,,,0,0,0,0,0,GEN-P28A
30331950,"2026-02-01 16:49:28","2026-02-01 16:49:28",A121B7,"United States","United States",N172MJ,,,,,,Beech,B190,"Beech 1900 D",UE-72,,,,,,"Bering Air",,,1993,,,,0,,,,,,0,0,0,0,0,,,,,,0,0,0,0,0,BRG
30330865,"2026-02-01 16:37:49","2026-02-01 16:37:49",4B3EB8,Switzerland,Switzerland,HB-XTO,,,,,,Aerospatiale,LAMA,"Aerospatiale Lama SA.315B",2633,,,,,,"Air Glaciers",,,1982,,,,0,,,,,,0,0,0,0,0,,,,,,0,0,0,0,0,GEN-LAMA
30330578,"2026-02-01 16:35:00","2026-02-01 16:35:00",A77EF7,"United States","United States",N582SS,,,,,,Rans,RS12,"Rans Airaile S-12",0891123,,,,,,Private,,,1992,,,,0,,,,,,0,0,0,0,0,,,,,,0,0,0,0,0,GEN-RS12
30329784,"2026-02-01 16:26:23","2026-02-01 16:26:23",008E1A,"South Africa","South Africa",ZS-FIF,,,,,,Cessna,C172,"Cessna 172I Skyhawk",17256705,,,,,,Private,,,1968,,,,0,,,,,,0,0,0,0,0,,,,,,0,0,0,0,0,GEN-C172
30329563,"2026-02-01 16:24:01","2026-02-01 16:24:01",4AA438,Sweden,Sweden,SE-IAX,,,,,,Piper,P28A,"Piper PA-28 161 Warrior II",28-7916290,,,,,,Private,,,,,,,0,,,,,,0,0,0,0,0,,,,,,0,0,0,0,0,GEN-P28A
30329260,"2026-02-01 16:21:04","2026-02-01 16:21:04",C0B731,Canada,Canada,C-IRJS,,,,,,Rans,CRER,"Rans Courier S-7S",1107490,,,,,,Private,,,,,,,0,,,,,,0,0,0,0,0,,,,,,0,0,0,0,0,GEN-CRER
30329217,"2026-02-01 16:20:42","2026-02-01 16:20:42",ACBB8C,"United States","United States",N9198B,,,,,,Piper,P28A,"Piper PA-28 180 Cherokee C",28-3857,,,,,,Private,,,1967,,,,0,,,,,,0,0,0,0,0,,,,,,0,0,0,0,0,GEN-P28A
30328904,"2026-02-01 16:17:14","2026-02-01 16:17:14",A98C2D,"United States","United States",N714NZ,,,,,,Cessna,C150,"Cessna 150M",15079316,,,,,,Private,,,1977,,,,0,,,,,,0,0,0,0,0,,,,,,0,0,0,0,0,GEN-C150
27212,"2022-05-18 03:27:49","2026-02-01 16:16:58",48425C,Netherlands,Netherlands,"",,,,"",,"",-GND,"","",,,,,,"",,,,,,"",0,,,,,,0,0,0,0,0,Missing,,,"","",0,0,0,0,0,GEN--GND
30327401,"2026-02-01 16:00:53","2026-02-01 16:00:53",A3201E,"United States","United States",N300JD,,,,,,Cessna,C750,"Cessna Citation X+",750-0515,,,,,,"Textron Aviation Inc",,,2014,,,,0,,,,,,0,0,0,0,0,,,,,,0,0,0,0,0,GEN-C750
30327334,"2026-02-01 15:59:59","2026-02-01 15:59:59",A96E74,"United States","United States",N7069J,,,,,,Bell,B47G,"Bell 47G-4A",7737,,,,,,Private,,,1970,,,,0,,,,,,0,0,0,0,0,,,,,,0,0,0,0,0,GEN-B47G
30327315,"2026-02-01 15:59:43","2026-02-01 15:59:43",4069F1,"United Kingdom","United Kingdom",G-BLUE,,,,,,"Colt Balloons",BALL,"Colt Balloons 77A Hot Air Balloon",77A-011,,,,,,Private,,,,,,,0,,,,,,0,0,0,0,0,,,,,,0,0,0,0,0,GEN-BALL
30326465,"2026-02-01 15:50:00","2026-02-01 15:50:00",AD9D78,"United States","United States",N97680,,,,,,Stinson,S108,"Stinson Voyager 108",108-680,,,,,,Private,,,1946,,,,0,,,,,,0,0,0,0,0,,,,,,0,0,0,0,0,GEN-S108
30325893,"2026-02-01 15:43:51","2026-02-01 15:43:51",A6702D,"United States","United States",N5139F,,,,,,Piper,P28A,"Piper PA-28 151 Cherokee Warrior",28-7715095,,,,,,Private,,,1976,,,,0,,,,,,0,0,0,0,0,,,,,,0,0,0,0,0,GEN-P28A
30325882,"2026-02-01 15:43:35","2026-02-01 15:43:35",A1B0F5,"United States","United States",N208NP,,,,,,"Textron Aviation",C208,"Textron Aviation 208 EX",208B5416,,,,,,"Northland Aircraft Sales LLC",,,2017,,,,0,,,,,,0,0,0,0,0,,,,,,0,0,0,0,0,GEN-C208
30324514,"2026-02-01 15:28:44","2026-02-01 15:28:44",470738,Hungary,Hungary,HA-CTC,,,,,,Reims/Cessna,C172,"Reims/Cessna F172H",0347,,,,,,Private,,,1967,,,,0,,,,,,0,0,0,0,0,,,,,,0,0,0,0,0,GEN-C172
30323921,"2026-02-01 15:22:14","2026-02-01 15:22:14",381DCF,France,France,F-BHOP,,,,,,Piel,CP30,"Piel Emeraude CP.301B",100,,,,,,Private,,,,,,,0,,,,,,0,0,0,0,0,,,,,,0,0,0,0,0,GEN-CP30
30323848,"2026-02-01 15:21:18","2026-02-01 15:21:18",4AB118,Sweden,Sweden,SE-LHX,,,,,,"British Aerospace",ATP,"British Aerospace ATP",2020,,,,,,"West Atlantic",,,1989,,,,0,,,,,,0,0,0,0,0,,,,,,0,0,0,0,0,GEN-ATP
30322097,"2026-02-01 15:02:02","2026-02-01 15:02:02",0D0140,Mexico,Mexico,XA-TKJ,,,,,,"Avions de Transport Regional",AT45,"Avions de Transport Regional ATR 42 512",561,,,,,,Aeromar,,,1998,,,,0,,,,,,0,0,0,0,0,,,,,,0,0,0,0,0,TAO
30321516,"2026-02-01 14:55:06","2026-02-01 14:55:06",4CA1C1,Ireland,Ireland,EI-DAM,,,,,,Boeing,B738,"Boeing 737NG 8AS/W",33719,,,,,,Ryanair,,,2003,,,,0,,,,,,0,0,0,0,0,,,,,,0,0,0,0,0,RYR
30320889,"2026-02-01 14:48:20","2026-02-01 14:48:20",71D248,"South Korea","South Korea",HL9248,,,,,,Sikorsky,S76,"Sikorsky S-76 B",760382,,,,,,Private,,,,,,,0,,,,,,0,0,0,0,0,,,,,,0,0,0,0,0,GEN-S76
30320668,"2026-02-01 14:46:13","2026-02-01 14:46:13",4B2CEA,Switzerland,Switzerland,HB-RAG,,,,,,Dewoitine,DWD2,"Dewoitine D.26",278,,,,,,Private,,,,,,,0,,,,,,0,0,0,0,0,,,,,,0,0,0,0,0,GEN-DWD2
30319758,"2026-02-01 14:35:55","2026-02-01 14:35:55",ACE410,"United States","United States",N93HS,,,,,,Beech,BE58,"Beech Baron 58",TH-1107,,,,,,Private,,,1980,,,,0,,,,,,0,0,0,0,0,,,,,,0,0,0,0,0,GEN-BE58
30317991,"2026-02-01 14:15:56","2026-02-01 14:15:56",A457F0,"United States","United States",N3792Z,,,,,,Aeronca,AR6T,"Aeronca O-58B Grasshopper",O58B-8142,,,,,,Private,,,1943,,,,0,,,,,,0,0,0,0,0,,,,,,0,0,0,0,0,GEN-AR6T
30317642,"2026-02-01 14:12:12","2026-02-01 14:12:12",A4E5F7,"United States","United States",N4144Y,,,,,,Bellanca,CH7A,"Bellanca Citabria 7ECA",1180-76,,,,,,Private,,,1976,,,,0,,,,,,0,0,0,0,0,,,,,,0,0,0,0,0,GEN-CH7A
30317619,"2026-02-01 14:11:55","2026-02-01 14:11:55",44F842,Belgium,Belgium,AT-22,,,,,,"Dassault-Breguet Dornier",AJET,"Dassault-Breguet Dornier Alpha Jet 1B+",1090,,,,,,"Belgian Air Component",,,,,,,0,,,,,,1,0,0,0,0,,,,,,0,0,0,0,0,
30317438,"2026-02-01 14:09:48","2026-02-01 14:09:48",ACAADF,"United States","United States",N915SS,,,,,,"Textron Aviation",C68A,"Textron Aviation Citation Latitude",680A-0236,,,,,,"Badlands Aviation LLC",,,2019,,,,0,,,,,,0,0,0,0,0,,,,,,0,0,0,0,0,GEN-C68A
30317135,"2026-02-01 14:06:17","2026-02-01 14:06:17",395230,France,France,F-GURQ,,,,,,Aero,AAT3,"Aero AT-3 R100",AT3-014,,,,,,Private,,,,,,,0,,,,,,0,0,0,0,0,,,,,,0,0,0,0,0,GEN-AAT3
30316973,"2026-02-01 14:04:34","2026-02-01 14:04:34",A8216A,"United States","United States",N623AH,,,,,,"Airbus Helicopters",EC45,"Airbus Helicopters UH-72A Lakota",9853,,,,,,"Airbus Helicopters Inc",,,2020,,,,0,,,,,,0,0,0,0,0,,,,,,0,0,0,0,0,GEN-EC45
30316934,"2026-02-01 14:04:10","2026-02-01 14:04:10",A8CC72,"United States","United States",N666VV,,,,,,Rutan,DEFI,"Rutan Defiant",114,,,,,,Private,,,,,,,0,,,,,,0,0,0,0,0,,,,,,0,0,0,0,0,GEN-DEFI
30316887,"2026-02-01 14:03:35","2026-02-01 14:03:35",C06D8F,Canada,Canada,C-GPMS,,,,,,Cessna,C206,"Cessna U206G Stationair 6",U20604207,,,,,,Private,,,1977,,,,0,,,,,,0,0,0,0,0,,,,,,0,0,0,0,0,GEN-C206
30316868,"2026-02-01 14:03:19","2026-02-01 14:03:19",AD66E3,"United States","United States",N9627B,,,,,,Cessna,C72R,"Cessna 172RG Cutlass RG",172RG0928,,,,,,Private,,,1981,,,,0,,,,,,0,0,0,0,0,,,,,,0,0,0,0,0,GEN-C72R
30316681,"2026-02-01 14:01:12","2026-02-01 14:01:12",A172CC,"United States","United States",N1926J,,,,,,Rockwell,AC11,"Rockwell Commander 114",14026,,,,,,Private,,,1976,,,,0,,,,,,0,0,0,0,0,,,,,,0,0,0,0,0,GEN-AC11
30315638,"2026-02-01 13:49:22","2026-02-01 13:49:22",A0D1AF,"United States","United States",N152AT,,,,,,LET,GLID,"LET L-23 Super Blanik",917924,,,,,,Private,,,1992,,,,0,,,,,,0,0,0,0,0,,,,,,0,0,0,0,0,GEN-GLID
30314572,"2026-02-01 13:37:01","2026-02-01 13:37:01",401F43,"United Kingdom","United Kingdom",G-BITK,,,,,,Clutton,ZZZZ,"Clutton FRED Series 2","PFA 029-10369",,,,,,Private,,,,,,,0,,,,,,0,0,0,0,0,,,,,,0,0,0,0,0,GEN-ZZZZ
30314523,"2026-02-01 13:36:28","2026-02-01 13:36:28",4D0268,Luxembourg,Luxembourg,LX-HML,,,,,,Bell,B212,"Bell 212",30956,,,,,,Private,,,,,,,0,,,,,,0,0,0,0,0,,,,,,0,0,0,0,0,GEN-B212
30314478,"2026-02-01 13:36:00","2026-02-01 13:36:00",403651,"United Kingdom","United Kingdom",G-OCRI,,,,,,Colomban,MC10,"Colomban Cri-Cri MC-15","PFA 133-12288",,,,,,Private,,,1992,,,,0,,,,,,0,0,0,0,0,,,,,,0,0,0,0,0,GEN-MC10
30314464,"2026-02-01 13:35:49","2026-02-01 13:35:49",40142A,"United Kingdom","United Kingdom",G-AFRZ,,,,,,Miles,MONA,"Miles Monarch M.17",793,,,,,,Private,,,,,,,0,,,,,,0,0,0,0,0,,,,,,0,0,0,0,0,GEN-MONA
30314465,"2026-02-01 13:35:49","2026-02-01 13:35:49",A58881,"United States","United States",N456BB,,,,,,Beech,BE35,"Beech Bonanza 35",D-1345,,,,,,Private,,,,,,,0,,,,,,0,0,0,0,0,,,,,,0,0,0,0,0,GEN-BE35
30314002,"2026-02-01 13:30:44","2026-02-01 13:30:44",861F39,Japan,Japan,JA6177,,,,,,Bell,B06,"Bell 206B Jet Ranger III",4381,,,,,,Private,,,,,,,0,,,,,,0,0,0,0,0,,,,,,0,0,0,0,0,GEN-B06
534005,"2023-07-05 21:04:24","2026-02-01 13:19:29",424AF3,"United Kingdom","United Kingdom",,,,,,,,ZZZZ,,,,,,,,,,,,,,,0,,,,,,0,0,0,0,0,Missing,,,,,0,0,0,0,0,TEST
30312660,"2026-02-01 13:15:51","2026-02-01 13:15:51",A88615,"United States","United States",N64852,,,,,,Vultee,VALI,"Vultee BT-13A Valiant",5110,,,,,,Private,,,,,,,0,,,,,,0,0,0,0,0,,,,,,0,0,0,0,0,GEN-VALI
30312574,"2026-02-01 13:15:01","2026-02-01 13:15:01",A68C52,"United States","United States",N5207Y,,,,,,Piper,PA27,"Piper PA-23 Aztec 250B",27-2255,,,,,,Private,,,1962,,,,0,,,,,,0,0,0,0,0,,,,,,0,0,0,0,0,GEN-PA27
30312439,"2026-02-01 13:13:45","2026-02-01 13:13:45",A63928,"United States","United States",N50SA,,,,,,Piper,P46T,"Piper PA-46-500TP",4697437,,,,,,"Monterey Realty Development LLC",,,2010,,,,0,,,,,,0,0,0,0,0,,,,,,0,0,0,0,0,GEN-P46T
30307309,"2026-02-01 12:17:22","2026-02-01 12:17:22",AC3D91,"United States","United States",N888WR,,,,,,Aerospatiale,AS50,"Aerospatiale Squirrel AS.350 D",1097,,,,,,Private,,,1979,,,,0,,,,,,0,0,0,0,0,,,,,,0,0,0,0,0,GEN-AS50
30307157,"2026-02-01 12:15:31","2026-02-01 12:15:31",A7A7BA,"United States","United States",N5924A,,,,,,"Amateur Built",ZZZZ,"Amateur Built Bel-Air",DK1-1,,,,,,Private,,,,,,,0,,,,,,0,0,0,0,0,,,,,,0,0,0,0,0,GEN-ZZZZ
30307050,"2026-02-01 12:14:19","2026-02-01 12:14:19",3D9810,Germany,Germany,D-GDVK,,,,,,Partenavia,P68,"Partenavia P.68C Victor",212,,,,,,Private,,,,,,,0,,,,,,0,0,0,0,0,,,,,,0,0,0,0,0,GEN-P68
30305944,"2026-02-01 12:01:40","2026-02-01 12:01:40",A0F245,"United States","United States",N160GA,,,,,,"Gulfstream Aerospace",GA6C,"Gulfstream Aerospace GVII-G600",73060,,,,,,"Gulfstream Aerospace Corp",,,2020,,,,0,,,,,,0,0,0,0,0,,,,,,0,0,0,0,0,GEN-GA6C
30305598,"2026-02-01 11:57:31","2026-02-01 11:57:31",400A85,"United Kingdom","United Kingdom",G-CIFW,,,,,,"Raytheon Aircraft Company",BE20,"Raytheon Aircraft Company King Air B200",BB-1833,,,,,,"Aerodynamics Ltd",,,,,,,0,,,,,,0,0,0,0,0,,,,,,0,0,0,0,0,GEN-BE20
30305424,"2026-02-01 11:55:13","2026-02-01 11:55:13",AD7149,"United States","United States",N9651W,,,,,,Piper,P28A,"Piper PA-28 140 Cherokee",28-23111,,,,,,Private,,,1967,,,,0,,,,,,0,0,0,0,0,,,,,,0,0,0,0,0,GEN-P28A
30305282,"2026-02-01 11:53:31","2026-02-01 11:53:31",ACA435,"United States","United States",N9130N,,,,,,Piper,P46T,"Piper PA-46 JetPROP",4608075,,,,,,Private,,,1987,,,,0,,,,,,0,0,0,0,0,,,,,,0,0,0,0,0,GEN-P46T
30303645,"2026-02-01 11:35:53","2026-02-01 11:35:53",4013D1,"United Kingdom","United Kingdom",G-AFJB,,,,,,Foster-Wikner,ZZZZ,"Foster-Wikner Wicko GM.1",5,,,,,,Private,,,,,,,0,,,,,,0,0,0,0,0,,,,,,0,0,0,0,0,GEN-ZZZZ
30303303,"2026-02-01 11:32:12","2026-02-01 11:32:12",ADC02F,"United States","United States",N98507,,,,,,Cessna,C421,"Cessna 421C Golden Eagle",421C0075,,,,,,Private,,,,,,,0,,,,,,0,0,0,0,0,,,,,,0,0,0,0,0,GEN-C421
30302879,"2026-02-01 11:27:50","2026-02-01 11:27:50",A1C8BA,"United States","United States",N214DS,,,,,,Neico,LNC2,"Neico Lancair 360",993-320-833,,,,,,Private,,,,,,,0,,,,,,0,0,0,0,0,,,,,,0,0,0,0,0,GEN-LNC2
30302629,"2026-02-01 11:25:23","2026-02-01 11:25:23",40265D,"United Kingdom","United Kingdom",G-MNJR,,,,,,"Solar Wings",ULAC,"Solar Wings Pegasus Flash",SW-WF-0013,,,,,,Private,,,1985,,,,0,,,,,,0,0,0,0,0,,,,,,0,0,0,0,0,GEN-ULAC
30302280,"2026-02-01 11:21:30","2026-02-01 11:21:30",AA9EAE,"United States","United States",N78346,,,,,,Cessna,C172,"Cessna 172K Skyhawk",17257577,,,,,,Private,,,1968,,,,0,,,,,,0,0,0,0,0,,,,,,0,0,0,0,0,GEN-C172
30302041,"2026-02-01 11:18:51","2026-02-01 11:18:51",A02C3E,"United States","United States",N110AL,,,,,,Bell,B407,"Bell 407",53469,,,,,,Private,,,,,,,0,,,,,,0,0,0,0,0,,,,,,0,0,0,0,0,GEN-B407
30301866,"2026-02-01 11:17:07","2026-02-01 11:17:07",0D02B6,Mexico,Mexico,XA-MAE,,,,,,Boeing,B732,"Boeing 737 277",22648,,,,,,Magnicharters,,,1981,,,,0,,,,,,0,0,0,0,0,,,,,,0,0,0,0,0,GEN-B732
30301782,"2026-02-01 11:16:11","2026-02-01 11:16:11",A53D58,"United States","United States",N437CG,,,,,,Beech,BE55,"Beech Baron A55",TC-468,,,,,,Private,,,1963,,,,0,,,,,,0,0,0,0,0,,,,,,0,0,0,0,0,GEN-BE55
30301555,"2026-02-01 11:13:34","2026-02-01 11:13:34",4B825F,Turkey,Turkey,69-031,,,,,,VFW,C160,"VFW Transall C-160D",31,,,,,,"Turkish Air Force",,,,,,,0,,,,,,1,0,0,0,0,,,,,,0,0,0,0,0,HVK
30300747,"2026-02-01 11:04:26","2026-02-01 11:04:26",44096B,Austria,Austria,OE-IOS,,,,,,Bombardier,CL60,"Bombardier Challenger 605",5798,,,,,,"Avcon Jet AG",,,2008,,,,0,,,,,,0,0,0,0,0,,,,,,0,0,0,0,0,AOJ
30300404,"2026-02-01 11:00:39","2026-02-01 11:00:39",A409F7,"United States","United States",N36AD,,,,,,"Amateur Built",ULAC,"Amateur Built Heath Parasol LNB-4",52351R,,,,,,Private,,,,,,,0,,,,,,0,0,0,0,0,,,,,,0,0,0,0,0,GEN-ULAC
30299521,"2026-02-01 10:51:27","2026-02-01 10:51:27",A3EC3A,"United States","United States",N352,,,,,,Cessna,C172,"Cessna T-41B Mescalero",R1720007,,,,,,"United States Army",,,1967,,,,0,,,,,,1,0,0,0,0,,,,,,0,0,0,0,0,
30299360,"2026-02-01 10:49:45","2026-02-01 10:49:45",A8D924,"United States","United States",N6698M,,,,,,Stinson,S108,"Stinson Voyager 108-3",108-4698,,,,,,Private,,,1949,,,,0,,,,,,0,0,0,0,0,,,,,,0,0,0,0,0,GEN-S108
30299076,"2026-02-01 10:46:41","2026-02-01 10:46:41",A13E3B,"United States","United States",N1799M,,,,,,Cessna,C337,"Cessna 337F Super Skymaster",33701399,,,,,,Private,,,1971,,,,0,,,,,,0,0,0,0,0,,,,,,0,0,0,0,0,GEN-C337
30298947,"2026-02-01 10:45:18","2026-02-01 10:45:18",A64797,"United States","United States",N5031G,,,,,,Bellanca,CH7A,"Bellanca Citabria 7ECA",1281-79,,,,,,Private,,,1979,,,,0,,,,,,0,0,0,0,0,,,,,,0,0,0,0,0,GEN-CH7A
30298133,"2026-02-01 10:36:31","2026-02-01 10:36:31",3EFCAA,Germany,Germany,D-7187,,,,,,Schleicher,GLID,"Schleicher ASW 15 B",15370,,,,,,Private,,,,,,,0,,,,,,0,0,0,0,0,,,,,,0,0,0,0,0,GEN-GLID
30298027,"2026-02-01 10:35:01","2026-02-01 10:35:01",A7CFB0,"United States","United States",N602LJ,,,,,,"Air Tractor",AT6T,"Air Tractor AT-602",602-1228,,,,,,Private,,,2013,,,,0,,,,,,0,0,0,0,0,,,,,,0,0,0,0,0,GEN-AT6T
30297565,"2026-02-01 10:30:14","2026-02-01 10:30:14",4021E4,"United Kingdom","United Kingdom",G-DHVM,,,,,,FFA,VNOM,"FFA Venom FB.50 Mk.1",752,,,,,,"Classic Aircraft Trust",,,1954,,,,0,,,,,,0,0,0,0,0,,,,,,0,0,0,0,0,GEN-VNOM
30297398,"2026-02-01 10:28:18","2026-02-01 10:28:18",40214E,"United Kingdom","United Kingdom",G-BUCK,,,,,,CASA,BU31,"CASA Jungmann 1-131E Srs.1000",1113,,,,,,Private,,,1951,,,,0,,,,,,0,0,0,0,0,,,,,,0,0,0,0,0,GEN-BU31
30297096,"2026-02-01 10:24:58","2026-02-01 10:24:58",A3CEA3,"United States","United States",N34408,,,,,,Aeronca,AR65,"Aeronca Super Chief 65-CA",C-14381,,,,,,Private,,,1941,,,,0,,,,,,0,0,0,0,0,,,,,,0,0,0,0,0,GEN-AR65
30297022,"2026-02-01 10:24:08","2026-02-01 10:24:08",A83380,"United States","United States",N6276Z,,,,,,Cessna,C172,"Cessna 172S Skyhawk SP",172S10745,,,,,,Private,,,,,,,0,,,,,,0,0,0,0,0,,,,,,0,0,0,0,0,GEN-C172
30296508,"2026-02-01 10:18:37","2026-02-01 10:18:37",4018E0,"United Kingdom","United Kingdom",G-AYPJ,,,,,,Piper,P28A,"Piper PA-28 180 Cherokee E",28-5821,,,,,,Private,,,1970,,,,0,,,,,,0,0,0,0,0,,,,,,0,0,0,0,0,GEN-P28A
30296028,"2026-02-01 10:13:09","2026-02-01 10:13:09",42444B,"United Kingdom","United Kingdom",VQ-BGY,,,,,,Airbus,A321,"Airbus A321 231",2105,,,,,,"Ural Airlines",,,2004,,,,0,,,,,,0,0,0,0,0,,,,,,0,0,0,0,0,SVR
30295412,"2026-02-01 10:06:11","2026-02-01 10:06:11",15589E,Russia,Russia,RA-88222,,,,,,Yakovlev,YK40,"Yakovlev Yak-40",9630850,,,,,,"Vladivostok Air",,,,,,,0,,,,,,0,0,0,0,0,,,,,,0,0,0,0,0,GEN-YK40
30295058,"2026-02-01 10:01:57","2026-02-01 10:01:57",A9A434,"United States","United States",N720GT,,,,,,Cessna,C404,"Cessna 404 Titan",404-0133,,,,,,Private,,,1977,,,,0,,,,,,0,0,0,0,0,,,,,,0,0,0,0,0,GEN-C404
30293258,"2026-02-01 09:41:05","2026-02-01 09:41:05",40193A,"United Kingdom","United Kingdom",G-AZGE,,,,,,SNCAN,SV4,"SNCAN Stampe SV-4 C",576,,,,,,Private,,,1947,,,,0,,,,,,0,0,0,0,0,,,,,,0,0,0,0,0,GEN-SV4
30293177,"2026-02-01 09:40:15","2026-02-01 09:40:15",A2F919,"United States","United States",N2909M,,,,,,Piper,PA12,"Piper PA-12 Super Cruiser",12-1435,,,,,,Private,,,1946,,,,0,,,,,,0,0,0,0,0,,,,,,0,0,0,0,0,GEN-PA12
30292987,"2026-02-01 09:38:22","2026-02-01 09:38:22",5081C0,Ukraine,Ukraine,UR-CGX,,,,,,Antonov,AN12,"Antonov An-12 BP",5343510,,,,,,"Shovkoviy Shylah Airlines",,,,,,,0,,,,,,0,0,0,0,0,,,,,,0,0,0,0,0,GEN-AN12
30291664,"2026-02-01 09:23:43","2026-02-01 09:23:43",40449C,"United Kingdom","United Kingdom",G-BZSG,,,,,,"Cyclone Airsports",ULAC,"Cyclone Airsports Pegasus Quantum 15-912",7766,,,,,,Private,,,2001,,,,0,,,,,,0,0,0,0,0,,,,,,0,0,0,0,0,GEN-ULAC
17912,"2022-02-16 07:49:47","2026-02-01 09:23:24",48421B,Netherlands,Netherlands,,,,,,,,-GND,,,,,,,,,,,,,,,0,,,,,,0,0,0,0,0,Missing,,,,,0,0,0,0,0,GEN--GND
30290189,"2026-02-01 09:06:32","2026-02-01 09:06:32",ACA807,"United States","United States",N9141E,,,,,,Aeronca,AR11,"Aeronca Chief 11AC",11AC-776,,,,,,Private,,,1946,,,,0,,,,,,0,0,0,0,0,,,,,,0,0,0,0,0,GEN-AR11
30289922,"2026-02-01 09:03:34","2026-02-01 09:03:34",85153C,Japan,Japan,JA325J,,,,,,Boeing,B738,"Boeing 737NG 846/W",35354,,,,,,"Japan Airlines",,,2009,,,,0,,,,,,0,0,0,0,0,,,,,,0,0,0,0,0,JAL
30289089,"2026-02-01 08:54:23","2026-02-01 08:54:23",A7CE5D,"United States","United States",N60171,,,,,,Beech,BE23,"Beech Musketeer C23 Sundowner 180",M-2148,,,,,,Private,,,,,,,0,,,,,,0,0,0,0,0,,,,,,0,0,0,0,0,GEN-BE23
30287861,"2026-02-01 08:40:19","2026-02-01 08:40:19",851CBC,Japan,Japan,JA3484,,,,,,Fuji,SUBA,"Fuji FA-200 180 Aero Subaru",53,,,,,,Private,,,,,,,0,,,,,,0,0,0,0,0,,,,,,0,0,0,0,0,GEN-SUBA
30287780,"2026-02-01 08:39:23","2026-02-01 08:39:23",86D921,Japan,Japan,JA8313,,,,,,Airbus,A320,"Airbus A320 211",534,,,,,,"All Nippon Airways",,,1995,,,,0,,,,,,0,0,0,0,0,,,,,,0,0,0,0,0,ANA
30285058,"2026-02-01 08:08:00","2026-02-01 08:08:00",600817,Azerbaijan,Azerbaijan,4K-AZ23,,,,,,Antonov,AN12,"Antonov An-12 BK",8345605,,,,,,"Silk Way Airlines",,,,,,,0,,,,,,0,0,0,0,0,,,,,,0,0,0,0,0,AZQ
11102,"2021-11-08 16:26:52","2026-02-01 08:01:17",C87EE8,"New Zealand","New Zealand","",,,,"",,"",ZZZZ,"","",,,,,,"",,,,,,"",0,,,,,,0,0,0,0,0,Missing,,,"","",0,0,0,0,0,GEN-ZZZZ
766556,"2023-10-30 20:59:55","2026-02-01 08:01:17",43BF96,"United Kingdom","United Kingdom","",,,,"",,"",ZANT,"","",,,,,,"",,,,,,"",0,,,,,,0,0,0,0,0,Missing,,,"","",0,0,0,0,0,ZANT
30284453,"2026-02-01 08:00:43","2026-02-01 08:00:43",A4E6FE,"United States","United States",N415D,,,,,,Cessna,C337,"Cessna 337 Super Skymaster",33700154,,,,,,Private,,,1965,,,,0,,,,,,0,0,0,0,0,,,,,,0,0,0,0,0,GEN-C337
30284196,"2026-02-01 07:58:09","2026-02-01 07:58:09",AB26CC,"United States","United States",N81779,,,,,,Aeronca,CH7A,"Aeronca Champion 7AC",7AC-402,,,,,,Private,,,1945,,,,0,,,,,,0,0,0,0,0,,,,,,0,0,0,0,0,GEN-CH7A
30284049,"2026-02-01 07:56:12","2026-02-01 07:56:12",A416C5,"United States","United States",N3625D,,,,,,Cessna,C310,"Cessna 310",35325,,,,,,Private,,,,,,,0,,,,,,0,0,0,0,0,,,,,,0,0,0,0,0,GEN-C310
30283656,"2026-02-01 07:51:24","2026-02-01 07:51:24",ABD63C,"United States","United States",N86192,,,,,,Aeronca,AR11,"Aeronca Chief 11AC",11AC-622,,,,,,Private,,,1946,,,,0,,,,,,0,0,0,0,0,,,,,,0,0,0,0,0,GEN-AR11
30283101,"2026-02-01 07:44:48","2026-02-01 07:44:48",A88A03,"United States","United States",N6497M,,,,,,Cessna,C152,"Cessna 152",15284757,,,,,,Private,,,1980,,,,0,,,,,,0,0,0,0,0,,,,,,0,0,0,0,0,GEN-C152
30283011,"2026-02-01 07:43:42","2026-02-01 07:43:42",A21590,"United States","United States",N233VR,,,,,,Bombardier,LJ60,"Bombardier Learjet 60",60-075,,,,,,"FSB Express LLC",,,,,,,0,,,,,,0,0,0,0,0,,,,,,0,0,0,0,0,GEN-LJ60
30280809,"2026-02-01 07:17:11","2026-02-01 07:17:11",4073C9,"United Kingdom","United Kingdom",G-CKJX,,,,,,"Airbus Helicopters",EC35,"Airbus Helicopters Juno HT.1",2031,,,,,,"Airbus Helicopters UK Ltd",,,2017,,,,0,,,,,,0,0,0,0,0,,,,,,0,0,0,0,0,GEN-EC35
30280744,"2026-02-01 07:16:28","2026-02-01 07:16:28",A77FB5,"United States","United States",N5820G,,,,,,Cessna,C150,"Cessna 150K",15071320,,,,,,Private,,,1970,,,,0,,,,,,0,0,0,0,0,,,,,,0,0,0,0,0,GEN-C150
30280432,"2026-02-01 07:12:41","2026-02-01 07:12:41",AD4E67,"United States","United States",N9568F,,,,,,Hughes,H269,"Hughes 269 B",31-0460,,,,,,Private,,,1971,,,,0,,,,,,0,0,0,0,0,,,,,,0,0,0,0,0,GEN-H269
30280027,"2026-02-01 07:07:41","2026-02-01 07:07:41",3823DA,France,France,F-WWFU,,,,,,Dassault,F900,"Dassault Falcon 900LX",295,,,,,,"Dassault Aviation",,,2015,,,,0,,,,,,0,0,0,0,0,,,,,,0,0,0,0,0,GEN-F900
30279653,"2026-02-01 07:03:21","2026-02-01 07:03:21",AD6686,"United States","United States",N9624P,,,,,,Piper,PA25,"Piper PA-25 235 Pawnee D",25-7405790,,,,,,Private,,,,,,,0,,,,,,0,0,0,0,0,,,,,,0,0,0,0,0,GEN-PA25
30279188,"2026-02-01 06:57:35","2026-02-01 06:57:35",3E32AC,Germany,Germany,D-IKJS,,,,,,Cessna,C25A,"Cessna Citation CJ2",525A0029,,,,,,"Solid-Air GmbH",,,,,,,0,,,,,,0,0,0,0,0,,,,,,0,0,0,0,0,GEN-C25A
30278655,"2026-02-01 06:51:12","2026-02-01 06:51:12",401A97,"United Kingdom","United Kingdom",G-BAZC,,,,,,Robin,DR40,"Robin DR.400 160 Chevalier",824,,,,,,Private,,,1973,,,,0,,,,,,0,0,0,0,0,,,,,,0,0,0,0,0,GEN-DR40
30277778,"2026-02-01 06:40:39","2026-02-01 06:40:39",A4BE17,"United States","United States",N40416,,,,,,"Advanced Aviation",ULAC,"Advanced Aviation King Cobra",K122002,,,,,,Private,,,,,,,0,,,,,,0,0,0,0,0,,,,,,0,0,0,0,0,GEN-ULAC
30277739,"2026-02-01 06:40:02","2026-02-01 06:40:02",A11166,"United States","United States",N168WM,,,,,,"Gulfstream Aerospace",GLF4,"Gulfstream Aerospace GIV",1002,,,,,,"Jet Crew Services LLC",,,1986,,,,0,,,,,,0,0,0,0,0,,,,,,0,0,0,0,0,GEN-GLF4
30277108,"2026-02-01 06:32:42","2026-02-01 06:32:42",A46FCB,"United States","United States",N385VU,,,,,,Piper,PA23,"Piper PA-23 Apache 150",23-1068,,,,,,Private,,,1957,,,,0,,,,,,0,0,0,0,0,,,,,,0,0,0,0,0,GEN-PA23
30276423,"2026-02-01 06:24:50","2026-02-01 06:24:50",A705EC,"United States","United States",N5513J,,,,,,Piper,PA32,"Piper PA-32 260 Cherokee Six",32-970,,,,,,Private,,,1967,,,,0,,,,,,0,0,0,0,0,,,,,,0,0,0,0,0,GEN-PA32
30276386,"2026-02-01 06:24:22","2026-02-01 06:24:22",A630DE,"United States","United States",N4985G,,,,,,Steen,BOLT,"Steen Skybolt",1,,,,,,Private,,,,,,,0,,,,,,0,0,0,0,0,,,,,,0,0,0,0,0,GEN-BOLT
30276196,"2026-02-01 06:22:19","2026-02-01 06:22:19",A3781D,"United States","United States",N3220G,,,,,,"National Ballooning",BALL,"National Ballooning 752-12 Hot Air Balloon",0127,,,,,,Private,,,1982,,,,0,,,,,,0,0,0,0,0,,,,,,0,0,0,0,0,GEN-BALL
30275655,"2026-02-01 06:15:43","2026-02-01 06:15:43",A9C155,"United States","United States",N728AS,,,,,,Cessna,C337,"Cessna 337G Super Skymaster",33701674,,,,,,Private,,,,,,,0,,,,,,0,0,0,0,0,,,,,,0,0,0,0,0,GEN-C337
30274703,"2026-02-01 06:04:31","2026-02-01 06:04:31",ACDABA,"United States","United States",N9271V,,,,,,Mooney,M20P,"Mooney M.20F Executive 21",690075,,,,,,Private,,,,,,,0,,,,,,0,0,0,0,0,,,,,,0,0,0,0,0,GEN-M20P
30274044,"2026-02-01 05:56:56","2026-02-01 05:56:56",A57CEF,"United States","United States",N4527Z,,,,,,Piper,PA22,"Piper PA-22 108 Colt",22-8030,,,,,,Private,,,1961,,,,0,,,,,,0,0,0,0,0,,,,,,0,0,0,0,0,GEN-PA22
30273426,"2026-02-01 05:49:28","2026-02-01 05:49:28",AC52B8,"United States","United States",N893Z,,,,,,"Amateur Built",GYRO,"Amateur Built Bensen Gyrocopter B.8M",LES-1581,,,,,,Private,,,,,,,0,,,,,,0,0,0,0,0,,,,,,0,0,0,0,0,GEN-GYRO
30273302,"2026-02-01 05:47:48","2026-02-01 05:47:48",A667EA,"United States","United States",N5113C,,,,,,Cessna,C310,"Cessna 310R Turbo",310R-1508,,,,,,Private,,,1978,,,,0,,,,,,0,0,0,0,0,,,,,,0,0,0,0,0,GEN-C310
30273303,"2026-02-01 05:47:48","2026-02-01 05:47:48",148359,Russia,Russia,RA-33625,,,,,,Antonov,AN2,"Antonov An-2 R",1G233-09,,,,,,"Operator Unknown",,,,,,,0,,,,,,0,0,0,0,0,,,,,,0,0,0,0,0,GEN-AN2
30272921,"2026-02-01 05:42:43","2026-02-01 05:42:43",A77281,"United States","United States",N5792L,,,,,,"American Aviation",AA1,"American Aviation AA-1 Yankee",AA1-0192,,,,,,Private,,,1969,,,,0,,,,,,0,0,0,0,0,,,,,,0,0,0,0,0,GEN-AA1
30272845,"2026-02-01 05:41:50","2026-02-01 05:41:50",A81285,"United States","United States",N6190,,,,,,"Amateur Built",NPOR,"Amateur Built Nieuport 28 Scale Replica",AA102,,,,,,Private,,,1976,,,,0,,,,,,0,0,0,0,0,,,,,,0,0,0,0,0,GEN-NPOR
30272779,"2026-02-01 05:40:53","2026-02-01 05:40:53",ABA631,"United States","United States",N85NF,,,,,,Rutan,VVIG,"Rutan VariViggen Rl-1A",524,,,,,,Private,,,1989,,,,0,,,,,,0,0,0,0,0,,,,,,0,0,0,0,0,GEN-VVIG
30272581,"2026-02-01 05:38:32","2026-02-01 05:38:32",A67A60,"United States","United States",N5162J,,,,,,Hughes,H269,"Hughes TH-55A Osage",??-0674,,,,,,Private,,,,,,,0,,,,,,0,0,0,0,0,,,,,,0,0,0,0,0,GEN-H269
30272582,"2026-02-01 05:38:32","2026-02-01 05:38:32",A8E6BE,"United States","United States",N6729E,,,,,,Cessna,C172,"Cessna 172N Skyhawk",17272057,,,,,,Private,,,1978,,,,0,,,,,,0,0,0,0,0,,,,,,0,0,0,0,0,GEN-C172
30272320,"2026-02-01 05:35:29","2026-02-01 05:35:29",A02E1E,"United States","United States",N110VR,,,,,,Cessna,C55B,"Cessna Citation Bravo",550-1100,,,,,,"T & T Enterprises LLC",,,2005,,,,0,,,,,,0,0,0,0,0,,,,,,0,0,0,0,0,GEN-C55B
30271426,"2026-02-01 05:23:25","2026-02-01 05:23:25",424599,Bermuda,Bermuda,VQ-BSL,,,,,,Airbus,A320,"Airbus A320 214SL",6060,,,,,,Aeroflot,,,2014,,,,0,,,,,,0,0,0,0,0,,,,,,0,0,0,0,0,AFL
30271319,"2026-02-01 05:21:58","2026-02-01 05:21:58",A1FAA1,"United States","United States",N2267J,,,,,,Cessna,C150,"Cessna 150G",15065467,,,,,,Private,,,1966,,,,0,,,,,,0,0,0,0,0,,,,,,0,0,0,0,0,GEN-C150
30270869,"2026-02-01 05:16:32","2026-02-01 05:16:32",A98019,"United States","United States",N711DK,,,,,,"Cirrus Design",SR22,"Cirrus Design SR22",1072,,,,,,Private,,,2004,,,,0,,,,,,0,0,0,0,0,,,,,,0,0,0,0,0,GEN-SR22
30269898,"2026-02-01 05:04:16","2026-02-01 05:04:16",C09AEC,Canada,Canada,C-IGRJ,,,,,,Sylvaire,ALBU,"Sylvaire Bushmaster",850329-200-004,,,,,,Private,,,,,,,0,,,,,,0,0,0,0,0,,,,,,0,0,0,0,0,GEN-ALBU
30269781,"2026-02-01 05:02:50","2026-02-01 05:02:50",A8F834,"United States","United States",N6771,,,,,,Davis,DA2,"Davis DA-2 A",67,,,,,,Private,,,1970,,,,0,,,,,,0,0,0,0,0,,,,,,0,0,0,0,0,GEN-DA2
30269010,"2026-02-01 04:52:51","2026-02-01 04:52:51",A841F1,"United States","United States",N631FA,,,,,,Swearingen,SW4,"Swearingen Merlin IVA",AT-069,,,,,,"Firstair Group",,,1978,,,,0,,,,,,0,0,0,0,0,,,,,,0,0,0,0,0,GEN-SW4
30267928,"2026-02-01 04:38:46","2026-02-01 04:38:46",A32D4F,"United States","United States",N3033Y,,,,,,Cessna,C182,"Cessna 182E Skylane",18254033,,,,,,Private,,,,,,,0,,,,,,0,0,0,0,0,,,,,,0,0,0,0,0,GEN-C182
30266790,"2026-02-01 04:23:23","2026-02-01 04:23:23",4053A8,"United Kingdom","United Kingdom",G-PENH,,,,,,Ultramagic,BALL,"Ultramagic M-90 Hot Air Balloon",90/98,,,,,,Private,,,2007,,,,0,,,,,,0,0,0,0,0,,,,,,0,0,0,0,0,GEN-BALL
30266692,"2026-02-01 04:22:01","2026-02-01 04:22:01",A69683,"United States","United States",N5230Z,,,,,,Piper,PA22,"Piper PA-22 108 Colt",22-8907,,,,,,Private,,,1961,,,,0,,,,,,0,0,0,0,0,,,,,,0,0,0,0,0,GEN-PA22
30266644,"2026-02-01 04:21:32","2026-02-01 04:21:32",A1C335,"United States","United States",N212ZF,,,,,,Vans,RV12,"Vans RV-12",120136,,,,,,Private,,,2011,,,,0,,,,,,0,0,0,0,0,,,,,,0,0,0,0,0,GEN-RV12
30265350,"2026-02-01 04:04:12","2026-02-01 04:04:12",A66F54,"United States","United States",N51329,,,,,,Fairchild,FA62,"Fairchild PT-19A M-62A",T42-3265,,,,,,Private,,,1942,,,,0,,,,,,0,0,0,0,0,,,,,,0,0,0,0,0,GEN-FA62
30264818,"2026-02-01 03:57:31","2026-02-01 03:57:31",AB1B58,"United States","United States",5Y-CCV,,,,,,Cessna,C208,"Cessna 208 EX",208B5031,,,,,,"Air Kenya",,,2013,,,,0,,,,,,0,0,0,0,0,,,,,,0,0,0,0,0,GEN-C208
30264780,"2026-02-01 03:57:07","2026-02-01 03:57:07",A4BF2A,"United States","United States",N40491,,,,,,Cameron,BALL,"Cameron N-77 Hot Air Balloon",6215,,,,,,Private,,,,,,,0,,,,,,0,0,0,0,0,,,,,,0,0,0,0,0,GEN-BALL
30264378,"2026-02-01 03:51:30","2026-02-01 03:51:30",C05740,Canada,Canada,C-GHBB,,,,,,Eurocopter,EC20,"Eurocopter EC120B Colibri",1091,,,,,,Private,,,2000,,,,0,,,,,,0,0,0,0,0,,,,,,0,0,0,0,0,GEN-EC20
30264068,"2026-02-01 03:47:15","2026-02-01 03:47:15",880004,Thailand,Thailand,HS-TGJ,,,,,,Boeing,B744,"Boeing 747 4D7BCF",24459,,,,,,"Thai Airways International",,,1990,,,,0,,,,,,0,0,0,0,0,,,,,,0,0,0,0,0,THA
30263617,"2026-02-01 03:40:41","2026-02-01 03:40:41",A65AE4,"United States","United States",N5086T,,,,,,"Raven Aerostar",BALL,"Raven Aerostar RX.9 Hot Air Balloon",RX9-3022,,,,,,Private,,,,,,,0,,,,,,0,0,0,0,0,,,,,,0,0,0,0,0,GEN-BALL
30261111,"2026-02-01 03:06:05","2026-02-01 03:06:05",C0A744,Canada,Canada,C-ILIX,,,,,,"Zénith",CH70,"Zénith Zenair STOL CH 701X",20100D2,,,,,,Private,,,,,,,0,,,,,,0,0,0,0,0,,,,,,0,0,0,0,0,GEN-CH70
30260539,"2026-02-01 02:57:36","2026-02-01 02:57:36",A6EB94,"United States","United States",N545MB,,,,,,Embraer,E545,"Embraer Legacy 450",55010012,,,,,,"John R Miller Enterprises IV LLC",,,2016,,,,0,,,,,,0,0,0,0,0,,,,,,0,0,0,0,0,GEN-E545
30260288,"2026-02-01 02:54:23","2026-02-01 02:54:23",A8F519,"United States","United States",N6765R,,,,,,Cessna,C210,"Cessna T210F Turbo-System Centurion",T210-0165,,,,,,Private,,,1966,,,,0,,,,,,0,0,0,0,0,,,,,,0,0,0,0,0,GEN-C210
30259874,"2026-02-01 02:49:05","2026-02-01 02:49:05",A70A18,"United States","United States",N5526W,,,,,,"Thrush Aircraft",SS2T,"Thrush Aircraft Turbo Thrush S2R-H80",H80-222DC,,,,,,Private,,,,,,,0,,,,,,0,0,0,0,0,,,,,,0,0,0,0,0,GEN-SS2T
30259446,"2026-02-01 02:43:13","2026-02-01 02:43:13",A62373,"United States","United States",N495J,,,,,,Rans,COY2,"Rans Coyote S-4",94218,,,,,,Private,,,1996,,,,0,,,,,,0,0,0,0,0,,,,,,0,0,0,0,0,GEN-COY2
30259311,"2026-02-01 02:41:28","2026-02-01 02:41:28",008D61,"South Africa","South Africa",ZS-FBC,,,,,,Piper,P28A,"Piper PA-28 140 Cherokee",28-23278,,,,,,Private,,,1967,,,,0,,,,,,0,0,0,0,0,,,,,,0,0,0,0,0,GEN-P28A
30258801,"2026-02-01 02:34:46","2026-02-01 02:34:46",C824EA,"New Zealand","New Zealand",ZK-ICM,,,,,,Eurocopter,EC35,"Eurocopter EC135 P2+",0632,,,,,,Private,,,2007,,,,0,,,,,,0,0,0,0,0,,,,,,0,0,0,0,0,GEN-EC35
30258261,"2026-02-01 02:27:57","2026-02-01 02:27:57",AD4C85,"United States","United States",N956SD,,,,,,"MD Helicopters",MD52,"MD Helicopters MD 520N",LN-081,,,,,,Private,,,,,,,0,,,,,,0,0,0,0,0,,,,,,0,0,0,0,0,GEN-MD52
30257378,"2026-02-01 02:16:17","2026-02-01 02:16:17",AB3396,"United States","United States",N82024,,,,,,Aeronca,CH7A,"Aeronca Champion 7AC",7AC-650,,,,,,Private,,,1946,,,,0,,,,,,0,0,0,0,0,,,,,,0,0,0,0,0,GEN-CH7A
30257274,"2026-02-01 02:14:56","2026-02-01 02:14:56",A6A635,"United States","United States",N52763,,,,,,Cessna,C182,"Cessna 182P Skylane",18262830,,,,,,Private,,,1974,,,,0,,,,,,0,0,0,0,0,,,,,,0,0,0,0,0,GEN-C182
30257241,"2026-02-01 02:14:31","2026-02-01 02:14:31",A63093,"United States","United States",N4983B,,,,,,Cessna,C152,"Cessna 152",15283738,,,,,,Private,,,1979,,,,0,,,,,,0,0,0,0,0,,,,,,0,0,0,0,0,GEN-C152
30256842,"2026-02-01 02:09:17","2026-02-01 02:09:17",A38F55,"United States","United States",N3287,,,,,,Enstrom,EN28,"Enstrom F-28 A",243,,,,,,Private,,,,,,,0,,,,,,0,0,0,0,0,,,,,,0,0,0,0,0,GEN-EN28
30256597,"2026-02-01 02:05:59","2026-02-01 02:05:59",A1F436,"United States","United States",N225GM,,,,,,Bell,B06,"Bell 206B Jet Ranger III",4579,,,,,,Private,,,,,,,0,,,,,,0,0,0,0,0,,,,,,0,0,0,0,0,GEN-B06
30256433,"2026-02-01 02:03:28","2026-02-01 02:03:28",A98E52,"United States","United States",N71473,,,,,,Luscombe,L8,"Luscombe Silvaire 8A",2900,,,,,,Private,,,,,,,0,,,,,,0,0,0,0,0,,,,,,0,0,0,0,0,GEN-L8
30255715,"2026-02-01 01:53:50","2026-02-01 01:53:50",A3E66F,"United States","United States",N350ST,,,,,,Eurocopter,AS50,"Eurocopter Squirrel AS.350 B2 SD2",2789,,,,,,"Rotor Aviation Consulting",,,1994,,,,0,,,,,,0,0,0,0,0,,,,,,0,0,0,0,0,GEN-AS50
30255696,"2026-02-01 01:53:40","2026-02-01 01:53:40",A4D3B0,"United States","United States",N41VP,,,,,,Cessna,C560,"Cessna Citation Encore",560-0626,,,,,,"Citation Technology Partners",,,,,,,0,,,,,,0,0,0,0,0,,,,,,0,0,0,0,0,GEN-C560
30255505,"2026-02-01 01:51:11","2026-02-01 01:51:11",A4E06A,"United States","United States",N413MT,,,,,,"Lancair International",LNP4,"Lancair International Lancair IV PT",LIV-517,,,,,,Private,,,2006,,,,0,,,,,,0,0,0,0,0,,,,,,0,0,0,0,0,GEN-LNP4
30255331,"2026-02-01 01:48:47","2026-02-01 01:48:47",AA5EE1,"United States","United States",N7677L,,,,,,Sikorsky,S76,"Sikorsky S-76 D",761077,,,,,,"Sikorsky Aircraft Corporation",,,2015,,,,0,,,,,,0,0,0,0,0,,,,,,0,0,0,0,0,GEN-S76
30254970,"2026-02-01 01:43:38","2026-02-01 01:43:38",43EBAC,Guernsey,Guernsey,2-TBXU,,,,,,Airbus,A321,"Airbus A321 232",802,,,,,,"Asiana Airlines",,,1998,,,,0,,,,,,0,0,0,0,0,,,,,,0,0,0,0,0,GEN-A321
30252854,"2026-02-01 01:15:39","2026-02-01 01:15:39",C02897,Canada,Canada,C-FPJQ,,,,,,Cessna,C140,"Cessna 140",13271,,,,,,Private,,,1948,,,,0,,,,,,0,0,0,0,0,,,,,,0,0,0,0,0,GEN-C140
30251823,"2026-02-01 01:00:58","2026-02-01 01:00:58",4B3E83,Switzerland,Switzerland,HB-XRN,,,,,,Aerospatiale,LAMA,"Aerospatiale Lama SA.315B",2309,,,,,,Private,,,1972,,,,0,,,,,,0,0,0,0,0,,,,,,0,0,0,0,0,GEN-LAMA
30251511,"2026-02-01 00:56:42","2026-02-01 00:56:42",A5B64A,"United States","United States",N4672R,,,,,,Piper,P28A,"Piper PA-28 140 Cherokee",28-21429,,,,,,Private,,,1966,,,,0,,,,,,0,0,0,0,0,,,,,,0,0,0,0,0,GEN-P28A
30251037,"2026-02-01 00:51:41","2026-02-01 00:51:41",AD11B3,"United States","United States",N941JM,,,,,,Cessna,C550,"Cessna Citation II",550-0146,,,,,,"Slice of the 406 LLC",,,,,,,0,,,,,,0,0,0,0,0,,,,,,0,0,0,0,0,GEN-C550
483840,"2026-02-01 00:51:40","2026-02-01 00:51:40",3F798B,Germany,Germany,78+07,,,,,,NHI,NH90,"NHIndustries NH90-TTH",,,,,,,"German Army",,,,,,"JT: 2026-02-01 00:50:39",0,,,,,,1,0,0,0,0,,,,,,0,0,0,0,0,GAM-NH90
28241286,"2026-02-01 00:51:40","2026-02-01 00:51:40",3FB026,Germany,Germany,77+??,,,,,,,EC45,"Airbus Helicopters H-145M",,,,,,,"German Army",,,,,,"JT: 2026-02-01 00:50:39",0,,,,,,1,0,0,0,0,,,,,,0,0,0,0,0,GAM-EC45
28862014,"2026-02-01 00:51:40","2026-02-01 00:51:40",3EA0D3,Germany,Germany,7?+??,,,,,,,NH90,"NHIndustries NH90-NTH",,,,,,,"German Navy",,,,,,"JT: 2026-02-01 00:50:39",0,,,,,,1,0,0,0,0,,,,,,0,0,0,0,0,GNY-NH90
29487850,"2026-02-01 00:51:40","2026-02-01 00:51:40",3EA833,Germany,Germany,3?+??,,,,,,,EUFI,"Eurofighter Typhoon EF2000",,,,,,,"German Air Force",,,,,,"JT: 2026-02-01 00:50:39",0,,,,,,1,0,0,0,0,,,,,,0,0,0,0,0,GAF-EUFI
29488114,"2026-02-01 00:51:40","2026-02-01 00:51:40",3FB6C2,Germany,Germany,3?+??,,,,,,,EUFI,"Eurofighter Typhoon EF2000",,,,,,,"German Air Force",,,,,,"JT: 2026-02-01 00:50:39",0,,,,,,1,0,0,0,0,,,,,,0,0,0,0,0,GAF-EUFI
29488137,"2026-02-01 00:51:40","2026-02-01 00:51:40",3F9A58,Germany,Germany,30+12,,,,,,,EUFI,"Eurofighter Typhoon EF2000",,,,,,,"German Air Force",,,,,,"JT: 2026-02-01 00:50:39",0,,,,,,1,0,0,0,0,,,,,,0,0,0,0,0,GAF-EUFI
29488314,"2026-02-01 00:51:40","2026-02-01 00:51:40",3FBA7B,Germany,Germany,4?+??,,,,,,,TOR,"Panavia Tornado",,,,,,,"German Air Force",,,,,,"JT: 2026-02-01 00:50:39",0,,,,,,1,0,0,0,0,,,,,,0,0,0,0,0,GAF-TOR
29488423,"2026-02-01 00:51:40","2026-02-01 00:51:40",3E9D77,Germany,Germany,74+??,,,,,,,TIGR,"Eurocopter EC.665 Tiger",,,,,,,"German Army",,,,,,"JT: 2026-02-01 00:50:39",0,,,,,,1,0,0,0,0,,,,,,0,0,0,0,0,GAM-TIGR
29488726,"2026-02-01 00:51:40","2026-02-01 00:51:40",3F816E,Germany,Germany,76+??,,,,,,,EC45,"Airbus Helicopters H-145M",,,,,,,"German Army",,,,,,"JT: 2026-02-01 00:50:39",0,,,,,,1,0,0,0,0,,,,,,0,0,0,0,0,GAM-EC45
29488794,"2026-02-01 00:51:40","2026-02-01 00:51:40",3F56A1,Germany,Germany,77+??,,,,,,,EC45,"Airbus Helicopters H-145M",,,,,,,"German Army",,,,,,"JT: 2026-02-01 00:50:39",0,,,,,,1,0,0,0,0,,,,,,0,0,0,0,0,GAM-EC45
29488835,"2026-02-01 00:51:40","2026-02-01 00:51:40",3E8321,Germany,Germany,7?+??,,,,,,,NH90,"NHIndustries NH90-TTH",,,,,,,"German Army",,,,,,"JT: 2026-02-01 00:50:39",0,,,,,,1,0,0,0,0,,,,,,0,0,0,0,0,GAM-NH90
29488906,"2026-02-01 00:51:40","2026-02-01 00:51:40",3EAC49,Germany,Germany,7?+??,,,,,,,NH90,"NHIndustries NH90-TTH",,,,,,,"German Army",,,,,,"JT: 2026-02-01 00:50:39",0,,,,,,1,0,0,0,0,,,,,,0,0,0,0,0,GAM-NH90
29489069,"2026-02-01 00:51:40","2026-02-01 00:51:40",3F8C8F,Germany,Germany,7?+??,,,,,,,NH90,"NHIndustries NH90-TTH",,,,,,,"German Army",,,,,,"JT: 2026-02-01 00:50:39",0,,,,,,1,0,0,0,0,,,,,,0,0,0,0,0,GAM-NH90
29489386,"2026-02-01 00:51:40","2026-02-01 00:51:40",3F8AC9,Germany,Germany,83+??,,,,,,,LYNX,"Westland Lynx Mk.88A",,,,,,,"German Navy",,,,,,"JT: 2026-02-01 00:50:39",0,,,,,,1,0,0,0,0,,,,,,0,0,0,0,0,GNY-LYNX
29489432,"2026-02-01 00:51:40","2026-02-01 00:51:40",3FBDC8,Germany,Germany,83+23,,,,,,,LYNX,"Westland Lynx Mk.88A",,,,,,,"German Navy",,,,,,"JT: 2026-02-01 00:50:39",0,,,,,,1,0,0,0,0,,,,,,0,0,0,0,0,GNY-LYNX
29489523,"2026-02-01 00:51:40","2026-02-01 00:51:40",3EA011,Germany,Germany,8?+??,,,,,,,H53,"Sikorsky CH-53GA Stallion",,,,,,,"German Air Force",,,,,,"JT: 2026-02-01 00:50:39",0,,,,,,1,0,0,0,0,,,,,,0,0,0,0,0,GAF-H53
29489590,"2026-02-01 00:51:40","2026-02-01 00:51:40",3EBA20,Germany,Germany,8?+??,,,,,,,H53,"Sikorsky CH-53GA Stallion",,,,,,,"German Air Force",,,,,,"JT: 2026-02-01 00:50:39",0,,,,,,1,0,0,0,0,,,,,,0,0,0,0,0,GAF-H53
29489784,"2026-02-01 00:51:40","2026-02-01 00:51:40",3F8401,Germany,Germany,8?+??,,,,,,,H53,"Sikorsky CH-53GA Stallion",,,,,,,"German Air Force",,,,,,"JT: 2026-02-01 00:50:39",0,,,,,,1,0,0,0,0,,,,,,0,0,0,0,0,GAF-H53
29489793,"2026-02-01 00:51:40","2026-02-01 00:51:40",3F87E1,Germany,Germany,8?+??,,,,,,,H53,"Sikorsky CH-53GA Stallion",,,,,,,"German Air Force",,,,,,"JT: 2026-02-01 00:50:39",0,,,,,,1,0,0,0,0,,,,,,0,0,0,0,0,GAF-H53
29489804,"2026-02-01 00:51:40","2026-02-01 00:51:40",3F8A97,Germany,Germany,8?+??,,,,,,,H53,"Sikorsky CH-53GA Stallion",,,,,,,"German Air Force",,,,,,"JT: 2026-02-01 00:50:39",0,,,,,,1,0,0,0,0,,,,,,0,0,0,0,0,GAF-H53
29489895,"2026-02-01 00:51:40","2026-02-01 00:51:40",3FAD09,Germany,Germany,8?+??,,,,,,,H53,"Sikorsky CH-53GA Stallion",,,,,,,"German Air Force",,,,,,"JT: 2026-02-01 00:50:39",0,,,,,,1,0,0,0,0,,,,,,0,0,0,0,0,GAF-H53
30250803,"2026-02-01 00:47:19","2026-02-01 00:47:19",3FEE97,Germany,Germany,D-MLIP,,,,,,Bilsam,ZZZZ,"Bilsam SC07 Speed Cruiser",,,,,,,Private,,,,,,,0,,,,,,0,0,0,0,0,,,,,,0,0,0,0,0,GEN-ZZZZ
30250781,"2026-02-01 00:47:09","2026-02-01 00:47:09",3C0927,Germany,Germany,D-ASMC,,,,,,Boeing,B39M,"Boeing 737MAX 9",64967,,,,,,"SunExpress Germany",,,2019,,,,0,,,,,,0,0,0,0,0,,,,,,0,0,0,0,0,SXD
30250327,"2026-02-01 00:41:01","2026-02-01 00:41:01",A83046,"United States","United States",N627AH,,,,,,"Airbus Helicopters",EC45,"Airbus Helicopters MBB-BK 117 C-2 (H145)",9852,,,,,,"Metro Aviation",,,2020,,,,0,,,,,,0,0,0,0,0,,,,,,0,0,0,0,0,GEN-EC45
30249998,"2026-02-01 00:36:32","2026-02-01 00:36:32",A892CA,"United States","United States",N6510A,,,,,,Cessna,C180,"Cessna 180",32407,,,,,,Private,,,,,,,0,,,,,,0,0,0,0,0,,,,,,0,0,0,0,0,GEN-C180
30249931,"2026-02-01 00:35:25","2026-02-01 00:35:25",A88A62,"United States","United States",N65AA,,,,,,"Raven Aerostar",BALL,"Raven Aerostar S-55A Hot Air Balloon",S55A-154,,,,,,Private,,,,,,,0,,,,,,0,0,0,0,0,,,,,,0,0,0,0,0,GEN-BALL
30249800,"2026-02-01 00:33:17","2026-02-01 00:33:17",AC2022,"United States","United States",N880ZP,,,,,,Bombardier,GLEX,"Bombardier Global Express",9104,,,,,,"Kirra Aircraft Leasing Trust No 1",,,2001,,,,0,,,,,,0,0,0,0,0,,,,,,0,0,0,0,0,GEN-GLEX
30249654,"2026-02-01 00:31:14","2026-02-01 00:31:14",A480A9,"United States","United States",N39CG,,,,,,Denney,FOX,"Denney Kitfox Srs.5 Vixen",V94030007,,,,,,Private,,,1995,,,,0,,,,,,0,0,0,0,0,,,,,,0,0,0,0,0,GEN-FOX
30248765,"2026-02-01 00:19:14","2026-02-01 00:19:14",84BAE4,Japan,Japan,JA221A,,,,,,Rolladen-Schneider,GLID,"Rolladen-Schneider LS8 18",8482,,,,,,Private,,,2003,,,,0,,,,,,0,0,0,0,0,,,,,,0,0,0,0,0,GEN-GLID
30248430,"2026-02-01 00:15:04","2026-02-01 00:15:04",499036,"Czech Republic","Czech Republic",OK-DAV,,,,,,Extra,E300,"Extra EA.300 L",1265,,,,,,Private,,,2007,,,,0,,,,,,0,0,0,0,0,,,,,,0,0,0,0,0,GEN-E300
30247822,"2026-02-01 00:06:39","2026-02-01 00:06:39",A9BB51,"United States","United States",N726RD,,,,,,Rutan,DEFI,"Rutan Defiant",26,,,,,,Private,,,,,,,0,,,,,,0,0,0,0,0,,,,,,0,0,0,0,0,GEN-DEFI
