AircraftID,FirstCreated,LastModified,ModeS,ModeSCountry,Country,Registration,CurrentRegDate,PreviousID,FirstRegDate,Status,DeRegDate,Manufacturer,ICAOTypeCode,Type,SerialNo,PopularName,GenericName,AircraftClass,Engines,OwnershipStatus,RegisteredOwners,MTOW,TotalHours,YearBuilt,CofACategory,CofAExpiry,UserNotes,Interested,UserTag,InfoURL,PictureURL1,PictureURL2,PictureURL3,UserBool1,UserBool2,UserBool3,UserBool4,UserBool5,UserString1,UserString2,UserString3,UserString4,UserString5,UserInt1,UserInt2,UserInt3,UserInt4,UserInt5,OperatorFlagCode
28328450,"2026-01-15 23:56:12","2026-01-15 23:56:12",A61F4B,"United States","United States",N494DM,,,,,,Beech,BE18,"Beech C-45H",AF-488,,,,,,Private,,,,,,,0,,,,,,0,0,0,0,0,,,,,,0,0,0,0,0,GEN-BE18
28328007,"2026-01-15 23:50:29","2026-01-15 23:50:29",4B9448,Turkey,Turkey,TC-EBH,,,,,,Piper,PA18,"Piper PA-18 L-18C Super Cub",18-977,,,,,,"Turkish Air Force",,,1951,,,,0,,,,,,1,0,0,0,0,,,,,,0,0,0,0,0,HVK
28327862,"2026-01-15 23:48:31","2026-01-15 23:48:31",45A078,Denmark,Denmark,OY-HCX,,,,,,Glaser-Dirks,DG80,"Glaser-Dirks DG-800S",8-38S9,,,,,,Private,,,1994,,,,0,,,,,,0,0,0,0,0,,,,,,0,0,0,0,0,GEN-DG80
28327843,"2026-01-15 23:48:20","2026-01-15 23:48:20",A43371,"United States","United States",N37WL,,,,,,Vans,RV6,"Vans RV-6",1,,,,,,Private,,,,,,,0,,,,,,0,0,0,0,0,,,,,,0,0,0,0,0,GEN-RV6
28327656,"2026-01-15 23:45:56","2026-01-15 23:45:56",A7168E,"United States","United States",N556JS,,,,,,Reims/Cessna,C172,"Reims/Cessna F172G",0197,,,,,,Private,,,1965,,,,0,,,,,,0,0,0,0,0,,,,,,0,0,0,0,0,GEN-C172
28327605,"2026-01-15 23:45:17","2026-01-15 23:45:17",4B439C,Switzerland,Switzerland,HB-ZPS,,,,,,Eurocopter,AS50,"Eurocopter Squirrel AS.350 B3",7146,,,,,,"Helitrade AG",,,2011,,,,0,,,,,,0,0,0,0,0,,,,,,0,0,0,0,0,GEN-AS50
28326889,"2026-01-15 23:35:25","2026-01-15 23:35:25",A8E238,"United States","United States",N6713H,,,,,,Cessna,C172,"Cessna 172M Skyhawk",17265552,,,,,,Private,,,,,,,0,,,,,,0,0,0,0,0,,,,,,0,0,0,0,0,GEN-C172
28326506,"2026-01-15 23:30:25","2026-01-15 23:30:25",3900B7,France,France,F-GAFX,,,,,,SOCATA,RALL,"SOCATA Rallye MS.893E 180GT Gaillard",12757,,,,,,Private,,,,,,,0,,,,,,0,0,0,0,0,,,,,,0,0,0,0,0,GEN-RALL
28325508,"2026-01-15 23:17:17","2026-01-15 23:17:17",A524DC,"United States","United States",N430TW,,,,,,"Raytheon Aircraft Company",BE20,"Raytheon Aircraft Company King Air B200",BB-1935,,,,,,"Avcorp US Registrations LLC",,,,,,,0,,,,,,0,0,0,0,0,,,,,,0,0,0,0,0,GEN-BE20
28325239,"2026-01-15 23:13:47","2026-01-15 23:13:47",AC92F9,"United States","United States",N9090F,,,,,,Hughes,H500,"Hughes 369 HS",61-0325S,,,,,,Private,,,1971,,,,0,,,,,,0,0,0,0,0,,,,,,0,0,0,0,0,GEN-H500
28324401,"2026-01-15 23:02:40","2026-01-15 23:02:40",A5AAF2,"United States","United States",N4641,,,,,,Schreder,GLID,"Schreder HP 14",14-64,,,,,,Private,,,,,,,0,,,,,,0,0,0,0,0,,,,,,0,0,0,0,0,GEN-GLID
28324242,"2026-01-15 23:00:47","2026-01-15 23:00:47",A1FE74,"United States","United States",N2278B,,,,,,Schreder,GLID,"Schreder HP 11 w",71,,,,,,Private,,,,,,,0,,,,,,0,0,0,0,0,,,,,,0,0,0,0,0,GEN-GLID
28324060,"2026-01-15 22:58:22","2026-01-15 22:58:22",A249AF,"United States","United States",N24670,,,,,,Beech,BE23,"Beech Musketeer C23 Sundowner 180",M-1464,,,,,,Private,,,,,,,0,,,,,,0,0,0,0,0,,,,,,0,0,0,0,0,GEN-BE23
28323635,"2026-01-15 22:52:51","2026-01-15 22:52:51",A67317,"United States","United States",N5143L,,,,,,Piper,P28A,"Piper PA-28 180 Cherokee D",28-4427,,,,,,Private,,,1967,,,,0,,,,,,0,0,0,0,0,,,,,,0,0,0,0,0,GEN-P28A
28323469,"2026-01-15 22:50:39","2026-01-15 22:50:39",A0C141,"United States","United States",N148JS,,,,,,Denney,FOX,"Denney Kitfox Mk.IV Speedster",LCS148,,,,,,Private,,,,,,,0,,,,,,0,0,0,0,0,,,,,,0,0,0,0,0,GEN-FOX
28323470,"2026-01-15 22:50:39","2026-01-15 22:50:39",3D0990,Germany,Germany,D-EBWI,,,,,,Beech,BE33,"Beech Debonair C33",CD-851,,,,,,Private,,,,,,,0,,,,,,0,0,0,0,0,,,,,,0,0,0,0,0,GEN-BE33
28323224,"2026-01-15 22:47:51","2026-01-15 22:47:51",A429A9,"United States","United States",N3677Q,,,,,,Beech,BE23,"Beech Musketeer A23-24 Super III",MA-268,,,,,,Private,,,,,,,0,,,,,,0,0,0,0,0,,,,,,0,0,0,0,0,GEN-BE23
28321712,"2026-01-15 22:28:38","2026-01-15 22:28:38",4020A7,"United Kingdom","United Kingdom",G-BLAH,,,,,,"Thunder & Colt",BALL,"Thunder & Colt AX.7-77SI Hot Air Balloon",526,,,,,,Private,,,1983,,,,0,,,,,,0,0,0,0,0,,,,,,0,0,0,0,0,GEN-BALL
28321218,"2026-01-15 22:22:16","2026-01-15 22:22:16",AAEB2E,"United States","United States",N802VH,,,,,,AMD,CH2T,"AMD CH 2000 Alarus",20-1013,,,,,,Private,,,2003,,,,0,,,,,,0,0,0,0,0,,,,,,0,0,0,0,0,GEN-CH2T
28320693,"2026-01-15 22:15:30","2026-01-15 22:15:30",A9004C,"United States","United States",N67955,,,,,,Cessna,C152,"Cessna 152",15282114,,,,,,Private,,,1978,,,,0,,,,,,0,0,0,0,0,,,,,,0,0,0,0,0,GEN-C152
28320559,"2026-01-15 22:14:06","2026-01-15 22:14:06",A4C5CC,"United States","United States",N40637,,,,,,Piper,PA18,"Piper PA-18 150 Super Cub",18-8073,,,,,,Private,,,1964,,,,0,,,,,,0,0,0,0,0,,,,,,0,0,0,0,0,GEN-PA18
28320287,"2026-01-15 22:09:19","2026-01-15 22:09:19",A0502B,"United States","United States",N1191P,,,,,,Piper,PA23,"Piper PA-23 Apache 150",23-205,,,,,,Private,,,1955,,,,0,,,,,,0,0,0,0,0,,,,,,0,0,0,0,0,GEN-PA23
28319230,"2026-01-15 21:56:03","2026-01-15 21:56:03",C07094,Canada,Canada,C-GQQL,,,,,,Cessna,C185,"Cessna A185F Skywagon 185",18503896,,,,,,Private,,,1979,,,,0,,,,,,0,0,0,0,0,,,,,,0,0,0,0,0,GEN-C185
28319106,"2026-01-15 21:54:36","2026-01-15 21:54:36",A42CCA,"United States","United States",N3683E,,,,,,Piper,PA36,"Piper PA-36 300 Pawnee Brave",36-7860036,,,,,,Private,,,,,,,0,,,,,,0,0,0,0,0,,,,,,0,0,0,0,0,GEN-PA36
28319107,"2026-01-15 21:54:36","2026-01-15 21:54:36",A343A6,"United States","United States",N3094A,,,,,,Cessna,C208,"Cessna 208 EX",208B-5216,,,,,,Corporate,,,,,,,0,,,,,,0,0,0,0,0,,,,,,0,0,0,0,0,GEN-C208
28318991,"2026-01-15 21:53:17","2026-01-15 21:53:17",46A0B0,Greece,Greece,SX-HEP,,,,,,Aerospatiale,AS55,"Aerospatiale Twin Squirrel AS.355 F1",5110,,,,,,Private,,,1982,,,,0,,,,,,0,0,0,0,0,,,,,,0,0,0,0,0,GEN-AS55
28318924,"2026-01-15 21:52:38","2026-01-15 21:52:38",A1850E,"United States","United States",N19738,,,,,,Cessna,C172,"Cessna 172L Skyhawk",17260712,,,,,,Private,,,1972,,,,0,,,,,,0,0,0,0,0,,,,,,0,0,0,0,0,GEN-C172
28318705,"2026-01-15 21:49:24","2026-01-15 21:49:24",A60255,"United States","United States",N4868B,,,,,,Cessna,C152,"Cessna 152",15283683,,,,,,Private,,,1979,,,,0,,,,,,0,0,0,0,0,,,,,,0,0,0,0,0,GEN-C152
28318706,"2026-01-15 21:49:24","2026-01-15 21:49:24",3DD665,Germany,Germany,D-HBLD,,,,,,Agusta,A109,"Agusta A.109 S Grand",22155,,,,,,Private,,,2010,,,,0,,,,,,0,0,0,0,0,,,,,,0,0,0,0,0,GEN-A109
28318526,"2026-01-15 21:47:14","2026-01-15 21:47:14",A10F0B,"United States","United States",N1677Q,,,,,,Cessna,C150,"Cessna 150L",15072977,,,,,,Private,,,,,,,0,,,,,,0,0,0,0,0,,,,,,0,0,0,0,0,GEN-C150
28318259,"2026-01-15 21:43:53","2026-01-15 21:43:53",AC0C57,"United States","United States",N87578,,,,,,Hiller,UH12,"Hiller H-23D Raven",1011,,,,,,Private,,,,,,,0,,,,,,0,0,0,0,0,,,,,,0,0,0,0,0,GEN-UH12
28318048,"2026-01-15 21:41:00","2026-01-15 21:41:00",A0716C,"United States","United States",N128AB,,,,,,"Cirrus Design",S22T,"Cirrus Design SR22T G6 GTS",1638,,,,,,Private,,,2017,,,,0,,,,,,0,0,0,0,0,,,,,,0,0,0,0,0,GEN-S22T
28317424,"2026-01-15 21:33:38","2026-01-15 21:33:38",0B402F,Guatemala,Guatemala,TG-BEA,,,,,,Cessna,C25A,"Cessna Citation CJ2",525A0217,,,,,,Private,,,2004,,,,0,,,,,,0,0,0,0,0,,,,,,0,0,0,0,0,GEN-C25A
28317310,"2026-01-15 21:32:14","2026-01-15 21:32:14",AC6BAD,"United States","United States",N9NG,,,,,,Cessna,C750,"Cessna Citation X",750-0213,,,,,,"Up Up and Away LLC",,,,,,,0,,,,,,0,0,0,0,0,,,,,,0,0,0,0,0,GEN-C750
28316917,"2026-01-15 21:27:40","2026-01-15 21:27:40",A2AF94,"United States","United States",N272TA,,,,,,"Textron Aviation",BE20,"Textron Aviation King Air 200GT",BY-272,,,,,,"Textron Aviation Inc",,,,,,,0,,,,,,0,0,0,0,0,,,,,,0,0,0,0,0,GEN-BE20
28315815,"2026-01-15 21:15:02","2026-01-15 21:15:02",458A8E,Denmark,Denmark,OY-BTN,,,,,,Piper,P28A,"Piper PA-28 161 Warrior II",28-7816147,,,,,,Private,,,1977,,,,0,,,,,,0,0,0,0,0,,,,,,0,0,0,0,0,GEN-P28A
28315571,"2026-01-15 21:12:17","2026-01-15 21:12:17",C02FC5,Canada,Canada,C-FSCI,,,,,,Bombardier,CL60,"Bombardier Challenger 605",5948,,,,,,"Shaw Communications Inc",,,2013,,,,0,,,,,,0,0,0,0,0,,,,,,0,0,0,0,0,GEN-CL60
28315218,"2026-01-15 21:08:05","2026-01-15 21:08:05",43C32D,"United Kingdom","United Kingdom",W5856,,,,,,Fairey,SWOR,"Fairey Swordfish II",,,,,,,"Royal Naval Historic Flight",,,,,,,0,,,https://cdn.jetphotos.com/full/6/36421_1542913955.jpg,https://cdn.jetphotos.com/full/6/44301_1473370955.jpg,https://cdn.jetphotos.com/full/5/53538_1469507291.jpg,1,0,0,0,0,,,,,,0,0,0,0,0,
28314834,"2026-01-15 21:03:19","2026-01-15 21:03:19",0D0265,Mexico,Mexico,XA-CAP,,,,,,Cessna,C55B,"Cessna Citation Bravo",550-1070,,,,,,"Chilchiota Taxi Aereo SA",,,,,,,0,,,,,,0,0,0,0,0,,,,,,0,0,0,0,0,GEN-C55B
28314835,"2026-01-15 21:03:19","2026-01-15 21:03:19",A14EDD,"United States","United States",N1835E,,,,,,Schweizer,H269,"Schweizer 269 C-1",0255,,,,,,Private,,,2006,,,,0,,,,,,0,0,0,0,0,,,,,,0,0,0,0,0,GEN-H269
28314466,"2026-01-15 20:59:17","2026-01-15 20:59:17",0C2034,Panama,Panama,HP-1564CMP,,,,,,Embraer,E190,"Embraer EMB-190 AR",19000100,,,,,,"Copa Airlines",,,2007,,,,0,,,,,,0,0,0,0,0,,,,,,0,0,0,0,0,CMP
28314242,"2026-01-15 20:56:59","2026-01-15 20:56:59",508187,Ukraine,Ukraine,UR-DNE,,,,,,Embraer,E145,"Embraer ERJ-145 EU",145357,,,,,,Dniproavia,,,,,,,0,,,,,,0,0,0,0,0,,,,,,0,0,0,0,0,GEN-E145
28313937,"2026-01-15 20:53:55","2026-01-15 20:53:55",A072DA,"United States","United States",N128QT,,,,,,Bombardier,LJ45,"Bombardier Learjet 45 XR",45-431,,,,,,"Bombardier Aerospace Corp",,,2011,,,,0,,,,,,0,0,0,0,0,,,,,,0,0,0,0,0,GEN-LJ45
28313522,"2026-01-15 20:48:36","2026-01-15 20:48:36",51405E,Georgia,Georgia,4L-TZS,,,,,,Boeing,B742,"Boeing 747 281F",24576,,,,,,"Kam Air",,,1990,,,,0,,,,,,0,0,0,0,0,,,,,,0,0,0,0,0,KMF
28311207,"2026-01-15 20:21:43","2026-01-15 20:21:43",A6B794,"United States","United States",N5318,,,,,,Schleicher/Siebert,GLID,"Schleicher/Siebert Ka 6 CR Rhonsegler",6128/Si,,,,,,Private,,,1963,,,,0,,,,,,0,0,0,0,0,,,,,,0,0,0,0,0,GEN-GLID
28310987,"2026-01-15 20:18:41","2026-01-15 20:18:41",3F0402,Germany,Germany,D-9067,,,,,,PZL-Bielsko,GLID,"PZL-Bielsko SZD-30A Pirat",B-396,,,,,,Private,,,1971,,,,0,,,,,,0,0,0,0,0,,,,,,0,0,0,0,0,GEN-GLID
28310712,"2026-01-15 20:15:57","2026-01-15 20:15:57",A0212C,"United States","United States",N10706,,,,,,SNCAN,SV4,"SNCAN Stampe SV-4 C",400,,,,,,Private,,,,,,,0,,,,,,0,0,0,0,0,,,,,,0,0,0,0,0,GEN-SV4
28310356,"2026-01-15 20:11:48","2026-01-15 20:11:48",39232E,France,France,F-GIZO,,,,,,Robinson,R22,"Robinson R22 Beta",1814,,,,,,Private,,,,,,,0,,,,,,0,0,0,0,0,,,,,,0,0,0,0,0,GEN-R22
28310157,"2026-01-15 20:09:52","2026-01-15 20:09:52",A24F2E,"United States","United States",N248R,,,,,,Cessna,C411,"Cessna 411",411-0008,,,,,,Private,,,1965,,,,0,,,,,,0,0,0,0,0,,,,,,0,0,0,0,0,GEN-C411
28310078,"2026-01-15 20:08:57","2026-01-15 20:08:57",ABE183,"United States","United States",N865B,,,,,,Mooney,M20P,"Mooney M.20 Mark 20",1027,,,,,,Private,,,,,,,0,,,,,,0,0,0,0,0,,,,,,0,0,0,0,0,GEN-M20P
28309707,"2026-01-15 20:04:21","2026-01-15 20:04:21",4064C0,"United Kingdom","United Kingdom",G-LUPY,,,,,,Marganski,GLID,"Marganski S-1 Swift",107,,,,,,Private,,,1993,,,,0,,,,,,0,0,0,0,0,,,,,,0,0,0,0,0,GEN-GLID
28309463,"2026-01-15 20:01:41","2026-01-15 20:01:41",4409E3,Austria,Austria,OE-ILF,,,,,,Airbus,A320,"Airbus A320 214",2539,,,,,,Interjet,,,2005,,,,0,,,,,,0,0,0,0,0,,,,,,0,0,0,0,0,AIJ
28308726,"2026-01-15 19:53:30","2026-01-15 19:53:30",A43032,"United States","United States",N36906,,,,,,Cessna,C414,"Cessna 414A Chancellor",414A-0836,,,,,,Private,,,,,,,0,,,,,,0,0,0,0,0,,,,,,0,0,0,0,0,GEN-C414
28308678,"2026-01-15 19:53:07","2026-01-15 19:53:07",C8107A,"New Zealand","New Zealand",ZK-HKG,,,,,,Aerospatiale,AS55,"Aerospatiale Twin Squirrel AS.355 F1",5267,,,,,,Helilink,,,1982,,,,0,,,,,,0,0,0,0,0,,,,,,0,0,0,0,0,GEN-AS55
28308583,"2026-01-15 19:52:04","2026-01-15 19:52:04",4406A1,Austria,Austria,OE-IBZ,,,,,,Boeing,B733,"Boeing 737 34SBDSF",29108,,,,,,"ASL Airlines Belgium",,,1997,,,,0,,,,,,0,0,0,0,0,,,,,,0,0,0,0,0,TAY
28307402,"2026-01-15 19:38:09","2026-01-15 19:38:09",C80ED9,"New Zealand","New Zealand",ZK-HZL,,,,,,Aerospatiale,AS50,"Aerospatiale Squirrel AS.350 BA",1218,,,,,,"Search And Rescue Services Ltd",,,1980,,,,0,,,,,,0,0,0,0,0,,,,,,0,0,0,0,0,GEN-AS50
28307382,"2026-01-15 19:38:03","2026-01-15 19:38:03",A7C5E1,"United States","United States",N60LA,,,,,,Aermacchi,LA60,"Aermacchi AL-60 B-FS Trojan",6259,,,,,,Private,,,,,,,0,,,,,,0,0,0,0,0,,,,,,0,0,0,0,0,GEN-LA60
28306475,"2026-01-15 19:27:09","2026-01-15 19:27:09",A27448,"United States","United States",N2573H,,,,,,"Balloon Works",BALL,"Balloon Works Firefly 8B-15 Hot Air Balloon",F8B-422,,,,,,Private,,,1992,,,,0,,,,,,0,0,0,0,0,,,,,,0,0,0,0,0,GEN-BALL
28306461,"2026-01-15 19:27:04","2026-01-15 19:27:04",3905D1,France,France,F-GBOR,,,,,,Cameron,BALL,"Cameron O-65 Hot Air Balloon",426,,,,,,Private,,,,,,,0,,,,,,0,0,0,0,0,,,,,,0,0,0,0,0,GEN-BALL
28306357,"2026-01-15 19:25:59","2026-01-15 19:25:59",C094F2,Canada,Canada,C-IEKN,,,,,,"Ultralite Soaring",ULAC,"Ultralite Soaring Wizard T38",66021,,,,,,Private,,,,,,,0,,,,,,0,0,0,0,0,,,,,,0,0,0,0,0,GEN-ULAC
28305780,"2026-01-15 19:18:25","2026-01-15 19:18:25",AC697A,"United States","United States",N89920,,,,,,Cessna,C140,"Cessna 140",8969,,,,,,Private,,,1946,,,,0,,,,,,0,0,0,0,0,,,,,,0,0,0,0,0,GEN-C140
28305711,"2026-01-15 19:17:42","2026-01-15 19:17:42",A43D9E,"United States","United States",N3720N,,,,,,Mooney,M20P,"Mooney M.20G Statesman",680049,,,,,,Private,,,,,,,0,,,,,,0,0,0,0,0,,,,,,0,0,0,0,0,GEN-M20P
28304336,"2026-01-15 19:01:28","2026-01-15 19:01:28",A6E5A7,"United States","United States",N54312,,,,,,"Zénith",CH70,"Zénith Zenair STOL CH 701",7-3014,,,,,,Private,,,2004,,,,0,,,,,,0,0,0,0,0,,,,,,0,0,0,0,0,GEN-CH70
28304209,"2026-01-15 19:00:07","2026-01-15 19:00:07",449FE0,Belgium,Belgium,OO-G36,,,,,,Platzer,ULAC,"Platzer Kiebitz B",303,,,,,,Private,,,,,,,0,,,,,,0,0,0,0,0,,,,,,0,0,0,0,0,GEN-ULAC
28303229,"2026-01-15 18:48:44","2026-01-15 18:48:44",A7C274,"United States","United States",N5999L,,,,,,"American Aviation",AA1,"American Aviation AA-1 Yankee",AA1-0299,,,,,,Private,,,1969,,,,0,,,,,,0,0,0,0,0,,,,,,0,0,0,0,0,GEN-AA1
28303063,"2026-01-15 18:46:59","2026-01-15 18:46:59",AD5291,"United States","United States",N958C,,,,,,Stinson,S108,"Stinson Voyager 108-3",108-3958,,,,,,Private,,,1947,,,,0,,,,,,0,0,0,0,0,,,,,,0,0,0,0,0,GEN-S108
28302837,"2026-01-15 18:44:57","2026-01-15 18:44:57",3D3480,Germany,Germany,D-ESDC,,,,,,"Diamond Aircraft",DV20,"Diamond Aircraft Katana DA20-C1",C0354,,,,,,Private,,,2005,,,,0,,,,,,0,0,0,0,0,,,,,,0,0,0,0,0,GEN-DV20
28301362,"2026-01-15 18:27:20","2026-01-15 18:27:20",A0B538,"United States","United States",N14490,,,,,,Hiller,UH12,"Hiller H-23D Raven",1003,,,,,,Private,,,,,,,0,,,,,,0,0,0,0,0,,,,,,0,0,0,0,0,GEN-UH12
28300883,"2026-01-15 18:21:51","2026-01-15 18:21:51",A2265B,"United States","United States",N238BK,,,,,,MBB,BK17,"MBB BK.117 B-2",7238,,,,,,Private,,,1991,,,,0,,,,,,0,0,0,0,0,,,,,,0,0,0,0,0,GEN-BK17
28300405,"2026-01-15 18:16:11","2026-01-15 18:16:11",A503CA,"United States","United States",N422HP,,,,,,Piper,PA46,"Piper PA-46 R-350T Matrix",4692122,,,,,,Private,,,,,,,0,,,,,,0,0,0,0,0,,,,,,0,0,0,0,0,GEN-PA46
28300087,"2026-01-15 18:13:05","2026-01-15 18:13:05",A64C84,"United States","United States",N505AA,,,,,,"McDonnell Douglas",MD82,"McDonnell Douglas DC-9 82",49799,,,,,,"American Airlines",,,1989,,,,0,,,,,,0,0,0,0,0,,,,,,0,0,0,0,0,GEN-MD82
28299649,"2026-01-15 18:08:17","2026-01-15 18:08:17",A2E1B1,"United States","United States",N285MR,,,,,,Bell,B407,"Bell 407",53978,,,,,,"GM Leasing Co LLC",,,2009,,,,0,,,,,,0,0,0,0,0,,,,,,0,0,0,0,0,GEN-B407
28299426,"2026-01-15 18:06:07","2026-01-15 18:06:07",4BA265,Turkey,Turkey,TC-HSE,,,,,,Bell,B407,"Bell 407 GX",54650,,,,,,"Saran Havacilik",,,2015,,,,0,,,,,,0,0,0,0,0,,,,,,0,0,0,0,0,GEN-B407
28299224,"2026-01-15 18:04:05","2026-01-15 18:04:05",ABF579,"United States","United States",N87RE,,,,,,Rotec,ULAC,"Rotec Rally 3","KEEL 64785",,,,,,Private,,,1982,,,,0,,,,,,0,0,0,0,0,,,,,,0,0,0,0,0,GEN-ULAC
28299038,"2026-01-15 18:01:31","2026-01-15 18:01:31",A00543,"United States","United States",N100FT,,,,,,Dassault,FA20,"Dassault Falcon 20 D-5",202,,,,,,"Mountain High Aviation LLC",,,1969,,,,0,,,,,,0,0,0,0,0,,,,,,0,0,0,0,0,GEN-FA20
28298709,"2026-01-15 17:58:12","2026-01-15 17:58:12",A1FA45,"United States","United States",N2264X,,,,,,Evolution,ULAC,"Evolution Revo",000594,,,,,,Private,,,,,,,0,,,,,,0,0,0,0,0,,,,,,0,0,0,0,0,GEN-ULAC
28297682,"2026-01-15 17:46:36","2026-01-15 17:46:36",4CABB2,Ireland,Ireland,EI-GDA,,,,,,Boeing,B738,"Boeing 737NG 800/W",44797,,,,,,Ryanair,,,2017,,,,0,,,,,,0,0,0,0,0,,,,,,0,0,0,0,0,RYR
28297366,"2026-01-15 17:43:12","2026-01-15 17:43:12",44DC26,Belgium,Belgium,OO-WAF,,,,,,Reims/Cessna,C150,"Reims/Cessna FRA150L Aerobat",0148,,,,,,Private,,,1972,,,,0,,,,,,0,0,0,0,0,,,,,,0,0,0,0,0,GEN-C150
28297318,"2026-01-15 17:42:49","2026-01-15 17:42:49",44086F,Austria,Austria,OE-IEK,,,,,,Airbus,A332,"Airbus A330 243",509,,,,,,"Onur Air",,,2002,,,,0,,,,,,0,0,0,0,0,,,,,,0,0,0,0,0,OHY
28297012,"2026-01-15 17:39:41","2026-01-15 17:39:41",4CA90B,Ireland,Ireland,EI-GIH,,,,,,Boeing,B738,"Boeing 737NG 86N/W",32659,,,,,,Alrosa,,,2005,,,,0,,,,,,0,0,0,0,0,,,,,,0,0,0,0,0,DRU
28296902,"2026-01-15 17:38:18","2026-01-15 17:38:18",A1AB6D,"United States","United States",N20650,,,,,,Cessna,C172,"Cessna 172M Skyhawk",17261462,,,,,,Private,,,1973,,,,0,,,,,,0,0,0,0,0,,,,,,0,0,0,0,0,GEN-C172
28296746,"2026-01-15 17:36:54","2026-01-15 17:36:54",A149C0,"United States","United States",N182SX,,,,,,Cessna,C82R,"Cessna R182 Skylane RG",R18202025,,,,,,Private,,,1985,,,,0,,,,,,0,0,0,0,0,,,,,,0,0,0,0,0,GEN-C82R
28296006,"2026-01-15 17:28:34","2026-01-15 17:28:34",A7C68A,"United States","United States",N60SV,,,,,,Sorrell,SNS7,"Sorrell SNS-7  Hiperbipe",236,,,,,,Private,,,,,,,0,,,,,,0,0,0,0,0,,,,,,0,0,0,0,0,GEN-SNS7
28295991,"2026-01-15 17:28:22","2026-01-15 17:28:22",4B2AF9,Switzerland,Switzerland,HB-QHD,,,,,,"Cameron Balloons",BALL,"Cameron Balloons 260A Hot Air Balloon",10120,,,,,,Private,,,2001,,,,0,,,,,,0,0,0,0,0,,,,,,0,0,0,0,0,GEN-BALL
28295594,"2026-01-15 17:24:13","2026-01-15 17:24:13",A9ABCE,"United States","United States",N722JM,,,,,,"Quartz Mountain Aerospace",ZZZZ,"Quartz Mountain Aerospace 11E",1004,,,,,,Private,,,,,,,0,,,,,,0,0,0,0,0,,,,,,0,0,0,0,0,GEN-ZZZZ
28295242,"2026-01-15 17:20:19","2026-01-15 17:20:19",A2BF95,"United States","United States",N2763P,,,,,,Piper,PA22,"Piper PA-22 150 Tri-Pacer",22-3074,,,,,,Private,,,,,,,0,,,,,,0,0,0,0,0,,,,,,0,0,0,0,0,GEN-PA22
28295072,"2026-01-15 17:18:32","2026-01-15 17:18:32",A822E2,"United States","United States",N623RJ,,,,,,Vans,RV8,"Vans RV-8",82499,,,,,,Private,,,2013,,,,0,,,,,,0,0,0,0,0,,,,,,0,0,0,0,0,GEN-RV8
28293805,"2026-01-15 17:05:06","2026-01-15 17:05:06",A0FAA1,"United States","United States",N162RP,,,,,,Piper,PA27,"Piper PA-23 Aztec 250D",27-4130,,,,,,Private,,,,,,,0,,,,,,0,0,0,0,0,,,,,,0,0,0,0,0,GEN-PA27
28292344,"2026-01-15 16:46:35","2026-01-15 16:46:35",ACECDF,"United States","United States",N9318Q,,,,,,Beech,BE33,"Beech Bonanza F33A",CE-355,,,,,,Private,,,,,,,0,,,,,,0,0,0,0,0,,,,,,0,0,0,0,0,GEN-BE33
28291920,"2026-01-15 16:42:11","2026-01-15 16:42:11",A48D6E,"United States","United States",N3926N,,,,,,Beech,BE35,"Beech Bonanza 35",D-1182,,,,,,Private,,,,,,,0,,,,,,0,0,0,0,0,,,,,,0,0,0,0,0,GEN-BE35
28290333,"2026-01-15 16:23:24","2026-01-15 16:23:24",A67E92,"United States","United States",N51752,,,,,,Enstrom,EN28,"Enstrom Shark 280 C",1150,,,,,,Private,,,,,,,0,,,,,,0,0,0,0,0,,,,,,0,0,0,0,0,GEN-EN28
28289706,"2026-01-15 16:16:41","2026-01-15 16:16:41",AB2490,"United States","United States",N817NG,,,,,,Pilatus,PC12,"Pilatus PC-XII 47E",1871,,,,,,"Pilatus Business Aircraft Ltd",,,2019,,,,0,,,,,,0,0,0,0,0,,,,,,0,0,0,0,0,GEN-PC12
28288746,"2026-01-15 16:05:21","2026-01-15 16:05:21",A68785,"United States","United States",N52KQ,,,,,,"Quest Aircraft Company",KODI,"Quest Aircraft Company Kodiak 100-II",100-0252,,,,,,"Aircraft Guaranty Corp Trustee",,,2018,,,,0,,,,,,0,0,0,0,0,,,,,,0,0,0,0,0,GEN-KODI
28288513,"2026-01-15 16:02:41","2026-01-15 16:02:41",AB0C40,"United States","United States",N8104,,,,,,LET,GLID,"LET L-13 Blanik",174422,,,,,,Private,,,1970,,,,0,,,,,,0,0,0,0,0,,,,,,0,0,0,0,0,GEN-GLID
28288162,"2026-01-15 15:59:15","2026-01-15 15:59:15",71CE07,"South Korea","South Korea",HL9607,,,,,,Mil,MI2,"Mil Mi-2",548720064,,,,,,"Yecheon Astronomical Space Center",,,,,,,0,,,,,,0,0,0,0,0,,,,,,0,0,0,0,0,GEN-MI2
28287709,"2026-01-15 15:54:09","2026-01-15 15:54:09",34418E,Spain,Spain,EC-LNQ,,,,,,"Avions de Transport Regional",AT72,"Avions de Transport Regional ATR 72 202",303,,,,,,"PGA Portugalia Airlines",,,1992,,,,0,,,,,,0,0,0,0,0,,,,,,0,0,0,0,0,GEN-AT72
28287124,"2026-01-15 15:47:23","2026-01-15 15:47:23",3D0CB7,Germany,Germany,D-EDBJ,,,,,,"Diamond Aircraft",DA40,"Diamond Aircraft Diamond Star DA40D",D4.128,,,,,,Private,,,2004,,,,0,,,,,,0,0,0,0,0,,,,,,0,0,0,0,0,GEN-DA40
28286974,"2026-01-15 15:45:59","2026-01-15 15:45:59",A649A8,"United States","United States",N504JV,,,,,,"Lear Jet Industries",LJ24,"Lear Jet Industries Learjet 24 F",24F-350,,,,,,"Aviated LLC",,,,,,,0,,,,,,0,0,0,0,0,,,,,,0,0,0,0,0,GEN-LJ24
28286887,"2026-01-15 15:45:00","2026-01-15 15:45:00",40357C,"United Kingdom","United Kingdom",G-BUBT,,,,,,Stoddard-Hamilton,GLAS,"Stoddard-Hamilton Glasair Super II-RG",2026,,,,,,Private,,,1994,,,,0,,,,,,0,0,0,0,0,,,,,,0,0,0,0,0,GEN-GLAS
28286468,"2026-01-15 15:40:43","2026-01-15 15:40:43",4B396B,Switzerland,Switzerland,HB-VTJ,,,,,,Cessna,C25B,"Cessna Citation CJ3",525B0179,,,,,,"Alpiner AG",,,2007,,,,0,,,,,,0,0,0,0,0,,,,,,0,0,0,0,0,GEN-C25B
28285805,"2026-01-15 15:33:01","2026-01-15 15:33:01",A4F27A,"United States","United States",N418GM,,,,,,Vans,RV4,"Vans RV-4",1447,,,,,,Private,,,1995,,,,0,,,,,,0,0,0,0,0,,,,,,0,0,0,0,0,GEN-RV4
28285776,"2026-01-15 15:32:43","2026-01-15 15:32:43",3D0E6F,Germany,Germany,D-EDSH,,,,,,Cessna,C210,"Cessna 210A",21057733,,,,,,Private,,,1961,,,,0,,,,,,0,0,0,0,0,,,,,,0,0,0,0,0,GEN-C210
28285333,"2026-01-15 15:28:05","2026-01-15 15:28:05",873B1E,Japan,Japan,JA9590,,,,,,Aerospatiale,AS55,"Aerospatiale Twin Squirrel AS.355 F1",5279,,,,,,Private,,,1983,,,,0,,,,,,0,0,0,0,0,,,,,,0,0,0,0,0,GEN-AS55
28285249,"2026-01-15 15:27:15","2026-01-15 15:27:15",3D0601,Germany,Germany,D-EANH,,,,,,SOCATA,TOBA,"SOCATA TB10 Tobago",1626,,,,,,Private,,,,,,,0,,,,,,0,0,0,0,0,,,,,,0,0,0,0,0,GEN-TOBA
28284992,"2026-01-15 15:24:39","2026-01-15 15:24:39",A7FA2A,"United States","United States",N613CW,,,,,,Cessna,C210,"Cessna 210L Centurion",21059920,,,,,,Private,,,1973,,,,0,,,,,,0,0,0,0,0,,,,,,0,0,0,0,0,GEN-C210
28284871,"2026-01-15 15:22:59","2026-01-15 15:22:59",A84C88,"United States","United States",N6339V,,,,,,Nanchang,CJ6,"Nanchang CJ-6",2951273,,,,,,Private,,,1973,,,,0,,,,,,0,0,0,0,0,,,,,,0,0,0,0,0,GEN-CJ6
28284642,"2026-01-15 15:20:57","2026-01-15 15:20:57",A4E0BD,"United States","United States",N413RA,,,,,,"Amateur Built",COZY,"Amateur Built Cozy Mk.III",349,,,,,,Private,,,,,,,0,,,,,,0,0,0,0,0,,,,,,0,0,0,0,0,GEN-COZY
28284399,"2026-01-15 15:18:20","2026-01-15 15:18:20",C03EE2,Canada,Canada,C-FXVD,,,,,,Bombardier,DH8C,"Bombardier DHC-8 314",414,,,,,,"Avmax Aircraft Leasing",,,1995,,,,0,,,,,,0,0,0,0,0,,,,,,0,0,0,0,0,GEN-DH8C
29219,"2022-08-30 09:24:20","2026-01-15 15:17:14",000005,"Not Allocated","Not Allocated","",,,,"",,"",UAV,"","",,,,,,"",,,,,,"",0,,,,,,0,0,0,0,0,Missing,,,"","",0,0,0,0,0,GEN-UAV
27212,"2022-05-18 03:27:49","2026-01-15 15:16:47",48425C,Netherlands,Netherlands,"",,,,"",,"",-GND,"","",,,,,,"",,,,,,"",0,,,,,,0,0,0,0,0,Missing,,,"","",0,0,0,0,0,GEN--GND
28284232,"2026-01-15 15:16:42","2026-01-15 15:16:42",A31329,"United States","United States",N29792,,,,,,"Amateur Built",BALL,"Amateur Built Anderson X Hot Air Balloon",81,,,,,,Private,,,1982,,,,0,,,,,,0,0,0,0,0,,,,,,0,0,0,0,0,GEN-BALL
28283782,"2026-01-15 15:12:13","2026-01-15 15:12:13",4CC502,Iceland,Iceland,TF-SKY,,,,,,Airbus,A21N,"Airbus A321 253NSL",7694,,,,,,"WOW air",,,2017,,,,0,,,,,,0,0,0,0,0,,,,,,0,0,0,0,0,WOW
28283376,"2026-01-15 15:07:36","2026-01-15 15:07:36",AC0FDA,"United States","United States",N8766R,,,,,,Cessna,C310,"Cessna 310C",35862,,,,,,Private,,,,,,,0,,,,,,0,0,0,0,0,,,,,,0,0,0,0,0,GEN-C310
28283351,"2026-01-15 15:07:20","2026-01-15 15:07:20",85201B,Japan,Japan,JA356K,,,,,,Boeing,B735,"Boeing 737 5L9",28083,,,,,,"ANA Wings",,,1996,,,,0,,,,,,0,0,0,0,0,,,,,,0,0,0,0,0,AKX
28283334,"2026-01-15 15:07:14","2026-01-15 15:07:14",AC4302,"United States","United States",N89AG,,,,,,"Gulfstream Aerospace",G150,"Gulfstream Aerospace G150",239,,,,,,"Rolim Freight Forward Inc",,,2007,,,,0,,,,,,0,0,0,0,0,,,,,,0,0,0,0,0,GEN-G150
28282334,"2026-01-15 14:56:35","2026-01-15 14:56:35",A7408E,"United States","United States",N5667N,,,,,,Maule,M7,"Maule MX-7 235 Star Rocket",10046C,,,,,,Private,,,,,,,0,,,,,,0,0,0,0,0,,,,,,0,0,0,0,0,GEN-M7
28282111,"2026-01-15 14:53:47","2026-01-15 14:53:47",4B17A2,Switzerland,Switzerland,HB-IYS,,,,,,Avro,RJ1H,"Avro 146 RJ100",E3381,,,,,,"Swiss International Air Lines",,,,,,,0,,,,,,0,0,0,0,0,,,,,,0,0,0,0,0,GEN-RJ1H
28282004,"2026-01-15 14:51:50","2026-01-15 14:51:50",ACDF58,"United States","United States",N9288F,,,,,,Hughes,H269,"Hughes 269 C",114-0376,,,,,,Private,,,1974,,,,0,,,,,,0,0,0,0,0,,,,,,0,0,0,0,0,GEN-H269
28281587,"2026-01-15 14:47:29","2026-01-15 14:47:29",3F38F4,Germany,Germany,D-OHMA,,,,,,"Balony Kubicek",BALL,"Balony Kubicek BB 70Z Hot Air Balloon",1128,,,,,,Private,,,2015,,,,0,,,,,,0,0,0,0,0,,,,,,0,0,0,0,0,GEN-BALL
28281332,"2026-01-15 14:45:00","2026-01-15 14:45:00",40371D,"United Kingdom","United Kingdom",G-BUTF,,,,,,Aeronca,AR11,"Aeronca Chief 11AC",11AC-1578,,,,,,Private,,,1947,,,,0,,,,,,0,0,0,0,0,,,,,,0,0,0,0,0,GEN-AR11
28281281,"2026-01-15 14:44:31","2026-01-15 14:44:31",506DAD,Slovenia,Slovenia,S5-DPP,,,,,,Extra,E300,"Extra EA.300 L",140,,,,,,Private,,,2001,,,,0,,,,,,0,0,0,0,0,,,,,,0,0,0,0,0,GEN-E300
28281144,"2026-01-15 14:43:08","2026-01-15 14:43:08",3F00A9,Germany,Germany,D-8210,,,,,,Schleicher,GLID,"Schleicher K 8 B",975,,,,,,Private,,,1961,,,,0,,,,,,0,0,0,0,0,,,,,,0,0,0,0,0,GEN-GLID
28280087,"2026-01-15 14:31:27","2026-01-15 14:31:27",8577A8,Japan,Japan,JA44KN,,,,,,Robinson,R44,"Robinson R44",2083,,,,,,Private,,,2010,,,,0,,,,,,0,0,0,0,0,,,,,,0,0,0,0,0,GEN-R44
28279856,"2026-01-15 14:29:01","2026-01-15 14:29:01",154F35,Russia,Russia,RA-85813,,,,,,Tupolev,T154,"Tupolev Tu-154 M",95A990,,,,,,"UT air",,,,,,,0,,,,,,0,0,0,0,0,,,,,,0,0,0,0,0,GEN-T154
28279563,"2026-01-15 14:26:00","2026-01-15 14:26:00",4BB42E,Turkey,Turkey,TC-MAN,,,,,,"Raytheon Aircraft Company",H25B,"Raytheon Aircraft Company 125 850XP",258836,,,,,,"Genel Havacilik",,,,,,,0,,,,,,0,0,0,0,0,,,,,,0,0,0,0,0,GEN-H25B
28279467,"2026-01-15 14:24:57","2026-01-15 14:24:57",38029B,France,France,F-WNEW,,,,,,Airbus,A20N,"Airbus A320 251NSL",6419,,,,,,"Airbus Industrie",,,2014,,,,0,,,,,,0,0,0,0,0,,,,,,0,0,0,0,0,AIB
28278911,"2026-01-15 14:18:17","2026-01-15 14:18:17",403687,"United Kingdom","United Kingdom",G-MYEM,,,,,,"Solar Wings",ULAC,"Solar Wings Pegasus Quasar IITC",SW-WQT-0542,,,,,,Private,,,1992,,,,0,,,,,,0,0,0,0,0,,,,,,0,0,0,0,0,GEN-ULAC
28278577,"2026-01-15 14:14:36","2026-01-15 14:14:36",4AA8E3,Sweden,Sweden,SE-JGC,,,,,,Robinson,R22,"Robinson R22 Beta",0692,,,,,,Private,,,,,,,0,,,,,,0,0,0,0,0,,,,,,0,0,0,0,0,GEN-R22
28278473,"2026-01-15 14:13:28","2026-01-15 14:13:28",4CC4D5,Iceland,Iceland,TF-BRO,,,,,,Airbus,A320,"Airbus A320 232",4305,,,,,,"WOW air",,,2010,,,,0,,,,,,0,0,0,0,0,,,,,,0,0,0,0,0,WOW
28278252,"2026-01-15 14:11:05","2026-01-15 14:11:05",502C3F,Latvia,Latvia,YL-LCA,,,,,,Airbus,A320,"Airbus A320 211",333,,,,,,"SmartLynx Airlines",,,1992,,,,0,,,,,,0,0,0,0,0,,,,,,0,0,0,0,0,ART
28278189,"2026-01-15 14:10:33","2026-01-15 14:10:33",A44657,"United States","United States",N37494,,,,,,Cessna,C414,"Cessna 414",414-0961,,,,,,Private,,,1977,,,,0,,,,,,0,0,0,0,0,,,,,,0,0,0,0,0,GEN-C414
28277769,"2026-01-15 14:05:48","2026-01-15 14:05:48",3F27AC,Germany,Germany,D-OAXW,,,,,,"Schroeder Fire Balloons",BALL,"Schroeder Fire Balloons G22/24 Hot Air Balloon",1084,,,,,,Private,,,2004,,,,0,,,,,,0,0,0,0,0,,,,,,0,0,0,0,0,GEN-BALL
28276989,"2026-01-15 13:58:10","2026-01-15 13:58:10",4B26B3,Switzerland,Switzerland,HB-ORB,,,,,,Piper,PA18,"Piper PA-18 150 Super Cub",18-7192,,,,,,Private,,,1960,,,,0,,,,,,0,0,0,0,0,,,,,,0,0,0,0,0,GEN-PA18
28275633,"2026-01-15 13:43:14","2026-01-15 13:43:14",A3875C,"United States","United States",N3263A,,,,,,Beech,BE33,"Beech Bonanza F33A",CE-960,,,,,,Private,,,1981,,,,0,,,,,,0,0,0,0,0,,,,,,0,0,0,0,0,GEN-BE33
28275521,"2026-01-15 13:41:58","2026-01-15 13:41:58",009200,"South Africa","South Africa",ZS-GUP,,,,,,Aeromot,RF10,"Aeromot AMT-200S Super Ximango",200-129,,,,,,Private,,,,,,,0,,,,,,0,0,0,0,0,,,,,,0,0,0,0,0,GEN-RF10
28275181,"2026-01-15 13:38:57","2026-01-15 13:38:57",A34548,"United States","United States",N31JH,,,,,,Piper,P28B,"Piper PA-28 235 Cherokee",28-10087,,,,,,Private,,,1963,,,,0,,,,,,0,0,0,0,0,,,,,,0,0,0,0,0,GEN-P28B
28274908,"2026-01-15 13:35:31","2026-01-15 13:35:31",A6824C,"United States","United States",N51855,,,,,,"Texas Helicopter",M74,"Texas Helicopter M74 Wasp",78-022,,,,,,Private,,,1978,,,,0,,,,,,0,0,0,0,0,,,,,,0,0,0,0,0,GEN-M74
28274816,"2026-01-15 13:34:30","2026-01-15 13:34:30",A23C4C,"United States","United States",N243MW,,,,,,Grumman,GLF3,"Grumman GIII",436,,,,,,"Handling and Logistic In Congo",,,1984,,,,0,,,,,,0,0,0,0,0,,,,,,0,0,0,0,0,GEN-GLF3
28274547,"2026-01-15 13:31:31","2026-01-15 13:31:31",A4CCF5,"United States","United States",N40818,,,,,,"North American",T6,"North American Harvard III",88-14883,,,,,,Private,,,,,,,0,,,,,,0,0,0,0,0,,,,,,0,0,0,0,0,GEN-T6
28274505,"2026-01-15 13:31:10","2026-01-15 13:31:10",AA2C30,"United States","United States",N75468,,,,,,Culver,CUCA,"Culver Cadet LFA",428,,,,,,Private,,,1942,,,,0,,,,,,0,0,0,0,0,,,,,,0,0,0,0,0,GEN-CUCA
28274380,"2026-01-15 13:29:56","2026-01-15 13:29:56",780658,China,China,B-5525,,,,,,Boeing,B738,"Boeing 737NG 86N",37886,,,,,,"Air China",,,2010,,,,0,,,,,,0,0,0,0,0,,,,,,0,0,0,0,0,CCA
28273991,"2026-01-15 13:25:50","2026-01-15 13:25:50",A2D07A,"United States","United States",N2801D,,,,,,"Raven Industries",BALL,"Raven Industries Rally RX.7 Hot Air Balloon",RX7-441,,,,,,Private,,,,,,,0,,,,,,0,0,0,0,0,,,,,,0,0,0,0,0,GEN-BALL
28272769,"2026-01-15 13:12:11","2026-01-15 13:12:11",A6B2E3,"United States","United States",N53005,,,,,,Ryan,PT22,"Ryan Recruit ST3-KR",2010,,,,,,Private,,,1942,,,,0,,,,,,0,0,0,0,0,,,,,,0,0,0,0,0,GEN-PT22
28272612,"2026-01-15 13:10:33","2026-01-15 13:10:33",E03657,Argentina,Argentina,LV-CYW,,,,,,Cessna,C172,"Cessna 172R Skyhawk",17281105,,,,,,Private,,,2002,,,,0,,,,,,0,0,0,0,0,,,,,,0,0,0,0,0,GEN-C172
28272165,"2026-01-15 13:05:34","2026-01-15 13:05:34",43C896,"United Kingdom","United Kingdom",ZR408,,,,,,Eurofighter,EUFI,"Eurofighter Typhoon F2",NS008,,,,,,"Royal Air Force of Oman",,,2017,,,,0,,,,,,1,0,0,0,0,,,,,,0,0,0,0,0,
28271528,"2026-01-15 12:57:04","2026-01-15 12:57:04",ABB662,"United States","United States",N854BW,,,,,,"Aero Commander",AC56,"Aero Commander Twin Commander 560E",560E-628-42,,,,,,Private,,,,,,,0,,,,,,0,0,0,0,0,,,,,,0,0,0,0,0,GEN-AC56
28271433,"2026-01-15 12:56:11","2026-01-15 12:56:11",86344B,Japan,Japan,JA6747,,,,,,Sikorsky,S76,"Sikorsky S-76 B",760414,,,,,,Private,,,1993,,,,0,,,,,,0,0,0,0,0,,,,,,0,0,0,0,0,GEN-S76
28271216,"2026-01-15 12:54:13","2026-01-15 12:54:13",A330C0,"United States","United States",N3041Y,,,,,,"Air Tractor",AT3T,"Air Tractor AT-402 B",402B-1292,,,,,,Private,,,2013,,,,0,,,,,,0,0,0,0,0,,,,,,0,0,0,0,0,GEN-AT3T
28270146,"2026-01-15 12:43:04","2026-01-15 12:43:04",AD794E,"United States","United States",N96757,,,,,,Grumman,GLF3,"Grumman GIII",379,,,,,,"KKMM LLC",,,1982,,,,0,,,,,,0,0,0,0,0,,,,,,0,0,0,0,0,GEN-GLF3
28268776,"2026-01-15 12:28:46","2026-01-15 12:28:46",A91C40,"United States","United States",N68628,,,,,,Beech,T34P,"Beech T-34B Mentor",BG-306,,,,,,Private,,,,,,,0,,,,,,0,0,0,0,0,,,,,,0,0,0,0,0,GEN-T34P
28268422,"2026-01-15 12:25:16","2026-01-15 12:25:16",1533ED,Russia,Russia,RF-76327,,,,,,Ilyushin,IL76,"Ilyushin IL-76 MD",1013401006,,,,,,"Russian FSB",,,,,,,0,,,,,,0,0,0,0,0,,,,,,0,0,0,0,0,GEN-IL76
28268330,"2026-01-15 12:24:19","2026-01-15 12:24:19",A2850E,"United States","United States",N2610B,,,,,,Piper,PA38,"Piper PA-38 112 Tomahawk",38-79A0151,,,,,,Private,,,,,,,0,,,,,,0,0,0,0,0,,,,,,0,0,0,0,0,GEN-PA38
28268152,"2026-01-15 12:22:06","2026-01-15 12:22:06",146439,Russia,Russia,RA-25657,,,,,,Mil,MI8,"Mil Mi-8 AMT",8AMT00643104303U,,,,,,"Ulan Ude Aviation Plant",,,,,,,0,,,,,,0,0,0,0,0,,,,,,0,0,0,0,0,GEN-MI8
28267975,"2026-01-15 12:20:14","2026-01-15 12:20:14",A8DB08,"United States","United States",N67T,,,,,,Beech,BE88,"Beech Queen Air 65-88",LP-9,,,,,,Private,,,,,,,0,,,,,,0,0,0,0,0,,,,,,0,0,0,0,0,GEN-BE88
28267693,"2026-01-15 12:17:21","2026-01-15 12:17:21",448855,Belgium,Belgium,OO-BBU,,,,,,"Balony Kubicek",BALL,"Balony Kubicek SS Hot Air Balloon Orangina",043,,,,,,Private,,,1995,,,,0,,,,,,0,0,0,0,0,,,,,,0,0,0,0,0,GEN-BALL
28267409,"2026-01-15 12:13:51","2026-01-15 12:13:51",A6D4F5,"United States","United States",N5395T,,,,,,Piper,P28A,"Piper PA-28 180 Cherokee G",28-7205263,,,,,,Private,,,1972,,,,0,,,,,,0,0,0,0,0,,,,,,0,0,0,0,0,GEN-P28A
28267386,"2026-01-15 12:13:39","2026-01-15 12:13:39",4401A4,Austria,Austria,OE-XAS,,,,,,Robinson,R44,"Robinson R44 Clipper II",11534,,,,,,Private,,,,,,,0,,,,,,0,0,0,0,0,,,,,,0,0,0,0,0,GEN-R44
28267364,"2026-01-15 12:13:27","2026-01-15 12:13:27",ADCFC0,"United States","United States",N9896C,,,,,,Cessna,C82R,"Cessna R182 Skylane RG",R18200486,,,,,,Private,,,1978,,,,0,,,,,,0,0,0,0,0,,,,,,0,0,0,0,0,GEN-C82R
28266685,"2026-01-15 12:06:38","2026-01-15 12:06:38",49C10A,"Czech Republic","Czech Republic",OK-PHJ,,,,,,Let,L200,"Let Morava L-200A",170802,,,,,,Private,,,,,,,0,,,,,,0,0,0,0,0,,,,,,0,0,0,0,0,GEN-L200
28266364,"2026-01-15 12:03:13","2026-01-15 12:03:13",800C0D,India,India,VT-FCN,,,,,,Dassault,FA8X,"Dassault Falcon 8X",410,,,,,,"Spectrum Aero P/L",,,2016,,,,0,,,,,,0,0,0,0,0,,,,,,0,0,0,0,0,GEN-FA8X
28266347,"2026-01-15 12:03:02","2026-01-15 12:03:02",ABC86D,"United States","United States",N8587R,,,,,,Beech,BE35,"Beech Bonanza V35B",D-9688,,,,,,Private,,,,,,,0,,,,,,0,0,0,0,0,,,,,,0,0,0,0,0,GEN-BE35
28266071,"2026-01-15 11:59:47","2026-01-15 11:59:47",A61070,"United States","United States",N490DN,,,,,,"McDonnell Douglas",MD82,"McDonnell Douglas DC-9 82",49384,,,,,,"Scandinavian Airlines System",,,1985,,,,0,,,,,,0,0,0,0,0,,,,,,0,0,0,0,0,GEN-MD82
28265969,"2026-01-15 11:58:40","2026-01-15 11:58:40",4069EB,"United Kingdom","United Kingdom",G-TCDC,,,,,,Airbus,A321,"Airbus A321 211SL",5872,,,,,,"Thomas Cook Airlines",,,2013,,,,0,,,,,,0,0,0,0,0,,,,,,0,0,0,0,0,TCX
28264891,"2026-01-15 11:45:51","2026-01-15 11:45:51",AAFA4F,"United States","United States",N806YB,,,,,,Bell,UH1,"Bell UH-1H Iroquois",9293,,,,,,"Bell Helicopter Textron Inc",,,,,,,0,,,,,,0,0,0,0,0,,,,,,0,0,0,0,0,GEN-UH1
28264794,"2026-01-15 11:44:40","2026-01-15 11:44:40",8962E0,"United Arab Emirates","United Arab Emirates",A6-JAK,,,,,,Boeing,B734,"Boeing 737 406",24959,,,,,,"Global Jet",,,1990,,,,0,,,,,,0,0,0,0,0,,,,,,0,0,0,0,0,GEN-B734
28264448,"2026-01-15 11:40:58","2026-01-15 11:40:58",A3CF9C,"United States","United States",N3448B,,,,,,Beech,BE35,"Beech Bonanza F35",D-4232,,,,,,Private,,,,,,,0,,,,,,0,0,0,0,0,,,,,,0,0,0,0,0,GEN-BE35
28264394,"2026-01-15 11:40:32","2026-01-15 11:40:32",344055,Spain,Spain,"",,,,,,"",-GND,"Airport Ground Vehicle",,,,,,,,,,,,,,0,,,,,,0,0,0,0,0,,,,,,0,0,0,0,0,GEN--GND
28263748,"2026-01-15 11:33:26","2026-01-15 11:33:26",C8241A,"New Zealand","New Zealand",ZK-ISE,,,,,,MBB,BK17,"MBB BK.117 B-2",7240,,,,,,"Airwork NZ",,,,,,,0,,,,,,0,0,0,0,0,,,,,,0,0,0,0,0,AWK
28263085,"2026-01-15 11:26:24","2026-01-15 11:26:24",A0BF77,"United States","United States",N1473E,,,,,,Aeronca,CH7A,"Aeronca Champion 7AC",7AC-5036,,,,,,Private,,,1946,,,,0,,,,,,0,0,0,0,0,,,,,,0,0,0,0,0,GEN-CH7A
28261413,"2026-01-15 11:09:14","2026-01-15 11:09:14",3F27EA,Germany,Germany,D-OBAG,,,,,,"Schroeder Fire Balloons",BALL,"Schroeder Fire Balloons G Hot Air Balloon",1205,,,,,,Private,,,2006,,,,0,,,,,,0,0,0,0,0,,,,,,0,0,0,0,0,GEN-BALL
28261398,"2026-01-15 11:09:03","2026-01-15 11:09:03",896069,"United Arab Emirates","United Arab Emirates",A6-EAF,,,,,,Airbus,A332,"Airbus A330 243",392,,,,,,"Emirates Airline",,,2001,,,,0,,,,,,0,0,0,0,0,,,,,,0,0,0,0,0,GEN-A332
28261212,"2026-01-15 11:07:02","2026-01-15 11:07:02",A673FF,"United States","United States",N51498,,,,,,"Raven Industries",BALL,"Raven Industries S-50A Hot Air Balloon",S50A-219,,,,,,Private,,,,,,,0,,,,,,0,0,0,0,0,,,,,,0,0,0,0,0,GEN-BALL
28260095,"2026-01-15 10:54:46","2026-01-15 10:54:46",AAE17A,"United States","United States",N80WB,,,,,,"Gulfstream Aerospace",G150,"Gulfstream Aerospace G150",279,,,,,,"WB ATS LLC",,,2008,,,,0,,,,,,0,0,0,0,0,,,,,,0,0,0,0,0,GEN-G150
28259861,"2026-01-15 10:52:14","2026-01-15 10:52:14",3989D2,France,France,F-HCOS,,,,,,Ultramagic,BALL,"Ultramagic M-120 Hot Air Balloon",120/86,,,,,,Private,,,,,,,0,,,,,,0,0,0,0,0,,,,,,0,0,0,0,0,GEN-BALL
28259812,"2026-01-15 10:51:41","2026-01-15 10:51:41",A41199,"United States","United States",N361SF,,,,,,Bell,B407,"Bell 407",53490,,,,,,"Air ER LLC",,,2001,,,,0,,,,,,0,0,0,0,0,,,,,,0,0,0,0,0,GEN-B407
28259535,"2026-01-15 10:48:22","2026-01-15 10:48:22",AAB558,"United States","United States",N7897X,,,,,,Bell,B06,"Bell 206L Long Ranger IV",52297,,,,,,Private,,,,,,,0,,,,,,0,0,0,0,0,,,,,,0,0,0,0,0,GEN-B06
28259243,"2026-01-15 10:45:31","2026-01-15 10:45:31",A58BF6,"United States","United States",N45687,,,,,,Luscombe,L8,"Luscombe Silvaire 8A",2214,,,,,,Private,,,,,,,0,,,,,,0,0,0,0,0,,,,,,0,0,0,0,0,GEN-L8
28258868,"2026-01-15 10:41:36","2026-01-15 10:41:36",7C6B34,Australia,Australia,VH-VGM,,,,,,Vans,RV6,"Vans RV-6 A",24797,,,,,,Private,,,1996,,,,0,,,,,,0,0,0,0,0,,,,,,0,0,0,0,0,GEN-RV6
28258194,"2026-01-15 10:34:14","2026-01-15 10:34:14",5113F1,Estonia,Estonia,"",,,,,,"",-GND,"Ground Vehicle",,,,,,,"Tallinn Airport",,,,,,,0,,,,,,0,0,0,0,0,,,,,,0,0,0,0,0,GEN--GND
28257756,"2026-01-15 10:29:58","2026-01-15 10:29:58",5113EA,Estonia,Estonia,"",,,,,,"",-GND,"Ground Vehicle",,,,,,,"Tallinn Airport",,,,,,,0,,,,,,0,0,0,0,0,,,,,,0,0,0,0,0,GEN--GND
28257488,"2026-01-15 10:27:06","2026-01-15 10:27:06",AD3775,"United States","United States",N9503N,,,,,,Rans,COY2,"Rans Coyote II S-6",1427,,,,,,Private,,,1996,,,,0,,,,,,0,0,0,0,0,,,,,,0,0,0,0,0,GEN-COY2
28257347,"2026-01-15 10:25:41","2026-01-15 10:25:41",AD6D63,"United States","United States",N9640J,,,,,,Piper,P28A,"Piper PA-28 180 Cherokee C",28-3864,,,,,,Private,,,1967,,,,0,,,,,,0,0,0,0,0,,,,,,0,0,0,0,0,GEN-P28A
28257273,"2026-01-15 10:24:45","2026-01-15 10:24:45",AB38F9,"United States","United States",N822HA,,,,,,Cessna,C550,"Cessna Citation II",550-0464,,,,,,"Hill Aircraft",,,,,,,0,,,,,,0,0,0,0,0,,,,,,0,0,0,0,0,GEN-C550
28257251,"2026-01-15 10:24:35","2026-01-15 10:24:35",A636D3,"United States","United States",N5SE,,,,,,Christen,EAGL,"Christen Eagle II",RJB-4061-X,,,,,,Private,,,1995,,,,0,,,,,,0,0,0,0,0,,,,,,0,0,0,0,0,GEN-EAGL
28257213,"2026-01-15 10:24:18","2026-01-15 10:24:18",75011D,Malaysia,Malaysia,9M-HMS,,,,,,Diamond,DA40,"Diamond DA40D Diamond Star",D4.158,,,,,,"HM Aerospace",,,2005,,,,0,,,,,,0,0,0,0,0,,,,,,0,0,0,0,0,GEN-DA40
28256838,"2026-01-15 10:20:04","2026-01-15 10:20:04",A3B5F4,"United States","United States",N3380W,,,,,,Piper,PA32,"Piper PA-32 260 Cherokee Six",32-235,,,,,,Private,,,1965,,,,0,,,,,,0,0,0,0,0,,,,,,0,0,0,0,0,GEN-PA32
28256592,"2026-01-15 10:17:33","2026-01-15 10:17:33",43E99E,"Isle of Man","Isle of Man",M-LRLR,,,,,,Bombardier,CL60,"Bombardier Challenger 604",5522,,,,,,"Convey Jet",,,2001,,,,0,,,,,,0,0,0,0,0,,,,,,0,0,0,0,0,GEN-CL60
28256461,"2026-01-15 10:16:11","2026-01-15 10:16:11",48414F,Netherlands,Netherlands,PH-HZK,,,,,,Boeing,B738,"Boeing 737NG 8K2/W",30390,,,,,,Transavia,,,2000,,,,0,,,,,,0,0,0,0,0,,,,,,0,0,0,0,0,GEN-B738
28256292,"2026-01-15 10:14:32","2026-01-15 10:14:32",A56782,"United States","United States",N4474,,,,,,Noorduyn,NORS,"Noorduyn Norseman UC-64A",778,,,,,,"Operator Unknown",,,,,,,0,,,,,,0,0,0,0,0,,,,,,0,0,0,0,0,GEN-NORS
28256163,"2026-01-15 10:13:19","2026-01-15 10:13:19",A1548C,"United States","United States",N185PH,,,,,,Embraer,E55P,"Embraer Phenom 300",50500185,,,,,,"Embraer Executive Aircraft Inc",,,2013,,,,0,,,,,,0,0,0,0,0,,,,,,0,0,0,0,0,GEN-E55P
28256090,"2026-01-15 10:12:29","2026-01-15 10:12:29",AB3111,"United States","United States",N820CD,,,,,,"Cirrus Design",SR22,"Cirrus Design SR22",0180,,,,,,Private,,,2002,,,,0,,,,,,0,0,0,0,0,,,,,,0,0,0,0,0,GEN-SR22
28256047,"2026-01-15 10:12:08","2026-01-15 10:12:08",AE0615,"United States","United States",86-1395,,,,,,Lockheed,C130,"Lockheed C-130H Hercules",5101,,,,,,"United States Air Force",,,,,,,0,,,,,,1,0,0,0,0,,,,,,0,0,0,0,0,
28256023,"2026-01-15 10:11:56","2026-01-15 10:11:56",A4BE36,"United States","United States",N40422,,,,,,"Balloon Works",BALL,"Balloon Works Firefly 7 Hot Air Balloon",7860,,,,,,Private,,,1979,,,,0,,,,,,0,0,0,0,0,,,,,,0,0,0,0,0,GEN-BALL
28255434,"2026-01-15 10:06:12","2026-01-15 10:06:12",A8DE19,"United States","United States",N6700J,,,,,,Piper,P28A,"Piper PA-28 140 Cherokee",28-24394,,,,,,Private,,,1968,,,,0,,,,,,0,0,0,0,0,,,,,,0,0,0,0,0,GEN-P28A
28255072,"2026-01-15 10:02:16","2026-01-15 10:02:16",71D115,"South Korea","South Korea",HL9115,,,,,,Hughes,H500,"Hughes 369 MD",110-0840D,,,,,,Private,,,,,,,0,,,,,,0,0,0,0,0,,,,,,0,0,0,0,0,GEN-H500
28254549,"2026-01-15 09:56:14","2026-01-15 09:56:14",8960BA,"United Arab Emirates","United Arab Emirates",A6-EYC,,,,,,Airbus,A332,"Airbus A330 202",885,,,,,,"Etihad Airways",,,2007,,,,0,,,,,,0,0,0,0,0,,,,,,0,0,0,0,0,ETD
28254164,"2026-01-15 09:52:54","2026-01-15 09:52:54",A52252,"United States","United States",N43RX,,,,,,Bell,B407,"Bell 407",53505,,,,,,"Reach Air Medical Services LLC",,,,,,,0,,,,,,0,0,0,0,0,,,,,,0,0,0,0,0,GEN-B407
28253853,"2026-01-15 09:49:13","2026-01-15 09:49:13",C0176A,Canada,Canada,C-FIWN,,,,,,Bell,B407,"Bell 407 GX",54567,,,,,,"Bell Helicopter Textron Canada",,,2014,,,,0,,,,,,0,0,0,0,0,,,,,,0,0,0,0,0,GEN-B407
28253639,"2026-01-15 09:46:58","2026-01-15 09:46:58",00AE1A,"South Africa","South Africa",ZS-RLH,,,,,,Robinson,R44,"Robinson R44 Raven II",10767,,,,,,Private,,,2005,,,,0,,,,,,0,0,0,0,0,,,,,,0,0,0,0,0,GEN-R44
28253384,"2026-01-15 09:44:18","2026-01-15 09:44:18",4CA4E6,Ireland,Ireland,EI-DPB,,,,,,Boeing,B738,"Boeing 737NG 8ASSF/W",33603,,,,,,Ryanair,,,2006,,,,0,,,,,,0,0,0,0,0,,,,,,0,0,0,0,0,RYR
28252974,"2026-01-15 09:39:58","2026-01-15 09:39:58",E493DC,Brazil,Brazil,PR-GVJ,,,,,,"Textron Aviation",BE9L,"Textron Aviation King Air C90GT",LJ-2145,,,,,,Corporate,,,2017,,,,0,,,,,,0,0,0,0,0,,,,,,0,0,0,0,0,GEN-BE9L
28252688,"2026-01-15 09:37:11","2026-01-15 09:37:11",A9AC74,"United States","United States",N722RC,,,,,,"Cirrus Design",SR22,"Cirrus Design SR22",4804,,,,,,Private,,,,,,,0,,,,,,0,0,0,0,0,,,,,,0,0,0,0,0,GEN-SR22
28252232,"2026-01-15 09:31:41","2026-01-15 09:31:41",A25B54,"United States","United States",N251BF,,,,,,"Textron Aviation",C208,"Textron Aviation 208 EX",208B5311,,,,,,"Grey Aviation Advisers And Solutions Inc",,,2016,,,,0,,,,,,0,0,0,0,0,,,,,,0,0,0,0,0,GEN-C208
28251200,"2026-01-15 09:21:05","2026-01-15 09:21:05",43C405,"United Kingdom","United Kingdom",XX200,,,,,,"Hawker Siddeley",HAWK,"Hawker Siddeley Hawk T.1A",41H-312047,,,,,,"Royal Navy",,,1977,,,,0,,,https://cdn.jetphotos.com/full/6/99451_1603274098.jpg,https://cdn.jetphotos.com/full/6/23567_1602329998.jpg,https://cdn.jetphotos.com/full/6/25617_1569086219.jpg,1,0,0,0,0,,,,,,0,0,0,0,0,
28250844,"2026-01-15 09:17:33","2026-01-15 09:17:33",A3C463,"United States","United States",N3417S,,,,,,Cessna,C182,"Cessna 182G Skylane",18255817,,,,,,Private,,,,,,,0,,,,,,0,0,0,0,0,,,,,,0,0,0,0,0,GEN-C182
28250408,"2026-01-15 09:12:51","2026-01-15 09:12:51",5080AE,Ukraine,Ukraine,UR-CCS,,,,,,Douglas,DC95,"Douglas DC-9 51",47737,,,,,,"Khors Air",,,,,,,0,,,,,,0,0,0,0,0,,,,,,0,0,0,0,0,GEN-DC95
28249837,"2026-01-15 09:06:54","2026-01-15 09:06:54",846275,Japan,Japan,N45HD,,,,,,Bombardier,LJ45,"Bombardier Learjet 45 XR",45-293,,,,,,"Bosque Disposal Systems LLC",,,,,,,0,,,,,,0,0,0,0,0,,,,,,0,0,0,0,0,GEN-LJ45
28249037,"2026-01-15 08:57:48","2026-01-15 08:57:48",C078DF,Canada,Canada,C-GTUC,,,,,,Beech,BE20,"Beech King Air B200",BB-268,,,,,,"Air Tindi",,,,,,,0,,,,,,0,0,0,0,0,,,,,,0,0,0,0,0,TID
28246954,"2026-01-15 08:35:39","2026-01-15 08:35:39",C06A3C,Canada,Canada,C-GOFZ,,,,,,Bombardier,CL60,"Bombardier Challenger 650",6151,,,,,,"Bombardier Inc",,,2019,,,,0,,,,,,0,0,0,0,0,,,,,,0,0,0,0,0,GEN-CL60
28246733,"2026-01-15 08:32:52","2026-01-15 08:32:52",0A4036,Algeria,Algeria,MS-,,,,,,"EH Industries",EH10,"EH Industries EH.101 Merlin Mk.610",50232,,,,,,"Algerian Navy",,,2011,,,,0,,,,,,1,0,0,0,0,,,,,,0,0,0,0,0,
28246424,"2026-01-15 08:29:13","2026-01-15 08:29:13",AD6A35,"United States","United States",N9634F,,,,,,Hughes,H269,"Hughes 269 C",100-0052,,,,,,Private,,,1970,,,,0,,,,,,0,0,0,0,0,,,,,,0,0,0,0,0,GEN-H269
28245881,"2026-01-15 08:23:28","2026-01-15 08:23:28",AE1365,"United States","United States",163047,,,,,,Grumman,A6,"Grumman EA-6B Prowler",P-132,,,,,,"United States Marine Corps",,,,,,,0,,,,,,1,0,0,0,0,,,,,,0,0,0,0,0,
28245608,"2026-01-15 08:20:42","2026-01-15 08:20:42",386447,France,France,F-AZCH,,,,,,"De Havilland",DHC1,"De Havilland DHC-1 Chipmunk 22",C1/0702,,,,,,Private,,,1952,,,,0,,,https://cdn.jetphotos.com/full/5/20587_1635765289.jpg,https://cdn.jetphotos.com/full/6/44738_1481143873.jpg,https://cdn.jetphotos.com/full/1/51130_1275154928.jpg,0,0,0,0,0,,,,,,0,0,0,0,0,GEN-DHC1
28245466,"2026-01-15 08:18:41","2026-01-15 08:18:41",A47A16,"United States","United States",N388MA,,,,,,"Diamond Aircraft",DA40,"Diamond Aircraft Diamond Star DA40",40.522,,,,,,Private,,,2005,,,,0,,,,,,0,0,0,0,0,,,,,,0,0,0,0,0,GEN-DA40
28243953,"2026-01-15 08:01:37","2026-01-15 08:01:37",A97F1A,"United States","United States",N7105F,,,,,,Piper,P28A,"Piper PA-28 181 Archer III",2843878,,,,,,Private,,,2017,,,,0,,,,,,0,0,0,0,0,,,,,,0,0,0,0,0,GEN-P28A
28243850,"2026-01-15 08:00:30","2026-01-15 08:00:30",AC8C6A,"United States","United States",N9076U,,,,,,Robinson,R22,"Robinson R22 HP",0261,,,,,,Private,,,1982,,,,0,,,,,,0,0,0,0,0,,,,,,0,0,0,0,0,GEN-R22
11102,"2021-11-08 16:26:52","2026-01-15 07:52:10",C87EE8,"New Zealand","New Zealand","",,,,"",,"",ZZZZ,"","",,,,,,"",,,,,,"",0,,,,,,0,0,0,0,0,Missing,,,"","",0,0,0,0,0,GEN-ZZZZ
766556,"2023-10-30 20:59:55","2026-01-15 07:52:10",43BF96,"United Kingdom","United Kingdom","",,,,"",,"",ZANT,"","",,,,,,"",,,,,,"",0,,,,,,0,0,0,0,0,Missing,,,"","",0,0,0,0,0,ZANT
28242573,"2026-01-15 07:46:52","2026-01-15 07:46:52",C8203E,"New Zealand","New Zealand",ZK-HFS,,,,,,Aerospatiale,AS55,"Aerospatiale Twin Squirrel AS.355 F2",5388,,,,,,"Helitranz Limited",,,,,,,0,,,,,,0,0,0,0,0,,,,,,0,0,0,0,0,GEN-AS55
28242479,"2026-01-15 07:46:09","2026-01-15 07:46:09",AA3389,"United States","United States",N7566M,,,,,,Cessna,C175,"Cessna 175 Skylark",55866,,,,,,Private,,,1959,,,,0,,,,,,0,0,0,0,0,,,,,,0,0,0,0,0,GEN-C175
28242347,"2026-01-15 07:44:50","2026-01-15 07:44:50",4AA86B,Sweden,Sweden,SE-JCK,,,,,,Aerospatiale,AS65,"Aerospatiale Dauphin SA.365 N",6090,,,,,,Private,,,1983,,,,0,,,,,,0,0,0,0,0,,,,,,0,0,0,0,0,GEN-AS65
28242302,"2026-01-15 07:44:18","2026-01-15 07:44:18",502C50,Latvia,Latvia,YL-BBI,,,,,,Boeing,B733,"Boeing 737 33A/W",27454,,,,,,"Air Baltic",,,1995,,,,0,,,,,,0,0,0,0,0,,,,,,0,0,0,0,0,BTI
552538,"2023-08-24 15:25:11","2026-01-15 07:44:17",3E8764,Germany,Germany,55+05,,,,,,Lockheed,C30J,"Lockheed KC-130J",,,,,,,"German Air Force",,,,,,,0,,,"","","",1,0,0,0,0,,,,,,0,0,0,0,0,GAF-C30J
28242284,"2026-01-15 07:44:03","2026-01-15 07:44:03",4CC333,Iceland,Iceland,TF-JMN,,,,,,Fokker,F50,"Fokker F50",20223,,,,,,"Flugfelag Islands",,,1991,,,,0,,,,,,0,0,0,0,0,,,,,,0,0,0,0,0,GEN-F50
28242118,"2026-01-15 07:42:33","2026-01-15 07:42:33",5113E5,Estonia,Estonia,"",,,,,,"",-GND,"Ground Vehicle",,,,,,,"Tallinn Airport",,,,,,,0,,,,,,0,0,0,0,0,,,,,,0,0,0,0,0,GEN--GND
28241806,"2026-01-15 07:39:25","2026-01-15 07:39:25",AB4A5C,"United States","United States",N8266N,,,,,,Piper,P28A,"Piper PA-28 140 Cherokee B",28-25479,,,,,,Private,,,1969,,,,0,,,,,,0,0,0,0,0,,,,,,0,0,0,0,0,GEN-P28A
26380,"2023-02-22 16:40:16","2026-01-15 07:36:38",468156,Greece,Greece,342,,,,A,,Tecnam,SIRA,"Tecnam P.2002 Sierra JF",342,,,,,,"Greek Air Force",,,,,,"2/22/2023 4:58:55 PM",0,,,,,,1,0,0,0,0,,,,,G,0,0,863939,0,0,HAF-SIRA
27971,"2022-05-27 07:06:27","2026-01-15 07:36:38",15206F,Russia,Russia,RA-73839,,,,,,Airbus,A21N,"Airbus A321-251NX",9073,,,,,,"Ural Airlines",,,2020,,,,0,,,,,,0,0,0,0,0,,,,,,0,0,0,0,0,SVR-A21N
49332,"2023-07-05 19:09:49","2026-01-15 07:36:38",8965F7,"United Arab Emirates","United Arab Emirates",A6-ATH,,,,A,,Airbus,A321,"Airbus A321 211SL",7879,,,,,,"Air Arabia",,,,,,"7/5/2023 7:35:20 PM",0,,,,,,0,0,0,0,0,,,,,J,0,0,49901,0,0,ABY-A321
51570,"2026-01-14 21:34:36","2026-01-15 07:36:38",8014FE,India,India,VT-YAE,,,,A,,Boeing,B38M,"Boeing 737MAX 8",43922,,,,,,"Akasa Air",,,2019,,,"S1: 2026-01-14 21:34:36
c/s: AKASA AIR",0,,,,,,0,0,0,0,0,"",,,"",J,0,0,53195,0,0,AKJ-B38M
53240,"2026-01-14 21:34:36","2026-01-15 07:36:38",8014DB,India,India,VT-TQJ,,,,A,,Airbus,A20N,"Airbus A320 251NSL",10732,,,,,,"Air India",,,2021,,,"S1: 2026-01-14 21:34:36
c/s: AIRINDIA",0,,,,,,0,0,0,0,0,"",,,"",J,0,0,55692,0,0,AIC-A20N
54356,"2026-01-14 21:34:36","2026-01-15 07:36:38",8015B2,India,India,VT-IBL,,,,A,,Airbus,A21N,"Airbus A321 251NXSL",11321,,,,,,IndiGo,,,2022,,,"S1: 2026-01-14 21:34:36
c/s: IFLY",0,,,,,,0,0,0,0,0,"",,,"",J,0,0,57309,0,0,IGO-A21N
60968,"2023-11-20 16:22:37","2026-01-15 07:36:38",89651B,"United Arab Emirates","United Arab Emirates",A6-SD1,,,,A,,"Viking Air",DHC6,"Viking Air DHC-6 Twin Otter 400",920,,,,,,"Skydive Dubai",,,,,,"11/20/2023 5:01:56 PM",0,,,,,,0,0,0,0,0,,,,,P,0,0,47500,0,0,SKYDIVEDUBAI
61615,"2026-01-14 21:34:42","2026-01-15 07:36:38",34731A,Spain,Spain,EC-NVD,,,,A,,"Avions de Transport Regional",AT76,"Avions de Transport Regional ATR 72 600",1644,,,,,,"Binter Canarias",,,2020,,,"S1: 2026-01-14 21:34:42
c/s: BINTER",0,,,,,,0,0,0,0,0,"",,,"",P,0,0,49273,0,0,IBB-AT76
75815,"2026-01-14 21:35:47","2026-01-15 07:36:38",0D0D02,Mexico,Mexico,XA-MMN,,,,A,,Gates,LJ35,"Gates Learjet 35 A",35A-221,,,,,,"Skyjets International SA de CV",,,,,,"S1: 2026-01-14 21:35:47",0,,,,,,0,0,0,0,0,"",,,"",B,0,0,9220,0,0,GEN-LJ35
86853,"2026-01-14 21:35:47","2026-01-15 07:36:38",80143D,India,India,VT-SSK,,,,A,,Bombardier,LJ45,"Bombardier Learjet 45 XR",45-417,,,,,,"VSR Ventures P/L",,,2011,,,"S1: 2026-01-14 21:35:47",0,,,,,,0,0,0,0,0,"",,,"",B,0,0,37538,0,0,GEN-LJ45
141292,"2026-01-14 21:35:56","2026-01-15 07:36:38",4B44A5,Switzerland,Switzerland,HB-ZZX,,,,A,,"Airbus Helicopters",AS50,"Airbus Helicopters Squirrel AS.350 B3e (H125)",9278,,,,,,"Swiss Helicopter AG",,,2022,,,"S1: 2026-01-14 21:35:56
c/s: HELISWISS",0,,,,,,0,0,0,0,0,"",,,"",H,0,0,1052321,0,0,HSI
142145,"2026-01-14 21:35:56","2026-01-15 07:36:38",A20395,"United States","United States",N229MT,,,,A,,"Airbus Helicopters",AS50,"Airbus Helicopters Squirrel AS.350 B3e (H125)",9203,,,,,,Med-Trans,,,2022,,,"S1: 2026-01-14 21:35:56",0,,,,,,0,0,0,0,0,"",,,"",H,0,0,1051295,0,0,GEN-AS50
182760,"2026-01-14 21:36:14","2026-01-15 07:36:38",7394DD,Israel,Israel,4X-CGV,,,,A,,Cessna,C172,"Cessna 172M Skyhawk",17262091,,,,,,Private,,,1973,,,"S1: 2026-01-14 21:36:14",0,,,,,,0,0,0,0,0,"",,,"",G,0,0,100652,0,0,GEN-C172
484667,"2024-05-10 19:14:03","2026-01-15 07:36:38",43BF7E,"United Kingdom","United Kingdom",TWR,,,,,,,TWR,,,,,,,,Unknown,,,,,,"S2: 2024-05-10 19:13:23",0,,,,,,0,0,0,0,0,,,,,,0,0,0,0,0,BLANK
485235,"2026-01-14 21:43:31","2026-01-15 07:36:38",448160,Belgium,Belgium,GND,,,,"",,"",GND,"","",,,,,,Unknown,,,,,,"S2: 2026-01-14 21:41:26",0,,,,,,0,0,0,0,0,"",,,"","",0,0,0,0,0,BLANK
487623,"2023-08-27 15:47:24","2026-01-15 07:36:38",48E305,Poland,Poland,ANTENNA,,,,,,,ZANT,,,,,,,,"Gdansk Airport",,,,,,"27/08/2023 15:47",0,,,,,,0,0,0,0,0,,,,,,1,0,0,0,0,ZANT
490975,"2023-08-27 15:47:24","2026-01-15 07:36:38",7CF7CA,Australia,Australia,SSM1,,,,,,,TWR,,,,,,,,Unknown,,,,,,"27/08/2023 15:47",0,,,,,,1,0,0,0,0,,,,,,1,0,0,0,0,BLANK
491461,"2023-08-27 15:47:24","2026-01-15 07:36:38",896C1E,"United Arab Emirates","United Arab Emirates",948,,,,,,Pilatus,PC21,"Pilatus PC-21",,,,,,,"United Arab Emirates Air Force",,,,,,"27/08/2023 15:47",0,,,,,,1,0,0,0,0,,,,,,1,0,0,0,0,UAF-PC21
491466,"2023-08-27 15:47:24","2026-01-15 07:36:38",896C23,"United Arab Emirates","United Arab Emirates",953,,,,,,Pilatus,PC21,"Pilatus PC-21",,,,,,,"United Arab Emirates Air Force",,,,,,"27/08/2023 15:47",0,,,,,,1,0,0,0,0,,,,,,1,0,0,0,0,UAF-PC21
520273,"2026-01-14 21:34:36","2026-01-15 07:36:38",7C4A45,Australia,Australia,VH-OYF,,,,A,,Airbus,A21N,"Airbus A321 251NXSL",11529,,,,,,"Jetstar Airways",,,2023,,,"S1: 2026-01-14 21:34:36
c/s: JETSTAR",0,,,,,,0,0,0,0,0,"",,,"",J,0,0,57704,0,0,JST-A21N
520781,"2026-01-14 21:35:56","2026-01-15 07:36:38",34360E,Spain,Spain,EC-LHD,,,,A,,Aerospatiale,AS55,"Aerospatiale Twin Squirrel AS.355 F2",5381,,,,,,"Department of Interior",,,1988,,,"S1: 2026-01-14 21:35:56",0,,,,,,0,0,0,0,0,"",,,M,H,0,0,42335,0,0,GEN-AS55
521863,"2026-01-14 21:36:14","2026-01-15 07:36:38",7504C9,Malaysia,Malaysia,9M-MIN,,,,A,,"Diamond Aircraft",DA40,"Diamond Aircraft Diamond Star DA40 NG",40.N476,,,,,,"Asia Aeronautical Training Academy",,,,,,"S1: 2026-01-14 21:36:14",0,,,,,,0,0,0,0,0,"",,,"",G,0,0,900089,0,0,GEN-DA40
522427,"2026-01-14 21:35:47","2026-01-15 07:36:38",008584,"South Africa","South Africa",ZS-CBR,,,,A,,"Hawker Beechcraft Corp",PRM1,"Hawker Beechcraft Corp Premier IA",RB-276,,,,,,"Multimanaged Investments P/L",,,2010,,,"S1: 2026-01-14 21:35:47",0,,,,,,0,0,0,0,0,"",,,"",B,0,0,35618,0,0,GEN-PRM1
534968,"2023-07-07 15:32:03","2026-01-15 07:36:38",407F56,"United Kingdom","United Kingdom",G-EMEH,,,,,,"Airbus Helicopters",EC75,"Airbus Helicopters EC 175 B",5060,,,,,,"CHC Helicopter",,,2022,,,,0,,,,,,0,0,0,0,0,,,,,,0,0,0,0,0,HKS-EC75
562667,"2026-01-14 21:34:42","2026-01-15 07:36:38",75874F,Philippines,Philippines,RP-C6903,,,,A,,"de Havilland Canada",DHC6,"de Havilland Canada DHC-6 Twin Otter 400",991,,,,,,"Island Aviation",,,2020,,,"S1: 2026-01-14 21:34:42",0,,,,,,0,0,0,0,0,"",,,"",P,0,0,49330,0,0,GEN-DHC6
766906,"2026-01-14 21:35:56","2026-01-15 07:36:38",A38D95,"United States","United States",N328RX,,,,A,,"Airbus Helicopters",EC35,"Airbus Helicopters EC135",2203,,,,,,"REACH Air Medical Services",,,2022,,,"S1: 2026-01-14 21:35:56
c/s: REACHMED",0,,,,,,0,0,0,0,0,"",,,"",H,0,0,1052404,0,0,REH
817780,"2024-11-11 21:07:46","2026-01-15 07:36:38",86DC60,Japan,Japan,JA83YA,,,,A,,Airbus,A321,"Airbus A321 231(P2F)",4530,,,,,,"Yamato Transport",,,2010,,,"S1: 2024-11-11 21:07:46",0,,,,,,0,0,0,0,0,,,,F,J,0,0,30833,0,0,GEN-A321
1062445,"2026-01-14 21:34:36","2026-01-15 07:36:38",80165E,India,India,VT-BXL,,,,A,,Boeing,B38M,"Boeing 737MAX 8",61662,,,,,,"Air India Express",,,2021,,,"S1: 2026-01-14 21:34:36
c/s: EXPRESS INDIA",0,,,,,,0,0,0,0,0,"",,,"",J,0,0,55852,0,0,AXB-B38M
1307745,"2026-01-14 21:43:31","2026-01-15 07:36:38",3C83BB,Germany,Germany,TWR,,,,"",,"",TWR,"","",,,,,,Unknown,,,,,,"S2: 2026-01-14 21:41:26",0,,,,,,0,0,0,0,0,"",,,"","",0,0,0,0,0,BLANK
1328621,"2026-01-14 21:34:42","2026-01-15 07:36:38",801684,India,India,VT-FIC,,,,A,,"Avions de Transport Regional",AT76,"Avions de Transport Regional ATR 72 600",1364,,,,,,Fly91,,,2016,,,"S1: 2026-01-14 21:34:42",0,,,,,,0,0,0,0,0,"",,,"",P,0,0,48350,0,0,GOA-AT76
1376827,"2026-01-14 21:34:42","2026-01-15 07:36:38",39DD57,France,France,F-HXKX,,,,A,,"Avions de Transport Regional",AT76,"Avions de Transport Regional ATR 72 600",1690,,,,,,"Air Corsica",,,2023,,,"S1: 2026-01-14 21:34:42
c/s: CORSICA",0,,,,,,0,0,0,0,0,"",,,"",P,0,0,50056,0,0,CCM-AT76
1376985,"2026-01-14 21:34:46","2026-01-15 07:36:38",881403,Thailand,Thailand,F22-03/65,,,,A,,"Raytheon Aircraft Company",TEX2,"Raytheon Aircraft Company T-6C Texan II",PM-149,,,,,,"Royal Thai Air Force",,,,,,"S1: 2026-01-14 21:34:46",0,,,,,,1,0,0,0,0,"",,,M,M,0,0,340779,0,0,RTAF-TEX2
1607636,"2026-01-14 21:34:36","2026-01-15 07:36:38",896620,"United Arab Emirates","United Arab Emirates",A6-EXC,,,,A,,Airbus,A359,"Airbus A350 941",693,,,,,,"Emirates Airline",,,2024,,,"S1: 2026-01-14 21:34:36
c/s: EMIRATES",0,,,,,,0,0,0,0,0,"",,,"",J,0,0,58682,0,0,UAE-A359
1607637,"2026-01-14 21:34:36","2026-01-15 07:36:38",896621,"United Arab Emirates","United Arab Emirates",A6-EXD,,,,A,,Airbus,A359,"Airbus A350 941",703,,,,,,"Emirates Airline",,,2024,,,"S1: 2026-01-14 21:34:36
c/s: EMIRATES",0,,,,,,0,0,0,0,0,"",,,"",J,0,0,58726,0,0,UAE-A359
1707261,"2026-01-14 21:34:42","2026-01-15 07:36:38",80151F,India,India,CA7102,,,,A,,CASA,C295,"CASA C-295 MW",229,,,,,,"Indian Air Force",,,2023,,,"S1: 2026-01-14 21:34:42
c/s: INDIAN AIRFORCE",0,,,,,,1,0,0,0,0,"",,,M,P,0,0,50053,0,0,IFC-C295
3185202,"2024-09-29 13:03:39","2026-01-15 07:36:38",ADFBDE,"United States","United States",TWR,,,,,,,TWR,,,,,,,,Unknown,,,,,,"S3: 2024-09-29 13:01:13",0,,,,,,1,0,0,0,0,,,,,,0,0,0,0,0,BLANK1
3357452,"2026-01-14 21:34:36","2026-01-15 07:36:38",3C4A0D,Germany,Germany,D-ABPM,,,,A,,Boeing,B789,"Boeing 787 9",66824,,,,,,Lufthansa,,,2024,,,"S1: 2026-01-14 21:34:36
c/s: LUFTHANSA",0,,,,,,0,0,0,0,0,"",,,"",J,0,0,58964,0,0,DLH-B789
3922870,"2026-01-14 21:34:36","2026-01-15 07:36:38",8016C5,India,India,VT-IXI,,,,A,,Airbus,A20N,"Airbus A320 251NSL",12246,,,,,,IndiGo,,,2024,,,"S1: 2026-01-14 21:34:36
c/s: IFLY",0,,,,,,0,0,0,0,0,"",,,"",J,0,0,58787,0,0,IGO-A20N
4603653,"2026-01-14 21:36:14","2026-01-15 07:36:38",44CD61,Belgium,Belgium,OO-SKA,,,,A,,"Diamond Aircraft",DA40,"Diamond Aircraft Diamond Star DA40 NG",40.N640,,,,,,"Skywings Flight Training",,,2024,,,"S1: 2026-01-14 21:36:14",0,,,,,,0,0,0,0,0,"",,,"",G,0,0,934529,0,0,GEN-DA40
4908136,"2024-10-20 08:45:26","2026-01-15 07:36:38",456040,Bulgaria,Bulgaria,TWR,,,,,,,TWR,,,,,,,,Unknown,,,,,,"S2: 2024-10-20 08:44:47",0,,,,,,0,0,0,0,0,,,,,,0,0,0,0,0,BLANK
5084973,"2026-01-14 21:34:36","2026-01-15 07:36:38",80171A,India,India,VT-IRY,,,,A,,Airbus,A21N,"Airbus A321 251NXSL",12046,,,,,,IndiGo,,,2024,,,"S1: 2026-01-14 21:34:36
c/s: IFLY",0,,,,,,0,0,0,0,0,"",,,"",J,0,0,58880,0,0,IGO-A21N
5206167,"2026-01-14 21:35:47","2026-01-15 07:36:38",49D5E8,"Czech Republic","Czech Republic",OK-TBE,,,,A,,Pilatus,PC24,"Pilatus PC-24",537,,,,,,"OK Aviation Group",,,2024,,,"S1: 2026-01-14 21:35:47
c/s: NETFLIGHT",0,,,,,,0,0,0,0,0,"",,,"",B,0,0,47842,0,0,NTF
6559961,"2026-01-14 21:34:36","2026-01-15 07:36:38",4A1AAE,Romania,Romania,YR-FUN,,,,A,,Airbus,BCS3,"Airbus A220 300",55321,,,,,,Animawings,,,2024,,,"S1: 2026-01-14 21:34:36
c/s: ANIMA WINGS",0,,,,,,0,0,0,0,0,"",,,"",J,0,0,59682,0,0,AWG-BCS3
6565066,"2026-01-14 21:34:36","2026-01-15 07:36:38",A4D040,"United States","United States",N409YK,,,,A,,Boeing,B734,"Boeing 737 436SF",25859,,,,,,"Northern Air Cargo",,,1993,,,"S1: 2026-01-14 21:34:36
c/s: YUKON",0,,,,,,0,0,0,0,0,"",,,F,J,0,0,5342,0,0,NAC-B734
6706583,"2026-01-14 21:35:47","2026-01-15 07:36:38",4B3792,Switzerland,Switzerland,HB-VBE,,,,A,,"Textron Aviation",C25C,"Textron Aviation Citation CJ4 Gen2",525C0454,,,,,,"Jet Aviation Business Jets AG",,,2024,,,"S1: 2026-01-14 21:35:47
c/s: JETAVIATION",0,,,,,,0,0,0,0,0,"",,,"",B,0,0,48176,0,0,PJS
6760435,"2026-01-14 21:34:36","2026-01-15 07:36:38",770594,"Sri Lanka","Sri Lanka",4R-ALT,,,,A,,Airbus,A332,"Airbus A330 243",1261,,,,,,"SriLankan Airlines",,,2011,,,"S1: 2026-01-14 21:34:36
c/s: SRILANKAN",0,,,,,,0,0,0,0,0,"",,,"",J,0,0,32381,0,0,ALK-A332
7850833,"2026-01-14 21:34:36","2026-01-15 07:36:38",4CAEF1,Ireland,Ireland,EI-KIE,,,,A,,Airbus,A20N,"Airbus A320 271NSL",12428,,,,,,"Air Astana",,,2024,,,"S1: 2026-01-14 21:34:36
c/s: ASTANALINE",0,,,,,,0,0,0,0,0,"",,,"",J,0,0,59347,0,0,KZR-A20N
7851113,"2026-01-14 21:34:36","2026-01-15 07:36:38",A6B47C,"United States","United States",N531DN,,,,A,,Airbus,A359,"Airbus A350 941",755,,,,,,"Delta Air Lines",,,2025,,,"S1: 2026-01-14 21:34:36
c/s: DELTA",0,,,,,,0,0,0,0,0,"",,,"",J,0,0,59836,0,0,DAL-A359
9287128,"2026-01-14 21:36:14","2026-01-15 07:36:38",3D23A7,Germany,Germany,D-ELTF,,,,A,,Piper,P28A,"Piper PA-28 Cherokee","",,,,,,Private,,,,,,"S1: 2026-01-14 21:36:14",0,,,,,,0,0,0,0,0,"",,,"",G,0,0,952673,0,0,GEN-P28A
21433386,"2026-01-14 21:34:36","2026-01-15 07:36:38",760A07,Pakistan,Pakistan,AP-BPG,,,,A,,Airbus,A320,"Airbus A320 214",4160,,,,,,AirSial,,,2009,,,"S1: 2026-01-14 21:34:36
c/s: AIR SIAL",0,,,,,,0,0,0,0,0,"",,,"",J,0,0,30076,0,0,SIF-A320
23680646,"2026-01-14 21:35:47","2026-01-15 07:36:38",506CAE,Slovenia,Slovenia,S5-BCD,,,,A,,Cessna,C56X,"Cessna Citation XLS+",560-6136,,,,,,Aviator.S5,,,2013,,,"S1: 2026-01-14 21:35:47",0,,,,,,0,0,0,0,0,"",,,"",B,0,0,40116,0,0,VIO
23899847,"2026-01-14 21:35:52","2026-01-15 07:36:38",49D624,"Czech Republic","Czech Republic",OK-CTI,,,,A,,Pilatus,PC12,"Pilatus PC-12 47E NG",1679,,,,,,Corporate,,,2016,,,"S1: 2026-01-14 21:35:52",0,,,,,,0,0,0,0,0,"",,,"",T,0,0,41767,0,0,GEN-PC12
24207388,"2026-01-14 21:34:36","2026-01-15 07:36:38",44CC46,Belgium,Belgium,OO-SBF,,,,A,,Airbus,A20N,"Airbus A320 251NSL",12834,,,,,,"Brussels Airlines",,,2025,,,"S1: 2026-01-14 21:34:36
c/s: BEELINE",0,,,,,,0,0,0,0,0,"",,,"",J,0,0,60196,0,0,BEL-A20N
24380102,"2026-01-14 21:34:36","2026-01-15 07:36:38",71C571,"South Korea","South Korea",HL8571,,,,A,,Boeing,B78X,"Boeing 787 10",66881,,,,,,"Korean Air",,,2025,,,"S1: 2026-01-14 21:34:36
c/s: KOREANAIR",0,,,,,,0,0,0,0,0,"",,,"",J,0,0,60239,0,0,KAL-B78X
24425525,"2026-01-14 21:34:42","2026-01-15 07:36:38",7CB05E,Australia,Australia,VH-84G,,,,A,,Bombardier,DH8D,"Bombardier DHC-8 402 NG",4462,,,,,,QantasLink,,,2013,,,"S1: 2026-01-14 21:34:42
c/s: Q LINK",0,,,,,,0,0,0,0,0,"",,,"",P,0,0,47043,0,0,QLK-DH8D
24761975,"2026-01-14 21:34:36","2026-01-15 07:36:38",7CAD49,Australia,Australia,VH-8IJ,,,,A,,Boeing,B38M,"Boeing 737MAX 8",65126,,,,,,"Virgin Australia",,,2025,,,"S1: 2026-01-14 21:34:36
c/s: VELOCITY",0,,,,,,0,0,0,0,0,"",,,"",J,0,0,60412,0,0,VOZ-B38M
24853589,"2026-01-14 21:34:36","2026-01-15 07:36:38",3C6474,Germany,Germany,D-AICT,,,,A,,Airbus,A320,"Airbus A320 214SL",5661,,,,,,"Condor Flugdienst",,,2013,,,"S1: 2026-01-14 21:34:36
c/s: CONDOR",0,,,,,,0,0,0,0,0,"",,,"",J,0,0,42951,0,0,CFG-A320
25052464,"2026-01-14 21:34:36","2026-01-15 07:36:38",4246B4,"United Kingdom","United Kingdom",VP-BAK,,,,A,,Airbus,A20N,"Airbus A320 251NSL",12725,,,,,,"Azerbaijan Airlines",,,2025,,,"S1: 2026-01-14 21:34:36
c/s: AZAL",0,,,,,,0,0,0,0,0,"",,,"",J,0,0,60083,0,0,AHY-A20N
25136258,"2026-01-14 21:34:36","2026-01-15 07:36:38",06E02D,Rwanda,Rwanda,9XR-WU,,,,A,,Boeing,B738,"Boeing 737NG 8H6/W",40149,,,,,,RwandAir,,,2013,,,"S1: 2026-01-14 21:34:36
c/s: RWANDAIR",0,,,,,,0,0,0,0,0,"",,,"",J,0,0,43449,0,0,RWD-B738
25139649,"2026-01-14 21:34:36","2026-01-15 07:36:38",471D5A,Hungary,Hungary,HA-LDA,,,,A,,Airbus,A21N,"Airbus A321 271NXSL",12825,,,,,,"Wizz Air",,,2025,,,"S1: 2026-01-14 21:34:36
c/s: WIZZAIR",0,,,,,,0,0,0,0,0,"",,,"",J,0,0,60077,0,0,WZZ-A21N
25162303,"2026-01-14 21:34:36","2026-01-15 07:36:38",7C788D,Australia,Australia,VH-X3J,,,,A,,Airbus,A320,"Airbus A320 232SL",5433,,,,,,"Jetstar Airways",,,2012,,,"S1: 2026-01-14 21:34:36
c/s: JETSTAR",0,,,,,,0,0,0,0,0,"",,,"",J,0,0,34379,0,0,JST-A320
25188437,"2026-01-14 21:34:42","2026-01-15 07:36:38",8A0A25,Indonesia,Indonesia,A-4001,,,,A,,"Airbus Military",A400,"Airbus Military A400M",148,,,,,,"Indonesian Air Force",,,2025,,,"S1: 2026-01-14 21:34:42",0,,,,,,1,0,0,0,0,"",,,M,P,0,0,50139,0,0,IDAF-A400
25248493,"2026-01-14 21:34:36","2026-01-15 07:36:38",8966BC,"United Arab Emirates","United Arab Emirates",A6-LRH,,,,A,,Airbus,A21N,"Airbus A321 251NXSL",12791,,,,,,"Etihad Airways",,,2025,,,"S1: 2026-01-14 21:34:36
c/s: ETIHAD",0,,,,,,0,0,0,0,0,"",,,"",J,0,0,60042,0,0,ETD-A21N
25254822,"2026-01-14 21:34:36","2026-01-15 07:36:38",7C7885,Australia,Australia,VH-X3B,,,,A,,Airbus,A320,"Airbus A320 232",4772,,,,,,"Jetstar Airways",,,2011,,,"S1: 2026-01-14 21:34:36
c/s: JETSTAR",0,,,,,,0,0,0,0,0,"",,,"",J,0,0,32618,0,0,JST-A320
25291165,"2026-01-14 21:34:36","2026-01-15 07:36:38",801864,India,India,VT-NHQ,,,,A,,Airbus,A21N,"Airbus A321 251NXSL",12941,,,,,,IndiGo,,,2025,,,"S1: 2026-01-14 21:34:36
c/s: IFLY",0,,,,,,0,0,0,0,0,"",,,"",J,0,0,60357,0,0,IGO-A21N
25297467,"2026-01-14 21:34:42","2026-01-15 07:36:38",739604,Israel,Israel,4X-IHE,,,,A,,"Avions de Transport Regional",AT76,"Avions de Transport Regional ATR 72 600",1704,,,,,,"Air Haifa",,,2024,,,"S1: 2026-01-14 21:34:42",0,,,,,,0,0,0,0,0,"",,,"",P,0,0,50144,0,0,HFA-AT76
25297681,"2026-01-14 21:34:36","2026-01-15 07:36:38",76B86D,Singapore,Singapore,9V-NCM,,,,A,,Airbus,A21N,"Airbus A321 271NXSL",12821,,,,,,Scoot,,,2025,,,"S1: 2026-01-14 21:34:36
c/s: SCOOTER",0,,,,,,0,0,0,0,0,"",,,"",J,0,0,60344,0,0,TGW-A21N
25506872,"2026-01-14 21:34:36","2026-01-15 07:36:38",85134A,Japan,Japan,JA31MC,,,,A,,Airbus,A20N,"Airbus A320 251NSL",12963,,,,,,StarFlyer,,,2025,,,"S1: 2026-01-14 21:34:36
c/s: STARFLYER",0,,,,,,0,0,0,0,0,"",,,"",J,0,0,60548,0,0,SFJ-A20N
25543947,"2026-01-14 21:34:36","2026-01-15 07:36:38",782328,China,China,B-32P3,,,,A,,Airbus,A21N,"Airbus A321 251NXSL",12813,,,,,,"China Southern Airlines",,,2025,,,"S1: 2026-01-14 21:34:36
c/s: CHINA SOUTHERN",0,,,,,,0,0,0,0,0,"",,,"",J,0,0,60347,0,0,CSN-A21N
25544958,"2026-01-14 21:34:36","2026-01-15 07:36:38",A7D2BC,"United States","United States",N603DN,,,,A,,Airbus,A21N,"Airbus A321 271NXSL",12830,,,,,,"Delta Air Lines",,,2025,,,"S1: 2026-01-14 21:34:36
c/s: DELTA",0,,,,,,0,0,0,0,0,"",,,"",J,0,0,60380,0,0,DAL-A21N
53196,"2026-01-14 21:34:36","2026-01-15 07:36:31",8014D9,India,India,VT-IMK,,,,A,,Airbus,A21N,"Airbus A321 251NXSL",10681,,,,,,IndiGo,,,2021,,,"S1: 2026-01-14 21:34:36
c/s: IFLY",0,,,,,,0,0,0,0,0,"",,,"",J,0,0,55624,0,0,IGO-A21N
28241163,"2026-01-15 00:58:55","2026-01-15 00:58:55",ADE341,"United States","United States",XA-AEB,,,,,,Cessna,C650,"Cessna Citation III",650-0099,,,,,,"Aero Servicios Regiomontanos SA",,,,,,,0,,,,,,0,0,0,0,0,,,,,,0,0,0,0,0,GEN-C650
28239941,"2026-01-15 00:41:27","2026-01-15 00:41:27",0D807D,Venezuela,Venezuela,YV1813,,,,,,Cessna,C550,"Cessna Citation II",550-0405,,,,,,"Consolid-Air SA",,,,,,,0,,,,,,0,0,0,0,0,,,,,,0,0,0,0,0,GEN-C550
28239589,"2026-01-15 00:36:42","2026-01-15 00:36:42",403587,"United Kingdom","United Kingdom",G-MYSL,,,,,,Aviasud,ULAC,"Aviasud Mistral 582GB",066,,,,,,Private,,,1988,,,,0,,,,,,0,0,0,0,0,,,,,,0,0,0,0,0,GEN-ULAC
28239109,"2026-01-15 00:28:55","2026-01-15 00:28:55",A8FC95,"United States","United States",N67855,,,,,,Cessna,C152,"Cessna 152",15282060,,,,,,Private,,,1978,,,,0,,,,,,0,0,0,0,0,,,,,,0,0,0,0,0,GEN-C152
28238426,"2026-01-15 00:18:50","2026-01-15 00:18:50",C0994B,Canada,Canada,C-IGBI,,,,,,Janowski,GLID,"Janowski J-6 Fregata",20/04,,,,,,Private,,,,,,,0,,,,,,0,0,0,0,0,,,,,,0,0,0,0,0,GEN-GLID
28238357,"2026-01-15 00:17:38","2026-01-15 00:17:38",A41A07,"United States","United States",N36312,,,,,,Taylorcraft,TAYB,"Taylorcraft BF",3230,,,,,,Private,,,1941,,,,0,,,,,,0,0,0,0,0,,,,,,0,0,0,0,0,GEN-TAYB
28238344,"2026-01-15 00:17:32","2026-01-15 00:17:32",0DE414,Venezuela,Venezuela,91-0356,,,,,,"General Dynamics",F16,"General Dynamics F-16CG Fighting Falcon",CC-54,,,,,,"United States Air Force",,,,,,,0,,,,,,1,0,0,0,0,,,,,,0,0,0,0,0,
28237971,"2026-01-15 00:11:53","2026-01-15 00:11:53",A76468,"United States","United States",N57576,,,,,,"De Havilland Canada",DHC2,"De Havilland Canada DHC-2 Beaver U-6A",1168,,,,,,"Kenmore Air",,,1957,,,,0,,,,,,0,0,0,0,0,,,,,,0,0,0,0,0,KEN
28237686,"2026-01-15 00:07:35","2026-01-15 00:07:35",A4655D,"United States","United States",N3822G,,,,,,Cessna,C310,"Cessna 310R Turbo",310R-0918,,,,,,Private,,,,,,,0,,,,,,0,0,0,0,0,,,,,,0,0,0,0,0,GEN-C310
28237254,"2026-01-15 00:01:00","2026-01-15 00:01:00",40451B,"United Kingdom","United Kingdom",G-BZUH,,,,,,Rans,COY2,"Rans Coyote II S-6ES","PFA 204-13716",,,,,,Private,,,2001,,,,0,,,,,,0,0,0,0,0,,,,,,0,0,0,0,0,GEN-COY2
