AircraftID,FirstCreated,LastModified,ModeS,ModeSCountry,Country,Registration,CurrentRegDate,PreviousID,FirstRegDate,Status,DeRegDate,Manufacturer,ICAOTypeCode,Type,SerialNo,PopularName,GenericName,AircraftClass,Engines,OwnershipStatus,RegisteredOwners,MTOW,TotalHours,YearBuilt,CofACategory,CofAExpiry,UserNotes,Interested,UserTag,InfoURL,PictureURL1,PictureURL2,PictureURL3,UserBool1,UserBool2,UserBool3,UserBool4,UserBool5,UserString1,UserString2,UserString3,UserString4,UserString5,UserInt1,UserInt2,UserInt3,UserInt4,UserInt5,OperatorFlagCode
32735959,"2026-02-21 23:59:30","2026-02-21 23:59:30",ABA04C,"United States","United States",N84824,,,,,,Aeronca,CH7A,"Aeronca Champion 7AC",7AC-3541,,,,,,Private,,,1946,,,,0,,,,,,0,0,0,0,0,,,,,,0,0,0,0,0,GEN-CH7A
32734681,"2026-02-21 23:41:04","2026-02-21 23:41:04",A87E2B,"United States","United States",N6462H,,,,,,Piper,J3,"Piper J-3 C-65 Cub",19644,,,,,,Private,,,1946,,,,0,,,,,,0,0,0,0,0,,,,,,0,0,0,0,0,GEN-J3
32733662,"2026-02-21 23:26:54","2026-02-21 23:26:54",A28237,"United States","United States",N2606R,,,,,,Piper,P28R,"Piper PA-28R 200 Cherokee Arrow",28R-35225,,,,,,Private,,,1969,,,,0,,,,,,0,0,0,0,0,,,,,,0,0,0,0,0,GEN-P28R
32733147,"2026-02-21 23:19:55","2026-02-21 23:19:55",AADC7F,"United States","United States",N7995D,,,,,,Pilatus,PC6T,"Pilatus PC-6 B2-H4",931,,,,,,"Atlantel Aeroservices",,,1999,,,,0,,,,,,0,0,0,0,0,,,,,,0,0,0,0,0,GEN-PC6T
32732910,"2026-02-21 23:16:40","2026-02-21 23:16:40",E05116,Argentina,Argentina,LV-EDV,,,,,,PZL-Swidnik,GLID,"PZL-Swidnik PW-5 Smyk",17.12.022,,,,,,Private,,,2002,,,,0,,,,,,0,0,0,0,0,,,,,,0,0,0,0,0,GEN-GLID
32731642,"2026-02-21 22:58:24","2026-02-21 22:58:24",A37FBC,"United States","United States",N3241W,,,,,,Stoddard-Hamilton,GLAS,"Stoddard-Hamilton Glasair",SN-377,,,,,,Private,,,1982,,,,0,,,,,,0,0,0,0,0,,,,,,0,0,0,0,0,GEN-GLAS
32731284,"2026-02-21 22:53:20","2026-02-21 22:53:20",A68E9A,"United States","United States",N521WA,,,,,,Bell,B407,"Bell 407 GX",54524,,,,,,Private,,,2014,,,,0,,,,,,0,0,0,0,0,,,,,,0,0,0,0,0,GEN-B407
32730614,"2026-02-21 22:44:43","2026-02-21 22:44:43",A5793F,"United States","United States",N45176,,,,,,Cameron,BALL,"Cameron V-77 Hot Air Balloon",5887,,,,,,Private,,,1993,,,,0,,,,,,0,0,0,0,0,,,,,,0,0,0,0,0,GEN-BALL
32730437,"2026-02-21 22:42:29","2026-02-21 22:42:29",43E727,"Isle of Man","Isle of Man",M-IDAS,,,,,,Agusta,A109,"Agusta A.109 E Power",11112,,,,,,"Benvarden Ltd",,,2001,,,,0,,,,,,0,0,0,0,0,,,,,,0,0,0,0,0,GEN-A109
32729886,"2026-02-21 22:35:21","2026-02-21 22:35:21",A84B48,"United States","United States",N6330Q,,,,,,Mooney,M20P,"Mooney M.20C Mark 21",670129,,,,,,Private,,,1967,,,,0,,,,,,0,0,0,0,0,,,,,,0,0,0,0,0,GEN-M20P
32729782,"2026-02-21 22:33:48","2026-02-21 22:33:48",3DA3A4,Germany,Germany,D-GIFK,,,,,,Piper,PA34,"Piper PA-34 220T Seneca III",34-8333028,,,,,,Private,,,1983,,,,0,,,,,,0,0,0,0,0,,,,,,0,0,0,0,0,GEN-PA34
32728633,"2026-02-21 22:18:13","2026-02-21 22:18:13",A98322,"United States","United States",N7117S,,,,,,Piper,P28A,"Piper PA-28 181 Archer III",2881135,,,,,,Private,,,2019,,,,0,,,,,,0,0,0,0,0,,,,,,0,0,0,0,0,GEN-P28A
32728214,"2026-02-21 22:12:55","2026-02-21 22:12:55",896004,"United Arab Emirates","United Arab Emirates",A6-EHH,,,,,,Airbus,A346,"Airbus A340 642X",870,,,,,,"Etihad Airways",,,2007,,,,0,,,,,,0,0,0,0,0,,,,,,0,0,0,0,0,ETD
32727888,"2026-02-21 22:08:42","2026-02-21 22:08:42",A02BE9,"United States","United States",N11XB,,,,,,Anglin,SWAK,"Anglin Spacewalker  I",108,,,,,,Private,,,,,,,0,,,,,,0,0,0,0,0,,,,,,0,0,0,0,0,GEN-SWAK
32727434,"2026-02-21 22:03:17","2026-02-21 22:03:17",A52CFE,"United States","United States",N43201,,,,,,Piper,P28A,"Piper PA-28 151 Cherokee Warrior",28-7415443,,,,,,Private,,,1974,,,,0,,,,,,0,0,0,0,0,,,,,,0,0,0,0,0,GEN-P28A
32726588,"2026-02-21 21:52:47","2026-02-21 21:52:47",A1EC92,"United States","United States",N223EH,,,,,,Aerospatiale,AS55,"Aerospatiale Twin Squirrel AS.355",5021,,,,,,Private,,,1981,,,,0,,,,,,0,0,0,0,0,,,,,,0,0,0,0,0,GEN-AS55
32726573,"2026-02-21 21:52:36","2026-02-21 21:52:36",A4F861,"United States","United States",N4193S,,,,,,Beech,BE58,"Beech Baron 58",TH-738,,,,,,Private,,,1976,,,,0,,,,,,0,0,0,0,0,,,,,,0,0,0,0,0,GEN-BE58
32726502,"2026-02-21 21:51:42","2026-02-21 21:51:42",AA2490,"United States","United States",N7525T,,,,,,Cameron,BALL,"Cameron O-77 Hot Air Balloon",5794,,,,,,Private,,,,,,,0,,,,,,0,0,0,0,0,,,,,,0,0,0,0,0,GEN-BALL
32726066,"2026-02-21 21:46:23","2026-02-21 21:46:23",C02E9E,Canada,Canada,CF-RQZ,,,,,,Piper,P28A,"Piper PA-28 160 Cherokee C",28-2362,,,,,,Private,,,1965,,,,0,,,,,,0,0,0,0,0,,,,,,0,0,0,0,0,GEN-P28A
32725463,"2026-02-21 21:38:43","2026-02-21 21:38:43",E1A3C3,Argentina,Argentina,LV-ZOC,,,,,,Ayres,SS2T,"Ayres Turbo Thrush S2R-G1",G1-114,,,,,,Private,,,,,,,0,,,,,,0,0,0,0,0,,,,,,0,0,0,0,0,GEN-SS2T
32723716,"2026-02-21 21:18:13","2026-02-21 21:18:13",780185,"China Hong Kong","China Hong Kong",B-HTD,,,,,,Airbus,A321,"Airbus A321 231",993,,,,,,"Cathay Dragon",,,1999,,,,0,,,,,,0,0,0,0,0,,,,,,0,0,0,0,0,HDA
32723421,"2026-02-21 21:14:42","2026-02-21 21:14:42",A6E298,"United States","United States",N5426V,,,,,,Ryan,NAVI,"Ryan Navion L-17B",NAV-4-1748,,,,,,Private,,,1948,,,,0,,,,,,0,0,0,0,0,,,,,,0,0,0,0,0,GEN-NAVI
32723142,"2026-02-21 21:11:07","2026-02-21 21:11:07",A3B152,"United States","United States",N337RL,,,,,,"Raytheon Aircraft Company",B350,"Raytheon Aircraft Company King Air B350",FL-373,,,,,,"Sunshine Land Survey LLC",,,,,,,0,,,,,,0,0,0,0,0,,,,,,0,0,0,0,0,GEN-B350
32722638,"2026-02-21 21:04:59","2026-02-21 21:04:59",A86F2F,"United States","United States",N6421L,,,,,,"Raven Industries",BALL,"Raven Industries RX.6 Hot Air Balloon",RX6-109,,,,,,Private,,,1974,,,,0,,,,,,0,0,0,0,0,,,,,,0,0,0,0,0,GEN-BALL
32721996,"2026-02-21 20:56:56","2026-02-21 20:56:56",A168C1,"United States","United States",N190G,,,,,,"Quad City",ULAC,"Quad City Challenger II",CW2-2007-1005,,,,,,Private,,,,,,,0,,,,,,0,0,0,0,0,,,,,,0,0,0,0,0,GEN-ULAC
32721379,"2026-02-21 20:49:05","2026-02-21 20:49:05",A991E7,"United States","United States",N71564,,,,,,Luscombe,L8,"Luscombe Silvaire 8A",2991,,,,,,Private,,,,,,,0,,,,,,0,0,0,0,0,,,,,,0,0,0,0,0,GEN-L8
27212,"2022-05-18 03:27:49","2026-02-21 20:42:57",48425C,Netherlands,Netherlands,"",,,,"",,"",-GND,"","",,,,,,"",,,,,,"",0,,,,,,0,0,0,0,0,Missing,,,"","",0,0,0,0,0,GEN--GND
32720818,"2026-02-21 20:42:20","2026-02-21 20:42:20",00ADAA,"South Africa","South Africa",ZS-RGZ,,,,,,Schweizer,H269,"Schweizer 269 C",S1916,,,,,,"Britannia Beach Estate",,,2008,,,,0,,,,,,0,0,0,0,0,,,,,,0,0,0,0,0,GEN-H269
32720675,"2026-02-21 20:40:11","2026-02-21 20:40:11",C00573,Canada,Canada,C-FCBQ,,,,,,Cessna,C560,"Cessna Citation Ultra",560-0393,,,,,,"Chartright Air Inc",,,,,,,0,,,,,,0,0,0,0,0,,,,,,0,0,0,0,0,HRT
32720562,"2026-02-21 20:38:50","2026-02-21 20:38:50",A4A073,"United States","United States",N3979X,,,,,,Piper,P28B,"Piper PA-28 235 Cherokee C",28-7610002,,,,,,Private,,,1975,,,,0,,,,,,0,0,0,0,0,,,,,,0,0,0,0,0,GEN-P28B
32719945,"2026-02-21 20:30:43","2026-02-21 20:30:43",A68FF3,"United States","United States",N5217A,,,,,,Cessna,C310,"Cessna 310",35417,,,,,,Private,,,1956,,,,0,,,,,,0,0,0,0,0,,,,,,0,0,0,0,0,GEN-C310
32719616,"2026-02-21 20:26:42","2026-02-21 20:26:42",A781DB,"United States","United States",N583JF,,,,,,Dassault,F900,"Dassault Falcon 900",63,,,,,,"Husco International Inc",,,1988,,,,0,,,,,,0,0,0,0,0,,,,,,0,0,0,0,0,GEN-F900
32718493,"2026-02-21 20:12:38","2026-02-21 20:12:38",A1802C,"United States","United States",N196TP,,,,,,Grob,G120,"Grob G-120",11096,,,,,,Private,,,,,,,0,,,,,,0,0,0,0,0,,,,,,0,0,0,0,0,GEN-G120
32716684,"2026-02-21 19:49:10","2026-02-21 19:49:10",A97E0A,"United States","United States",N710WJ,,,,,,"Gulfstream Aerospace",GLF4,"Gulfstream Aerospace GIV",1007,,,,,,"Executive Jet Management",,,1986,,,,0,,,,,,0,0,0,0,0,,,,,,0,0,0,0,0,EJM
32715460,"2026-02-21 19:34:03","2026-02-21 19:34:03",A6D850,"United States","United States",N540E,,,,,,Piper,PA27,"Piper PA-23 Aztec 250",27-7,,,,,,Private,,,,,,,0,,,,,,0,0,0,0,0,,,,,,0,0,0,0,0,GEN-PA27
32715379,"2026-02-21 19:33:06","2026-02-21 19:33:06",A5BC87,"United States","United States",N469RF,,,,,,"Raven Aerostar",BALL,"Raven Aerostar S-60A Hot Air Balloon",S60A-3130,,,,,,Private,,,,,,,0,,,,,,0,0,0,0,0,,,,,,0,0,0,0,0,GEN-BALL
32714783,"2026-02-21 19:25:53","2026-02-21 19:25:53",C8177D,"New Zealand","New Zealand",ZK-LMG,,,,,,"Impulse Aircraft",ZZZZ,"Impulse Aircraft Impulse 100 TD",NZ100UTK7J,,,,,,Private,,,,,,,0,,,,,,0,0,0,0,0,,,,,,0,0,0,0,0,GEN-ZZZZ
32714028,"2026-02-21 19:16:46","2026-02-21 19:16:46",A99121,"United States","United States",N7151F,,,,,,"Air Command",CMDE,"Air Command Sport",ACC-102,,,,,,Private,,,,,,,0,,,,,,0,0,0,0,0,,,,,,0,0,0,0,0,GEN-CMDE
32713628,"2026-02-21 19:11:44","2026-02-21 19:11:44",3EF4DF,Germany,Germany,D-5192,,,,,,Schleicher,GLID,"Schleicher Ka 6 CR Rhonsegler",6107,,,,,,Private,,,1962,,,,0,,,,,,0,0,0,0,0,,,,,,0,0,0,0,0,GEN-GLID
32713111,"2026-02-21 19:05:23","2026-02-21 19:05:23",3D1457,Germany,Germany,D-EFYL,,,,,,Putzer,ELST,"Putzer Elster B",014,,,,,,Private,,,,,,,0,,,,,,0,0,0,0,0,,,,,,0,0,0,0,0,GEN-ELST
32712946,"2026-02-21 19:03:26","2026-02-21 19:03:26",AD60E2,"United States","United States",N961LL,,,,,,"Raytheon Aircraft Company",B350,"Raytheon Aircraft Company King Air B350",FL-264,,,,,,"TR Valley Aviation LLC",,,,,,,0,,,,,,0,0,0,0,0,,,,,,0,0,0,0,0,GEN-B350
32712579,"2026-02-21 18:58:32","2026-02-21 18:58:32",04C212,Kenya,Kenya,5Y-BYX,,,,,,Reims/Cessna,F406,"Reims/Cessna F406 Caravan II",406-0010,,,,,,"East African Air Charters",,,,,,,0,,,,,,0,0,0,0,0,,,,,,0,0,0,0,0,GEN-F406
32712527,"2026-02-21 18:58:26","2026-02-21 18:58:26",A900A1,"United States","United States",PZ-UBN,,,,,,Schweizer-Grumman,G164,"Schweizer-Grumman G-164B Ag-Cat",492B,,,,,,Private,,,1978,,,,0,,,,,,0,0,0,0,0,,,,,,0,0,0,0,0,GEN-G164
32712140,"2026-02-21 18:52:47","2026-02-21 18:52:47",C04B58,Canada,Canada,C-GCNV,,,,,,Boeing,B732,"Boeing 737 232",23074,,,,,,"Canadian North",,,1983,,,,0,,,,,,0,0,0,0,0,,,,,,0,0,0,0,0,GEN-B732
32711970,"2026-02-21 18:50:29","2026-02-21 18:50:29",A43069,"United States","United States",N3692R,,,,,,Piper,P28A,"Piper PA-28 180 Cherokee D",28-5269,,,,,,Private,,,1970,,,,0,,,,,,0,0,0,0,0,,,,,,0,0,0,0,0,GEN-P28A
32711019,"2026-02-21 18:38:57","2026-02-21 18:38:57",38306B,France,France,F-BMDL,,,,,,Alpavia,RF3,"Alpavia RF-3",33,,,,,,Private,,,1964,,,,0,,,,,,0,0,0,0,0,,,,,,0,0,0,0,0,GEN-RF3
32709836,"2026-02-21 18:25:11","2026-02-21 18:25:11",AB5FBB,"United States","United States",N8319Y,,,,,,Piper,PA30,"Piper PA-30 160 Twin Comanche B",30-1459,,,,,,Private,,,1967,,,,0,,,,,,0,0,0,0,0,,,,,,0,0,0,0,0,GEN-PA30
32709533,"2026-02-21 18:21:32","2026-02-21 18:21:32",A32FD7,"United States","United States",N304T,,,,,,Piper,PA18,"Piper PA-18 Super Cub",18-2418,,,,,,Private,,,1953,,,,0,,,,,,0,0,0,0,0,,,,,,0,0,0,0,0,GEN-PA18
32707416,"2026-02-21 17:57:06","2026-02-21 17:57:06",AD050B,"United States","United States",N938TA,,,,,,Embraer,E190,"Embraer EMB-190 AR",19000228,,,,,,"Avianca El Salvador",,,2008,,,,0,,,,,,0,0,0,0,0,,,,,,0,0,0,0,0,TAI
32706484,"2026-02-21 17:46:25","2026-02-21 17:46:25",AA853A,"United States","United States",N777YM,,,,,,"Cirrus Design",SR20,"Cirrus Design SR20",1393,,,,,,Private,,,2004,,,,0,,,,,,0,0,0,0,0,,,,,,0,0,0,0,0,GEN-SR20
32705930,"2026-02-21 17:39:25","2026-02-21 17:39:25",A905A4,"United States","United States",N6800W,,,,,,Piper,P28A,"Piper PA-28 140 Cherokee",28-20934,,,,,,Private,,,1965,,,,0,,,,,,0,0,0,0,0,,,,,,0,0,0,0,0,GEN-P28A
32705914,"2026-02-21 17:39:13","2026-02-21 17:39:13",A1947A,"United States","United States",N20006,,,,,,Cessna,C177,"Cessna 177B Cardinal",17702620,,,,,,Private,,,1977,,,,0,,,,,,0,0,0,0,0,,,,,,0,0,0,0,0,GEN-C177
32705595,"2026-02-21 17:35:13","2026-02-21 17:35:13",A24252,"United States","United States",N2448G,,,,,,Cessna,C206,"Cessna 206H Stationair",20608096,,,,,,Private,,,,,,,0,,,,,,0,0,0,0,0,,,,,,0,0,0,0,0,GEN-C206
32705359,"2026-02-21 17:32:37","2026-02-21 17:32:37",AD2FA1,"United States","United States",N949LR,,,,,,Taylorcraft,TAYB,"Taylorcraft BC-12 D",8199,,,,,,Private,,,1946,,,,0,,,,,,0,0,0,0,0,,,,,,0,0,0,0,0,GEN-TAYB
32705178,"2026-02-21 17:30:49","2026-02-21 17:30:49",A8DC60,"United States","United States",N670GT,,,,,,CFM,ULAC,"CFM Streak Shadow SA",K.154SA,,,,,,Private,,,,,,,0,,,,,,0,0,0,0,0,,,,,,0,0,0,0,0,GEN-ULAC
32705019,"2026-02-21 17:29:05","2026-02-21 17:29:05",A125FD,"United States","United States",N173TB,,,,,,Cameron,BALL,"Cameron N-90 Hot Air Balloon",5408,,,,,,Private,,,1988,,,,0,,,,,,0,0,0,0,0,,,,,,0,0,0,0,0,GEN-BALL
32704745,"2026-02-21 17:25:42","2026-02-21 17:25:42",42404D,Bermuda,Bermuda,VP-BTS,,,,,,Airbus,A319,"Airbus A319 114",1164,,,,,,"S7 Airlines",,,1999,,,,0,,,,,,0,0,0,0,0,,,,,,0,0,0,0,0,SBI
32704135,"2026-02-21 17:18:39","2026-02-21 17:18:39",A59407,"United States","United States",N459EZ,,,,,,Rutan,LGEZ,"Rutan Long-Ez",1,,,,,,Private,,,1989,,,,0,,,,,,0,0,0,0,0,,,,,,0,0,0,0,0,GEN-LGEZ
32704066,"2026-02-21 17:17:42","2026-02-21 17:17:42",A6B3DD,"United States","United States",N5308,,,,,,Kreider-Reisner,KR31,"Kreider-Reisner KR-31 Challenger",157-S,,,,,,Private,,,,,,,0,,,,,,0,0,0,0,0,,,,,,0,0,0,0,0,GEN-KR31
32703667,"2026-02-21 17:12:58","2026-02-21 17:12:58",403E1B,"United Kingdom","United Kingdom",G-MZHK,,,,,,"Cyclone Airsports",ULAC,"Cyclone Airsports Pegasus Quantum 15",7352,,,,,,Private,,,1997,,,,0,,,,,,0,0,0,0,0,,,,,,0,0,0,0,0,GEN-ULAC
32703293,"2026-02-21 17:08:50","2026-02-21 17:08:50",080044,Tanzania,Tanzania,5H-FJC,,,,,,Airbus,A319,"Airbus A319 112",1145,,,,,,Fastjet,,,1999,,,,0,,,,,,0,0,0,0,0,,,,,,0,0,0,0,0,GEN-A319
32702562,"2026-02-21 17:00:44","2026-02-21 17:00:44",A56436,"United States","United States",N4467B,,,,,,LET,GLID,"LET L-13 Blanik",175128,,,,,,Private,,,1972,,,,0,,,,,,0,0,0,0,0,,,,,,0,0,0,0,0,GEN-GLID
32702388,"2026-02-21 16:58:36","2026-02-21 16:58:36",A74715,"United States","United States",N56802,,,,,,Schweizer,GLID,"Schweizer SGS 2-8",29,,,,,,Private,,,1945,,,,0,,,,,,0,0,0,0,0,,,,,,0,0,0,0,0,GEN-GLID
32701841,"2026-02-21 16:52:08","2026-02-21 16:52:08",43E974,"Isle of Man","Isle of Man",M-ALAY,,,,,,"Gulfstream Aerospace",GLF5,"Gulfstream Aerospace G550",5391,,,,,,"Jet Aviation Business Jets AG",,,2012,,,,0,,,https://cdn.jetphotos.com/full/5/50492_1605903772.jpg,https://cdn.jetphotos.com/full/5/85194_1503917474.jpg,https://cdn.jetphotos.com/full/5/82937_1496444436.jpg,0,0,0,0,0,,,,,,0,0,0,0,0,PJS
32700596,"2026-02-21 16:37:53","2026-02-21 16:37:53",AA3816,"United States","United States",N758DK,,,,,,Cessna,C172,"Cessna R172K Hawk XP",R1723011,,,,,,Private,,,1978,,,,0,,,,,,0,0,0,0,0,,,,,,0,0,0,0,0,GEN-C172
32700136,"2026-02-21 16:32:38","2026-02-21 16:32:38",A201BB,"United States","United States",N22845,,,,,,Cessna,C150,"Cessna 150H",15068558,,,,,,Private,,,1968,,,,0,,,,,,0,0,0,0,0,,,,,,0,0,0,0,0,GEN-C150
32699197,"2026-02-21 16:21:09","2026-02-21 16:21:09",A51E0B,"United States","United States",N429LC,,,,,,Bell,B407,"Bell 407",53760,,,,,,"Geotgia Department of Public Safety",,,,,,,0,,,,,,0,0,0,0,0,,,,,,0,0,0,0,0,GEN-B407
32698967,"2026-02-21 16:18:51","2026-02-21 16:18:51",A955AF,"United States","United States",N700MP,,,,,,Dassault,FA50,"Dassault Falcon 50",70,,,,,,"S7 Investments LLC",,,1981,,,,0,,,,,,0,0,0,0,0,,,,,,0,0,0,0,0,GEN-FA50
32698469,"2026-02-21 16:12:55","2026-02-21 16:12:55",401197,"United Kingdom","United Kingdom",G-FLYX,,,,,,Robinson,R44,"Robinson R44 Raven II",11669,,,,,,"HQ Aviation Ltd",,,2007,,,,0,,,,,,0,0,0,0,0,,,,,,0,0,0,0,0,GEN-R44
32697287,"2026-02-21 15:59:31","2026-02-21 15:59:31",A43DB4,"United States","United States",N3721,,,,,,Bell,B407,"Bell 407",53264,,,,,,"Arrow Aviation Company LLC",,,1998,,,,0,,,,,,0,0,0,0,0,,,,,,0,0,0,0,0,GEN-B407
32697079,"2026-02-21 15:57:18","2026-02-21 15:57:18",403FBC,"United Kingdom","United Kingdom",G-MZZT,,,,,,Kolb,ULAC,"Kolb Twinstar Mk.III","PFA 205-12596",,,,,,Private,,,1999,,,,0,,,,,,0,0,0,0,0,,,,,,0,0,0,0,0,GEN-ULAC
32696654,"2026-02-21 15:52:25","2026-02-21 15:52:25",43C18F,"United Kingdom","United Kingdom",ZD890,,,,,,Panavia,TOR,"Panavia Tornado GR.4",BS150,,,,,,"Royal Air Force",,,1985,,,,0,,,,,,1,0,0,0,0,,,,,,0,0,0,0,0,
32696206,"2026-02-21 15:47:26","2026-02-21 15:47:26",A4B3E9,"United States","United States",N40188,,,,,,Stinson,S108,"Stinson Voyager 108",108-118,,,,,,Private,,,1946,,,,0,,,,,,0,0,0,0,0,,,,,,0,0,0,0,0,GEN-S108
32694970,"2026-02-21 15:33:04","2026-02-21 15:33:04",AB1403,"United States","United States",N8126Q,,,,,,Cessna,C414,"Cessna 414",414-0026,,,,,,Private,,,1969,,,,0,,,,,,0,0,0,0,0,,,,,,0,0,0,0,0,GEN-C414
32694471,"2026-02-21 15:27:23","2026-02-21 15:27:23",0A8044,Bahamas,Bahamas,C6-ZIP,,,,,,Bombardier,LJ60,"Bombardier Learjet 60",60-214,,,,,,"Trans Island Airways",,,2001,,,,0,,,,,,0,0,0,0,0,,,,,,0,0,0,0,0,GEN-LJ60
32694224,"2026-02-21 15:24:23","2026-02-21 15:24:23",A1507A,"United States","United States",N184KS,,,,,,Vans,RV8,"Vans RV-8",80874,,,,,,Private,,,2005,,,,0,,,,,,0,0,0,0,0,,,,,,0,0,0,0,0,GEN-RV8
32694132,"2026-02-21 15:23:09","2026-02-21 15:23:09",A3934A,"United States","United States",N32982,,,,,,Piper,P28A,"Piper PA-28 140 Cherokee F",28-7525133,,,,,,Private,,,1974,,,,0,,,,,,0,0,0,0,0,,,,,,0,0,0,0,0,GEN-P28A
32694068,"2026-02-21 15:22:16","2026-02-21 15:22:16",E440AD,Brazil,Brazil,PR-GOW,,,,,,Boeing,B737,"Boeing 737NG 76N",28584,,,,,,GOL,,,1998,,,,0,,,,,,0,0,0,0,0,,,,,,0,0,0,0,0,GLO
32693540,"2026-02-21 15:16:26","2026-02-21 15:16:26",A500EA,"United States","United States",N421SD,,,,,,Cessna,C421,"Cessna 421B Golden Eagle",421B0127,,,,,,Private,,,1971,,,,0,,,,,,0,0,0,0,0,,,,,,0,0,0,0,0,GEN-C421
32692885,"2026-02-21 15:09:05","2026-02-21 15:09:05",064010,Nigeria,Nigeria,5N-SPE,,,,,,Dornier,J328,"Dornier Do 328 Jet 300",3151,,,,,,"SkyBird Air",,,2000,,,,0,,,,,,0,0,0,0,0,,,,,,0,0,0,0,0,KYC
32691793,"2026-02-21 14:57:00","2026-02-21 14:57:00",0900EE,Angola,Angola,D2-SKC,,,,,,Canadair,CL60,"Canadair CC-144A",1030,,,,,,Corporate,,,1981,,,,0,,,,,,0,0,0,0,0,,,,,,0,0,0,0,0,GEN-CL60
32691763,"2026-02-21 14:56:23","2026-02-21 14:56:23",AC93FB,"United States","United States",N9097U,,,,,,Piper,P28A,"Piper PA-28 161 Warrior II",28-8616022,,,,,,Private,,,1985,,,,0,,,,,,0,0,0,0,0,,,,,,0,0,0,0,0,GEN-P28A
32691111,"2026-02-21 14:49:08","2026-02-21 14:49:08",4057B6,"United Kingdom","United Kingdom",G-DCWX,,,,,,Glasflugel,GLID,"Glasflugel H201 B Standard Libelle",36,,,,,,Private,,,1969,,,,0,,,,,,0,0,0,0,0,,,,,,0,0,0,0,0,GEN-GLID
32689572,"2026-02-21 14:30:19","2026-02-21 14:30:19",A5148C,"United States","United States",N4262E,,,,,,Piper,PA38,"Piper PA-38 112 Tomahawk",38-78A0512,,,,,,Private,,,,,,,0,,,,,,0,0,0,0,0,,,,,,0,0,0,0,0,GEN-PA38
32689286,"2026-02-21 14:27:11","2026-02-21 14:27:11",C0368D,Canada,Canada,C-FURC,,,,,,Bombardier,CRJ2,"Bombardier CRJ 200ER",7572,,,,,,"Avmax Aircraft Leasing",,,,,,,0,,,,,,0,0,0,0,0,,,,,,0,0,0,0,0,GEN-CRJ2
32689215,"2026-02-21 14:26:22","2026-02-21 14:26:22",A196E5,"United States","United States",N201MZ,,,,,,Mooney,M20P,"Mooney M.20J Model 201",24-0251,,,,,,Private,,,1977,,,,0,,,,,,0,0,0,0,0,,,,,,0,0,0,0,0,GEN-M20P
32688721,"2026-02-21 14:20:26","2026-02-21 14:20:26",AA8A69,"United States","United States",N7789Y,,,,,,Piper,PA30,"Piper PA-30 160 Twin Comanche",30-872,,,,,,Private,,,1965,,,,0,,,,,,0,0,0,0,0,,,,,,0,0,0,0,0,GEN-PA30
32688182,"2026-02-21 14:14:13","2026-02-21 14:14:13",ABEC4F,"United States","United States",N8678G,,,,,,Cessna,C150,"Cessna 150F",15062778,,,,,,Private,,,,,,,0,,,,,,0,0,0,0,0,,,,,,0,0,0,0,0,GEN-C150
32686328,"2026-02-21 13:53:07","2026-02-21 13:53:07",147AE6,Russia,Russia,RA-31462,,,,,,Antonov,AN2,"Antonov An-2 R",1G198-27,,,,,,"Bashkirian Airlines",,,,,,,0,,,,,,0,0,0,0,0,,,,,,0,0,0,0,0,GEN-AN2
32686025,"2026-02-21 13:49:45","2026-02-21 13:49:45",AB7563,"United States","United States",N8375A,,,,,,Cessna,C170,"Cessna 170B",25227,,,,,,Private,,,,,,,0,,,,,,0,0,0,0,0,,,,,,0,0,0,0,0,GEN-C170
29219,"2022-08-30 09:24:20","2026-02-21 13:49:39",000005,"Not Allocated","Not Allocated","",,,,"",,"",UAV,"","",,,,,,"",,,,,,"",0,,,,,,0,0,0,0,0,Missing,,,"","",0,0,0,0,0,GEN-UAV
32684750,"2026-02-21 13:36:09","2026-02-21 13:36:09",AC00EA,"United States","United States",N87256,,,,,,Cessna,C310,"Cessna T310R Turbo",310R-0502,,,,,,Private,,,,,,,0,,,,,,0,0,0,0,0,,,,,,0,0,0,0,0,GEN-C310
32684700,"2026-02-21 13:35:30","2026-02-21 13:35:30",C0445B,Canada,Canada,C-FZXA,,,,,,MBB,B105,"MBB Bo.105 P",6048,,,,,,"Red Deer Auto Group Inc",,,,,,,0,,,,,,0,0,0,0,0,,,,,,0,0,0,0,0,GEN-B105
32684610,"2026-02-21 13:34:31","2026-02-21 13:34:31",A38D80,"United States","United States",N328RA,,,,,,SOCATA,RALL,"SOCATA Rallye Rallye 150ST",3071,,,,,,Private,,,1977,,,,0,,,,,,0,0,0,0,0,,,,,,0,0,0,0,0,GEN-RALL
32684581,"2026-02-21 13:34:07","2026-02-21 13:34:07",ABAE81,"United States","United States",N8518B,,,,,,Cessna,C172,"Cessna 172",36218,,,,,,Private,,,1957,,,,0,,,,,,0,0,0,0,0,,,,,,0,0,0,0,0,GEN-C172
32684012,"2026-02-21 13:27:05","2026-02-21 13:27:05",44B0E1,Belgium,Belgium,OO-LGA,,,,,,Schempp-Hirth,GLID,"Schempp-Hirth Mini-Nimbus",54,,,,,,Private,,,,,,,0,,,,,,0,0,0,0,0,,,,,,0,0,0,0,0,GEN-GLID
32683579,"2026-02-21 13:22:11","2026-02-21 13:22:11",76D02D,Singapore,Singapore,9V-TAM,,,,,,Airbus,A320,"Airbus A320 232",4181,,,,,,"Tiger Airways",,,2009,,,,0,,,,,,0,0,0,0,0,,,,,,0,0,0,0,0,TGW
32683440,"2026-02-21 13:20:44","2026-02-21 13:20:44",458C2E,Denmark,Denmark,OY-CAN,,,,,,SOCATA,TAMP,"SOCATA TB9 Tampico",132,,,,,,Private,,,1980,,,,0,,,,,,0,0,0,0,0,,,,,,0,0,0,0,0,GEN-TAMP
32683033,"2026-02-21 13:16:07","2026-02-21 13:16:07",A405F6,"United States","United States",N3588A,,,,,,"Raven Aerostar",BALL,"Raven Aerostar XP Classic Ltd Hot Air Balloon",XP-3004,,,,,,Private,,,,,,,0,,,,,,0,0,0,0,0,,,,,,0,0,0,0,0,GEN-BALL
32682807,"2026-02-21 13:13:32","2026-02-21 13:13:32",A30F2C,"United States","United States",N29672,,,,,,Taylorcraft,TAYB,"Taylorcraft BL -65",2516,,,,,,Private,,,1941,,,,0,,,,,,0,0,0,0,0,,,,,,0,0,0,0,0,GEN-TAYB
32681700,"2026-02-21 13:00:59","2026-02-21 13:00:59",A2B574,"United States","United States",N274BC,,,,,,"Raven Industries",BALL,"Raven Industries S-60A Hot Air Balloon",S60A-274,,,,,,Private,,,1984,,,,0,,,,,,0,0,0,0,0,,,,,,0,0,0,0,0,GEN-BALL
32680413,"2026-02-21 12:45:48","2026-02-21 12:45:48",43E957,"Isle of Man","Isle of Man",M-STCO,,,,,,Dassault,F2TH,"Dassault Falcon 2000LX",240,,,,,,"Shaher Trading Company",,,2011,,,,0,,,,,,0,0,0,0,0,,,,,,0,0,0,0,0,GEN-F2TH
32680321,"2026-02-21 12:44:59","2026-02-21 12:44:59",44D98A,Belgium,Belgium,OO-VLJ,,,,,,Fokker,F50,"Fokker F50",20105,,,,,,"VLM Airlines",,,1987,,,,0,,,,,,0,0,0,0,0,,,,,,0,0,0,0,0,GEN-F50
32679543,"2026-02-21 12:35:31","2026-02-21 12:35:31",76A052,Singapore,Singapore,9V-HBR,,,,,,"Airbus Helicopters",AS50,"Airbus Helicopters Squirrel AS.350",8122,,,,,,Private,,,,,,,0,,,,,,0,0,0,0,0,,,,,,0,0,0,0,0,GEN-AS50
32678880,"2026-02-21 12:28:17","2026-02-21 12:28:17",3CF483,Germany,Germany,D-CTXB,,,,,,"Raytheon Aircraft Company",H25B,"Raytheon Aircraft Company 125 800XPi",258829,,,,,,"Textron Dusseldorf Citation Service Center GmbH",,,2007,,,,0,,,,,,0,0,0,0,0,,,,,,0,0,0,0,0,GEN-H25B
32678729,"2026-02-21 12:26:38","2026-02-21 12:26:38",478667,Norway,Norway,LN-JAK,,,,,,Aerostar,YK52,"Aerostar Yak-52",844105,,,,,,Private,,,1984,,,,0,,,,,,0,0,0,0,0,,,,,,0,0,0,0,0,GEN-YK52
32678320,"2026-02-21 12:22:05","2026-02-21 12:22:05",A82FDF,"United States","United States",N6267L,,,,,,"American Aviation",AA1,"American Aviation AA-1B",AA1B-0067,,,,,,Private,,,,,,,0,,,,,,0,0,0,0,0,,,,,,0,0,0,0,0,GEN-AA1
32678260,"2026-02-21 12:21:20","2026-02-21 12:21:20",A05874,"United States","United States",N121LS,,,,,,Cessna,C680,"Cessna Citation Sovereign",680-0076,,,,,,"Frac Tech Horizons LLC",,,,,,,0,,,,,,0,0,0,0,0,,,,,,0,0,0,0,0,GEN-C680
32678195,"2026-02-21 12:20:30","2026-02-21 12:20:30",3DE6AB,Germany,Germany,D-HHPJ,,,,,,Leonardo,A169,"LEONARDO AW.169",69113,,,,,,"Heli Service International GmbH",,,2019,,,,0,,,,,,0,0,0,0,0,,,,,,0,0,0,0,0,HSO
32677380,"2026-02-21 12:11:20","2026-02-21 12:11:20",A9FCC2,"United States","United States",N7423J,,,,,,Piper,P28R,"Piper PA-28R 180 Cherokee Arrow",28R-30767,,,,,,Private,,,1968,,,,0,,,,,,0,0,0,0,0,,,,,,0,0,0,0,0,GEN-P28R
32675976,"2026-02-21 11:55:55","2026-02-21 11:55:55",C8245C,"New Zealand","New Zealand",ZK-JPK,,,,,,"Martin Aircraft",ZZZZ,"Martin Aircraft Series 1",S1.4,,,,,,"Martin Aircraft Company Ltd",,,2017,,,,0,,,,,,0,0,0,0,0,,,,,,0,0,0,0,0,GEN-ZZZZ
32675453,"2026-02-21 11:50:45","2026-02-21 11:50:45",AC84C7,"United States","United States",N9055A,,,,,,Cessna,C170,"Cessna 170A",18814,,,,,,Private,,,1949,,,,0,,,,,,0,0,0,0,0,,,,,,0,0,0,0,0,GEN-C170
32674896,"2026-02-21 11:44:26","2026-02-21 11:44:26",A75112,"United States","United States",N5702L,,,,,,"Raven Aerostar",BALL,"Raven Aerostar S-55A Hot Air Balloon",S55A-604,,,,,,Private,,,,,,,0,,,,,,0,0,0,0,0,,,,,,0,0,0,0,0,GEN-BALL
32673603,"2026-02-21 11:29:52","2026-02-21 11:29:52",A3444B,"United States","United States",N30981,,,,,,Cessna,C177,"Cessna 177B Cardinal",17701581,,,,,,Private,,,1970,,,,0,,,,,,0,0,0,0,0,,,,,,0,0,0,0,0,GEN-C177
32673474,"2026-02-21 11:28:30","2026-02-21 11:28:30",43E879,"Isle of Man","Isle of Man",M-DADI,,,,,,Dassault,F900,"Dassault Falcon 900DX",622,,,,,,"Jet Aviation Business Jets AG",,,2009,,,,0,,,,,,0,0,0,0,0,,,,,,0,0,0,0,0,PJS
32672247,"2026-02-21 11:14:29","2026-02-21 11:14:29",A6F832,"United States","United States",N5481U,,,,,,Beech,BE55,"Beech Baron C55",TE-420,,,,,,Private,,,1967,,,,0,,,,,,0,0,0,0,0,,,,,,0,0,0,0,0,GEN-BE55
32672228,"2026-02-21 11:14:18","2026-02-21 11:14:18",43E9AD,"Isle of Man","Isle of Man",M-ASIK,,,,,,"Gulfstream Aerospace",G280,"Gulfstream Aerospace G280",2013,,,,,,"Private Airlines GmbH",,,2012,,,,0,,,,,,0,0,0,0,0,,,,,,0,0,0,0,0,GEN-G280
32671000,"2026-02-21 11:00:00","2026-02-21 11:00:00",A1521E,"United States","United States",N18412,,,,,,Stinson,RELI,"Stinson Reliant SR-9D",5711,,,,,,Private,,,1937,,,,0,,,,,,0,0,0,0,0,,,,,,0,0,0,0,0,GEN-RELI
32670694,"2026-02-21 10:56:28","2026-02-21 10:56:28",A0741A,"United States","United States",N1282T,,,,,,Piper,PA32,"Piper PA-32 300 Cherokee Six E",32-7240110,,,,,,Private,,,1972,,,,0,,,,,,0,0,0,0,0,,,,,,0,0,0,0,0,GEN-PA32
32670470,"2026-02-21 10:53:46","2026-02-21 10:53:46",AC37B2,"United States","United States",N8869,,,,,,Bellanca,BL8,"Bellanca Decathlon 8KCAB",80-73,,,,,,Private,,,1973,,,,0,,,,,,0,0,0,0,0,,,,,,0,0,0,0,0,GEN-BL8
32670382,"2026-02-21 10:52:57","2026-02-21 10:52:57",896001,"United Arab Emirates","United Arab Emirates",A6-MDB,,,,,,Airbus,A30B,"Airbus A300 B4-203F",196,,,,,,"MidEx Airlines",,,1982,,,,0,,,,,,0,0,0,0,0,,,,,,0,0,0,0,0,GEN-A30B
32670273,"2026-02-21 10:51:38","2026-02-21 10:51:38",A706E1,"United States","United States",N552AH,,,,,,"Airbus Helicopters",AS50,"Airbus Helicopters Squirrel AS.350 B3",8671,,,,,,"Airbus Helicopters Inc",,,2019,,,,0,,,,,,0,0,0,0,0,,,,,,0,0,0,0,0,GEN-AS50
32668267,"2026-02-21 10:29:12","2026-02-21 10:29:12",A0726B,"United States","United States",N128LG,,,,,,Convair,L13,"Convair L-13A",98,,,,,,Private,,,,,,,0,,,,,,0,0,0,0,0,,,,,,0,0,0,0,0,GEN-L13
32666220,"2026-02-21 10:06:58","2026-02-21 10:06:58",449033,Belgium,Belgium,OO-DAS,,,,,,Piper,PA18,"Piper PA-18 95 Super Cub",18-1558,,,,,,Private,,,1952,,,,0,,,,,,0,0,0,0,0,,,,,,0,0,0,0,0,GEN-PA18
32666137,"2026-02-21 10:06:07","2026-02-21 10:06:07",75013F,Malaysia,Malaysia,9M-AFP,,,,,,Airbus,A320,"Airbus A320 216",3000,,,,,,AirAsia,,,2006,,,,0,,,,,,0,0,0,0,0,,,,,,0,0,0,0,0,AXM
32665133,"2026-02-21 09:54:23","2026-02-21 09:54:23",AC3B29,"United States","United States",N8877F,,,,,,Hughes,H269,"Hughes 269 A",73-0254,,,,,,Private,,,1963,,,,0,,,,,,0,0,0,0,0,,,,,,0,0,0,0,0,GEN-H269
32664766,"2026-02-21 09:49:56","2026-02-21 09:49:56",393C22,France,France,F-GPBC,,,,,,"Sud Aviation",ALO2,"Sud Aviation Alouette II SE.313B",1635,,,,,,Private,,,,,,,0,,,,,,0,0,0,0,0,,,,,,0,0,0,0,0,GEN-ALO2
32662779,"2026-02-21 09:26:38","2026-02-21 09:26:38",3F0423,Germany,Germany,D-9100,,,,,,PZL-Bielsko,GLID,"PZL-Bielsko SZD-30A Pirat",B-443,,,,,,Private,,,1971,,,,0,,,,,,0,0,0,0,0,,,,,,0,0,0,0,0,GEN-GLID
32662743,"2026-02-21 09:26:14","2026-02-21 09:26:14",0D00ED,Mexico,Mexico,XA-VIV,,,,,,Boeing,B733,"Boeing 737 301",23560,,,,,,VivaAeroBus,,,1987,,,,0,,,,,,0,0,0,0,0,,,,,,0,0,0,0,0,GEN-B733
32662403,"2026-02-21 09:22:08","2026-02-21 09:22:08",30037F,Italy,Italy,I-BEDT,,,,,,Cessna,C56X,"Cessna Citation Excel",560-5172,,,,,,"Aliven SRL",,,,,,,0,,,,,,0,0,0,0,0,,,,,,0,0,0,0,0,LVN
32661873,"2026-02-21 09:16:29","2026-02-21 09:16:29",C04B91,Canada,Canada,C-GCQA,,,,,,"De Havilland Canada",DHC3,"De Havilland Canada DHC-3 Otter (Turbo)",77,,,,,,"North Star Air",,,1955,,,,0,,,,,,0,0,0,0,0,,,,,,0,0,0,0,0,GEN-DHC3
32661327,"2026-02-21 09:09:43","2026-02-21 09:09:43",A89EEE,"United States","United States",N6547L,,,,,,"American Aviation",AA1,"American Aviation AA-1B",AA1B-0347,,,,,,Private,,,,,,,0,,,,,,0,0,0,0,0,,,,,,0,0,0,0,0,GEN-AA1
32660930,"2026-02-21 09:05:22","2026-02-21 09:05:22",E043C1,Argentina,Argentina,LV-DOA,,,,,,PZL-Bielsko,GLID,"PZL-Bielsko SZD-48-1 Jantar Standard 2",B-1039,,,,,,Private,,,1980,,,,0,,,,,,0,0,0,0,0,,,,,,0,0,0,0,0,GEN-GLID
32660833,"2026-02-21 09:04:11","2026-02-21 09:04:11",A6E294,"United States","United States",N5426R,,,,,,Cessna,C172,"Cessna 172F Skyhawk",17252971,,,,,,Private,,,,,,,0,,,,,,0,0,0,0,0,,,,,,0,0,0,0,0,GEN-C172
32660459,"2026-02-21 08:59:37","2026-02-21 08:59:37",ADAF9C,"United States","United States",N981HT,,,,,,"Zénith",CH60,"Zénith Zenair Zodiac CH 601 HDS",6-4015,,,,,,Private,,,2005,,,,0,,,,,,0,0,0,0,0,,,,,,0,0,0,0,0,GEN-CH60
32659677,"2026-02-21 08:50:09","2026-02-21 08:50:09",A52619,"United States","United States",N4304Y,,,,,,Piper,PA23,"Piper PA-23 Apache 160H",23-2027,,,,,,Private,,,1962,,,,0,,,,,,0,0,0,0,0,,,,,,0,0,0,0,0,GEN-PA23
32658693,"2026-02-21 08:38:16","2026-02-21 08:38:16",4038E8,"United Kingdom","United Kingdom",G-BVLD,,,,,,Reproduction,GYRO,"Reproduction Cricket Replica","PFA G/01A-1163",,,,,,Private,,,1998,,,,0,,,,,,0,0,0,0,0,,,,,,0,0,0,0,0,GEN-GYRO
32658355,"2026-02-21 08:34:30","2026-02-21 08:34:30",3E7D83,Germany,Germany,D-KMSP,,,,,,Schempp-Hirth,VENT,"Schempp-Hirth Ventus 2c xM",273,,,,,,Private,,,2013,,,,0,,,,,,0,0,0,0,0,,,,,,0,0,0,0,0,GEN-VENT
32658126,"2026-02-21 08:31:37","2026-02-21 08:31:37",8A0303,Indonesia,Indonesia,PK-AXW,,,,,,Airbus,A320,"Airbus A320 216",5137,,,,,,"Indonesia AirAsia",,,2012,,,,0,,,,,,0,0,0,0,0,,,,,,0,0,0,0,0,AWQ
32657143,"2026-02-21 08:19:19","2026-02-21 08:19:19",AA48B4,"United States","United States",N7618E,,,,,,Downer,B14C,"Downer Bellanca 260 14-19-3",4120,,,,,,Private,,,1959,,,,0,,,,,,0,0,0,0,0,,,,,,0,0,0,0,0,GEN-B14C
32656802,"2026-02-21 08:15:24","2026-02-21 08:15:24",3931A8,France,France,F-GMNI,,,,,,"Raven Europe",BALL,"Raven Europe S-55A Hot Air Balloon",E-326,,,,,,Private,,,,,,,0,,,,,,0,0,0,0,0,,,,,,0,0,0,0,0,GEN-BALL
11102,"2021-11-08 16:26:52","2026-02-21 08:14:59",C87EE8,"New Zealand","New Zealand","",,,,"",,"",ZZZZ,"","",,,,,,"",,,,,,"",0,,,,,,0,0,0,0,0,Missing,,,"","",0,0,0,0,0,GEN-ZZZZ
766556,"2023-10-30 20:59:55","2026-02-21 08:14:59",43BF96,"United Kingdom","United Kingdom","",,,,"",,"",ZANT,"","",,,,,,"",,,,,,"",0,,,,,,0,0,0,0,0,Missing,,,"","",0,0,0,0,0,ZANT
32654922,"2026-02-21 07:53:14","2026-02-21 07:53:14",A8F7E0,"United States","United States",N677YA,,,,,,"Textron Aviation",C172,"Textron Aviation 172S Skyhawk SP",172S11702,,,,,,Private,,,,,,,0,,,,,,0,0,0,0,0,,,,,,0,0,0,0,0,GEN-C172
32654476,"2026-02-21 07:47:12","2026-02-21 07:47:12",38152A,France,France,F-BFJK,,,,,,Nord,N120,"Nord 1203 Norecrin",242,,,,,,Private,,,,,,,0,,,,,,0,0,0,0,0,,,,,,0,0,0,0,0,GEN-N120
32654079,"2026-02-21 07:42:38","2026-02-21 07:42:38",AC985D,"United States","United States",N910TJ,,,,,,"Zénith",CH60,"Zénith Zenair Zodiac CH 601 XL",6-4600,,,,,,Private,,,,,,,0,,,,,,0,0,0,0,0,,,,,,0,0,0,0,0,GEN-CH60
32653972,"2026-02-21 07:41:23","2026-02-21 07:41:23",3F0591,Germany,Germany,D-9466,,,,,,Glasflugel,GLID,"Glasflugel H205 Club Libelle",13,,,,,,Private,,,1974,,,,0,,,,,,0,0,0,0,0,,,,,,0,0,0,0,0,GEN-GLID
32652542,"2026-02-21 07:24:08","2026-02-21 07:24:08",A1A90D,"United States","United States",N206HS,,,,,,Bell,B06,"Bell 206A Jet Ranger",526,,,,,,Private,,,,,,,0,,,,,,0,0,0,0,0,,,,,,0,0,0,0,0,GEN-B06
32651608,"2026-02-21 07:12:22","2026-02-21 07:12:22",A9572B,"United States","United States",N70019,,,,,,Eagle,BALL,"Eagle C-7 Hot Air Balloon",E82725,,,,,,Private,,,1982,,,,0,,,,,,0,0,0,0,0,,,,,,0,0,0,0,0,GEN-BALL
32651463,"2026-02-21 07:10:36","2026-02-21 07:10:36",A5395E,"United States","United States",N43591,,,,,,Taylorcraft,TAYB,"Taylorcraft BC-12D",7250,,,,,,Private,,,1946,,,,0,,,,,,0,0,0,0,0,,,,,,0,0,0,0,0,GEN-TAYB
32650986,"2026-02-21 07:04:58","2026-02-21 07:04:58",A92D5F,"United States","United States",N6902L,,,,,,Piper,AEST,"Piper Aerostar PA-60 602P",60-8265034,,,,,,Private,,,1982,,,,0,,,,,,0,0,0,0,0,,,,,,0,0,0,0,0,GEN-AEST
32650200,"2026-02-21 06:55:57","2026-02-21 06:55:57",A59649,"United States","United States",N45927,,,,,,Luscombe,L8,"Luscombe Silvaire 8A",2454,,,,,,Private,,,,,,,0,,,,,,0,0,0,0,0,,,,,,0,0,0,0,0,GEN-L8
32648856,"2026-02-21 06:39:25","2026-02-21 06:39:25",A4EFB5,"United States","United States",N417SD,,,,,,Bell,B06,"Bell OH-58C Kiowa",40968,,,,,,Private,,,,,,,0,,,,,,0,0,0,0,0,,,,,,0,0,0,0,0,GEN-B06
32648573,"2026-02-21 06:36:02","2026-02-21 06:36:02",A727E4,"United States","United States",N560L,,,,,,Cessna,C56X,"Cessna Citation Excel",560-5011,,,,,,"UHIC Capital Holdings LLC",,,,,,,0,,,,,,0,0,0,0,0,,,,,,0,0,0,0,0,GEN-C56X
32648461,"2026-02-21 06:34:50","2026-02-21 06:34:50",4B3DB5,Switzerland,Switzerland,HB-XJP,,,,,,Schweizer,H269,"Schweizer 269 C",S1731,,,,,,"Swift Copters SA",,,1996,,,,0,,,,,,0,0,0,0,0,,,,,,0,0,0,0,0,GEN-H269
32648404,"2026-02-21 06:34:05","2026-02-21 06:34:05",154ED4,Russia,Russia,RA-85716,,,,,,Tupolev,T154,"Tupolev Tu-154 M",91A892,,,,,,"Aero Rent",,,,,,,0,,,,,,0,0,0,0,0,,,,,,0,0,0,0,0,NRO
32647343,"2026-02-21 06:21:20","2026-02-21 06:21:20",A3637E,"United States","United States",N3172P,,,,,,Beech,BE33,"Beech Bonanza F33A",CE-1090,,,,,,Private,,,,,,,0,,,,,,0,0,0,0,0,,,,,,0,0,0,0,0,GEN-BE33
32646301,"2026-02-21 06:07:50","2026-02-21 06:07:50",A5B674,"United States","United States",N4673Y,,,,,,Piper,PA25,"Piper PA-25 235 Pawnee C",25-4381,,,,,,Private,,,,,,,0,,,,,,0,0,0,0,0,,,,,,0,0,0,0,0,GEN-PA25
32645501,"2026-02-21 05:57:26","2026-02-21 05:57:26",C07A91,Canada,Canada,C-GUKU,,,,,,Sikorsky,S76,"Sikorsky S-76 C",760641,,,,,,"Eagle Copters",,,2007,,,,0,,,,,,0,0,0,0,0,,,,,,0,0,0,0,0,GEN-S76
32644624,"2026-02-21 05:46:07","2026-02-21 05:46:07",A0C5BD,"United States","United States",N149SP,,,,,,"Progressive Aerodyne",SREY,"Progressive Aerodyne SeaRey",1DK-286C,,,,,,Private,,,2003,,,,0,,,,,,0,0,0,0,0,,,,,,0,0,0,0,0,GEN-SREY
32644349,"2026-02-21 05:42:24","2026-02-21 05:42:24",AD381D,"United States","United States",N9508F,,,,,,Hughes,H269,"Hughes 269 B",107-0338,,,,,,Private,,,1967,,,,0,,,,,,0,0,0,0,0,,,,,,0,0,0,0,0,GEN-H269
32643976,"2026-02-21 05:37:18","2026-02-21 05:37:18",ABFCE8,"United States","United States",N87131,,,,,,ERCO,ERCO,"Ercoupe 415-C",304,,,,,,Private,,,1946,,,,0,,,,,,0,0,0,0,0,,,,,,0,0,0,0,0,GEN-ERCO
32643190,"2026-02-21 05:26:28","2026-02-21 05:26:28",0A440D,Algeria,Algeria,HK-5305,,,,,,Airbus,A320,"Airbus A320 214SL",8716,,,,,,"Viva Air Colombia",,,2018,,,,0,,,,,,1,0,0,0,0,,,,,,0,0,0,0,0,VVC
32642898,"2026-02-21 05:22:34","2026-02-21 05:22:34",A593D7,"United States","United States",N459DA,,,,,,Beech,BE55,"Beech Baron C55",TE-327,,,,,,Private,,,1967,,,,0,,,,,,0,0,0,0,0,,,,,,0,0,0,0,0,GEN-BE55
32642598,"2026-02-21 05:18:35","2026-02-21 05:18:35",4242CA,Bermuda,Bermuda,VP-BPO,,,,,,Airbus,A321,"Airbus A321 211",5779,,,,,,"S7 Airlines",,,2013,,,,0,,,,,,0,0,0,0,0,,,,,,0,0,0,0,0,SBI
32642190,"2026-02-21 05:13:08","2026-02-21 05:13:08",A5E5ED,"United States","United States",N4797Y,,,,,,Piper,PA25,"Piper PA-25 260 Pawnee C",25-4576,,,,,,Private,,,,,,,0,,,,,,0,0,0,0,0,,,,,,0,0,0,0,0,GEN-PA25
32641932,"2026-02-21 05:09:06","2026-02-21 05:09:06",044022,Ghana,Ghana,9G-ANT,,,,,,"Avions de Transport Regional",AT43,"Avions de Transport Regional ATR 42 320",086,,,,,,"Antrak Air Ghana",,,1988,,,,0,,,,,,0,0,0,0,0,,,,,,0,0,0,0,0,GEN-AT43
32641621,"2026-02-21 05:04:36","2026-02-21 05:04:36",3EEB15,Germany,Germany,D-2686,,,,,,Schleicher,GLID,"Schleicher ASW 20",20098,,,,,,Private,,,1978,,,,0,,,,,,0,0,0,0,0,,,,,,0,0,0,0,0,GEN-GLID
32639484,"2026-02-21 04:34:51","2026-02-21 04:34:51",484498,Aruba,Aruba,P4-AVA,,,,,,Bombardier,GL5T,"Bombardier Global 5000",9334,,,,,,"MS Aviation GmbH",,,2009,,,,0,,,,,,0,0,0,0,0,,,,,,0,0,0,0,0,GEN-GL5T
32638959,"2026-02-21 04:27:30","2026-02-21 04:27:30",ADA9F0,"United States","United States",N98MT,,,,,,Maule,M7T,"Maule MX-7 420 Starcraft Turboprop",13001C,,,,,,Private,,,,,,,0,,,,,,0,0,0,0,0,,,,,,0,0,0,0,0,GEN-M7T
32638860,"2026-02-21 04:26:03","2026-02-21 04:26:03",A47489,"United States","United States",N3864S,,,,,,Cessna,C172,"Cessna 172E Skyhawk",17251064,,,,,,Private,,,1963,,,,0,,,,,,0,0,0,0,0,,,,,,0,0,0,0,0,GEN-C172
32638635,"2026-02-21 04:22:48","2026-02-21 04:22:48",AB5B19,"United States","United States",N83028,,,,,,Aeronca,CH7A,"Aeronca Champion 7AC",7AC-1684,,,,,,Private,,,1946,,,,0,,,,,,0,0,0,0,0,,,,,,0,0,0,0,0,GEN-CH7A
32637905,"2026-02-21 04:12:46","2026-02-21 04:12:46",AA5466,"United States","United States",N765D,,,,,,Beech,BE18,"Beech 18 D / S",A-818,,,,,,"Operator Unknown",,,,,,,0,,,,,,0,0,0,0,0,,,,,,0,0,0,0,0,GEN-BE18
32637695,"2026-02-21 04:09:43","2026-02-21 04:09:43",3F2718,Germany,Germany,D-OASE,,,,,,"Schroeder Fire Balloons",BALL,"Schroeder Fire Balloons Hot Air Balloon",688,,,,,,Private,,,,,,,0,,,,,,0,0,0,0,0,,,,,,0,0,0,0,0,GEN-BALL
32637355,"2026-02-21 04:04:43","2026-02-21 04:04:43",A2B7F1,"United States","United States",N27415,,,,,,Taylorcraft,TAYB,"Taylorcraft BL -65",2057,,,,,,Private,,,1940,,,,0,,,,,,0,0,0,0,0,,,,,,0,0,0,0,0,GEN-TAYB
32637313,"2026-02-21 04:04:02","2026-02-21 04:04:02",A0B932,"United States","United States",N146CF,,,,,,Agusta,A109,"Agusta A.109 E Power",11220,,,,,,Private,,,2003,,,,0,,,,,,0,0,0,0,0,,,,,,0,0,0,0,0,GEN-A109
32635489,"2026-02-21 03:38:18","2026-02-21 03:38:18",AC6C16,"United States","United States",N9SM,,,,,,Cessna,C310,"Cessna 310C",35806,,,,,,Private,,,,,,,0,,,,,,0,0,0,0,0,,,,,,0,0,0,0,0,GEN-C310
32634662,"2026-02-21 03:25:04","2026-02-21 03:25:04",A8A926,"United States","United States",N6570U,,,,,,Mooney,M20P,"Mooney M.20C Mark 21",2352,,,,,,Private,,,,,,,0,,,,,,0,0,0,0,0,,,,,,0,0,0,0,0,GEN-M20P
32634220,"2026-02-21 03:18:45","2026-02-21 03:18:45",AD178B,"United States","United States",N9424S,,,,,,Beech,BE35,"Beech Bonanza V35",D-8022,,,,,,Private,,,1965,,,,0,,,,,,0,0,0,0,0,,,,,,0,0,0,0,0,GEN-BE35
32634163,"2026-02-21 03:17:55","2026-02-21 03:17:55",80040D,India,India,VT-JBD,,,,,,Boeing,B738,"Boeing 737NG 85R/W",35099,,,,,,"Jet Airways",,,2007,,,,0,,,,,,0,0,0,0,0,,,,,,0,0,0,0,0,JAI
32632847,"2026-02-21 02:58:01","2026-02-21 02:58:01",A80B9E,"United States","United States",N61735,,,,,,Hughes,H500,"Hughes 369 D",69-0534D,,,,,,Private,,,1979,,,,0,,,,,,0,0,0,0,0,,,,,,0,0,0,0,0,GEN-H500
32631553,"2026-02-21 02:38:42","2026-02-21 02:38:42",A54099,"United States","United States",N4378K,,,,,,"McDonnell Douglas Helicopters",H500,"McDonnell Douglas Helicopters 369 FF",0175FF,,,,,,Private,,,,,,,0,,,,,,0,0,0,0,0,,,,,,0,0,0,0,0,GEN-H500
32630971,"2026-02-21 02:30:21","2026-02-21 02:30:21",A963C0,"United States","United States",N704DL,,,,,,Cessna,C150,"Cessna 150M",15078528,,,,,,Private,,,1976,,,,0,,,,,,0,0,0,0,0,,,,,,0,0,0,0,0,GEN-C150
32630656,"2026-02-21 02:25:51","2026-02-21 02:25:51",394503,France,France,F-GRID,,,,,,"Cirrus Design",SR20,"Cirrus Design SR20",1347,,,,,,Private,,,2003,,,,0,,,,,,0,0,0,0,0,,,,,,0,0,0,0,0,GEN-SR20
32630438,"2026-02-21 02:22:54","2026-02-21 02:22:54",A8DBD4,"United States","United States",N670BC,,,,,,Embraer,E190,"Embraer EMB-190 AR",19000024,,,,,,"Air Canada",,,,,,,0,,,,,,0,0,0,0,0,,,,,,0,0,0,0,0,GEN-E190
32630236,"2026-02-21 02:20:06","2026-02-21 02:20:06",14FE81,Russia,Russia,RF-65153,,,,,,Tupolev,T134,"Tupolev Tu-134 AK",66198,,,,,,"Russian Customs",,,,,,,0,,,,,,1,0,0,0,0,,,,,,0,0,0,0,0,
32630032,"2026-02-21 02:17:26","2026-02-21 02:17:26",A8862D,"United States","United States",N6486R,,,,,,Piper,P28A,"Piper PA-28 140 Cherokee",28-21677,,,,,,Private,,,1966,,,,0,,,,,,0,0,0,0,0,,,,,,0,0,0,0,0,GEN-P28A
32629288,"2026-02-21 02:06:22","2026-02-21 02:06:22",ADBD2F,"United States","United States",N9846E,,,,,,Schweizer,GLID,"Schweizer SGU 2-22 E",227,,,,,,Private,,,1965,,,,0,,,,,,0,0,0,0,0,,,,,,0,0,0,0,0,GEN-GLID
32628970,"2026-02-21 02:01:36","2026-02-21 02:01:36",A465EC,"United States","United States",N3826K,,,,,,Temco,GC1,"Temco Globe Swift GC-1B",3515,,,,,,Private,,,,,,,0,,,,,,0,0,0,0,0,,,,,,0,0,0,0,0,GEN-GC1
32628836,"2026-02-21 01:59:47","2026-02-21 01:59:47",A1022B,"United States","United States",N164SS,,,,,,AgustaWestland,A119,"AgustaWestland AW.119 MkII",14922,,,,,,"AgustaWestland Philadelphia",,,2016,,,,0,,,,,,0,0,0,0,0,,,,,,0,0,0,0,0,GEN-A119
32628551,"2026-02-21 01:55:20","2026-02-21 01:55:20",AC42F6,"United States","United States",N88996,,,,,,Schempp-Hirth,GLID,"Schempp-Hirth SHK-1",9,,,,,,Private,,,1965,,,,0,,,,,,0,0,0,0,0,,,,,,0,0,0,0,0,GEN-GLID
32628422,"2026-02-21 01:53:42","2026-02-21 01:53:42",A0419F,"United States","United States",N1153Z,,,,,,"Quad City",ULAC,"Quad City Challenger II",CH2-0793-0992,,,,,,Private,,,1993,,,,0,,,,,,0,0,0,0,0,,,,,,0,0,0,0,0,GEN-ULAC
32628399,"2026-02-21 01:53:20","2026-02-21 01:53:20",3EF516,Germany,Germany,D-5247,,,,,,Rolladen-Schneider,GLID,"Rolladen-Schneider LS4 a",4726,,,,,,Private,,,1988,,,,0,,,,,,0,0,0,0,0,,,,,,0,0,0,0,0,GEN-GLID
32628236,"2026-02-21 01:50:45","2026-02-21 01:50:45",39D5C2,France,France,F-HVOC,,,,,,Aerospool,WT9,"Aerospool WT9 Dynamic",DY510/2014,,,,,,Private,,,2014,,,,0,,,,,,0,0,0,0,0,,,,,,0,0,0,0,0,GEN-WT9
32627462,"2026-02-21 01:39:32","2026-02-21 01:39:32",AA5ECB,"United States","United States",N7676Z,,,,,,Piper,PA25,"Piper PA-25 235 Pawnee B",25-3825,,,,,,Private,,,,,,,0,,,,,,0,0,0,0,0,,,,,,0,0,0,0,0,GEN-PA25
32626949,"2026-02-21 01:31:32","2026-02-21 01:31:32",4B298A,Switzerland,Switzerland,HB-PTA,,,,,,Piper,P28R,"Piper PA-28R 201 Arrow III",2844134,,,,,,"Avilu SA",,,2007,,,,0,,,,,,0,0,0,0,0,,,,,,0,0,0,0,0,GEN-P28R
32625482,"2026-02-21 01:10:32","2026-02-21 01:10:32",A236DE,"United States","United States",N24158,,,,,,Beech,BE36,"Beech Bonanza A36",E-1214,,,,,,Private,,,1978,,,,0,,,,,,0,0,0,0,0,,,,,,0,0,0,0,0,GEN-BE36
32625157,"2026-02-21 01:05:42","2026-02-21 01:05:42",A6EF87,"United States","United States",N546PM,,,,,,Piper,P46T,"Piper PA-46-500TP",4697546,,,,,,"Premier Aircraft Sales Inc",,,2014,,,,0,,,,,,0,0,0,0,0,,,,,,0,0,0,0,0,GEN-P46T
32625022,"2026-02-21 01:03:52","2026-02-21 01:03:52",AC1F7C,"United States","United States",N880SY,,,,,,"Cirrus Design",SR20,"Cirrus Design SR20",2288,,,,,,Private,,,2015,,,,0,,,,,,0,0,0,0,0,,,,,,0,0,0,0,0,GEN-SR20
32624323,"2026-02-21 00:53:34","2026-02-21 00:53:34",A1B6E6,"United States","United States",N2098D,,,,,,"Amateur Built",PTS1,"Amateur Built Pitts Special S-1",MAB02,,,,,,Private,,,,,,,0,,,,,,0,0,0,0,0,,,,,,0,0,0,0,0,GEN-PTS1
32624146,"2026-02-21 00:52:45","2026-02-21 00:52:45",A1C459,"United States","United States",N21273,,,,,,Taylorcraft,TAYB,"Taylorcraft BF -60",1066,,,,,,Private,,,1938,,,,0,,,,,,0,0,0,0,0,,,,,,0,0,0,0,0,GEN-TAYB
20021,"2026-02-21 00:52:24","2026-02-21 00:52:24",3F8490,Germany,Germany,4?+??,,,,,,,TOR,"Panavia Tornado",,,,,,,"German Air Force",,,,,,"JT: 2026-02-21 00:51:23",0,,,,,,1,0,0,0,0,,,,,,0,0,0,0,0,GAF-TOR
30056,"2026-02-21 00:52:24","2026-02-21 00:52:24",3F6A05,Germany,Germany,44+73,,,,,,,TOR,"Panavia Tornado",,,,,,,"German Air Force",,,,,,"JT: 2026-02-21 00:51:23",0,,,,,,1,0,0,0,0,,,,,,0,0,0,0,0,GAF-TOR
536058,"2026-02-21 00:52:24","2026-02-21 00:52:24",3EA77F,Germany,Germany,30+80,,,,,,Eurofighter,EUFI,"Eurofighter Typhoon EF2000",,,,,,,"German Air Force",,,,,,"JT: 2026-02-21 00:51:23",0,,,,,,1,0,0,0,0,,,,,,0,0,0,0,0,GAF-EUFI
838495,"2026-02-21 00:52:24","2026-02-21 00:52:24",3F54DA,Germany,Germany,3?+??,,,,,,Eurofighter,EUFI,"Eurofighter Typhoon EF2000",,,,,,,"German Air Force",,,,,,"JT: 2026-02-21 00:51:23",0,,,,,,1,0,0,0,0,,,,,,0,0,0,0,0,GAF-EUFI
1116984,"2026-02-21 00:52:24","2026-02-21 00:52:24",3F535A,Germany,Germany,3?+??,,,,,,Panavia,EUFI,"Eurofighter Typhoon EF2000",,,,,,,"German Air Force",,,,,,"JT: 2026-02-21 00:51:23",0,,,,,,1,0,0,0,0,,,,,,0,0,0,0,0,GAF-EUFI
28372008,"2026-02-21 00:52:24","2026-02-21 00:52:24",3F9110,Germany,Germany,3?+??,,,,,,,EUFI,"Eurofighter Typhoon EF2000",,,,,,,"German Air Force",,,,,,"JT: 2026-02-21 00:51:23",0,,,,,,1,0,0,0,0,,,,,,0,0,0,0,0,GAF-EUFI
29073037,"2026-02-21 00:52:24","2026-02-21 00:52:24",3E9D3C,Germany,Germany,30+30,,,,,,,EUFI,"Eurofighter Typhoon EF2000",,,,,,,"German Air Force",,,,,,"JT: 2026-02-21 00:51:23",0,,,,,,1,0,0,0,0,,,,,,0,0,0,0,0,GAF-EUFI
29101678,"2026-02-21 00:52:24","2026-02-21 00:52:24",3F78FB,Germany,Germany,30+96,,,,,,,EUFI,"Eurofighter Typhoon EF2000",,,,,,,"German Air Force",,,,,,"JT: 2026-02-21 00:51:23",0,,,,,,1,0,0,0,0,,,,,,0,0,0,0,0,GAF-EUFI
29487840,"2026-02-21 00:52:24","2026-02-21 00:52:24",3EA1CD,Germany,Germany,3?+??,,,,,,,EUFI,"Eurofighter Typhoon EF2000",,,,,,,"German Air Force",,,,,,"JT: 2026-02-21 00:51:23",0,,,,,,1,0,0,0,0,,,,,,0,0,0,0,0,GAF-EUFI
29487994,"2026-02-21 00:52:24","2026-02-21 00:52:24",3F6DC7,Germany,Germany,3?+??,,,,,,,EUFI,"Eurofighter Typhoon EF2000",,,,,,,"German Air Force",,,,,,"JT: 2026-02-21 00:51:23",0,,,,,,1,0,0,0,0,,,,,,0,0,0,0,0,GAF-EUFI
29488172,"2026-02-21 00:52:24","2026-02-21 00:52:24",3F88CA,Germany,Germany,30+93,,,,,,,EUFI,"Eurofighter Typhoon EF2000",,,,,,,"German Air Force",,,,,,"JT: 2026-02-21 00:51:23",0,,,,,,1,0,0,0,0,,,,,,0,0,0,0,0,GAF-EUFI
29488490,"2026-02-21 00:52:24","2026-02-21 00:52:24",3F54B1,Germany,Germany,74+??,,,,,,,TIGR,"Eurocopter EC.665 Tiger",,,,,,,"German Army",,,,,,"JT: 2026-02-21 00:51:23",0,,,,,,1,0,0,0,0,,,,,,0,0,0,0,0,GAM-TIGR
29488805,"2026-02-21 00:52:24","2026-02-21 00:52:24",3F84DA,Germany,Germany,31+03,,,,,,,EUFI,"Eurofighter Typhoon EF2000",,,,,,,"German Air Force",,,,,,"JT: 2026-02-21 00:51:23",0,,,,,,1,0,0,0,0,,,,,,0,0,0,0,0,GAF-EUFI
29488902,"2026-02-21 00:52:24","2026-02-21 00:52:24",3EA8EF,Germany,Germany,7?+??,,,,,,,NH90,"NHIndustries NH90-TTH",,,,,,,"German Army",,,,,,"JT: 2026-02-21 00:51:23",0,,,,,,1,0,0,0,0,,,,,,0,0,0,0,0,GAM-NH90
29488903,"2026-02-21 00:52:24","2026-02-21 00:52:24",3EA916,Germany,Germany,3?+??,,,,,,,EUFI,"Eurofighter Typhoon EF2000",,,,,,,"German Air Force",,,,,,"JT: 2026-02-21 00:51:23",0,,,,,,1,0,0,0,0,,,,,,0,0,0,0,0,GAF-EUFI
29488955,"2026-02-21 00:52:24","2026-02-21 00:52:24",3F42C4,Germany,Germany,7?+??,,,,,,,NH90,"NHIndustries NH90-TTH",,,,,,,"German Army",,,,,,"JT: 2026-02-21 00:51:23",0,,,,,,1,0,0,0,0,,,,,,0,0,0,0,0,GAM-NH90
29489232,"2026-02-21 00:52:24","2026-02-21 00:52:24",3EB358,Germany,Germany,82+0?,,,,,,,AS32,"Eurocopter AS 532UC Cougar",,,,,,,"German Air Force",,,,,,"JT: 2026-02-21 00:51:23",0,,,,,,1,0,0,0,0,,,,,,0,0,0,0,0,GAF-AS32
29489249,"2026-02-21 00:52:24","2026-02-21 00:52:24",3F6626,Germany,Germany,82+0?,,,,,,,AS32,"Eurocopter AS 532UC Cougar",,,,,,,"German Air Force",,,,,,"JT: 2026-02-21 00:51:23",0,,,,,,1,0,0,0,0,,,,,,0,0,0,0,0,GAF-AS32
29489289,"2026-02-21 00:52:24","2026-02-21 00:52:24",3E9A52,Germany,Germany,83+??,,,,,,,LYNX,"Westland Lynx Mk.88A",,,,,,,"German Navy",,,,,,"JT: 2026-02-21 00:51:23",0,,,,,,1,0,0,0,0,,,,,,0,0,0,0,0,GNY-LYNX
29489392,"2026-02-21 00:52:24","2026-02-21 00:52:24",3F900C,Germany,Germany,83+??,,,,,,,LYNX,"Westland Lynx Mk.88A",,,,,,,"German Navy",,,,,,"JT: 2026-02-21 00:51:23",0,,,,,,1,0,0,0,0,,,,,,0,0,0,0,0,GNY-LYNX
29489798,"2026-02-21 00:52:24","2026-02-21 00:52:24",3F891D,Germany,Germany,8?+??,,,,,,,H53,"Sikorsky CH-53GA Stallion",,,,,,,"German Air Force",,,,,,"JT: 2026-02-21 00:51:23",0,,,,,,1,0,0,0,0,,,,,,0,0,0,0,0,GAF-H53
29489918,"2026-02-21 00:52:24","2026-02-21 00:52:24",3FBBEF,Germany,Germany,8?+??,,,,,,,H53,"Sikorsky CH-53GA Stallion",,,,,,,"German Air Force",,,,,,"JT: 2026-02-21 00:51:23",0,,,,,,1,0,0,0,0,,,,,,0,0,0,0,0,GAF-H53
29489954,"2026-02-21 00:52:24","2026-02-21 00:52:24",3F4B19,Germany,Germany,84+74,,,,,,,H53,"Sikorsky CH-53GA Stallion",,,,,,,"German Air Force",,,,,,"JT: 2026-02-21 00:51:23",0,,,,,,1,0,0,0,0,,,,,,0,0,0,0,0,GAF-H53
30047657,"2026-02-21 00:52:24","2026-02-21 00:52:24",3FB6F0,Germany,Germany,46+57,,,,,,,TOR,"Panavia Tornado",,,,,,,"German Air Force",,,,,,"JT: 2026-02-21 00:51:23",0,,,,,,1,0,0,0,0,,,,,,0,0,0,0,0,GAF-TOR
30532531,"2026-02-21 00:52:24","2026-02-21 00:52:24",3FBE81,Germany,Germany,3?+??,,,,,,,EUFI,"Eurofighter Typhoon EF2000",,,,,,,"German Air Force",,,,,,"JT: 2026-02-21 00:51:23",0,,,,,,1,0,0,0,0,,,,,,0,0,0,0,0,GAF-EUFI
30671860,"2026-02-21 00:52:24","2026-02-21 00:52:24",3F9211,Germany,Germany,3?+??,,,,,,,EUFI,"Eurofighter Typhoon EF2000",,,,,,,"German Air Force",,,,,,"JT: 2026-02-21 00:51:23",0,,,,,,1,0,0,0,0,,,,,,0,0,0,0,0,GAF-EUFI
30740729,"2026-02-21 00:52:24","2026-02-21 00:52:24",3EBCB5,Germany,Germany,43+48,,,,,,,TOR,"Panavia Tornado",,,,,,,"German Air Force",,,,,,"JT: 2026-02-21 00:51:23",0,,,,,,1,0,0,0,0,,,,,,0,0,0,0,0,GAF-TOR
30764443,"2026-02-21 00:52:24","2026-02-21 00:52:24",3EA366,Germany,Germany,3?+??,,,,,,,EUFI,"Eurofighter Typhoon EF2000",,,,,,,"German Air Force",,,,,,"JT: 2026-02-21 00:51:23",0,,,,,,1,0,0,0,0,,,,,,0,0,0,0,0,GAF-EUFI
31458166,"2026-02-21 00:52:24","2026-02-21 00:52:24",3FBE0D,Germany,Germany,82+0?,,,,,,,AS32,"Eurocopter AS 532UC Cougar",,,,,,,"German Air Force",,,,,,"JT: 2026-02-21 00:51:23",0,,,,,,1,0,0,0,0,,,,,,0,0,0,0,0,GAF-AS32
31477005,"2026-02-21 00:52:24","2026-02-21 00:52:24",3E9C26,Germany,Germany,31+05,,,,,,,EUFI,"Eurofighter Typhoon EF2000",,,,,,,"German Air Force",,,,,,"JT: 2026-02-21 00:51:23",0,,,,,,1,0,0,0,0,,,,,,0,0,0,0,0,GAF-EUFI
31591510,"2026-02-21 00:52:24","2026-02-21 00:52:24",3F7973,Germany,Germany,46+32,,,,,,,TOR,"Panavia Tornado",,,,,,,"German Air Force",,,,,,"JT: 2026-02-21 00:51:23",0,,,,,,1,0,0,0,0,,,,,,0,0,0,0,0,GAF-TOR
31593517,"2026-02-21 00:52:24","2026-02-21 00:52:24",3FAA8F,Germany,Germany,44+33,,,,,,,TOR,"Panavia Tornado",,,,,,,"German Air Force",,,,,,"JT: 2026-02-21 00:51:23",0,,,,,,1,0,0,0,0,,,,,,0,0,0,0,0,GAF-TOR
31615425,"2026-02-21 00:52:24","2026-02-21 00:52:24",3F8CC6,Germany,Germany,3?+??,,,,,,,EUFI,"Eurofighter Typhoon EF2000",,,,,,,"German Air Force",,,,,,"JT: 2026-02-21 00:51:23",0,,,,,,1,0,0,0,0,,,,,,0,0,0,0,0,GAF-EUFI
31625138,"2026-02-21 00:52:24","2026-02-21 00:52:24",3F7C9B,Germany,Germany,83+05,,,,,,,LYNX,"Westland Lynx Mk.88A",,,,,,,"German Navy",,,,,,"JT: 2026-02-21 00:51:23",0,,,,,,1,0,0,0,0,,,,,,0,0,0,0,0,GNY-LYNX
31723530,"2026-02-21 00:52:24","2026-02-21 00:52:24",3F5F1F,Germany,Germany,30+46,,,,,,,EUFI,"Eurofighter Typhoon EF2000",,,,,,,"German Air Force",,,,,,"JT: 2026-02-21 00:51:23",0,,,,,,1,0,0,0,0,,,,,,0,0,0,0,0,GAF-EUFI
32074403,"2026-02-21 00:52:24","2026-02-21 00:52:24",3EB5E1,Germany,Germany,77+??,,,,,,,EC45,"Airbus Helicopters H-145M",,,,,,,"German Army",,,,,,"JT: 2026-02-21 00:51:23",0,,,,,,1,0,0,0,0,,,,,,0,0,0,0,0,GAM-EC45
32098513,"2026-02-21 00:52:24","2026-02-21 00:52:24",3EAF86,Germany,Germany,7?+??,,,,,,,NH90,"NHIndustries NH90-TTH",,,,,,,"German Army",,,,,,"JT: 2026-02-21 00:51:23",0,,,,,,1,0,0,0,0,,,,,,0,0,0,0,0,GAM-NH90
32099124,"2026-02-21 00:52:24","2026-02-21 00:52:24",3F46D3,Germany,Germany,75+??,,,,,,,EC45,"Airbus Helicopters H-145M",,,,,,,"German Army",,,,,,"JT: 2026-02-21 00:51:23",0,,,,,,1,0,0,0,0,,,,,,0,0,0,0,0,GAM-EC45
32102933,"2026-02-21 00:52:24","2026-02-21 00:52:24",3F9407,Germany,Germany,75+??,,,,,,,EC45,"Airbus Helicopters H-145M",,,,,,,"German Army",,,,,,"JT: 2026-02-21 00:51:23",0,,,,,,1,0,0,0,0,,,,,,0,0,0,0,0,GAM-EC45
32105929,"2026-02-21 00:52:24","2026-02-21 00:52:24",3F7F08,Germany,Germany,83+??,,,,,,,LYNX,"Westland Lynx Mk.88A",,,,,,,"German Navy",,,,,,"JT: 2026-02-21 00:51:23",0,,,,,,1,0,0,0,0,,,,,,0,0,0,0,0,GNY-LYNX
32107009,"2026-02-21 00:52:24","2026-02-21 00:52:24",3F540F,Germany,Germany,79+70,,,,,,,NH90,"NHIndustries NH90-NTH",,,,,,,"German Navy",,,,,,"JT: 2026-02-21 00:51:23",0,,,,,,1,0,0,0,0,,,,,,0,0,0,0,0,GNY-NH90
32108403,"2026-02-21 00:52:24","2026-02-21 00:52:24",3E97D1,Germany,Germany,43+59,,,,,,,TOR,"Panavia Tornado",,,,,,,"German Air Force",,,,,,"JT: 2026-02-21 00:51:23",0,,,,,,1,0,0,0,0,,,,,,0,0,0,0,0,GAF-TOR
32192504,"2026-02-21 00:52:24","2026-02-21 00:52:24",3EA943,Germany,Germany,75+??,,,,,,,EC45,"Airbus Helicopters H-145M",,,,,,,"German Army",,,,,,"JT: 2026-02-21 00:51:23",0,,,,,,1,0,0,0,0,,,,,,0,0,0,0,0,GAM-EC45
32192643,"2026-02-21 00:52:24","2026-02-21 00:52:24",3FB3F3,Germany,Germany,75+??,,,,,,,EC45,"Airbus Helicopters H-145M",,,,,,,"German Army",,,,,,"JT: 2026-02-21 00:51:23",0,,,,,,1,0,0,0,0,,,,,,0,0,0,0,0,GAM-EC45
32193252,"2026-02-21 00:52:24","2026-02-21 00:52:24",3F6823,Germany,Germany,76+??,,,,,,,EC45,"Airbus Helicopters H-145M",,,,,,,"German Army",,,,,,"JT: 2026-02-21 00:51:23",0,,,,,,1,0,0,0,0,,,,,,0,0,0,0,0,GAM-EC45
32194191,"2026-02-21 00:52:24","2026-02-21 00:52:24",3FAF0E,Germany,Germany,77+??,,,,,,,EC45,"Airbus Helicopters H-145M",,,,,,,"German Army",,,,,,"JT: 2026-02-21 00:51:23",0,,,,,,1,0,0,0,0,,,,,,0,0,0,0,0,GAM-EC45
32194802,"2026-02-21 00:52:24","2026-02-21 00:52:24",3FAE20,Germany,Germany,7?+??,,,,,,,NH90,"NHIndustries NH90-TTH",,,,,,,"German Army",,,,,,"JT: 2026-02-21 00:51:23",0,,,,,,1,0,0,0,0,,,,,,0,0,0,0,0,GAM-NH90
32200856,"2026-02-21 00:52:24","2026-02-21 00:52:24",3F4164,Germany,Germany,76+??,,,,,,,EC45,"Airbus Helicopters H-145M",,,,,,,"German Army",,,,,,"JT: 2026-02-21 00:51:23",0,,,,,,1,0,0,0,0,,,,,,0,0,0,0,0,GAM-EC45
32221680,"2026-02-21 00:52:24","2026-02-21 00:52:24",3F5A52,Germany,Germany,76+??,,,,,,,EC45,"Airbus Helicopters H-145M",,,,,,,"German Army",,,,,,"JT: 2026-02-21 00:51:23",0,,,,,,1,0,0,0,0,,,,,,0,0,0,0,0,GAM-EC45
32312208,"2026-02-21 00:52:24","2026-02-21 00:52:24",3F93D2,Germany,Germany,7?+??,,,,,,,NH90,"NHIndustries NH90-NTH",,,,,,,"German Navy",,,,,,"JT: 2026-02-21 00:51:23",0,,,,,,1,0,0,0,0,,,,,,0,0,0,0,0,GNY-NH90
32422505,"2026-02-21 00:52:24","2026-02-21 00:52:24",3E994F,Germany,Germany,83+??,,,,,,,LYNX,"Westland Lynx Mk.88A",,,,,,,"German Navy",,,,,,"JT: 2026-02-21 00:51:23",0,,,,,,1,0,0,0,0,,,,,,0,0,0,0,0,GNY-LYNX
32537571,"2026-02-21 00:52:24","2026-02-21 00:52:24",3F9230,Germany,Germany,8?+??,,,,,,,H53,"Sikorsky CH-53GA Stallion",,,,,,,"German Air Force",,,,,,"JT: 2026-02-21 00:51:23",0,,,,,,1,0,0,0,0,,,,,,0,0,0,0,0,GAF-H53
32541415,"2026-02-21 00:52:24","2026-02-21 00:52:24",3F5A33,Germany,Germany,7?+??,,,,,,,NH90,"NHIndustries NH90-NTH",,,,,,,"German Navy",,,,,,"JT: 2026-02-21 00:51:23",0,,,,,,1,0,0,0,0,,,,,,0,0,0,0,0,GNY-NH90
32623553,"2026-02-21 00:44:05","2026-02-21 00:44:05",14FA28,Russia,Russia,RA-64040,,,,,,Tupolev,T204,"Tupolev Tu-204 300",1450744564040,,,,,,"Vladivostok Air",,,,,,,0,,,,,,0,0,0,0,0,,,,,,0,0,0,0,0,GEN-T204
32622092,"2026-02-21 00:23:42","2026-02-21 00:23:42",A8B7DA,"United States","United States",N6609P,,,,,,Cessna,P210,"Cessna P210N Pressurized Centurion",P21000192,,,,,,Private,,,1979,,,,0,,,,,,0,0,0,0,0,,,,,,0,0,0,0,0,GEN-P210
32622047,"2026-02-21 00:23:09","2026-02-21 00:23:09",AB4219,"United States","United States",N8240K,,,,,,Stinson,S108,"Stinson Voyager 108-1",108-1240,,,,,,Private,,,,,,,0,,,,,,0,0,0,0,0,,,,,,0,0,0,0,0,GEN-S108
32621197,"2026-02-21 00:11:18","2026-02-21 00:11:18",A5EFE3,"United States","United States",N4819,,,,,,Ford,TRIM,"Ford Tri-Motor 5-AT-C",5-AT-58,,,,,,"Kalamazoo Aviation History Museum",,,1929,,,,0,,,,,,0,0,0,0,0,,,,,,0,0,0,0,0,GEN-TRIM
