AircraftID,FirstCreated,LastModified,ModeS,ModeSCountry,Country,Registration,CurrentRegDate,PreviousID,FirstRegDate,Status,DeRegDate,Manufacturer,ICAOTypeCode,Type,SerialNo,PopularName,GenericName,AircraftClass,Engines,OwnershipStatus,RegisteredOwners,MTOW,TotalHours,YearBuilt,CofACategory,CofAExpiry,UserNotes,Interested,UserTag,InfoURL,PictureURL1,PictureURL2,PictureURL3,UserBool1,UserBool2,UserBool3,UserBool4,UserBool5,UserString1,UserString2,UserString3,UserString4,UserString5,UserInt1,UserInt2,UserInt3,UserInt4,UserInt5,OperatorFlagCode
27335743,"2026-01-06 23:59:15","2026-01-06 23:59:15",3A3014,French_Overseas,French_Overseas,F-OMAU,,,,,,"Textron Aviation",C208,"Textron Aviation 208",20800591,,,,,,"Tahiti Air Charter",,,2017,,,,0,,,,,,0,0,0,0,0,,,,,,0,0,0,0,0,GEN-C208
27335512,"2026-01-06 23:56:16","2026-01-06 23:56:16",A40F57,"United States","United States",N3605D,,,,,,Cessna,C310,"Cessna 310",35305,,,,,,Private,,,1956,,,,0,,,,,,0,0,0,0,0,,,,,,0,0,0,0,0,GEN-C310
27335398,"2026-01-06 23:54:46","2026-01-06 23:54:46",872834,Japan,Japan,JA901A,,,,,,Boeing,B78X,"Boeing 787 10",62685,,,,,,"All Nippon Airways",,,2019,,,,0,,,,,,0,0,0,0,0,,,,,,0,0,0,0,0,ANA
27335111,"2026-01-06 23:51:01","2026-01-06 23:51:01",A91CFD,"United States","United States",N6868M,,,,,,Stinson,S108,"Stinson Voyager 108-3",108-4868,,,,,,Private,,,1949,,,,0,,,,,,0,0,0,0,0,,,,,,0,0,0,0,0,GEN-S108
27334572,"2026-01-06 23:42:53","2026-01-06 23:42:53",A7A37C,"United States","United States",N5910F,,,,,,Piper,P28A,"Piper PA-28 140 Cherokee F",28-7725070,,,,,,Private,,,1976,,,,0,,,,,,0,0,0,0,0,,,,,,0,0,0,0,0,GEN-P28A
27334396,"2026-01-06 23:40:35","2026-01-06 23:40:35",85203D,Japan,Japan,JA357K,,,,,,Boeing,B735,"Boeing 737 5L9",28131,,,,,,"ANA Wings",,,1996,,,,0,,,,,,0,0,0,0,0,,,,,,0,0,0,0,0,AKX
27334302,"2026-01-06 23:39:07","2026-01-06 23:39:07",A98711,"United States","United States",N7129C,,,,,,"North American",T6,"North American SNJ-5 Texan",88-17779,,,,,,Private,,,,,,,0,,,,,,0,0,0,0,0,,,,,,0,0,0,0,0,GEN-T6
27334101,"2026-01-06 23:36:37","2026-01-06 23:36:37",A15D5B,"United States","United States",N1872R,,,,,,"Raven Industries",BALL,"Raven Industries RX.6 Hot Air Balloon",RX6-256,,,,,,Private,,,1978,,,,0,,,,,,0,0,0,0,0,,,,,,0,0,0,0,0,GEN-BALL
27333901,"2026-01-06 23:33:47","2026-01-06 23:33:47",40078A,"United Kingdom","United Kingdom",G-OOBG,,,,,,Boeing,B752,"Boeing 757 236/W",29942,,,,,,"TUI Airways",,,1999,,,,0,,,,,,0,0,0,0,0,,,,,,0,0,0,0,0,TOM
27333884,"2026-01-06 23:33:07","2026-01-06 23:33:07",4B4098,Switzerland,Switzerland,HB-YMA,,,,,,Heli-Sport,CH7,"Heli-Sport CH-77 Ranabot",017,,,,,,Private,,,,,,,0,,,,,,0,0,0,0,0,,,,,,0,0,0,0,0,GEN-CH7
27333621,"2026-01-06 23:29:18","2026-01-06 23:29:18",39D48C,France,France,F-HVEM,,,,,,"Diamond Aircraft",DV20,"Diamond Aircraft Katana DA20-C1",C0561,,,,,,Private,,,2010,,,,0,,,,,,0,0,0,0,0,,,,,,0,0,0,0,0,GEN-DV20
27333087,"2026-01-06 23:22:34","2026-01-06 23:22:34",152A62,Russia,Russia,RA-76386,,,,,,Ilyushin,IL76,"Ilyushin IL-76 TD",1033418600,,,,,,"Aviacon Zitotrans",,,,,,,0,,,,,,0,0,0,0,0,,,,,,0,0,0,0,0,AZS
27332207,"2026-01-06 23:10:24","2026-01-06 23:10:24",AC5C69,"United States","United States",N896JC,,,,,,"Amateur Built",ACR2,"Amateur Built Acrosport II",689,,,,,,Private,,,1975,,,,0,,,,,,0,0,0,0,0,,,,,,0,0,0,0,0,GEN-ACR2
27331628,"2026-01-06 23:02:31","2026-01-06 23:02:31",3EF94A,Germany,Germany,D-6323,,,,,,Schempp-Hirth,GLID,"Schempp-Hirth Ventus 2 a",43,,,,,,Private,,,1997,,,,0,,,,,,0,0,0,0,0,,,,,,0,0,0,0,0,GEN-GLID
27328451,"2026-01-06 22:21:21","2026-01-06 22:21:21",AA1039,"United States","United States",N74792,,,,,,Mooney,M20P,"Mooney M.20B Mark 21",1810,,,,,,Private,,,,,,,0,,,,,,0,0,0,0,0,,,,,,0,0,0,0,0,GEN-M20P
27328445,"2026-01-06 22:21:15","2026-01-06 22:21:15",A2133B,"United States","United States",N2327,,,,,,Beech,BE18,"Beech TC-45J",5584,,,,,,Private,,,1943,,,,0,,,,,,0,0,0,0,0,,,,,,0,0,0,0,0,GEN-BE18
27327267,"2026-01-06 22:05:48","2026-01-06 22:05:48",A5F00C,"United States","United States",N482AE,,,,,,Eurocopter,EC45,"Eurocopter MBB-BK 117 C-2 (EC145)",9588,,,,,,"Air Methods Corp",,,2013,,,,0,,,,,,0,0,0,0,0,,,,,,0,0,0,0,0,GEN-EC45
27327023,"2026-01-06 22:03:02","2026-01-06 22:03:02",A4A992,"United States","United States",N4SU,,,,,,"American Aviation",AA1,"American Aviation AA-1B",AA1B-0346,,,,,,Private,,,1974,,,,0,,,,,,0,0,0,0,0,,,,,,0,0,0,0,0,GEN-AA1
27326595,"2026-01-06 21:57:00","2026-01-06 21:57:00",ADB255,"United States","United States",N9818K,,,,,,Stinson,S108,"Stinson Voyager 108-2",108-2818,,,,,,Private,,,1947,,,,0,,,,,,0,0,0,0,0,,,,,,0,0,0,0,0,GEN-S108
27326104,"2026-01-06 21:50:46","2026-01-06 21:50:46",A40EB6,"United States","United States",N3600T,,,,,,Cessna,C402,"Cessna 402",402-0205,,,,,,Private,,,,,,,0,,,,,,0,0,0,0,0,,,,,,0,0,0,0,0,GEN-C402
27325802,"2026-01-06 21:46:07","2026-01-06 21:46:07",A2DE5B,"United States","United States",N284RN,,,,,,Boeing,H47,"Boeing CH-47F Chinook",M2406,,,,,,"Boeing Company",,,2018,,,,0,,,,,,0,0,0,0,0,,,,,,0,0,0,0,0,BOE
27324923,"2026-01-06 21:35:38","2026-01-06 21:35:38",A3C36B,"United States","United States",N3410P,,,,,,Piper,PA23,"Piper PA-23 Apache 160",23-1374,,,,,,Private,,,,,,,0,,,,,,0,0,0,0,0,,,,,,0,0,0,0,0,GEN-PA23
27324907,"2026-01-06 21:35:27","2026-01-06 21:35:27",A8225E,"United States","United States",N623LB,,,,,,Rans,COY2,"Rans Coyote II S-6ES",07011418ES,,,,,,Private,,,2006,,,,0,,,,,,0,0,0,0,0,,,,,,0,0,0,0,0,GEN-COY2
27324557,"2026-01-06 21:30:26","2026-01-06 21:30:26",3FA350,Germany,Germany,70+80,,,,,,Dornier,UH1,"Dornier UH-1D Iroquois",8140,,,,,,"German Air Force",,,,,,,0,,,,,,1,0,0,0,0,,,,,,0,0,0,0,0,
27324540,"2026-01-06 21:30:20","2026-01-06 21:30:20",4AB329,Sweden,Sweden,SE-LYI,,,,,,"Diamond Aircraft",DA42,"Diamond Aircraft Twin Star DA42",42.172,,,,,,Private,,,2006,,,,0,,,,,,0,0,0,0,0,,,,,,0,0,0,0,0,GEN-DA42
27322004,"2026-01-06 20:59:08","2026-01-06 20:59:08",A1A5B5,"United States","United States",N205MM,,,,,,"AgustaWestland Philadelphia",A119,"AgustaWestland Philadelphia AW.119 MkII",14951,,,,,,"AgustaWestland Philadelphia",,,2018,,,,0,,,,,,0,0,0,0,0,,,,,,0,0,0,0,0,GEN-A119
27321547,"2026-01-06 20:53:45","2026-01-06 20:53:45",A705CF,"United States","United States",N5512Q,,,,,,Mooney,M20P,"Mooney M.20E Super 21",609,,,,,,Private,,,1965,,,,0,,,,,,0,0,0,0,0,,,,,,0,0,0,0,0,GEN-M20P
27321461,"2026-01-06 20:52:45","2026-01-06 20:52:45",A59B44,"United States","United States",N460T,,,,,,MBB,B105,"MBB Bo.105 C",S-110,,,,,,Private,,,1973,,,,0,,,,,,0,0,0,0,0,,,,,,0,0,0,0,0,GEN-B105
27321438,"2026-01-06 20:52:33","2026-01-06 20:52:33",4B0E03,Switzerland,Switzerland,HB-FHZ,,,,,,Pilatus,PC6T,"Pilatus PC-6 B2-H4",840,,,,,,"Zimex Aviation",,,1984,,,,0,,,,,,0,0,0,0,0,,,,,,0,0,0,0,0,IMX
27320098,"2026-01-06 20:36:18","2026-01-06 20:36:18",AA97A8,"United States","United States",N78175,,,,,,Temco,GC1,"Temco Globe Swift GC-1B",2175,,,,,,Private,,,1946,,,,0,,,,,,0,0,0,0,0,,,,,,0,0,0,0,0,GEN-GC1
27318733,"2026-01-06 20:18:09","2026-01-06 20:18:09",4AAF04,Sweden,Sweden,SE-KXD,,,,,,SAAB,SF34,"SAAB 340 B",248,,,,,,"Alandia Air",,,1991,,,,0,,,,,,0,0,0,0,0,,,,,,0,0,0,0,0,GEN-SF34
27318493,"2026-01-06 20:15:13","2026-01-06 20:15:13",A849C3,"United States","United States",N633KA,,,,,,Dassault,FA20,"Dassault Falcon 20 F-5",399,,,,,,"Falcon 399 LLC",,,1979,,,,0,,,,,,0,0,0,0,0,,,,,,0,0,0,0,0,GEN-FA20
27318265,"2026-01-06 20:09:05","2026-01-06 20:09:05",A862CE,"United States","United States",N6399R,,,,,,Piper,P28A,"Piper PA-28 140 Cherokee",28-21576,,,,,,Private,,,1966,,,,0,,,,,,0,0,0,0,0,,,,,,0,0,0,0,0,GEN-P28A
27317718,"2026-01-06 20:02:26","2026-01-06 20:02:26",C00A63,Canada,Canada,C-FDYG,,,,,,Bell,B429,"Bell 429 Global Ranger",57227,,,,,,"Bell Helicopter Textron Canada",,,2014,,,,0,,,,,,0,0,0,0,0,,,,,,0,0,0,0,0,GEN-B429
27317571,"2026-01-06 20:00:46","2026-01-06 20:00:46",4A9698,Sweden,Sweden,SE-ETX,,,,,,Cessna,C150,"Cessna 150D",15060105,,,,,,Private,,,1963,,,,0,,,,,,0,0,0,0,0,,,,,,0,0,0,0,0,GEN-C150
27316506,"2026-01-06 19:47:25","2026-01-06 19:47:25",A598E7,"United States","United States",N46SW,,,,,,"Amateur Built",SEAW,"Amateur Built Seawind 2000",003,,,,,,Private,,,,,,,0,,,,,,0,0,0,0,0,,,,,,0,0,0,0,0,GEN-SEAW
27316034,"2026-01-06 19:41:32","2026-01-06 19:41:32",A8D9DB,"United States","United States",N67EZ,,,,,,Rutan,VEZE,"Rutan VariEze",1187,,,,,,Private,,,,,,,0,,,,,,0,0,0,0,0,,,,,,0,0,0,0,0,GEN-VEZE
27315382,"2026-01-06 19:32:27","2026-01-06 19:32:27",86E4F4,Japan,Japan,JA869A,,,,,,Boeing,B788,"Boeing 787 8",34499,,,,,,"All Nippon Airways",,,2017,,,,0,,,,,,0,0,0,0,0,,,,,,0,0,0,0,0,ANA
27314723,"2026-01-06 19:23:42","2026-01-06 19:23:42",A1A348,"United States","United States",N2040S,,,,,,"Textron Aviation",C172,"Textron Aviation 172S Skyhawk SP",172S12067,,,,,,Private,,,,,,,0,,,,,,0,0,0,0,0,,,,,,0,0,0,0,0,GEN-C172
27313571,"2026-01-06 19:10:23","2026-01-06 19:10:23",A17614,"United States","United States",N1933C,,,,,,Vans,RV6,"Vans RV-6 A",24032,,,,,,Private,,,2010,,,,0,,,,,,0,0,0,0,0,,,,,,0,0,0,0,0,GEN-RV6
27313192,"2026-01-06 19:05:30","2026-01-06 19:05:30",383933,France,France,F-BOJT,,,,,,Cessna,C206,"Cessna TU206B Turbo Super Skywagon",TU206-0739,,,,,,Private,,,,,,,0,,,,,,0,0,0,0,0,,,,,,0,0,0,0,0,GEN-C206
27311347,"2026-01-06 18:41:50","2026-01-06 18:41:50",A07EB6,"United States","United States",N1308W,,,,,,Mooney,M20P,"Mooney M.20E Super 21",196,,,,,,Private,,,1963,,,,0,,,,,,0,0,0,0,0,,,,,,0,0,0,0,0,GEN-M20P
27310468,"2026-01-06 18:31:53","2026-01-06 18:31:53",A970F6,"United States","United States",N7070Q,,,,,,Cessna,C172,"Cessna 172L Skyhawk",17260370,,,,,,Private,,,1972,,,,0,,,,,,0,0,0,0,0,,,,,,0,0,0,0,0,GEN-C172
27309721,"2026-01-06 18:22:49","2026-01-06 18:22:49",ABAF96,"United States","United States",N852JH,,,,,,"Air Tractor",AT3T,"Air Tractor AT-402 B",402B-1146,,,,,,Private,,,2003,,,,0,,,,,,0,0,0,0,0,,,,,,0,0,0,0,0,GEN-AT3T
27309566,"2026-01-06 18:21:05","2026-01-06 18:21:05",A69EA1,"United States","United States",N52550,,,,,,Hughes,H500,"Hughes 369 E",0166E,,,,,,Private,,,,,,,0,,,,,,0,0,0,0,0,,,,,,0,0,0,0,0,GEN-H500
27309486,"2026-01-06 18:20:05","2026-01-06 18:20:05",A0BCA9,"United States","United States",N14693,,,,,,Bellanca,BL17,"Bellanca Super Viking 17-30A",74-30654,,,,,,Private,,,1974,,,,0,,,,,,0,0,0,0,0,,,,,,0,0,0,0,0,GEN-BL17
27306489,"2026-01-06 17:44:24","2026-01-06 17:44:24",4C1C6B,Serbia,Serbia,YU-HDL,,,,,,Soko/Aerospatiale,GAZL,"Soko/Aerospatiale Gazelle SA.341 H","SOKO 052",,,,,,Private,,,,,,,0,,,,,,0,0,0,0,0,,,,,,0,0,0,0,0,GEN-GAZL
27305784,"2026-01-06 17:36:11","2026-01-06 17:36:11",ACB80F,"United States","United States",N91890,,,,,,Schweizer,GLID,"Schweizer SGU 1-19",35,,,,,,Private,,,1956,,,,0,,,,,,0,0,0,0,0,,,,,,0,0,0,0,0,GEN-GLID
27305358,"2026-01-06 17:31:14","2026-01-06 17:31:14",A3727B,"United States","United States",N321ER,,,,,,Schleicher,GLID,"Schleicher ASW 27",27091,,,,,,Private,,,1998,,,,0,,,,,,0,0,0,0,0,,,,,,0,0,0,0,0,GEN-GLID
27305343,"2026-01-06 17:31:03","2026-01-06 17:31:03",A4CCB1,"United States","United States",N4080,,,,,,"Raytheon Aircraft",BE36,"Raytheon Aircraft Bonanza G36",E-4080,,,,,,Private,,,2016,,,,0,,,,,,0,0,0,0,0,,,,,,0,0,0,0,0,GEN-BE36
27305151,"2026-01-06 17:28:32","2026-01-06 17:28:32",A6AC20,"United States","United States",N529UA,,,,,,Boeing,B752,"Boeing 757 222",25019,,,,,,"United Airlines",,,1991,,,,0,,,,,,0,0,0,0,0,,,,,,0,0,0,0,0,GEN-B752
27305087,"2026-01-06 17:27:54","2026-01-06 17:27:54",4AA4E2,Sweden,Sweden,SE-IGB,,,,,,Piper,PA31,"Piper PA-31 P-425 Pressurised Navajo",31P-7300167,,,,,,Private,,,1973,,,,0,,,,,,0,0,0,0,0,,,,,,0,0,0,0,0,GEN-PA31
27304848,"2026-01-06 17:25:12","2026-01-06 17:25:12",3D31A3,Germany,Germany,D-ERAX,,,,,,Boeing,ST75,"Boeing Stearman B75N1 N2S-3 Kaydet",75-7073,,,,,,Private,,,1943,,,,0,,,,,,0,0,0,0,0,,,,,,0,0,0,0,0,GEN-ST75
27304416,"2026-01-06 17:19:58","2026-01-06 17:19:58",4CABAE,Ireland,Ireland,EI-FZW,,,,,,Boeing,B738,"Boeing 737NG 800/W",44795,,,,,,Ryanair,,,2017,,,,0,,,,,,0,0,0,0,0,,,,,,0,0,0,0,0,RYR
27303330,"2026-01-06 17:07:21","2026-01-06 17:07:21",4018DF,"United Kingdom","United Kingdom",G-AYPH,,,,,,Reims/Cessna,C77R,"Reims/Cessna F177RG Cardinal RG",0018,,,,,,Private,,,1971,,,,0,,,,,,0,0,0,0,0,,,,,,0,0,0,0,0,GEN-C77R
27302889,"2026-01-06 17:02:23","2026-01-06 17:02:23",780387,China,China,B-3997,,,,,,"Raytheon Aircraft Company",H25B,"Raytheon Aircraft Company 125 800XP",258575,,,,,,"China Eastern Airlines Executive Air",,,,,,,0,,,,,,0,0,0,0,0,,,,,,0,0,0,0,0,CES
27301004,"2026-01-06 16:39:40","2026-01-06 16:39:40",A3D288,"United States","United States",N3452J,,,,,,Cessna,C150,"Cessna 150G",15066152,,,,,,Private,,,,,,,0,,,,,,0,0,0,0,0,,,,,,0,0,0,0,0,GEN-C150
27300314,"2026-01-06 16:31:26","2026-01-06 16:31:26",A11A1D,"United States","United States",N170KQ,,,,,,"Quest Aircraft Company",KODI,"Quest Aircraft Company Kodiak 100",100-0170,,,,,,"Pilot International Inc",,,2016,,,,0,,,,,,0,0,0,0,0,,,,,,0,0,0,0,0,GEN-KODI
27300237,"2026-01-06 16:30:34","2026-01-06 16:30:34",A3E544,"United States","United States",N350EU,,,,,,Piper,PA46,"Piper PA-46 350P Malibu Mirage",4636698,,,,,,Private,,,2016,,,,0,,,,,,0,0,0,0,0,,,,,,0,0,0,0,0,GEN-PA46
27300202,"2026-01-06 16:29:36","2026-01-06 16:29:36",A9F144,"United States","United States",N74M,,,,,,Cessna,P337,"Cessna T337G Pressurized Skymaster",P3370278,,,,,,Private,,,1977,,,,0,,,,,,0,0,0,0,0,,,,,,0,0,0,0,0,GEN-P337
27298223,"2026-01-06 16:06:15","2026-01-06 16:06:15",AA4A3B,"United States","United States",N762P,,,,,,Sikorsky,S76,"Sikorsky S-76 A",760060,,,,,,Private,,,1980,,,,0,,,,,,0,0,0,0,0,,,,,,0,0,0,0,0,GEN-S76
27298196,"2026-01-06 16:05:47","2026-01-06 16:05:47",A47531,"United States","United States",N3869K,,,,,,Piper,P28A,"Piper PA-28 140 Cherokee",28-23756,,,,,,Private,,,1967,,,,0,,,,,,0,0,0,0,0,,,,,,0,0,0,0,0,GEN-P28A
27297678,"2026-01-06 16:00:21","2026-01-06 16:00:21",A3E4E2,"United States","United States",N350AW,,,,,,Eurocopter,AS50,"Eurocopter Squirrel AS.350 B3",3508,,,,,,Private,,,2001,,,,0,,,,,,0,0,0,0,0,,,,,,0,0,0,0,0,GEN-AS50
27297495,"2026-01-06 15:57:58","2026-01-06 15:57:58",A5BE9B,"United States","United States",N46988,,,,,,Bell,B47G,"Bell 47G-5",7903,,,,,,Private,,,1968,,,,0,,,,,,0,0,0,0,0,,,,,,0,0,0,0,0,GEN-B47G
27296585,"2026-01-06 15:47:51","2026-01-06 15:47:51",A8BED3,"United States","United States",N6626B,,,,,,Bell,B407,"Bell 407 GX",54688,,,,,,"Bell Helicopter Textron Inc",,,,,,,0,,,,,,0,0,0,0,0,,,,,,0,0,0,0,0,GEN-B407
27295681,"2026-01-06 15:37:03","2026-01-06 15:37:03",A13597,"United States","United States",N1770S,,,,,,Snow,SS2P,"Snow S-2 D 600",1413D,,,,,,Private,,,1967,,,,0,,,,,,0,0,0,0,0,,,,,,0,0,0,0,0,GEN-SS2P
27295238,"2026-01-06 15:32:06","2026-01-06 15:32:06",AB8B0F,"United States","United States",N843AS,,,,,,Bombardier,CRJ2,"Bombardier CRJ 200ER",7310,,,,,,"Delta Connection",,,,,,,0,,,,,,0,0,0,0,0,,,,,,0,0,0,0,0,GEN-CRJ2
27294435,"2026-01-06 15:23:15","2026-01-06 15:23:15",A4BBE9,"United States","United States",N404EH,,,,,,Bell,B06,"Bell 206L Long Ranger",45114,,,,,,"Blue Sky LLC",,,1978,,,,0,,,,,,0,0,0,0,0,,,,,,0,0,0,0,0,GEN-B06
27292180,"2026-01-06 14:57:37","2026-01-06 14:57:37",A5D2A5,"United States","United States",N4742S,,,,,,Bowers,FB1A,"Bowers Fly Baby 1A",JQ-1,,,,,,Private,,,1965,,,,0,,,,,,0,0,0,0,0,,,,,,0,0,0,0,0,GEN-FB1A
27290805,"2026-01-06 14:42:08","2026-01-06 14:42:08",C02D6A,Canada,Canada,C-FRFD,,,,,,Bell,B407,"Bell 407",53853,,,,,,"Eagle Copters Ltd",,,2008,,,,0,,,,,,0,0,0,0,0,,,,,,0,0,0,0,0,GEN-B407
27290518,"2026-01-06 14:37:54","2026-01-06 14:37:54",ACF76A,"United States","United States",N9344A,,,,,,Cessna,C195,"Cessna 195",7403,,,,,,Private,,,1949,,,,0,,,,,,0,0,0,0,0,,,,,,0,0,0,0,0,GEN-C195
27288734,"2026-01-06 14:17:13","2026-01-06 14:17:13",A50485,"United States","United States",N422RA,,,,,,Remos,G3,"Remos G-3 Mirage",241,,,,,,Private,,,2008,,,,0,,,,,,0,0,0,0,0,,,,,,0,0,0,0,0,GEN-G3
27212,"2022-05-18 03:27:49","2026-01-06 14:16:18",48425C,Netherlands,Netherlands,,,,,,,,-GND,,,,,,,,,,,,,,,0,,,,,,0,0,0,0,0,Missing,,,,,0,0,0,0,0,GEN--GND
27288429,"2026-01-06 14:13:43","2026-01-06 14:13:43",A5DA00,"United States","United States",N47618,,,,,,Ryan,PT22,"Ryan Recruit ST3-KR",1581,,,,,,Private,,,,,,,0,,,,,,0,0,0,0,0,,,,,,0,0,0,0,0,GEN-PT22
27287262,"2026-01-06 13:59:32","2026-01-06 13:59:32",ACED6A,"United States","United States",N932DH,,,,,,Boeing,B752,"Boeing 757 256/W",29312,,,,,,"DHL Air",,,2000,,,,0,,,,,,0,0,0,0,0,,,,,,0,0,0,0,0,GEN-B752
27287030,"2026-01-06 13:56:56","2026-01-06 13:56:56",E490D8,Brazil,Brazil,PP-HVD,,,,,,"Hawker Beechcraft Corp",H25B,"Hawker Beechcraft Corp Hawker 900XP",HA-0049,,,,,,"Canada Admini De Bens Imoveis Ltda",,,2008,,,,0,,,,,,0,0,0,0,0,,,,,,0,0,0,0,0,GEN-H25B
27286634,"2026-01-06 13:51:46","2026-01-06 13:51:46",A8D95D,"United States","United States",N66999,,,,,,Vultee,VALI,"Vultee BT-13A Valiant",5783,,,,,,Private,,,1942,,,,0,,,,,,0,0,0,0,0,,,,,,0,0,0,0,0,GEN-VALI
27285362,"2026-01-06 13:38:06","2026-01-06 13:38:06",AADE55,"United States","United States",N8MY,,,,,,Cessna,C510,"Cessna Citation Mustang",510-0322,,,,,,"Tabish Brothers Distributors Inc",,,,,,,0,,,,,,0,0,0,0,0,,,,,,0,0,0,0,0,GEN-C510
27285296,"2026-01-06 13:37:22","2026-01-06 13:37:22",C02202,Canada,Canada,C-FMWV,,,,,,Boeing,B763,"Boeing 767 333ER/W",25586,,,,,,"Air Canada Rouge",,,1995,,,,0,,,,,,0,0,0,0,0,,,,,,0,0,0,0,0,ROU
27285276,"2026-01-06 13:37:06","2026-01-06 13:37:06",A56724,"United States","United States",N4471L,,,,,,Cessna,C172,"Cessna 172G Skyhawk",17254566,,,,,,Private,,,1966,,,,0,,,,,,0,0,0,0,0,,,,,,0,0,0,0,0,GEN-C172
27282745,"2026-01-06 13:06:58","2026-01-06 13:06:58",4043DA,"United Kingdom","United Kingdom",G-OBLU,,,,,,Cameron,BALL,"Cameron H-34 Hot Air Balloon",4914,,,,,,Private,,,,,,,0,,,,,,0,0,0,0,0,,,,,,0,0,0,0,0,GEN-BALL
27282463,"2026-01-06 13:03:55","2026-01-06 13:03:55",851CDD,Japan,Japan,JA3493,,,,,,Fuji,SUBA,"Fuji FA-200 160 Aero Subaru",61,,,,,,Private,,,,,,,0,,,,,,0,0,0,0,0,,,,,,0,0,0,0,0,GEN-SUBA
27282338,"2026-01-06 13:02:16","2026-01-06 13:02:16",A9827B,"United States","United States",N71120,,,,,,Luscombe,L8,"Luscombe Silvaire 8A",2547,,,,,,Private,,,,,,,0,,,,,,0,0,0,0,0,,,,,,0,0,0,0,0,GEN-L8
27280870,"2026-01-06 12:45:36","2026-01-06 12:45:36",A2E5F6,"United States","United States",N286TH,,,,,,Sikorsky,H60,"Sikorsky UH-60A Blackhawk",70103,,,,,,"Timberline Helicopters Inc",,,,,,,0,,,,,,0,0,0,0,0,,,,,,0,0,0,0,0,GEN-H60
27279575,"2026-01-06 12:30:03","2026-01-06 12:30:03",4B4DB8,Switzerland,Switzerland,HB-2321,,,,,,ICA-Brasov,IS28,"ICA-Brasov IS-28M 2/GR",76,,,,,,Private,,,1998,,,,0,,,,,,0,0,0,0,0,,,,,,0,0,0,0,0,GEN-IS28
27278248,"2026-01-06 12:16:21","2026-01-06 12:16:21",AD8097,"United States","United States",N96945,,,,,,Taylorcraft,TAYB,"Taylorcraft BC-12 D",9245,,,,,,Private,,,1946,,,,0,,,,,,0,0,0,0,0,,,,,,0,0,0,0,0,GEN-TAYB
27277886,"2026-01-06 12:12:31","2026-01-06 12:12:31",4910A5,Portugal,Portugal,CS-DEE,,,,,,SOCATA,TOBA,"SOCATA TB200 Tobago XL",2080,,,,,,Private,,,2001,,,,0,,,,,,0,0,0,0,0,,,,,,0,0,0,0,0,GEN-TOBA
27277464,"2026-01-06 12:07:05","2026-01-06 12:07:05",A3150D,"United States","United States",N298V,,,,,,"Velocity Aircraft",VELO,"Velocity Aircraft Velocity",007,,,,,,Private,,,,,,,0,,,,,,0,0,0,0,0,,,,,,0,0,0,0,0,GEN-VELO
27276816,"2026-01-06 12:00:19","2026-01-06 12:00:19",A92352,"United States","United States",N6880L,,,,,,"Light Aero",AVID,"Light Aero Avid Flyer Mk.IV",1115D,,,,,,Private,,,1997,,,,0,,,,,,0,0,0,0,0,,,,,,0,0,0,0,0,GEN-AVID
27276543,"2026-01-06 11:57:16","2026-01-06 11:57:16",AD790E,"United States","United States",N9674C,,,,,,Piper,P28R,"Piper PA-28R 201T Turbo Arrow III",28R-7803272,,,,,,Private,,,1978,,,,0,,,,,,0,0,0,0,0,,,,,,0,0,0,0,0,GEN-P28R
27276356,"2026-01-06 11:55:18","2026-01-06 11:55:18",A0B058,"United States","United States",N1431H,,,,,,Aeronca,AR15,"Aeronca Sedan 15AC",15AC-495,,,,,,Private,,,1950,,,,0,,,,,,0,0,0,0,0,,,,,,0,0,0,0,0,GEN-AR15
27276016,"2026-01-06 11:51:19","2026-01-06 11:51:19",ACB3E8,"United States","United States",N9176T,,,,,,"Raven Aerostar",BALL,"Raven Aerostar Rally RX.7 Hot Air Balloon",RX7-3294,,,,,,Private,,,1994,,,,0,,,,,,0,0,0,0,0,,,,,,0,0,0,0,0,GEN-BALL
27275770,"2026-01-06 11:48:51","2026-01-06 11:48:51",43EC15,Guernsey,Guernsey,2-FIEX,,,,,,Airbus,A346,"Airbus A340 642X",933,,,,,,"Etihad Airways",,,2008,,,,0,,,,,,0,0,0,0,0,,,,,,0,0,0,0,0,ETD
27275031,"2026-01-06 11:41:54","2026-01-06 11:41:54",A18D33,"United States","United States",N1999F,,,,,,Piper,P28A,"Piper PA-28 180 Cherokee D",28-4783,,,,,,Private,,,,,,,0,,,,,,0,0,0,0,0,,,,,,0,0,0,0,0,GEN-P28A
27274722,"2026-01-06 11:38:30","2026-01-06 11:38:30",3D4A73,Germany,Germany,D-FALF,,,,,,DAHER-SOCATA,TBM8,"DAHER-SOCATA TBM 850",610,,,,,,Private,,,2012,,,,0,,,,,,0,0,0,0,0,,,,,,0,0,0,0,0,GEN-TBM8
27273347,"2026-01-06 11:22:46","2026-01-06 11:22:46",A3E842,"United States","United States",N3508E,,,,,,Aeronca,CH7A,"Aeronca Champion 7AC",7AC-6879,,,,,,Private,,,1947,,,,0,,,,,,0,0,0,0,0,,,,,,0,0,0,0,0,GEN-CH7A
27273293,"2026-01-06 11:22:19","2026-01-06 11:22:19",A19954,"United States","United States",N2019G,,,,,,Cessna,C182,"Cessna 182A Skylane",51319,,,,,,Private,,,1958,,,,0,,,,,,0,0,0,0,0,,,,,,0,0,0,0,0,GEN-C182
27272724,"2026-01-06 11:15:59","2026-01-06 11:15:59",71011C,"Saudi Arabia","Saudi Arabia",HZ-HGA,,,,,,"Avions de Transport Regional",AT76,"Avions de Transport Regional ATR 72 600",1371,,,,,,"Nesma Airlines",,,2016,,,,0,,,,,,0,0,0,0,0,,,,,,0,0,0,0,0,NMA
27272704,"2026-01-06 11:15:48","2026-01-06 11:15:48",A31E25,"United States","United States",N30N,,,,,,Lockheed,L18,"Lockheed Lodestar 18-50",18-2274,,,,,,"Commemorative Air Force",,,1942,,,,0,,,,,,1,0,0,0,0,,,,,,0,0,0,0,0,
27272184,"2026-01-06 11:09:48","2026-01-06 11:09:48",4D0255,Luxembourg,Luxembourg,LX-ODY,,,,,,Cessna,C25B,"Cessna Citation CJ3",525B0281,,,,,,"Odyssee Jet",,,,,,,0,,,,,,0,0,0,0,0,,,,,,0,0,0,0,0,GEN-C25B
27271713,"2026-01-06 11:04:24","2026-01-06 11:04:24",AC30A4,"United States","United States",N885CK,,,,,,"Cirrus Design",S22T,"Cirrus Design SR22T G6",1510,,,,,,Private,,,2017,,,,0,,,,,,0,0,0,0,0,,,,,,0,0,0,0,0,GEN-S22T
27271702,"2026-01-06 11:04:19","2026-01-06 11:04:19",AC8562,"United States","United States",N9059R,,,,,,Beech,T34P,"Beech T-34B Mentor",BG-423,,,,,,Private,,,,,,,0,,,,,,0,0,0,0,0,,,,,,0,0,0,0,0,GEN-T34P
27271264,"2026-01-06 10:59:52","2026-01-06 10:59:52",A30B74,"United States","United States",N29571,,,,,,Cessna,C177,"Cessna 177 Cardinal",17700968,,,,,,Private,,,1968,,,,0,,,,,,0,0,0,0,0,,,,,,0,0,0,0,0,GEN-C177
27270621,"2026-01-06 10:52:50","2026-01-06 10:52:50",AC0421,"United States","United States",N8732H,,,,,,Schweizer-Grumman,G164,"Schweizer-Grumman G-164A Super Ag-Cat",1465,,,,,,Private,,,1975,,,,0,,,,,,0,0,0,0,0,,,,,,0,0,0,0,0,GEN-G164
27270259,"2026-01-06 10:48:55","2026-01-06 10:48:55",3F272A,Germany,Germany,D-OASW,,,,,,"Schroeder Fire Balloons",BALL,"Schroeder Fire Balloons G26/24 Hot Air Balloon",369,,,,,,Private,,,1993,,,,0,,,,,,0,0,0,0,0,,,,,,0,0,0,0,0,GEN-BALL
27268977,"2026-01-06 10:35:28","2026-01-06 10:35:28",ADB0D0,"United States","United States",N981WA,,,,,,Cessna,C25A,"Cessna Citation CJ2+",525A0473,,,,,,"KLMW Investments LLC",,,2011,,,,0,,,,,,0,0,0,0,0,,,,,,0,0,0,0,0,GEN-C25A
27268816,"2026-01-06 10:33:47","2026-01-06 10:33:47",AAF6E0,"United States","United States",N8050Z,,,,,,Robinson,R22,"Robinson R22 Beta",1117,,,,,,Private,,,,,,,0,,,,,,0,0,0,0,0,,,,,,0,0,0,0,0,GEN-R22
27268290,"2026-01-06 10:28:14","2026-01-06 10:28:14",4B4D6F,Switzerland,Switzerland,HB-2248,,,,,,Stemme,S10S,"Stemme S10",10-9,,,,,,Private,,,1989,,,,0,,,,,,0,0,0,0,0,,,,,,0,0,0,0,0,GEN-S10S
27267925,"2026-01-06 10:24:11","2026-01-06 10:24:11",C03A86,Canada,Canada,C-FWEF,,,,,,Piper,PA18,"Piper PA-18 150 Super Cub",18-8537,,,,,,Private,,,1967,,,,0,,,,,,0,0,0,0,0,,,,,,0,0,0,0,0,GEN-PA18
27267807,"2026-01-06 10:22:20","2026-01-06 10:22:20",40115C,"United Kingdom","United Kingdom",G-CDRC,,,,,,Cessna,C182,"Cessna 182Q Skylane",18267085,,,,,,Private,,,1979,,,,0,,,,,,0,0,0,0,0,,,,,,0,0,0,0,0,GEN-C182
27267471,"2026-01-06 10:18:37","2026-01-06 10:18:37",86EEE3,Japan,Japan,JA8939,,,,,,Boeing,B734,"Boeing 737 4Q3",29486,,,,,,"Japan Transocean Air",,,1999,,,,0,,,,,,0,0,0,0,0,,,,,,0,0,0,0,0,JTA
27264894,"2026-01-06 09:49:17","2026-01-06 09:49:17",A8B93B,"United States","United States",N661PF,,,,,,Rans,COY2,"Rans Coyote II S-6S",09041607,,,,,,Private,,,2007,,,,0,,,,,,0,0,0,0,0,,,,,,0,0,0,0,0,GEN-COY2
27264479,"2026-01-06 09:44:46","2026-01-06 09:44:46",C08CE7,Canada,Canada,C-IBJI,,,,,,"Volmer Jensen",ULAC,"Volmer Jensen VJ-24W Sun Fun",254,,,,,,Private,,,,,,,0,,,,,,0,0,0,0,0,,,,,,0,0,0,0,0,GEN-ULAC
27264403,"2026-01-06 09:43:56","2026-01-06 09:43:56",AD14EC,"United States","United States",N942DL,,,,,,"McDonnell Douglas",MD88,"McDonnell Douglas DC-9 88",49815,,,,,,"Delta Air Lines",,,1989,,,,0,,,,,,0,0,0,0,0,,,,,,0,0,0,0,0,DAL
27264252,"2026-01-06 09:42:09","2026-01-06 09:42:09",AB89DE,"United States","United States",N84213,,,,,,Aeronca,CH7A,"Aeronca Champion 7AC",7AC-2904,,,,,,Private,,,1946,,,,0,,,,,,0,0,0,0,0,,,,,,0,0,0,0,0,GEN-CH7A
27263226,"2026-01-06 09:30:02","2026-01-06 09:30:02",A68257,"United States","United States",N5186F,,,,,,Cessna,C172,"Cessna T-41A Mescalero",17253132,,,,,,Private,,,,,,,0,,,,,,0,0,0,0,0,,,,,,0,0,0,0,0,GEN-C172
27262662,"2026-01-06 09:23:16","2026-01-06 09:23:16",A6CED6,"United States","United States",N538HB,,,,,,"Zénith",CH70,"Zénith Zenair STOL CH 701",1001,,,,,,Private,,,,,,,0,,,,,,0,0,0,0,0,,,,,,0,0,0,0,0,GEN-CH70
27262419,"2026-01-06 09:20:09","2026-01-06 09:20:09",E4908A,Brazil,Brazil,PT-MOE,,,,,,Boeing,B763,"Boeing 767 316ER/W",41996,,,,,,"LATAM Brasil",,,2013,,,,0,,,,,,0,0,0,0,0,,,,,,0,0,0,0,0,TAM
27261789,"2026-01-06 09:13:00","2026-01-06 09:13:00",AB228D,"United States","United States",N8164C,,,,,,"Aero Vodochody",L29,"Aero Vodochody L-29 Delfin",093734,,,,,,Private,,,1970,,,,0,,,,,,0,0,0,0,0,,,,,,0,0,0,0,0,GEN-L29
27261713,"2026-01-06 09:12:09","2026-01-06 09:12:09",AC7F03,"United States","United States",N904LA,,,,,,Evektor-Aerotechnik,EVSS,"Evektor-Aerotechnik EV-97 Sportstar",2007-0904,,,,,,Private,,,2007,,,,0,,,,,,0,0,0,0,0,,,,,,0,0,0,0,0,GEN-EVSS
27261642,"2026-01-06 09:11:20","2026-01-06 09:11:20",A2ADF5,"United States","United States",N272AL,,,,,,Bell,B06,"Bell 206L Long Ranger IV",52288,,,,,,Private,,,,,,,0,,,,,,0,0,0,0,0,,,,,,0,0,0,0,0,GEN-B06
27260617,"2026-01-06 08:59:02","2026-01-06 08:59:02",ADCC0E,"United States","United States",N9886H,,,,,,Beech,BE17,"Beech Staggerwing D17S",6910,,,,,,Private,,,,,,,0,,,,,,0,0,0,0,0,,,,,,0,0,0,0,0,GEN-BE17
27260292,"2026-01-06 08:55:17","2026-01-06 08:55:17",A73EA0,"United States","United States",N566QP,,,,,,CGS,ULAC,"CGS Hawk",8730-J,,,,,,Private,,,,,,,0,,,,,,0,0,0,0,0,,,,,,0,0,0,0,0,GEN-ULAC
27259935,"2026-01-06 08:50:36","2026-01-06 08:50:36",0D072C,Mexico,Mexico,XA-UQY,,,,,,"De Havilland Canada",DH8A,"De Havilland Canada DHC-8 102",160,,,,,,"Transportes Aereos Terrestres",,,1989,,,,0,,,,,,0,0,0,0,0,,,,,,0,0,0,0,0,GEN-DH8A
27259201,"2026-01-06 08:41:57","2026-01-06 08:41:57",AB1454,"United States","United States",N81281,,,,,,Fairchild,FA24,"Fairchild F.24 R-46",R46-181,,,,,,Private,,,,,,,0,,,,,,0,0,0,0,0,,,,,,0,0,0,0,0,GEN-FA24
27258804,"2026-01-06 08:36:29","2026-01-06 08:36:29",A16682,"United States","United States",N19HA,,,,,,Douglas,DC3,"Douglas DC-3",25816/14371,,,,,,"Operator Unknown",,,,,,,0,,,,,,0,0,0,0,0,,,,,,0,0,0,0,0,GEN-DC3
27258604,"2026-01-06 08:33:52","2026-01-06 08:33:52",856B1F,Japan,Japan,JA4135,,,,,,Cessna,C172,"Cessna 172Q Cutlass",17275714,,,,,,Private,,,1982,,,,0,,,,,,0,0,0,0,0,,,,,,0,0,0,0,0,GEN-C172
27258486,"2026-01-06 08:32:34","2026-01-06 08:32:34",A424F0,"United States","United States",N3660B,,,,,,"Air Tractor",AT3P,"Air Tractor AT-301",301-0334,,,,,,Private,,,,,,,0,,,,,,0,0,0,0,0,,,,,,0,0,0,0,0,GEN-AT3P
27256781,"2026-01-06 08:11:14","2026-01-06 08:11:14",AA1C87,"United States","United States",N7501C,,,,,,Forney,ERCO,"Forney Aircoupe F-1",5613,,,,,,Private,,,,,,,0,,,,,,0,0,0,0,0,,,,,,0,0,0,0,0,GEN-ERCO
27256230,"2026-01-06 08:05:18","2026-01-06 08:05:18",AB6A80,"United States","United States",N83467,,,,,,Aeronca,CH7A,"Aeronca Champion 7AC",7AC-2136,,,,,,Private,,,1946,,,,0,,,,,,0,0,0,0,0,,,,,,0,0,0,0,0,GEN-CH7A
27255170,"2026-01-06 07:52:33","2026-01-06 07:52:33",A8BE95,"United States","United States",N6624K,,,,,,Republic,RC3,"Republic RC-3 Seabee",897,,,,,,Private,,,,,,,0,,,,,,0,0,0,0,0,,,,,,0,0,0,0,0,GEN-RC3
11102,"2021-11-08 16:26:52","2026-01-06 07:47:06",C87EE8,"New Zealand","New Zealand",,,,,,,,ZZZZ,,,,,,,,,,,,,,,0,,,,,,0,0,0,0,0,Missing,,,,,0,0,0,0,0,GEN-ZZZZ
766556,"2023-10-30 20:59:55","2026-01-06 07:47:06",43BF96,"United Kingdom","United Kingdom",,,,,,,,ZANT,,,,,,,,,,,,,,,0,,,,,,0,0,0,0,0,Missing,,,,,0,0,0,0,0,ZANT
27253622,"2026-01-06 07:33:20","2026-01-06 07:33:20",A1B506,"United States","United States",N209SD,,,,,,Bell,UH1,"Bell UH-1H Iroquois",13555,,,,,,"United States Department Of State",,,,,,,0,,,,,,0,0,0,0,0,,,,,,0,0,0,0,0,GEN-UH1
27253097,"2026-01-06 07:27:23","2026-01-06 07:27:23",39A443,France,France,F-HJCD,,,,,,Dassault,F2TH,"Dassault Falcon 2000LX S",288,,,,,,Private,,,2014,,,,0,,,,,,0,0,0,0,0,,,,,,0,0,0,0,0,GEN-F2TH
27252408,"2026-01-06 07:19:06","2026-01-06 07:19:06",C078A3,Canada,Canada,C-GTRU,,,,,,"Raven Aerostar",BALL,"Raven Aerostar S-77A Hot Air Balloon",S77A-117,,,,,,Private,,,,,,,0,,,,,,0,0,0,0,0,,,,,,0,0,0,0,0,GEN-BALL
27252060,"2026-01-06 07:14:47","2026-01-06 07:14:47",4A852B,Sweden,Sweden,SE-AIK,,,,,,Dornier,BU31,"Dornier Jungmann Bu 131B",52,,,,,,Private,,,1939,,,,0,,,,,,0,0,0,0,0,,,,,,0,0,0,0,0,GEN-BU31
27250684,"2026-01-06 06:58:06","2026-01-06 06:58:06",86920B,Japan,Japan,JA7875,,,,,,Robinson,R22,"Robinson R22 Beta",1915,,,,,,Private,,,1991,,,,0,,,,,,0,0,0,0,0,,,,,,0,0,0,0,0,GEN-R22
27250218,"2026-01-06 06:52:16","2026-01-06 06:52:16",3820FA,France,France,F-WWFM,,,,,,Dassault,F900,"Dassault Falcon 900LX",310,,,,,,"Dassault Aviation",,,2017,,,,0,,,,,,0,0,0,0,0,,,,,,0,0,0,0,0,DSO
27249694,"2026-01-06 06:45:49","2026-01-06 06:45:49",A6EE0A,"United States","United States",N54582,,,,,,Boeing,ST75,"Boeing Stearman A75N1 PT-17 Kaydet",75-3728,,,,,,Private,,,1942,,,,0,,,,,,0,0,0,0,0,,,,,,0,0,0,0,0,GEN-ST75
27248245,"2026-01-06 06:27:02","2026-01-06 06:27:02",A714D0,"United States","United States",N5553S,,,,,,"Raven Industries",BALL,"Raven Industries Rally RX.7 Hot Air Balloon",RX7-108,,,,,,Private,,,,,,,0,,,,,,0,0,0,0,0,,,,,,0,0,0,0,0,GEN-BALL
27248116,"2026-01-06 06:25:01","2026-01-06 06:25:01",A195C8,"United States","United States",N201AP,,,,,,"Aero Designs",PULS,"Aero Designs Pulsar III",508,,,,,,Private,,,2000,,,,0,,,,,,0,0,0,0,0,,,,,,0,0,0,0,0,GEN-PULS
27246546,"2026-01-06 06:04:32","2026-01-06 06:04:32",A62594,"United States","United States",N4954E,,,,,,Corben,JACE,"Corben Junior Ace E",1203-8-66,,,,,,Private,,,1966,,,,0,,,,,,0,0,0,0,0,,,,,,0,0,0,0,0,GEN-JACE
27246344,"2026-01-06 06:01:44","2026-01-06 06:01:44",38217A,France,France,F-WWMB,,,,,,Dassault,F2TH,"Dassault Falcon 2000LX S",318,,,,,,"Dassault Aviation",,,2015,,,,0,,,,,,0,0,0,0,0,,,,,,0,0,0,0,0,GEN-F2TH
27246268,"2026-01-06 06:00:48","2026-01-06 06:00:48",A921C1,"United States","United States",N688JK,,,,,,Robinson,R44,"Robinson R44 Raven II",10106,,,,,,Private,,,,,,,0,,,,,,0,0,0,0,0,,,,,,0,0,0,0,0,GEN-R44
27246189,"2026-01-06 05:59:46","2026-01-06 05:59:46",A2A977,"United States","United States",N2704Y,,,,,,Beech,BE95,"Beech Travel Air 95",TD-56,,,,,,Private,,,1958,,,,0,,,,,,0,0,0,0,0,,,,,,0,0,0,0,0,GEN-BE95
27245801,"2026-01-06 05:54:20","2026-01-06 05:54:20",A0DC9B,"United States","United States",N15487,,,,,,Beech,BE17,"Beech Staggerwing C17R",73,,,,,,Private,,,,,,,0,,,,,,0,0,0,0,0,,,,,,0,0,0,0,0,GEN-BE17
27245794,"2026-01-06 05:54:15","2026-01-06 05:54:15",A1DA34,"United States","United States",N2184X,,,,,,Piper,P28A,"Piper PA-28 181 Archer II",28-7990365,,,,,,Private,,,1979,,,,0,,,,,,0,0,0,0,0,,,,,,0,0,0,0,0,GEN-P28A
27245401,"2026-01-06 05:49:15","2026-01-06 05:49:15",ADA857,"United States","United States",N97960,,,,,,Stinson,S108,"Stinson Voyager 108-1",108-960,,,,,,Private,,,,,,,0,,,,,,0,0,0,0,0,,,,,,0,0,0,0,0,GEN-S108
27245252,"2026-01-06 05:47:19","2026-01-06 05:47:19",43E744,"Isle of Man","Isle of Man",M-JETI,,,,,,"British Aerospace",H25B,"British Aerospace 125 800B",258056,,,,,,"Cassel Investment",,,1986,,,,0,,,,,,0,0,0,0,0,,,,,,0,0,0,0,0,GEN-H25B
27245025,"2026-01-06 05:44:25","2026-01-06 05:44:25",A48650,"United States","United States",N3908Y,,,,,,Cessna,C210,"Cessna 210D Centurion",21058408,,,,,,Private,,,1964,,,,0,,,,,,0,0,0,0,0,,,,,,0,0,0,0,0,GEN-C210
27244915,"2026-01-06 05:43:12","2026-01-06 05:43:12",0D0251,Mexico,Mexico,XA-EAM,,,,,,"Hawker Beechcraft Corp",BE9L,"Hawker Beechcraft Corp King Air C90GT",LJ-1842,,,,,,"Ejecutivo Aereo de Mexico SA de CV",,,,,,,0,,,,,,0,0,0,0,0,,,,,,0,0,0,0,0,GEN-BE9L
27244478,"2026-01-06 05:37:06","2026-01-06 05:37:06",4245EC,Bermuda,Bermuda,VP-LOS,,,,,,Avro,RJ1H,"Avro 146 RJ100",E3282,,,,,,"BVI Airways",,,1996,,,,0,,,,,,0,0,0,0,0,,,,,,0,0,0,0,0,GEN-RJ1H
27243059,"2026-01-06 05:18:10","2026-01-06 05:18:10",404501,"United Kingdom","United Kingdom",G-BZVR,,,,,,"Raj Hamsa",XAIR,"Raj Hamsa X-Air 582",BMAA/HB/146,,,,,,Private,,,2001,,,,0,,,,,,0,0,0,0,0,,,,,,0,0,0,0,0,GEN-XAIR
27242919,"2026-01-06 05:16:07","2026-01-06 05:16:07",A62D38,"United States","United States",N4975Z,,,,,,Piper,PA22,"Piper PA-22 108 Colt",22-8580,,,,,,Private,,,1961,,,,0,,,,,,0,0,0,0,0,,,,,,0,0,0,0,0,GEN-PA22
27241702,"2026-01-06 04:59:35","2026-01-06 04:59:35",A9A0F6,"United States","United States",N7198K,,,,,,Robinson,R22,"Robinson R22 Beta II",3166,,,,,,Private,,,,,,,0,,,,,,0,0,0,0,0,,,,,,0,0,0,0,0,GEN-R22
27241522,"2026-01-06 04:57:15","2026-01-06 04:57:15",44D66B,Belgium,Belgium,OO-USK,,,,,,Christen,HUSK,"Christen Husky A-1",1056,,,,,,Private,,,1988,,,,0,,,,,,0,0,0,0,0,,,,,,0,0,0,0,0,GEN-HUSK
27241060,"2026-01-06 04:50:54","2026-01-06 04:50:54",51104B,Estonia,Estonia,ES-PVI,,,,,,Bombardier,LJ60,"Bombardier Learjet 60",60-275,,,,,,Panaviatic,,,,,,,0,,,,,,0,0,0,0,0,,,,,,0,0,0,0,0,GEN-LJ60
27240982,"2026-01-06 04:49:58","2026-01-06 04:49:58",A02342,"United States","United States",N108JP,,,,,,Stinson,S108,"Stinson Voyager 108-3",108-4514,,,,,,Private,,,1949,,,,0,,,,,,0,0,0,0,0,,,,,,0,0,0,0,0,GEN-S108
27240151,"2026-01-06 04:39:03","2026-01-06 04:39:03",A4ABD5,"United States","United States",N40RX,,,,,,Bell,B407,"Bell 407",53872,,,,,,"Reach Air Medical Services LLC",,,,,,,0,,,,,,0,0,0,0,0,,,,,,0,0,0,0,0,GEN-B407
27239619,"2026-01-06 04:32:19","2026-01-06 04:32:19",A0140E,"United States","United States",N104FA,,,,,,Cessna,C404,"Cessna 404 Titan",404-0128,,,,,,Private,,,,,,,0,,,,,,0,0,0,0,0,,,,,,0,0,0,0,0,GEN-C404
27237884,"2026-01-06 04:10:29","2026-01-06 04:10:29",3F028A,Germany,Germany,D-8691,,,,,,Glasflugel,GLID,"Glasflugel H401 Kestrel",126,,,,,,Private,,,1975,,,,0,,,,,,0,0,0,0,0,,,,,,0,0,0,0,0,GEN-GLID
27237763,"2026-01-06 04:08:07","2026-01-06 04:08:07",A7A894,"United States","United States",N593AH,,,,,,"Airbus Helicopters",EC45,"Airbus Helicopters UH-72A Lakota",9843,,,,,,"Airbus Helicopters Inc",,,2019,,,,0,,,,,,0,0,0,0,0,,,,,,0,0,0,0,0,GEN-EC45
27237213,"2026-01-06 04:00:46","2026-01-06 04:00:46",A4B795,"United States","United States",N4028X,,,,,,Robinson,R44,"Robinson R44 Raven II",14095,,,,,,"Housel LLC DBA",,,2017,,,,0,,,,,,0,0,0,0,0,,,,,,0,0,0,0,0,GEN-R44
27235755,"2026-01-06 03:33:39","2026-01-06 03:33:39",A5EF41,"United States","United States",N4814N,,,,,,Cessna,C182,"Cessna 182Q Skylane",18267386,,,,,,Private,,,,,,,0,,,,,,0,0,0,0,0,,,,,,0,0,0,0,0,GEN-C182
27234862,"2026-01-06 03:16:44","2026-01-06 03:16:44",ADA250,"United States","United States",N978KT,,,,,,Denney,FOX,"Denney Kitfox Srs.7 Super Sport",KA10008161,,,,,,Private,,,,,,,0,,,,,,0,0,0,0,0,,,,,,0,0,0,0,0,GEN-FOX
27233182,"2026-01-06 02:48:52","2026-01-06 02:48:52",A673D6,"United States","United States",N51482,,,,,,"Raven Aerostar",BALL,"Raven Aerostar S-55A Hot Air Balloon",S55A-120,,,,,,Private,,,,,,,0,,,,,,0,0,0,0,0,,,,,,0,0,0,0,0,GEN-BALL
27233177,"2026-01-06 02:48:46","2026-01-06 02:48:46",8634F0,Japan,Japan,JA6792,,,,,,Bell,B412,"Bell 412 EP",36117,,,,,,Private,,,,,,,0,,,,,,0,0,0,0,0,,,,,,0,0,0,0,0,GEN-B412
27233056,"2026-01-06 02:47:12","2026-01-06 02:47:12",0D822A,Venezuela,Venezuela,YV1685,,,,,,"Israel Aircraft Industries",WW24,"Israel Aircraft Industries 1124 Westwind A",330,,,,,,"Transporte 330 SA",,,1980,,,,0,,,,,,0,0,0,0,0,,,,,,0,0,0,0,0,GEN-WW24
27232340,"2026-01-06 02:36:58","2026-01-06 02:36:58",76CE95,Singapore,Singapore,9V-STU,,,,,,Airbus,A333,"Airbus A330 343E",1401,,,,,,"Singapore Airlines",,,2013,,,,0,,,,,,0,0,0,0,0,,,,,,0,0,0,0,0,SIA
27232195,"2026-01-06 02:34:29","2026-01-06 02:34:29",AB4DC3,"United States","United States",N8274C,,,,,,Piper,PA22,"Piper PA-22 Tri-Pacer",22-2349,,,,,,Private,,,1954,,,,0,,,,,,0,0,0,0,0,,,,,,0,0,0,0,0,GEN-PA22
27232107,"2026-01-06 02:33:18","2026-01-06 02:33:18",A75902,"United States","United States",N5726A,,,,,,"Raven Aerostar",BALL,"Raven Aerostar S-55A Hot Air Balloon",S55A-762,,,,,,Private,,,,,,,0,,,,,,0,0,0,0,0,,,,,,0,0,0,0,0,GEN-BALL
27231407,"2026-01-06 02:22:53","2026-01-06 02:22:53",730CC4,Iran,Iran,EP-CFD,,,,,,Fokker,F100,"Fokker F100",11442,,,,,,"Iran Air",,,1993,,,,0,,,,,,0,0,0,0,0,,,,,,0,0,0,0,0,GEN-F100
27231063,"2026-01-06 02:17:49","2026-01-06 02:17:49",E496D1,Brazil,Brazil,PR-LFH,,,,,,Embraer,E550,"Embraer Praetor 600",55020136,,,,,,Embraer,,,2020,,,,0,,,,,,0,0,0,0,0,,,,,,0,0,0,0,0,GEN-E550
27230525,"2026-01-06 02:10:31","2026-01-06 02:10:31",3826A8,France,France,F-BJVI,,,,,,Scintex,CP30,"Scintex Emeraude CP.301C2",584,,,,,,Private,,,,,,,0,,,,,,0,0,0,0,0,,,,,,0,0,0,0,0,GEN-CP30
27227592,"2026-01-06 01:27:07","2026-01-06 01:27:07",A428AB,"United States","United States",N3670F,,,,,,"North American",T6,"North American SNJ-5 Texan",88-16027,,,,,,Private,,,,,,,0,,,,,,0,0,0,0,0,,,,,,0,0,0,0,0,GEN-T6
27227561,"2026-01-06 01:26:51","2026-01-06 01:26:51",C0488C,Canada,Canada,C-GBMH,,,,,,Cessna,C172,"Cessna 172M Skyhawk",17261601,,,,,,Private,,,1973,,,,0,,,,,,0,0,0,0,0,,,,,,0,0,0,0,0,GEN-C172
27227019,"2026-01-06 01:19:56","2026-01-06 01:19:56",AD6AFE,"United States","United States",N96397,,,,,,Taylorcraft,TAYB,"Taylorcraft BF",496432,,,,,,Private,,,1946,,,,0,,,,,,0,0,0,0,0,,,,,,0,0,0,0,0,GEN-TAYB
27226946,"2026-01-06 01:18:50","2026-01-06 01:18:50",A87CF3,"United States","United States",N646QR,,,,,,Robinson,R22,"Robinson R22 Beta II",4565,,,,,,"Shizuka Saito Inc",,,2012,,,,0,,,,,,0,0,0,0,0,,,,,,0,0,0,0,0,GEN-R22
27226626,"2026-01-06 01:14:29","2026-01-06 01:14:29",C07578,Canada,Canada,C-GSMP,,,,,,"Diamond Aircraft",DV20,"Diamond Aircraft Katana DA20-C1",C0070,,,,,,Private,,,,,,,0,,,,,,0,0,0,0,0,,,,,,0,0,0,0,0,GEN-DV20
27226586,"2026-01-06 01:14:01","2026-01-06 01:14:01",AC6B5A,"United States","United States",N9JZ,,,,,,Rutan,LGEZ,"Rutan Long-Ez",886,,,,,,Private,,,,,,,0,,,,,,0,0,0,0,0,,,,,,0,0,0,0,0,GEN-LGEZ
27225805,"2026-01-06 01:03:45","2026-01-06 01:03:45",A0A3CE,"United States","United States",N140ML,,,,,,Piper,P28A,"Piper PA-28 140 Cherokee F",28-7525017,,,,,,Private,,,1974,,,,0,,,,,,0,0,0,0,0,,,,,,0,0,0,0,0,GEN-P28A
27225226,"2026-01-06 00:56:08","2026-01-06 00:56:08",A64C87,"United States","United States",N505AD,,,,,,"Textron Aviation",C208,"Textron Aviation 208 EX",208B-5317,,,,,,Corporate,,,2016,,,,0,,,,,,0,0,0,0,0,,,,,,0,0,0,0,0,GEN-C208
27225118,"2026-01-06 00:54:56","2026-01-06 00:54:56",1467BA,Russia,Russia,RA-26554,,,,,,Antonov,AN26,"Antonov An-26",5305,,,,,,"Operator Unknown",,,,,,,0,,,,,,0,0,0,0,0,,,,,,0,0,0,0,0,GEN-AN26
27223829,"2026-01-06 00:36:54","2026-01-06 00:36:54",A52E31,"United States","United States",N4329T,,,,,,Piper,P28A,"Piper PA-28 140 Cherokee E",28-7225146,,,,,,Private,,,1971,,,,0,,,,,,0,0,0,0,0,,,,,,0,0,0,0,0,GEN-P28A
27223830,"2026-01-06 00:36:54","2026-01-06 00:36:54",A2E30A,"United States","United States",N2851A,,,,,,Rans,COY2,"Rans Coyote S-4",93201,,,,,,Private,,,2000,,,,0,,,,,,0,0,0,0,0,,,,,,0,0,0,0,0,GEN-COY2
27223340,"2026-01-06 00:29:30","2026-01-06 00:29:30",AB7DFD,"United States","United States",N84F,,,,,,"Murphy Aircraft",ULAC,"Murphy Aircraft Murphy Maverick",MA-3-001,,,,,,Private,,,,,,,0,,,,,,0,0,0,0,0,,,,,,0,0,0,0,0,GEN-ULAC
14772825,"2025-05-11 23:05:30","2026-01-06 00:26:31",A55BED,"United States","United States",N44403,,,,,,Taylorcraft,TAYB,"Taylorcraft BF",10203,,,,,,Private,,,1948,,,,0,,,,,,0,0,0,0,0,,,,,,0,0,0,0,0,GEN-TAYB
27222951,"2026-01-06 00:24:29","2026-01-06 00:24:29",14089A,Russia,Russia,RA-02202,,,,,,Antonov,AN2,"Antonov An-2 R",1G234-33,,,,,,"Operator Unknown",,,,,,,0,,,,,,0,0,0,0,0,,,,,,0,0,0,0,0,GEN-AN2
27222075,"2026-01-06 00:12:23","2026-01-06 00:12:23",A69738,"United States","United States",N52355,,,,,,Aeronca,AR6T,"Aeronca O-58C (L-3C) Grasshopper",O58B-6672,,,,,,Private,,,1943,,,,0,,,,,,0,0,0,0,0,,,,,,0,0,0,0,0,GEN-AR6T
27222061,"2026-01-06 00:12:12","2026-01-06 00:12:12",AB2976,"United States","United States",N8180K,,,,,,Cessna,C414,"Cessna 414",414-0080,,,,,,Private,,,,,,,0,,,,,,0,0,0,0,0,,,,,,0,0,0,0,0,GEN-C414
27222013,"2026-01-06 00:11:33","2026-01-06 00:11:33",510143,Belarus,Belarus,EW-555PO,,,,,,Embraer,E295,"Embraer EMB-195 E2",19020042,,,,,,Belavia,,,2020,,,,0,,,,,,0,0,0,0,0,,,,,,0,0,0,0,0,BRU
