AircraftID,FirstCreated,LastModified,ModeS,ModeSCountry,Country,Registration,CurrentRegDate,PreviousID,FirstRegDate,Status,DeRegDate,Manufacturer,ICAOTypeCode,Type,SerialNo,PopularName,GenericName,AircraftClass,Engines,OwnershipStatus,RegisteredOwners,MTOW,TotalHours,YearBuilt,CofACategory,CofAExpiry,UserNotes,Interested,UserTag,InfoURL,PictureURL1,PictureURL2,PictureURL3,UserBool1,UserBool2,UserBool3,UserBool4,UserBool5,UserString1,UserString2,UserString3,UserString4,UserString5,UserInt1,UserInt2,UserInt3,UserInt4,UserInt5,OperatorFlagCode
27104168,"2026-01-04 23:32:18","2026-01-04 23:32:18",AC44F7,"United States","United States",N89WH,,,,,,Sequoia,F8L,"Sequoia F.8L Falco",725,,,,,,Private,,,,,,,0,,,,,,0,0,0,0,0,,,,,,0,0,0,0,0,GEN-F8L
27103265,"2026-01-04 23:19:56","2026-01-04 23:19:56",0D08B9,Mexico,Mexico,XA-BNG,,,,,,"Hawker Beechcraft Corp",H25B,"Hawker Beechcraft Corp Hawker 900XP",HA-0028,,,,,,"Servicios Aereos Gana SA de CV",,,2007,,,,0,,,,,,0,0,0,0,0,,,,,,0,0,0,0,0,GEN-H25B
27103053,"2026-01-04 23:16:59","2026-01-04 23:16:59",80057F,India,India,VT-BKL,,,,,,"Hawker Beechcraft Corp",H25B,"Hawker Beechcraft Corp Hawker 900XP",HA-0103,,,,,,"Span Air P/L",,,2009,,,,0,,,,,,0,0,0,0,0,,,,,,0,0,0,0,0,GEN-H25B
27102992,"2026-01-04 23:16:03","2026-01-04 23:16:03",A7352B,"United States","United States",N5635W,,,,,,Piper,P28A,"Piper PA-28 160 Cherokee B",28-782,,,,,,Private,,,1962,,,,0,,,,,,0,0,0,0,0,,,,,,0,0,0,0,0,GEN-P28A
27102583,"2026-01-04 23:10:28","2026-01-04 23:10:28",3E5BFD,Germany,Germany,D-KAAN,,,,,,Schleicher,GLID,"Schleicher ASH 30 Mi",30005,,,,,,Private,,,,,,,0,,,,,,0,0,0,0,0,,,,,,0,0,0,0,0,GEN-GLID
27102059,"2026-01-04 23:03:36","2026-01-04 23:03:36",E488B2,Brazil,Brazil,PR-AYT,,,,,,Embraer,E190,"Embraer EMB-195 AR",19000429,,,,,,"Azul Linhas Aereas Brasileiras",,,2011,,,,0,,,,,,0,0,0,0,0,,,,,,0,0,0,0,0,AZU
27100995,"2026-01-04 22:49:27","2026-01-04 22:49:27",C0928F,Canada,Canada,C-IDNA,,,,,,Teratorn,ZZZZ,"Teratorn Tierra II",3457357,,,,,,Private,,,,,,,0,,,,,,0,0,0,0,0,,,,,,0,0,0,0,0,GEN-ZZZZ
27100965,"2026-01-04 22:48:55","2026-01-04 22:48:55",AC4830,"United States","United States",N89032,,,,,,Cessna,C152,"Cessna 152",15282603,,,,,,Private,,,1978,,,,0,,,,,,0,0,0,0,0,,,,,,0,0,0,0,0,GEN-C152
27100312,"2026-01-04 22:40:51","2026-01-04 22:40:51",ADD20E,"United States","United States",N99UB,,,,,,"Quad City",ULAC,"Quad City Challenger II",CH2-0193R0935,,,,,,Private,,,1993,,,,0,,,,,,0,0,0,0,0,,,,,,0,0,0,0,0,GEN-ULAC
27100021,"2026-01-04 22:37:16","2026-01-04 22:37:16",AC341E,"United States","United States",N886,,,,,,Rutan,VEZE,"Rutan VariEze",887,,,,,,Private,,,1977,,,,0,,,,,,0,0,0,0,0,,,,,,0,0,0,0,0,GEN-VEZE
27099206,"2026-01-04 22:23:57","2026-01-04 22:23:57",449BF9,Belgium,Belgium,OO-F61,,,,,,"B & F Funk",FK9,"B & F Funk FK-9 Mk.III",09-320,,,,,,Private,,,,,,,0,,,,,,0,0,0,0,0,,,,,,0,0,0,0,0,GEN-FK9
27099061,"2026-01-04 22:22:03","2026-01-04 22:22:03",ACC491,"United States","United States",N9212T,,,,,,Piper,PA38,"Piper PA-38 112 Tomahawk",38-78A0276,,,,,,Private,,,1978,,,,0,,,,,,0,0,0,0,0,,,,,,0,0,0,0,0,GEN-PA38
27097977,"2026-01-04 22:08:15","2026-01-04 22:08:15",71D487,"South Korea","South Korea",HL9487,,,,,,AgustaWestland,A139,"AgustaWestland AW.139",31294,,,,,,"Samsung Techwin Aviation",,,,,,,0,,,,,,0,0,0,0,0,,,,,,0,0,0,0,0,GEN-A139
27097214,"2026-01-04 22:06:31","2026-01-04 22:06:31",AD8A42,"United States","United States",N9714B,,,,,,Cessna,C208,"Cessna 208 B",208B-0153,,,,,,"Aircraft Structures International",,,1989,,,,0,,,,,,0,0,0,0,0,,,,,,0,0,0,0,0,GEN-C208
27096878,"2026-01-04 21:53:39","2026-01-04 21:53:39",ACA451,"United States","United States",N9131F,,,,,,Hughes,H500,"Hughes 369 HS",23-0448S,,,,,,Private,,,1973,,,,0,,,,,,0,0,0,0,0,,,,,,0,0,0,0,0,GEN-H500
27096066,"2026-01-04 21:44:21","2026-01-04 21:44:21",3948E3,France,France,F-GSHD,,,,,,Fouga,FOUG,"Fouga Magister CM.170",529,,,,,,Private,,,,,,,0,,,,,,0,0,0,0,0,,,,,,0,0,0,0,0,GEN-FOUG
27095856,"2026-01-04 21:41:49","2026-01-04 21:41:49",88003E,Thailand,Thailand,HS-TEL,,,,,,Airbus,A333,"Airbus A330 322",231,,,,,,"Thai Airways International",,,1998,,,,0,,,,,,0,0,0,0,0,,,,,,0,0,0,0,0,THA
27095647,"2026-01-04 21:38:44","2026-01-04 21:38:44",E4819A,Brazil,Brazil,PR-MBX,,,,,,Airbus,A320,"Airbus A320 232",1591,,,,,,"LATAM Brasil",,,2001,,,,0,,,,,,0,0,0,0,0,,,,,,0,0,0,0,0,TAM
27095354,"2026-01-04 21:35:23","2026-01-04 21:35:23",A06E62,"United States","United States",N127H,,,,,,Curtiss,ZZZZ,"Curtiss Robin",393,,,,,,Private,,,1929,,,,0,,,,,,0,0,0,0,0,,,,,,0,0,0,0,0,GEN-ZZZZ
27094289,"2026-01-04 21:22:23","2026-01-04 21:22:23",A8C2A8,"United States","United States",N66367,,,,,,Boeing,ST75,"Boeing Stearman A75N1 PT-17 Kaydet",75-1968,,,,,,Private,,,,,,,0,,,,,,0,0,0,0,0,,,,,,0,0,0,0,0,GEN-ST75
27094141,"2026-01-04 21:20:26","2026-01-04 21:20:26",407091,"United Kingdom","United Kingdom",G-JTHO,,,,,,"Finmeccanica Helicopters",A109,"Finmeccanica Helicopters AW.109 SP Grand New",22360,,,,,,"Jetheli Ltd",,,2016,,,,0,,,,,,0,0,0,0,0,,,,,,0,0,0,0,0,GEN-A109
27093783,"2026-01-04 21:16:39","2026-01-04 21:16:39",383C99,France,France,F-BPEZ,,,,,,Reims/Cessna,C172,"Reims/Cessna F172H",0561,,,,,,Private,,,1968,,,,0,,,,,,0,0,0,0,0,,,,,,0,0,0,0,0,GEN-C172
27093638,"2026-01-04 21:14:54","2026-01-04 21:14:54",A3D6E5,"United States","United States",N3467,,,,,,LET,GLID,"LET L-13 Blanik",173928,,,,,,Private,,,1969,,,,0,,,,,,0,0,0,0,0,,,,,,0,0,0,0,0,GEN-GLID
27093399,"2026-01-04 21:11:57","2026-01-04 21:11:57",A40C62,"United States","United States",N360AX,,,,,,Gates,LJ35,"Gates Learjet 35 A",35A-367,,,,,,Merlin1,,,,,,,0,,,,,,0,0,0,0,0,,,,,,0,0,0,0,0,GEN-LJ35
27093284,"2026-01-04 21:10:13","2026-01-04 21:10:13",46A9F9,Greece,Greece,SX-JOY,,,,,,"Avions de Transport Regional",AT45,"Avions de Transport Regional ATR 42 512",457,,,,,,"Sky Express Greece",,,1995,,,,0,,,,,,0,0,0,0,0,,,,,,0,0,0,0,0,SEH
27093080,"2026-01-04 21:08:00","2026-01-04 21:08:00",AD7196,"United States","United States",N96533,,,,,,Taylorcraft,TAYB,"Taylorcraft BC-12 D",8833,,,,,,Private,,,1946,,,,0,,,,,,0,0,0,0,0,,,,,,0,0,0,0,0,GEN-TAYB
27092673,"2026-01-04 21:03:33","2026-01-04 21:03:33",0099AB,"South Africa","South Africa",ZS-JSC,,,,,,"Hawker Beechcraft Corp",BE20,"Hawker Beechcraft Corp King Air B200",BB-1985,,,,,,"Execujet Aviation",,,,,,,0,,,,,,0,0,0,0,0,,,,,,0,0,0,0,0,GEN-BE20
27092654,"2026-01-04 21:03:18","2026-01-04 21:03:18",A24172,"United States","United States",N24413,,,,,,Taylorcraft,TAYB,"Taylorcraft BC-65",1749,,,,,,Private,,,1940,,,,0,,,,,,0,0,0,0,0,,,,,,0,0,0,0,0,GEN-TAYB
27092296,"2026-01-04 20:59:22","2026-01-04 20:59:22",AC8979,"United States","United States",N907DA,,,,,,"McDonnell Douglas",MD90,"McDonnell Douglas MD-90 30",53387,,,,,,"Delta Air Lines",,,1995,,,,0,,,,,,0,0,0,0,0,,,,,,0,0,0,0,0,DAL
27091460,"2026-01-04 20:49:09","2026-01-04 20:49:09",AD06FA,"United States","United States",N9389F,,,,,,Hughes,H269,"Hughes 269 B",74-0113,,,,,,Private,,,1963,,,,0,,,,,,0,0,0,0,0,,,,,,0,0,0,0,0,GEN-H269
27090680,"2026-01-04 20:40:04","2026-01-04 20:40:04",A7390D,"United States","United States",N56464,,,,,,Maule,M6,"Maule M-6 235C Super Rocket",7416C,,,,,,Private,,,1982,,,,0,,,,,,0,0,0,0,0,,,,,,0,0,0,0,0,GEN-M6
27090245,"2026-01-04 20:34:47","2026-01-04 20:34:47",AB7637,"United States","United States",N838BM,,,,,,"Amateur Built",PA18,"Amateur Built PA-18 Replica Super Cub",001,,,,,,Private,,,1996,,,,0,,,,,,0,0,0,0,0,,,,,,0,0,0,0,0,GEN-PA18
27088846,"2026-01-04 20:18:13","2026-01-04 20:18:13",C03918,Canada,Canada,C-FVQD,,,,,,MBB,B105,"MBB Bo.105 P",6061,,,,,,"Red Deer Auto Group Inc",,,1981,,,,0,,,,,,0,0,0,0,0,,,,,,0,0,0,0,0,GEN-B105
27088778,"2026-01-04 20:17:27","2026-01-04 20:17:27",C04484,Canada,Canada,C-FZYP,,,,,,"Amateur Built",ZZZZ,"Amateur Built Mountain Eagle",900,,,,,,Private,,,,,,,0,,,,,,0,0,0,0,0,,,,,,0,0,0,0,0,GEN-ZZZZ
27087628,"2026-01-04 20:04:08","2026-01-04 20:04:08",154056,Russia,Russia,RA-82006,,,,,,Antonov,A124,"Antonov An-124",19530501004,,,,,,"Russian Air Force",,,,,,,0,,,,,,1,0,0,0,0,,,,,,0,0,0,0,0,
27087550,"2026-01-04 20:03:18","2026-01-04 20:03:18",47C5CA,Norway,Norway,LN-LNG,,,,,,Boeing,B788,"Boeing 787 8",35314,,,,,,"Norwegian Long Haul",,,2014,,,,0,,,,,,0,0,0,0,0,,,,,,0,0,0,0,0,GEN-B788
27087036,"2026-01-04 19:57:28","2026-01-04 19:57:28",A2C0CB,"United States","United States",N277DC,,,,,,Stolp,SA30,"Stolp SA.300 Starduster Too",1265,,,,,,Private,,,,,,,0,,,,,,0,0,0,0,0,,,,,,0,0,0,0,0,GEN-SA30
27086428,"2026-01-04 19:50:09","2026-01-04 19:50:09",A68695,"United States","United States",N52A,,,,,,Eurocopter,EC35,"Eurocopter EC135 T1",0074,,,,,,"Flight Management LLC",,,1998,,,,0,,,,,,0,0,0,0,0,,,,,,0,0,0,0,0,GEN-EC35
27085221,"2026-01-04 19:36:21","2026-01-04 19:36:21",A72875,"United States","United States",N560RV,,,,,,Cessna,C560,"Cessna Citation V",560-0417,,,,,,"TVPX ARS Inc Trustee",,,,,,,0,,,,,,0,0,0,0,0,,,,,,0,0,0,0,0,GEN-C560
27082801,"2026-01-04 19:07:07","2026-01-04 19:07:07",A51C08,"United States","United States",N4282U,,,,,,Cessna,C150,"Cessna 150D",15060282,,,,,,Private,,,,,,,0,,,,,,0,0,0,0,0,,,,,,0,0,0,0,0,GEN-C150
27082364,"2026-01-04 19:02:21","2026-01-04 19:02:21",A758F8,"United States","United States",N57251,,,,,,"Raven Industries",BALL,"Raven Industries Rally RX.7 Hot Air Balloon",RX7-265,,,,,,Private,,,1981,,,,0,,,,,,0,0,0,0,0,,,,,,0,0,0,0,0,GEN-BALL
27082170,"2026-01-04 19:00:36","2026-01-04 19:00:36",4033B4,"United Kingdom","United Kingdom",G-BXIY,,,,,,"Amateur Built",ZZZZ,"Amateur Built Blake Bluetit",01,,,,,,Private,,,1930,,,,0,,,,,,0,0,0,0,0,,,,,,0,0,0,0,0,GEN-ZZZZ
27082060,"2026-01-04 18:59:22","2026-01-04 18:59:22",A6FA28,"United States","United States",N549JE,,,,,,Christen,PTS2,"Christen Pitts Special S-2B",5118,,,,,,Private,,,,,,,0,,,,,,0,0,0,0,0,,,,,,0,0,0,0,0,GEN-PTS2
27081326,"2026-01-04 18:51:09","2026-01-04 18:51:09",C06222,Canada,Canada,C-GLEF,,,,,,Bell,B407,"Bell 407",54022,,,,,,Private,,,2010,,,,0,,,,,,0,0,0,0,0,,,,,,0,0,0,0,0,GEN-B407
27081142,"2026-01-04 18:49:01","2026-01-04 18:49:01",ABD4F1,"United States","United States",N8610L,,,,,,"Raven Aerostar",BALL,"Raven Aerostar S-55A Hot Air Balloon",S55A-230,,,,,,Private,,,,,,,0,,,,,,0,0,0,0,0,,,,,,0,0,0,0,0,GEN-BALL
27081005,"2026-01-04 18:47:27","2026-01-04 18:47:27",405283,"United Kingdom","United Kingdom",G-CESJ,,,,,,"Raj Hamsa",XA85,"Raj Hamsa X-Air H Hawk","PFA 340-14677",,,,,,Private,,,2008,,,,0,,,,,,0,0,0,0,0,,,,,,0,0,0,0,0,GEN-XA85
27079423,"2026-01-04 18:29:43","2026-01-04 18:29:43",3F04A4,Germany,Germany,D-9229,,,,,,PZL-Bielsko,GLID,"PZL-Bielsko SZD-9bis Bocian 1E",P-511,,,,,,Private,,,1970,,,,0,,,,,,0,0,0,0,0,,,,,,0,0,0,0,0,GEN-GLID
27079360,"2026-01-04 18:28:57","2026-01-04 18:28:57",A4ED6D,"United States","United States",N41646,,,,,,"Air Tractor",AT8T,"Air Tractor AT-802",802-0246,,,,,,Private,,,2006,,,,0,,,,,,0,0,0,0,0,,,,,,0,0,0,0,0,GEN-AT8T
27079343,"2026-01-04 18:28:47","2026-01-04 18:28:47",A84C93,"United States","United States",N63396,,,,,,Cessna,C172,"Cessna 172P Skyhawk",17275430,,,,,,Private,,,1981,,,,0,,,,,,0,0,0,0,0,,,,,,0,0,0,0,0,GEN-C172
27079333,"2026-01-04 18:28:41","2026-01-04 18:28:41",402809,"United Kingdom","United Kingdom",G-CDET,,,,,,Culver,CUCA,"Culver Cadet LCA",129,,,,,,Private,,,1940,,,,0,,,,,,0,0,0,0,0,,,,,,0,0,0,0,0,GEN-CUCA
27078747,"2026-01-04 18:21:52","2026-01-04 18:21:52",AB8DCB,"United States","United States",N8433M,,,,,,Cessna,C150,"Cessna A150K Aerobat",A1500133,,,,,,Private,,,1969,,,,0,,,,,,0,0,0,0,0,,,,,,0,0,0,0,0,GEN-C150
27078547,"2026-01-04 18:19:53","2026-01-04 18:19:53",405D51,"United Kingdom","United Kingdom",G-SJMH,,,,,,C.A.B.,DR40,"C.A.B. DR.400 140B",2637,,,,,,Private,,,2008,,,,0,,,,,,0,0,0,0,0,,,,,,0,0,0,0,0,GEN-DR40
27078104,"2026-01-04 18:15:08","2026-01-04 18:15:08",A858B3,"United States","United States",N637KW,,,,,,Boeing,B744,"Boeing 747 444",26637,,,,,,"Transaero Airlines",,,1992,,,,0,,,,,,0,0,0,0,0,,,,,,0,0,0,0,0,TSO
27077852,"2026-01-04 18:12:22","2026-01-04 18:12:22",A2C01B,"United States","United States",N2767H,,,,,,ERCO,ERCO,"Ercoupe 415-D",3392,,,,,,Private,,,1946,,,,0,,,,,,0,0,0,0,0,,,,,,0,0,0,0,0,GEN-ERCO
27077280,"2026-01-04 18:05:21","2026-01-04 18:05:21",A01541,"United States","United States",N104TH,,,,,,Schempp-Hirth,GLID,"Schempp-Hirth Discus CS",287CS,,,,,,Private,,,2001,,,,0,,,,,,0,0,0,0,0,,,,,,0,0,0,0,0,GEN-GLID
27076482,"2026-01-04 17:56:41","2026-01-04 17:56:41",A1D370,"United States","United States",N2169S,,,,,,Cessna,C210,"Cessna 210L Centurion",21061130,,,,,,Private,,,1975,,,,0,,,,,,0,0,0,0,0,,,,,,0,0,0,0,0,GEN-C210
27076163,"2026-01-04 17:52:54","2026-01-04 17:52:54",A73B8A,"United States","United States",N565X,,,,,,Stoddard-Hamilton,GLAS,"Stoddard-Hamilton Glasair",565,,,,,,Private,,,1987,,,,0,,,,,,0,0,0,0,0,,,,,,0,0,0,0,0,GEN-GLAS
27075636,"2026-01-04 17:47:02","2026-01-04 17:47:02",3000DE,Italy,Italy,I-SMEV,,,,,,"McDonnell Douglas",MD82,"McDonnell Douglas DC-9 82",49669,,,,,,Meridiana,,,1988,,,,0,,,,,,0,0,0,0,0,,,,,,0,0,0,0,0,GEN-MD82
27074463,"2026-01-04 17:34:36","2026-01-04 17:34:36",A07DDF,"United States","United States",N1302R,,,,,,"Raven Aerostar",BALL,"Raven Aerostar S-55A Hot Air Balloon",S55A-374,,,,,,Private,,,,,,,0,,,,,,0,0,0,0,0,,,,,,0,0,0,0,0,GEN-BALL
27073828,"2026-01-04 17:28:06","2026-01-04 17:28:06",A29928,"United States","United States",PP-BSS,,,,,,"Hawker Beechcraft Corp",BE9L,"Hawker Beechcraft Corp King Air C90GT",LJ-1839,,,,,,Private,,,,,,,0,,,,,,0,0,0,0,0,,,,,,0,0,0,0,0,GEN-BE9L
27073347,"2026-01-04 17:22:44","2026-01-04 17:22:44",3D0B32,Germany,Germany,D-ECMK,,,,,,Sequoia,F8L,"Sequoia F.8L Falco",1730,,,,,,Private,,,,,,,0,,,,,,0,0,0,0,0,,,,,,0,0,0,0,0,GEN-F8L
27073081,"2026-01-04 17:19:47","2026-01-04 17:19:47",A1FB03,"United States","United States",N227AA,,,,,,"McDonnell Douglas",MD82,"McDonnell Douglas DC-9 82",49177,,,,,,"American Airlines",,,1983,,,,0,,,,,,0,0,0,0,0,,,,,,0,0,0,0,0,GEN-MD82
27072835,"2026-01-04 17:17:09","2026-01-04 17:17:09",A72635,"United States","United States",N56SV,,,,,,Rans,RS12,"Rans Airaile S-12",1093443,,,,,,Private,,,2001,,,,0,,,,,,0,0,0,0,0,,,,,,0,0,0,0,0,GEN-RS12
27072794,"2026-01-04 17:16:40","2026-01-04 17:16:40",A43AAB,"United States","United States",N37159,,,,,,Cessna,C404,"Cessna 404 Titan",404-0123,,,,,,Private,,,,,,,0,,,,,,0,0,0,0,0,,,,,,0,0,0,0,0,GEN-C404
27072722,"2026-01-04 17:15:57","2026-01-04 17:15:57",A93CC9,"United States","United States",N6946N,,,,,,Mooney,M20P,"Mooney M.20G Statesman",680154,,,,,,Private,,,,,,,0,,,,,,0,0,0,0,0,,,,,,0,0,0,0,0,GEN-M20P
29219,"2022-08-30 09:24:20","2026-01-04 16:42:19",000005,"Not Allocated","Not Allocated",,,,,,,,UAV,,,,,,,,,,,,,,,0,,,,,,0,0,0,0,0,Missing,,,,,0,0,0,0,0,GEN-UAV
27069363,"2026-01-04 16:37:00","2026-01-04 16:37:00",AB36D4,"United States","United States",N821ZC,,,,,,Canadair,F5,"Canadair CF-116D Freedom Fighter",2010,,,,,,"Canadian Armed Forces",,,,,,,0,,,,,,0,0,0,0,0,,,,,,0,0,0,0,0,GEN-F5
27069299,"2026-01-04 16:36:16","2026-01-04 16:36:16",A13655,"United States","United States",N17757,,,,,,Sikorsky,S55P,"Sikorsky CH-19E Chickasaw",55075,,,,,,"Whisper Jet",,,,,,,0,,,,,,0,0,0,0,0,,,,,,0,0,0,0,0,GEN-S55P
27068906,"2026-01-04 16:31:55","2026-01-04 16:31:55",A112A2,"United States","United States",N1686T,,,,,,Piper,P28A,"Piper PA-28 140 Cherokee D",28-7125003,,,,,,Private,,,1970,,,,0,,,,,,0,0,0,0,0,,,,,,0,0,0,0,0,GEN-P28A
27068553,"2026-01-04 16:27:44","2026-01-04 16:27:44",424191,"Cayman Islands","Cayman Islands",VP-CQX,,,,,,Embraer,E190,"Embraer EMB-190 LR",19000233,,,,,,"Air Costa",,,2008,,,,0,,,,,,0,0,0,0,0,,,,,,0,0,0,0,0,GEN-E190
27068316,"2026-01-04 16:25:01","2026-01-04 16:25:01",C01A98,Canada,Canada,C-FKBV,,,,,,Bell,B06,"Bell 206B Jet Ranger II",364,,,,,,"Custom Helicopters",,,1969,,,,0,,,,,,0,0,0,0,0,,,,,,0,0,0,0,0,GEN-B06
27068133,"2026-01-04 16:23:04","2026-01-04 16:23:04",A01B38,"United States","United States",N106CH,,,,,,Cessna,C25A,"Cessna Citation CJ2+",525A0514,,,,,,Corporate,,,,,,,0,,,,,,0,0,0,0,0,,,,,,0,0,0,0,0,GEN-C25A
27067869,"2026-01-04 16:20:34","2026-01-04 16:20:34",A8555D,"United States","United States",N636PT,,,,,,"Hawker Beechcraft Corp",H25B,"Hawker Beechcraft Corp Hawker 900XP",HA-0176,,,,,,"Craig Protein Division Inc",,,,,,,0,,,,,,0,0,0,0,0,,,,,,0,0,0,0,0,GEN-H25B
27067768,"2026-01-04 16:19:25","2026-01-04 16:19:25",A0BCA0,"United States","United States",N1469U,,,,,,Cessna,C172,"Cessna 172M Skyhawk",17267136,,,,,,Private,,,1976,,,,0,,,,,,0,0,0,0,0,,,,,,0,0,0,0,0,GEN-C172
27067576,"2026-01-04 16:17:15","2026-01-04 16:17:15",71C380,"South Korea","South Korea",HL8380,,,,,,Boeing,B738,"Boeing 737NG 8JP/W",39419,,,,,,"Fly Gangwon",,,2011,,,,0,,,,,,0,0,0,0,0,,,,,,0,0,0,0,0,FGW
27067268,"2026-01-04 16:13:33","2026-01-04 16:13:33",43C38A,"United Kingdom","United Kingdom",ZH536,,,,,,Britten-Norman,BN2T,"Britten-Norman Islander CC.2",2235,,,,,,"Army Air Corps",,,1990,,,,0,,,,,,1,0,0,0,0,,,,,,0,0,0,0,0,AAC
27067157,"2026-01-04 16:12:14","2026-01-04 16:12:14",A28A43,"United States","United States",N263BH,,,,,,Bell,B06,"Bell 206B Jet Ranger II",753,,,,,,Private,,,1972,,,,0,,,,,,0,0,0,0,0,,,,,,0,0,0,0,0,GEN-B06
27066731,"2026-01-04 16:07:40","2026-01-04 16:07:40",AB0C3D,"United States","United States",N81037,,,,,,Cessna,C140,"Cessna 140",10327,,,,,,Private,,,1946,,,,0,,,,,,0,0,0,0,0,,,,,,0,0,0,0,0,GEN-C140
27064990,"2026-01-04 15:48:20","2026-01-04 15:48:20",A190AD,"United States","United States",N20LJ,,,,,,Piper,P28A,"Piper PA-28 161 Warrior II",28-7716280,,,,,,Private,,,1977,,,,0,,,,,,0,0,0,0,0,,,,,,0,0,0,0,0,GEN-P28A
27064881,"2026-01-04 15:47:19","2026-01-04 15:47:19",A0AB3D,"United States","United States",N142MM,,,,,,"Cirrus Design",S22T,"Cirrus Design SR22T",1979,,,,,,Private,,,2019,,,,0,,,,,,0,0,0,0,0,,,,,,0,0,0,0,0,GEN-S22T
27064057,"2026-01-04 15:37:38","2026-01-04 15:37:38",39BA38,France,France,F-HORY,,,,,,Bell,B06,"Bell 206B Jet Ranger III",4587,,,,,,Private,,,,,,,0,,,,,,0,0,0,0,0,,,,,,0,0,0,0,0,GEN-B06
27064010,"2026-01-04 15:37:10","2026-01-04 15:37:10",4AA75A,Sweden,Sweden,SE-IZZ,,,,,,Piper,P28A,"Piper PA-28 161 Warrior II",28-8416058,,,,,,Private,,,1984,,,,0,,,,,,0,0,0,0,0,,,,,,0,0,0,0,0,GEN-P28A
27062199,"2026-01-04 15:17:37","2026-01-04 15:17:37",50829E,Ukraine,Ukraine,UR-CKC,,,,,,Antonov,AN72,"Antonov An-74 TK-100",36547095905,,,,,,"Cavok Air",,,,,,,0,,,,,,0,0,0,0,0,,,,,,0,0,0,0,0,CVK
27061213,"2026-01-04 15:06:54","2026-01-04 15:06:54",45E24E,Denmark,Denmark,OY-XRN,,,,,,Schempp-Hirth,GLID,"Schempp-Hirth Discus CS",026CS,,,,,,Private,,,,,,,0,,,,,,0,0,0,0,0,,,,,,0,0,0,0,0,GEN-GLID
27061034,"2026-01-04 15:04:46","2026-01-04 15:04:46",380497,France,France,F-BBEX,,,,,,Nord,N120,"Nord 1203 Norecrin",338,,,,,,Private,,,,,,,0,,,,,,0,0,0,0,0,,,,,,0,0,0,0,0,GEN-N120
27059954,"2026-01-04 14:52:34","2026-01-04 14:52:34",3EFA32,Germany,Germany,D-6555,,,,,,Schleicher,GLID,"Schleicher ASW 27",27078,,,,,,Private,,,1998,,,,0,,,,,,0,0,0,0,0,,,,,,0,0,0,0,0,GEN-GLID
27059724,"2026-01-04 14:49:50","2026-01-04 14:49:50",A3DAAB,"United States","United States",N3477Q,,,,,,Piper,P28A,"Piper PA-28 181 Archer II",28-7790456,,,,,,Private,,,,,,,0,,,,,,0,0,0,0,0,,,,,,0,0,0,0,0,GEN-P28A
27058517,"2026-01-04 14:36:16","2026-01-04 14:36:16",A13994,"United States","United States",N1782S,,,,,,Rockwell,SS2P,"Rockwell Thrush Commander S2R-600",1416R,,,,,,Private,,,1967,,,,0,,,,,,0,0,0,0,0,,,,,,0,0,0,0,0,GEN-SS2P
27057620,"2026-01-04 14:26:13","2026-01-04 14:26:13",C01FA4,Canada,Canada,C-FLZN,,,,,,Bell,B407,"Bell 407 GX",54662,,,,,,"Bell Helicopter Textron Inc",,,2015,,,,0,,,,,,0,0,0,0,0,,,,,,0,0,0,0,0,GEN-B407
27057608,"2026-01-04 14:26:00","2026-01-04 14:26:00",504E00,Moldova,Moldova,ER-IAV,,,,,,Ilyushin,IL76,"Ilyushin IL-76 MD",0063471150,,,,,,Aerotranscargo,,,,,,,0,,,,,,0,0,0,0,0,,,,,,0,0,0,0,0,ATG
27057540,"2026-01-04 14:25:18","2026-01-04 14:25:18",ABBB94,"United States","United States",N855T,,,,,,Beech,BE55,"Beech Baron E55",TE-928,,,,,,Private,,,1973,,,,0,,,,,,0,0,0,0,0,,,,,,0,0,0,0,0,GEN-BE55
27057375,"2026-01-04 14:23:39","2026-01-04 14:23:39",401C36,"United Kingdom","United Kingdom",G-RBCI,,,,,,Britten-Norman,TRIS,"Britten-Norman Trislander BN-2A Mk.III-2",1035,,,,,,"Aurigny Air Services",,,1976,,,,0,,,,,,0,0,0,0,0,,,,,,0,0,0,0,0,GEN-TRIS
27057376,"2026-01-04 14:23:39","2026-01-04 14:23:39",8963A8,"United Arab Emirates","United Arab Emirates",A6-JAB,,,,,,Boeing,B773,"Boeing 777 35RER",35160,,,,,,"Etihad Airways",,,2007,,,,0,,,,,,0,0,0,0,0,,,,,,0,0,0,0,0,ETD
27057062,"2026-01-04 14:20:30","2026-01-04 14:20:30",A5F9B6,"United States","United States",N484ZB,,,,,,Bell,B429,"Bell 429 Global Ranger",57125,,,,,,Private,,,2012,,,,0,,,,,,0,0,0,0,0,,,,,,0,0,0,0,0,GEN-B429
27056364,"2026-01-04 14:12:24","2026-01-04 14:12:24",A77CDA,"United States","United States",N5816S,,,,,,Beech,BE55,"Beech Baron B55",TC-941,,,,,,Private,,,1965,,,,0,,,,,,0,0,0,0,0,,,,,,0,0,0,0,0,GEN-BE55
27055972,"2026-01-04 14:08:30","2026-01-04 14:08:30",702078,Bangladesh,Bangladesh,S2-AIJ,,,,,,Boeing,B738,"Boeing 737NG 8Q8/W",30704,,,,,,"Regent Airways",,,2006,,,,0,,,,,,0,0,0,0,0,,,,,,0,0,0,0,0,RGE
27055307,"2026-01-04 14:01:20","2026-01-04 14:01:20",A640EE,"United States","United States",N50164,,,,,,Boeing,ST75,"Boeing Stearman A75N1 N2S-1 Kaydet",75-1073,,,,,,Private,,,1941,,,,0,,,,,,0,0,0,0,0,,,,,,0,0,0,0,0,GEN-ST75
27055014,"2026-01-04 13:57:47","2026-01-04 13:57:47",500083,"San Marino","San Marino",T7-ANB,,,,,,Embraer,E55P,"Embraer Phenom 300",50500315,,,,,,"ANAP Jets",,,2015,,,,0,,,,,,0,0,0,0,0,,,,,,0,0,0,0,0,GEN-E55P
27054536,"2026-01-04 13:52:48","2026-01-04 13:52:48",38263A,France,France,F-WWVN,,,,,,Dassault,FA7X,"Dassault Falcon 7X",247,,,,,,"Dassault Aviation",,,2014,,,,0,,,,,,0,0,0,0,0,,,,,,0,0,0,0,0,GEN-FA7X
27054185,"2026-01-04 13:49:13","2026-01-04 13:49:13",4A41AF,Romania,Romania,YR-PMO,,,,,,Antonov,AN2,"Antonov An-2 R",1G233-01,,,,,,Private,,,,,,,0,,,,,,0,0,0,0,0,,,,,,0,0,0,0,0,GEN-AN2
27052949,"2026-01-04 13:35:44","2026-01-04 13:35:44",43EA79,"Isle of Man","Isle of Man",M-MNDG,,,,,,"Gulfstream Aerospace",GLF5,"Gulfstream Aerospace G550",5519,,,,,,"Oviation Ltd",,,2014,,,,0,,,,,,0,0,0,0,0,,,,,,0,0,0,0,0,GEN-GLF5
27051088,"2026-01-04 13:15:10","2026-01-04 13:15:10",04C0F2,Kenya,Kenya,5Y-WWA,,,,,,Bombardier,CRJ2,"Bombardier CRJ 200ER",7350,,,,,,"Sudan Airways",,,,,,,0,,,,,,0,0,0,0,0,,,,,,0,0,0,0,0,SUD
27050406,"2026-01-04 13:06:57","2026-01-04 13:06:57",404B3C,"United Kingdom","United Kingdom",G-CCYP,,,,,,Colt,BALL,"Colt 56A Hot Air Balloon",302,,,,,,Private,,,1980,,,,0,,,,,,0,0,0,0,0,,,,,,0,0,0,0,0,GEN-BALL
27050349,"2026-01-04 13:06:30","2026-01-04 13:06:30",A60D0F,"United States","United States",N4895,,,,,,Enstrom,EN28,"Enstrom F-28 A",047,,,,,,Private,,,1969,,,,0,,,,,,0,0,0,0,0,,,,,,0,0,0,0,0,GEN-EN28
27050021,"2026-01-04 13:03:03","2026-01-04 13:03:03",AC847B,"United States","United States",N90525,,,,,,"Textron Aviation",C680,"Textron Aviation Citation Sovereign+",680-0563,,,,,,"Delta Rim Inc",,,2016,,,,0,,,,,,0,0,0,0,0,,,,,,0,0,0,0,0,GEN-C680
27049495,"2026-01-04 12:57:20","2026-01-04 12:57:20",A8AE00,"United States","United States",N65885,,,,,,Cessna,C172,"Cessna 172Q Cutlass",17275911,,,,,,Private,,,1982,,,,0,,,,,,0,0,0,0,0,,,,,,0,0,0,0,0,GEN-C172
27049195,"2026-01-04 12:54:25","2026-01-04 12:54:25",A0662D,"United States","United States",N1249M,,,,,,Cessna,C56X,"Cessna Citation Excel",560-5171,,,,,,"Excel Aviation LLC",,,,,,,0,,,,,,0,0,0,0,0,,,,,,0,0,0,0,0,GEN-C56X
27049106,"2026-01-04 12:53:36","2026-01-04 12:53:36",AA6FA7,"United States","United States",N7714E,,,,,,"Best Off",SKRA,"Best Off SkyRanger B",SKR0503573,,,,,,Private,,,2005,,,,0,,,,,,0,0,0,0,0,,,,,,0,0,0,0,0,GEN-SKRA
27048545,"2026-01-04 12:47:50","2026-01-04 12:47:50",A59703,"United States","United States",N4598H,,,,,,Mooney,M20P,"Mooney M.20J Model 201",24-0856,,,,,,Private,,,1979,,,,0,,,,,,0,0,0,0,0,,,,,,0,0,0,0,0,GEN-M20P
27047934,"2026-01-04 12:41:08","2026-01-04 12:41:08",ACE11A,"United States","United States",N929RK,,,,,,"De Havilland Canada",DHC2,"De Havilland Canada DHC-2 Beaver U-6A",608,,,,,,"Rainbow King Lodge",,,1954,,,,0,,,,,,0,0,0,0,0,,,,,,0,0,0,0,0,GEN-DHC2
27047095,"2026-01-04 12:32:13","2026-01-04 12:32:13",15066A,Russia,Russia,RA-67178,,,,,,Cessna,C208,"Cessna 208 B",208B-2429,,,,,,"Tatarstan Air Company",,,,,,,0,,,,,,0,0,0,0,0,,,,,,0,0,0,0,0,GEN-C208
27047071,"2026-01-04 12:31:52","2026-01-04 12:31:52",3989CB,France,France,F-HCOL,,,,,,"Helicopteres Guimbal",G2CA,"Helicopteres Guimbal Cabri G2",1012,,,,,,"Heliconia Helicopteres",,,,,,,0,,,,,,0,0,0,0,0,,,,,,0,0,0,0,0,GEN-G2CA
27046994,"2026-01-04 12:31:00","2026-01-04 12:31:00",394E05,France,France,F-GTQF,,,,,,SOCATA,TOBA,"SOCATA TB10 Tobago GT",2094,,,,,,Private,,,2001,,,,0,,,,,,0,0,0,0,0,,,,,,0,0,0,0,0,GEN-TOBA
27046313,"2026-01-04 12:23:02","2026-01-04 12:23:02",E12682,Argentina,Argentina,LV-RZB,,,,,,Swearingen,SW2,"Swearingen Merlin IIB",T26-143,,,,,,Coronaire,,,1969,,,,0,,,,,,0,0,0,0,0,,,,,,0,0,0,0,0,GEN-SW2
27046163,"2026-01-04 12:21:19","2026-01-04 12:21:19",A7F09C,"United States","United States",N610VC,,,,,,VulcanAir,P68,"VulcanAir P.68R Victor",480/R,,,,,,Private,,,2014,,,,0,,,,,,0,0,0,0,0,,,,,,0,0,0,0,0,GEN-P68
27045946,"2026-01-04 12:19:15","2026-01-04 12:19:15",A85780,"United States","United States",N6368K,,,,,,Cessna,C150,"Cessna 150M",15077669,,,,,,Private,,,1975,,,,0,,,,,,0,0,0,0,0,,,,,,0,0,0,0,0,GEN-C150
27045633,"2026-01-04 12:16:10","2026-01-04 12:16:10",140950,Russia,Russia,RA-02384,,,,,,Sukhoi,SU26,"Sukhoi Su-26 M2",86-10,,,,,,Private,,,,,,,0,,,,,,0,0,0,0,0,,,,,,0,0,0,0,0,GEN-SU26
27045578,"2026-01-04 12:15:33","2026-01-04 12:15:33",A69409,"United States","United States",N52291,,,,,,Boeing,ST75,"Boeing Stearman A75N1 PT-17 Kaydet",75-1872,,,,,,Private,,,,,,,0,,,,,,0,0,0,0,0,,,,,,0,0,0,0,0,GEN-ST75
27045150,"2026-01-04 12:10:32","2026-01-04 12:10:32",880A49,Thailand,Thailand,HS-BRI,,,,,,Boeing,B733,"Boeing 737 3Z0",27138,,,,,,"Orient Thai Airlines",,,1993,,,,0,,,,,,0,0,0,0,0,,,,,,0,0,0,0,0,OEA
27044824,"2026-01-04 12:06:56","2026-01-04 12:06:56",79A004,China,China,B-2343,,,,,,Airbus,A320,"Airbus A320 233",696,,,,,,"Chongqing Airlines",,,1997,,,,0,,,,,,0,0,0,0,0,,,,,,0,0,0,0,0,CQN
27044673,"2026-01-04 12:05:24","2026-01-04 12:05:24",A6D118,"United States","United States",N5384Q,,,,,,Cessna,C150,"Cessna 150L",15073284,,,,,,Private,,,1972,,,,0,,,,,,0,0,0,0,0,,,,,,0,0,0,0,0,GEN-C150
27044561,"2026-01-04 12:04:21","2026-01-04 12:04:21",AE060B,"United States","United States",83-0488,,,,,,Lockheed,C130,"Lockheed C-130H Hercules",5014,,,,,,"Colombian Air Force",,,,,,,0,,,,,,1,0,0,0,0,,,,,,0,0,0,0,0,
27044544,"2026-01-04 12:04:11","2026-01-04 12:04:11",A2E071,"United States","United States",N2849G,,,,,,"North American",B25,"North American TB-25N Mitchell",108-33352,,,,,,Private,,,,,,,0,,,,,,0,0,0,0,0,,,,,,0,0,0,0,0,GEN-B25
27044150,"2026-01-04 11:59:57","2026-01-04 11:59:57",404E83,"United Kingdom","United Kingdom",G-CDPS,,,,,,"Raj Hamsa",XAIR,"Raj Hamsa X-Air Falcon 133(1)",BMAA/HB/332,,,,,,Private,,,2005,,,,0,,,,,,0,0,0,0,0,,,,,,0,0,0,0,0,GEN-XAIR
27043920,"2026-01-04 11:57:07","2026-01-04 11:57:07",A70DDC,"United States","United States",N55369,,,,,,"Thrush Aircraft",SS2T,"Thrush Aircraft Turbo Thrush S2R-T34",T34-468DC,,,,,,Private,,,,,,,0,,,,,,0,0,0,0,0,,,,,,0,0,0,0,0,GEN-SS2T
27043260,"2026-01-04 11:49:39","2026-01-04 11:49:39",ABA0B4,"United States","United States",N84853,,,,,,Aeronca,CH7A,"Aeronca Champion 7AC",7AC-3572,,,,,,Private,,,1946,,,,0,,,,,,0,0,0,0,0,,,,,,0,0,0,0,0,GEN-CH7A
27043133,"2026-01-04 11:48:21","2026-01-04 11:48:21",403571,"United Kingdom","United Kingdom",G-MWZA,,,,,,"Mainair Sports",ULAC,"Mainair Sports Mercury",888-0292-5,,,,,,Private,,,1992,,,,0,,,,,,0,0,0,0,0,,,,,,0,0,0,0,0,GEN-ULAC
27042929,"2026-01-04 11:46:01","2026-01-04 11:46:01",A5A95E,"United States","United States",N464KF,,,,,,"Textron Aviation",C510,"Textron Aviation Citation Mustang",510-0464,,,,,,"Kyle Aviation LLC",,,2015,,,,0,,,,,,0,0,0,0,0,,,,,,0,0,0,0,0,GEN-C510
27041814,"2026-01-04 11:34:06","2026-01-04 11:34:06",AA3EEC,"United States","United States",N7598D,,,,,,Cessna,C172,"Cessna 172N Skyhawk",17272928,,,,,,Private,,,,,,,0,,,,,,0,0,0,0,0,,,,,,0,0,0,0,0,GEN-C172
27040344,"2026-01-04 11:18:10","2026-01-04 11:18:10",A04A50,"United States","United States",N118EA,,,,,,"Eclipse Aviation",EA50,"Eclipse Aviation EA500",000184,,,,,,"Dilkara Leasing LLC",,,,,,,0,,,,,,0,0,0,0,0,,,,,,0,0,0,0,0,GEN-EA50
27039814,"2026-01-04 11:12:12","2026-01-04 11:12:12",A749C2,"United States","United States",N569QL,,,,,,Cessna,C206,"Cessna U206A Super Skywagon",U206-0608,,,,,,Private,,,,,,,0,,,,,,0,0,0,0,0,,,,,,0,0,0,0,0,GEN-C206
27039314,"2026-01-04 11:04:54","2026-01-04 11:04:54",A37BE1,"United States","United States",N3230V,,,,,,Robinson,R44,"Robinson R44 Raven II",12054,,,,,,Private,,,,,,,0,,,,,,0,0,0,0,0,,,,,,0,0,0,0,0,GEN-R44
27039274,"2026-01-04 11:04:32","2026-01-04 11:04:32",A38273,"United States","United States",N325S,,,,,,Bombardier,CL60,"Bombardier Challenger 604",5525,,,,,,"Transporte Ejecutivo Aereo SA",,,2002,,,,0,,,,,,0,0,0,0,0,,,,,,0,0,0,0,0,GEN-CL60
27038733,"2026-01-04 10:58:21","2026-01-04 10:58:21",A12377,"United States","United States",N17232,,,,,,"Taylor Aircraft",J2,"Taylor Aircraft J-2 Cub",898,,,,,,Private,,,1936,,,,0,,,,,,0,0,0,0,0,,,,,,0,0,0,0,0,GEN-J2
27038429,"2026-01-04 10:54:55","2026-01-04 10:54:55",A84140,"United States","United States",N6308V,,,,,,Cessna,C72R,"Cessna 172RG Cutlass RG",172RG0616,,,,,,Private,,,1980,,,,0,,,,,,0,0,0,0,0,,,,,,0,0,0,0,0,GEN-C72R
27038283,"2026-01-04 10:53:32","2026-01-04 10:53:32",3F2962,Germany,Germany,D-OBOS,,,,,,"Schroeder Fire Balloons",BALL,"Schroeder Fire Balloons G Hot Air Balloon",884,,,,,,Private,,,2001,,,,0,,,,,,0,0,0,0,0,,,,,,0,0,0,0,0,GEN-BALL
803847,"2023-11-14 14:09:44","2026-01-04 10:53:21",AB1AAB,"United States","United States",N81402,,,,,,Aeronca,CH7A,"Aeronca Champion 7AC",7AC-20,,,,,,Private,,,1945,,,,0,,,,,,0,0,0,0,0,,,,,,0,0,0,0,0,GEN-CH7A
27038100,"2026-01-04 10:51:44","2026-01-04 10:51:44",A23FCC,"United States","United States",N244KR,,,,,,Boeing,B763,"Boeing 767 3P6ER",24484,,,,,,"Kenya Airways",,,1989,,,,0,,,,,,0,0,0,0,0,,,,,,0,0,0,0,0,KQA
27037473,"2026-01-04 10:44:44","2026-01-04 10:44:44",A59124,"United States","United States",N458PL,,,,,,Beech,BE58,"Beech Baron 58",TH-1467,,,,,,Private,,,1985,,,,0,,,,,,0,0,0,0,0,,,,,,0,0,0,0,0,GEN-BE58
27036633,"2026-01-04 10:34:31","2026-01-04 10:34:31",A763F5,"United States","United States",N5754W,,,,,,Piper,P28A,"Piper PA-28 160 Cherokee B",28-1491,,,,,,Private,,,1963,,,,0,,,,,,0,0,0,0,0,,,,,,0,0,0,0,0,GEN-P28A
27035834,"2026-01-04 10:25:27","2026-01-04 10:25:27",A4557A,"United States","United States",N379CP,,,,,,Piper,PA27,"Piper PA-23 Aztec 250C",27-2737,,,,,,Private,,,1964,,,,0,,,,,,0,0,0,0,0,,,,,,0,0,0,0,0,GEN-PA27
27035063,"2026-01-04 10:16:19","2026-01-04 10:16:19",A88779,"United States","United States",N649JG,,,,,,"Aero Vodochody",L39,"Aero Vodochody L-39 C",232142,,,,,,Private,,,1982,,,,0,,,,,,0,0,0,0,0,,,,,,0,0,0,0,0,GEN-L39
27034859,"2026-01-04 10:14:06","2026-01-04 10:14:06",342152,Spain,Spain,EC-JBB,,,,,,Dassault,F900,"Dassault Falcon 900 B",182,,,,,,"TAG Aviation Spain SL",,,1999,,,,0,,,,,,0,0,0,0,0,,,,,,0,0,0,0,0,TGM
27034725,"2026-01-04 10:12:38","2026-01-04 10:12:38",A38BA8,"United States","United States",N3277K,,,,,,Rotec,ULAC,"Rotec Rally 3B",64604,,,,,,Private,,,1982,,,,0,,,,,,0,0,0,0,0,,,,,,0,0,0,0,0,GEN-ULAC
27033866,"2026-01-04 10:01:55","2026-01-04 10:01:55",00B186,"South Africa","South Africa",ZS-SSZ,,,,,,Piper,PAY2,"Piper PA-31T2 Cheyenne IIXL",31T-8166060,,,,,,Corporate,,,1982,,,,0,,,,,,0,0,0,0,0,,,,,,0,0,0,0,0,GEN-PAY2
27032232,"2026-01-04 09:43:34","2026-01-04 09:43:34",A9A139,"United States","United States",N72AF,,,,,,Cessna,C172,"Cessna 172R Skyhawk",17280070,,,,,,Private,,,1997,,,,0,,,,,,0,0,0,0,0,,,,,,0,0,0,0,0,GEN-C172
27031206,"2026-01-04 09:31:34","2026-01-04 09:31:34",390CCB,France,France,F-GDGL,,,,,,SOCATA,TAMP,"SOCATA TB9 Tampico",359,,,,,,Private,,,,,,,0,,,,,,0,0,0,0,0,,,,,,0,0,0,0,0,GEN-TAMP
27031059,"2026-01-04 09:29:26","2026-01-04 09:29:26",A405C6,"United States","United States",N3586Y,,,,,,Cessna,C182,"Cessna 182F Skylane",18254486,,,,,,Private,,,1962,,,,0,,,,,,0,0,0,0,0,,,,,,0,0,0,0,0,GEN-C182
27031040,"2026-01-04 09:29:16","2026-01-04 09:29:16",A5D40A,"United States","United States",N475DT,,,,,,Piper,P32R,"Piper PA-32R 301T Turbo Saratoga SP",32R-8129027,,,,,,Private,,,1980,,,,0,,,,,,0,0,0,0,0,,,,,,0,0,0,0,0,GEN-P32R
27029976,"2026-01-04 09:16:13","2026-01-04 09:16:13",460344,Finland,Finland,OH-BGE,,,,,,Beagle,PUP,"Beagle B.121 Pup 100",B.121-098,,,,,,Private,,,,,,,0,,,,,,0,0,0,0,0,,,,,,0,0,0,0,0,GEN-PUP
27029773,"2026-01-04 09:13:39","2026-01-04 09:13:39",A5123B,"United States","United States",N426DG,,,,,,Stoddard-Hamilton,GLAS,"Stoddard-Hamilton Glasair III",1019,,,,,,Private,,,2008,,,,0,,,,,,0,0,0,0,0,,,,,,0,0,0,0,0,GEN-GLAS
27029579,"2026-01-04 09:11:36","2026-01-04 09:11:36",A1B355,"United States","United States",N2089G,,,,,,Piper,P28T,"Piper PA-28R T-201 Arrow IV",28R-7918015,,,,,,Private,,,1978,,,,0,,,,,,0,0,0,0,0,,,,,,0,0,0,0,0,GEN-P28T
27029432,"2026-01-04 09:09:55","2026-01-04 09:09:55",4B2B61,Switzerland,Switzerland,HB-QLD,,,,,,"Schroeder Fire Balloons",BALL,"Schroeder Fire Balloons G34/24 Hot Air Balloon",1189,,,,,,Private,,,,,,,0,,,,,,0,0,0,0,0,,,,,,0,0,0,0,0,GEN-BALL
27028924,"2026-01-04 09:03:39","2026-01-04 09:03:39",A23E3C,"United States","United States",N2435S,,,,,,Cessna,C337,"Cessna T337B Turbo Super Skymaster",33700735,,,,,,Private,,,1967,,,,0,,,,,,0,0,0,0,0,,,,,,0,0,0,0,0,GEN-C337
27028410,"2026-01-04 08:57:14","2026-01-04 08:57:14",AD3749,"United States","United States",N9502D,,,,,,Cessna,C72R,"Cessna 172RG Cutlass RG",172RG1190,,,,,,Private,,,1985,,,,0,,,,,,0,0,0,0,0,,,,,,0,0,0,0,0,GEN-C72R
27028062,"2026-01-04 08:53:19","2026-01-04 08:53:19",402D73,"United Kingdom","United Kingdom",G-OJDC,,,,,,"Thunder & Colt",BALL,"Thunder & Colt AX.7-77 Hot Air Balloon",875,,,,,,"Balloon Retirement Collection",,,1986,,,,0,,,,,,0,0,0,0,0,,,,,,0,0,0,0,0,GEN-BALL
27027754,"2026-01-04 08:49:41","2026-01-04 08:49:41",A44A4E,"United States","United States",N376CG,,,,,,"Just Aircraft",HIGH,"Just Aircraft Highlander","JAESC 0141",,,,,,Private,,,2007,,,,0,,,,,,0,0,0,0,0,,,,,,0,0,0,0,0,GEN-HIGH
27027674,"2026-01-04 08:48:46","2026-01-04 08:48:46",47B5DC,Norway,Norway,LN-FBI,,,,,,Cessna,C206,"Cessna U206F Stationair",U20601959,,,,,,Private,,,1973,,,,0,,,,,,0,0,0,0,0,,,,,,0,0,0,0,0,GEN-C206
27027512,"2026-01-04 08:47:12","2026-01-04 08:47:12",A06000,"United States","United States",N123MX,,,,,,Neico,LNC2,"Neico Lancair 235",131,,,,,,Private,,,,,,,0,,,,,,0,0,0,0,0,,,,,,0,0,0,0,0,GEN-LNC2
27027463,"2026-01-04 08:46:39","2026-01-04 08:46:39",503DFD,Lithuania,Lithuania,LY-IGN,,,,,,Cessna,C206,"Cessna TP206C Turbo Super Skylane",P206-0451,,,,,,Private,,,1967,,,,0,,,,,,0,0,0,0,0,,,,,,0,0,0,0,0,GEN-C206
27026196,"2026-01-04 08:31:16","2026-01-04 08:31:16",45A0EA,Denmark,Denmark,OY-HGJ,,,,,,Aerospatiale,AS50,"Aerospatiale Squirrel AS.350 B2",2401,,,,,,Private,,,1990,,,,0,,,,,,0,0,0,0,0,,,,,,0,0,0,0,0,GEN-AS50
27024553,"2026-01-04 08:12:52","2026-01-04 08:12:52",A84EFD,"United States","United States",N6340N,,,,,,Champion,CH7B,"Champion Citabria 7KCAB",37,,,,,,Private,,,,,,,0,,,,,,0,0,0,0,0,,,,,,0,0,0,0,0,GEN-CH7B
27024205,"2026-01-04 08:08:33","2026-01-04 08:08:33",A7E42C,"United States","United States",N6074H,,,,,,Piper,P32R,"Piper PA-32R 300 Lance",32R-7880043,,,,,,Private,,,,,,,0,,,,,,0,0,0,0,0,,,,,,0,0,0,0,0,GEN-P32R
27023827,"2026-01-04 08:03:54","2026-01-04 08:03:54",ADA123,"United States","United States",N9778N,,,,,,Corben,JACE,"Corben Junior Ace E",DMD100,,,,,,Private,,,1989,,,,0,,,,,,0,0,0,0,0,,,,,,0,0,0,0,0,GEN-JACE
27023806,"2026-01-04 08:03:38","2026-01-04 08:03:38",AD0BDD,"United States","United States",N94LV,,,,,,Rutan,VEZE,"Rutan VariEze",1,,,,,,Private,,,,,,,0,,,,,,0,0,0,0,0,,,,,,0,0,0,0,0,GEN-VEZE
27023789,"2026-01-04 08:03:27","2026-01-04 08:03:27",44B0B8,Belgium,Belgium,OO-LEX,,,,,,Robinson,R44,"Robinson R44 Astro",0367,,,,,,Private,,,,,,,0,,,,,,0,0,0,0,0,,,,,,0,0,0,0,0,GEN-R44
27212,"2022-05-18 03:27:49","2026-01-04 08:02:27",48425C,Netherlands,Netherlands,,,,,,,,-GND,,,,,,,,,,,,,,,0,,,,,,0,0,0,0,0,Missing,,,,,0,0,0,0,0,GEN--GND
27023581,"2026-01-04 08:00:55","2026-01-04 08:00:55",A03C42,"United States","United States",N114NG,,,,,,"Diamond Aircraft",DA40,"Diamond Aircraft Diamond Star DA40 NG",40.NC106,,,,,,Private,,,2020,,,,0,,,,,,0,0,0,0,0,,,,,,0,0,0,0,0,GEN-DA40
27022967,"2026-01-04 07:54:00","2026-01-04 07:54:00",A0B0C1,"United States","United States",N1434H,,,,,,Aeronca,AR15,"Aeronca Sedan 15AC",15AC-497,,,,,,Private,,,1950,,,,0,,,,,,0,0,0,0,0,,,,,,0,0,0,0,0,GEN-AR15
27022939,"2026-01-04 07:53:37","2026-01-04 07:53:37",A47B91,"United States","United States",N3881V,,,,,,"Advanced Aviation",BUCA,"Advanced Aviation Buccaneer",B1C-K016,,,,,,Private,,,,,,,0,,,,,,0,0,0,0,0,,,,,,0,0,0,0,0,GEN-BUCA
27022715,"2026-01-04 07:51:07","2026-01-04 07:51:07",A794A9,"United States","United States",N588LQ,,,,,,Bombardier,GLEX,"Bombardier Global 6000",9606,,,,,,"Zetta Jet",,,2014,,,,0,,,,,,0,0,0,0,0,,,,,,0,0,0,0,0,GEN-GLEX
27022620,"2026-01-04 07:49:37","2026-01-04 07:49:37",4B328D,Switzerland,Switzerland,HB-TDT,,,,,,Reims/Cessna,C150,"Reims/Cessna F150K",0642,,,,,,Private,,,,,,,0,,,,,,0,0,0,0,0,,,,,,0,0,0,0,0,GEN-C150
27021648,"2026-01-04 07:38:21","2026-01-04 07:38:21",4A9F24,Sweden,Sweden,SE-GYD,,,,,,Reims/Cessna,C152,"Reims/Cessna F152",1481,,,,,,Private,,,1978,,,,0,,,,,,0,0,0,0,0,,,,,,0,0,0,0,0,GEN-C152
11102,"2021-11-08 16:26:52","2026-01-04 07:38:16",C87EE8,"New Zealand","New Zealand",,,,,,,,ZZZZ,,,,,,,,,,,,,,,0,,,,,,0,0,0,0,0,Missing,,,,,0,0,0,0,0,GEN-ZZZZ
766556,"2023-10-30 20:59:55","2026-01-04 07:38:16",43BF96,"United Kingdom","United Kingdom",,,,,,,,ZANT,,,,,,,,,,,,,,,0,,,,,,0,0,0,0,0,Missing,,,,,0,0,0,0,0,ZANT
27020599,"2026-01-04 07:25:52","2026-01-04 07:25:52",141D26,Russia,Russia,RA-07462,,,,,,Antonov,AN2,"Antonov An-2 P",1G151-37,,,,,,"Operator Unknown",,,,,,,0,,,,,,0,0,0,0,0,,,,,,0,0,0,0,0,GEN-AN2
27020452,"2026-01-04 07:23:55","2026-01-04 07:23:55",A90F27,"United States","United States",N683JC,,,,,,Bombardier,GL5T,"Bombardier Global 5000",9683,,,,,,Corporate,,,2015,,,,0,,,,,,0,0,0,0,0,,,,,,0,0,0,0,0,GEN-GL5T
27020100,"2026-01-04 07:19:23","2026-01-04 07:19:23",A96815,"United States","United States",N705KU,,,,,,"Raytheon Aircraft Company",BE40,"Raytheon Aircraft Company 400 A",RK-305,,,,,,"Nextant SN 36 LLC",,,2001,,,,0,,,,,,0,0,0,0,0,,,,,,0,0,0,0,0,GEN-BE40
27019127,"2026-01-04 07:07:57","2026-01-04 07:07:57",A8F977,"United States","United States",N678AG,,,,,,Robinson,R44,"Robinson R44 Raven II",10013,,,,,,Private,,,2002,,,,0,,,,,,0,0,0,0,0,,,,,,0,0,0,0,0,GEN-R44
27018780,"2026-01-04 07:03:32","2026-01-04 07:03:32",403D27,"United Kingdom","United Kingdom",G-MZFC,,,,,,Letov,ULAC,"Letov Sluka LK-2M","PFA 263-13063",,,,,,Private,,,1997,,,,0,,,,,,0,0,0,0,0,,,,,,0,0,0,0,0,GEN-ULAC
27016044,"2026-01-04 06:30:51","2026-01-04 06:30:51",3E7364,Germany,Germany,D-KIWY,,,,,,Alpla,AV68,"Alpla Samburo AVo-68 V",015,,,,,,Private,,,1977,,,,0,,,,,,0,0,0,0,0,,,,,,0,0,0,0,0,GEN-AV68
27015929,"2026-01-04 06:29:28","2026-01-04 06:29:28",424632,"United Kingdom","United Kingdom",VP-BUU,,,,,,Boeing,B738,"Boeing 737NG 85R/W",39069,,,,,,Izhavia,,,2014,,,,0,,,,,,0,0,0,0,0,,,,,,0,0,0,0,0,IZA
27015076,"2026-01-04 06:18:25","2026-01-04 06:18:25",A6A60D,"United States","United States",N5275Y,,,,,,Vertical-Aviation,S52,"Vertical-Aviation S-52 Hummingbird 260L",RDX101,,,,,,Private,,,,,,,0,,,,,,0,0,0,0,0,,,,,,0,0,0,0,0,GEN-S52
27014976,"2026-01-04 06:17:19","2026-01-04 06:17:19",A31B28,"United States","United States",N3FL,,,,,,"Amateur Built",BIPL,"Amateur Built EAA Biplane Modified",UB-1,,,,,,Private,,,1968,,,,0,,,,,,0,0,0,0,0,,,,,,0,0,0,0,0,GEN-BIPL
27014356,"2026-01-04 06:07:56","2026-01-04 06:07:56",402F8B,"United Kingdom","United Kingdom",G-MVYD,,,,,,"Solar Wings",ULAC,"Solar Wings Pegasus XL-Q",SW-WQ-0240,,,,,,Private,,,1989,,,,0,,,,,,0,0,0,0,0,,,,,,0,0,0,0,0,GEN-ULAC
27013997,"2026-01-04 06:03:42","2026-01-04 06:03:42",863AE9,Japan,Japan,JA6905,,,,,,Sikorsky,S76,"Sikorsky S-76 C",760495,,,,,,Private,,,1998,,,,0,,,,,,0,0,0,0,0,,,,,,0,0,0,0,0,GEN-S76
27013789,"2026-01-04 06:01:30","2026-01-04 06:01:30",A36768,"United States","United States",N31835,,,,,,Aeronca,AR6T,"Aeronca Defender 65-TL",L-9201T,,,,,,Private,,,1941,,,,0,,,,,,0,0,0,0,0,,,,,,0,0,0,0,0,GEN-AR6T
27013279,"2026-01-04 05:54:44","2026-01-04 05:54:44",40364F,"United Kingdom","United Kingdom",G-MYDE,,,,,,CFM,ULAC,"CFM Shadow Series CD",K187,,,,,,Private,,,1993,,,,0,,,,,,0,0,0,0,0,,,,,,0,0,0,0,0,GEN-ULAC
27013181,"2026-01-04 05:53:43","2026-01-04 05:53:43",E94001,Bolivia,Bolivia,CP-1276,,,,,,Boeing,B722,"Boeing 727 2K3/W",21082,,,,,,"Lloyd Aereo Boliviano",,,1975,,,,0,,,,,,0,0,0,0,0,,,,,,0,0,0,0,0,GEN-B722
27012643,"2026-01-04 05:46:39","2026-01-04 05:46:39",400A88,"United Kingdom","United Kingdom",G-RAFP,,,,,,"Raytheon Aircraft Company",BE20,"Raytheon Aircraft Company King Air B200",BB-1837,,,,,,"Serco Ltd",,,2003,,,,0,,,,,,0,0,0,0,0,,,,,,0,0,0,0,0,GEN-BE20
27012542,"2026-01-04 05:45:19","2026-01-04 05:45:19",A10B9F,"United States","United States",N1669V,,,,,,Cessna,C120,"Cessna 120",13841,,,,,,Private,,,1947,,,,0,,,,,,0,0,0,0,0,,,,,,0,0,0,0,0,GEN-C120
27011878,"2026-01-04 05:36:46","2026-01-04 05:36:46",A4BB5A,"United States","United States",N4039A,,,,,,Robinson,R44,"Robinson R44 Raven II",14159,,,,,,"Robinson Helicopter Company",,,2017,,,,0,,,,,,0,0,0,0,0,,,,,,0,0,0,0,0,GEN-R44
27011616,"2026-01-04 05:33:30","2026-01-04 05:33:30",ADC7FB,"United States","United States",N9873W,,,,,,Piper,P28A,"Piper PA-28 140 Cherokee",28-23392,,,,,,Private,,,1967,,,,0,,,,,,0,0,0,0,0,,,,,,0,0,0,0,0,GEN-P28A
27010698,"2026-01-04 05:21:04","2026-01-04 05:21:04",ADE7F2,"United States","United States",N99525,,,,,,"Volmer Jensen",VJ22,"Volmer Jensen VJ-22 Sportsman",173,,,,,,Private,,,,,,,0,,,,,,0,0,0,0,0,,,,,,0,0,0,0,0,GEN-VJ22
27010228,"2026-01-04 05:15:23","2026-01-04 05:15:23",86D599,Japan,Japan,JA821F,,,,,,Bell,B412,"Bell 412 EP",36174,,,,,,Private,,,1997,,,,0,,,,,,0,0,0,0,0,,,,,,0,0,0,0,0,GEN-B412
27010161,"2026-01-04 05:14:38","2026-01-04 05:14:38",3E1726,Germany,Germany,D-HZYS,,,,,,MBB,B105,"MBB Bo.105 M",5056,,,,,,Private,,,,,,,0,,,,,,0,0,0,0,0,,,,,,0,0,0,0,0,GEN-B105
27010023,"2026-01-04 05:13:05","2026-01-04 05:13:05",A89B02,"United States","United States",N65353,,,,,,"North Wing",ULAC,"North Wing Apache",22223,,,,,,Private,,,,,,,0,,,,,,0,0,0,0,0,,,,,,0,0,0,0,0,GEN-ULAC
27009394,"2026-01-04 05:03:51","2026-01-04 05:03:51",A5B763,"United States","United States",N468AR,,,,,,Luscombe,L8,"Luscombe Silvaire 8A",2617,,,,,,Private,,,,,,,0,,,,,,0,0,0,0,0,,,,,,0,0,0,0,0,GEN-L8
27008675,"2026-01-04 04:53:10","2026-01-04 04:53:10",AD7532,"United States","United States",N9663A,,,,,,Beech,T34P,"Beech T-34B Mentor",BG-49,,,,,,Private,,,,,,,0,,,,,,0,0,0,0,0,,,,,,0,0,0,0,0,GEN-T34P
27008618,"2026-01-04 04:52:21","2026-01-04 04:52:21",A58FF4,"United States","United States",N458BG,,,,,,"De Havilland",DHC1,"De Havilland DHC-1 Chipmunk 22",C1/0508,,,,,,Private,,,1951,,,,0,,,,,,0,0,0,0,0,,,,,,0,0,0,0,0,GEN-DHC1
27008410,"2026-01-04 04:49:37","2026-01-04 04:49:37",5113B4,Estonia,Estonia,"",,,,,,"",-GND,"Ground Vehicle",,,,,,,"Tallinn Airport",,,,,,,0,,,,,,0,0,0,0,0,,,,,,0,0,0,0,0,GEN--GND
27008180,"2026-01-04 04:46:44","2026-01-04 04:46:44",A11680,"United States","United States",N1697X,,,,,,Cessna,C210,"Cessna 210L Centurion",21060732,,,,,,Private,,,1975,,,,0,,,,,,0,0,0,0,0,,,,,,0,0,0,0,0,GEN-C210
27006768,"2026-01-04 04:28:15","2026-01-04 04:28:15",A97010,"United States","United States",N390HG,,,,,,"Hawker Beechcraft Corp",PRM1,"Hawker Beechcraft Corp Premier I",RB-283,,,,,,"Commercial Enterprises Inc",,,,,,,0,,,,,,0,0,0,0,0,,,,,,0,0,0,0,0,GEN-PRM1
27004897,"2026-01-04 04:02:26","2026-01-04 04:02:26",A453E9,"United States","United States",N3780P,,,,,,Cameron,BALL,"Cameron N-77 Hot Air Balloon",327,,,,,,Private,,,,,,,0,,,,,,0,0,0,0,0,,,,,,0,0,0,0,0,GEN-BALL
27004553,"2026-01-04 03:56:39","2026-01-04 03:56:39",3939C1,France,France,F-GOOB,,,,,,Beech,B190,"Beech 1900 C-1",UC-153,,,,,,"Chalair Aviation SAS",,,1991,,,,0,,,,,,0,0,0,0,0,,,,,,0,0,0,0,0,CLG
27004140,"2026-01-04 03:47:34","2026-01-04 03:47:34",AB3DC9,"United States","United States",N823UG,,,,,,"Amateur Built",SPHA,"Amateur Built Sparrow Hawk",SH20040012K,,,,,,Private,,,2017,,,,0,,,,,,0,0,0,0,0,,,,,,0,0,0,0,0,GEN-SPHA
27003987,"2026-01-04 03:44:44","2026-01-04 03:44:44",401694,"United Kingdom","United Kingdom",G-ATUB,,,,,,Piper,P28A,"Piper PA-28 140 Cherokee",28-21971,,,,,,Private,,,1966,,,,0,,,,,,0,0,0,0,0,,,,,,0,0,0,0,0,GEN-P28A
27003542,"2026-01-04 03:36:33","2026-01-04 03:36:33",A18DE2,"United States","United States",N2FV,,,,,,Rolladen-Schneider,GLID,"Rolladen-Schneider LS3",3299,,,,,,Private,,,1977,,,,0,,,,,,0,0,0,0,0,,,,,,0,0,0,0,0,GEN-GLID
27002367,"2026-01-04 03:13:31","2026-01-04 03:13:31",A768C5,"United States","United States",N577DR,,,,,,Cessna,C421,"Cessna 421C Golden Eagle",421C0496,,,,,,Private,,,1978,,,,0,,,,,,0,0,0,0,0,,,,,,0,0,0,0,0,GEN-C421
27000568,"2026-01-04 02:43:47","2026-01-04 02:43:47",ACD469,"United States","United States",N92590,,,,,,Sikorsky,S61,"Sikorsky S-61 SH-3G",61351,,,,,,Private,,,,,,,0,,,,,,0,0,0,0,0,,,,,,0,0,0,0,0,GEN-S61
27000302,"2026-01-04 02:40:13","2026-01-04 02:40:13",C093CA,Canada,Canada,C-IDZD,,,,,,"Quad City",ULAC,"Quad City Challenger II",CH2-0592-0850,,,,,,Private,,,,,,,0,,,,,,0,0,0,0,0,,,,,,0,0,0,0,0,GEN-ULAC
27000214,"2026-01-04 02:38:51","2026-01-04 02:38:51",4AD682,Sweden,Sweden,SE-UTB,,,,,,Schleicher,GLID,"Schleicher ASW 20 BL TOP",20955,,,,,,Private,,,,,,,0,,,,,,0,0,0,0,0,,,,,,0,0,0,0,0,GEN-GLID
27000095,"2026-01-04 02:37:24","2026-01-04 02:37:24",A10A94,"United States","United States",VQ-BAD,,,,,,Boeing,B735,"Boeing 737 524/W",27331,,,,,,"UT air",,,1994,,,,0,,,,,,0,0,0,0,0,,,,,,0,0,0,0,0,UTA
26999336,"2026-01-04 02:27:12","2026-01-04 02:27:12",7500CD,Malaysia,Malaysia,9M-STM,,,,,,Beech,B190,"Beech 1900 D",UE-374,,,,,,"MHS Aviation",,,1999,,,,0,,,,,,0,0,0,0,0,,,,,,0,0,0,0,0,GEN-B190
26998636,"2026-01-04 02:17:14","2026-01-04 02:17:14",A950E2,"United States","United States",N7LM,,,,,,Maniscalco,G2T1,"Maniscalco Great Lakes 2T-1",1,,,,,,Private,,,1979,,,,0,,,,,,0,0,0,0,0,,,,,,0,0,0,0,0,GEN-G2T1
26998411,"2026-01-04 02:14:05","2026-01-04 02:14:05",C08CC6,Canada,Canada,C-IBIB,,,,,,Eipper,ULAC,"Eipper Quicksilver MX",5450,,,,,,Private,,,,,,,0,,,,,,0,0,0,0,0,,,,,,0,0,0,0,0,GEN-ULAC
26998286,"2026-01-04 02:12:35","2026-01-04 02:12:35",A20D18,"United States","United States",N231K,,,,,,Mooney,M20T,"Mooney M.20K Model 231",25-0004,,,,,,Private,,,,,,,0,,,,,,0,0,0,0,0,,,,,,0,0,0,0,0,GEN-M20T
26998197,"2026-01-04 02:11:33","2026-01-04 02:11:33",C01189,Canada,Canada,C-FGQQ,,,,,,Cessna,C206,"Cessna U206G Stationair 6",U20606423,,,,,,Private,,,,,,,0,,,,,,0,0,0,0,0,,,,,,0,0,0,0,0,GEN-C206
26997788,"2026-01-04 02:05:22","2026-01-04 02:05:22",A649E5,"United States","United States",N504MF,,,,,,"Raytheon Aircraft Company",H25B,"Raytheon Aircraft Company 125 800XP",258286,,,,,,"Jet Sense Aviation Aircraft",,,1995,,,,0,,,,,,0,0,0,0,0,,,,,,0,0,0,0,0,GEN-H25B
26997546,"2026-01-04 02:02:07","2026-01-04 02:02:07",A443F3,"United States","United States",N374PG,,,,,,"Zénith",CH70,"Zénith Zenair STOL CH 701",7-6619,,,,,,Private,,,2009,,,,0,,,,,,0,0,0,0,0,,,,,,0,0,0,0,0,GEN-CH70
26996831,"2026-01-04 01:51:53","2026-01-04 01:51:53",A8F4B8,"United States","United States",N6762Z,,,,,,Piper,PA25,"Piper PA-25 235 Pawnee",25-2383,,,,,,Private,,,1963,,,,0,,,,,,0,0,0,0,0,,,,,,0,0,0,0,0,GEN-PA25
26996773,"2026-01-04 01:51:06","2026-01-04 01:51:06",A80BA9,"United States","United States",N6174F,,,,,,Cessna,C210,"Cessna 210J Centurion",21059074,,,,,,Private,,,1968,,,,0,,,,,,0,0,0,0,0,,,,,,0,0,0,0,0,GEN-C210
26996680,"2026-01-04 01:49:47","2026-01-04 01:49:47",A8A860,"United States","United States",N657SW,,,,,,Boeing,B733,"Boeing 737 3L9",23331,,,,,,"Southwest Airlines",,,1985,,,,0,,,,,,0,0,0,0,0,,,,,,0,0,0,0,0,SWA
26996169,"2026-01-04 01:48:38","2026-01-04 01:48:38",A18C0A,"United States","United States",N1990Z,,,,,,Cameron,BALL,"Cameron V-77 Hot Air Balloon",5269,,,,,,Private,,,,,,,0,,,,,,0,0,0,0,0,,,,,,0,0,0,0,0,GEN-BALL
26995970,"2026-01-04 01:39:49","2026-01-04 01:39:49",ABDD76,"United States","United States",N8638K,,,,,,Stinson,S108,"Stinson Voyager 108-1",108-1638,,,,,,Private,,,1947,,,,0,,,,,,0,0,0,0,0,,,,,,0,0,0,0,0,GEN-S108
26995916,"2026-01-04 01:38:46","2026-01-04 01:38:46",ABBCC5,"United States","United States",N85530,,,,,,Aeronca,CH7A,"Aeronca Champion 7AC",7AC-4270,,,,,,Private,,,1946,,,,0,,,,,,0,0,0,0,0,,,,,,0,0,0,0,0,GEN-CH7A
26995142,"2026-01-04 01:28:29","2026-01-04 01:28:29",ADA860,"United States","United States",N97969,,,,,,Stinson,S108,"Stinson Voyager 108-1",108-969,,,,,,Private,,,1946,,,,0,,,,,,0,0,0,0,0,,,,,,0,0,0,0,0,GEN-S108
26994028,"2026-01-04 01:13:10","2026-01-04 01:13:10",3902A7,France,France,F-GAVH,,,,,,Robin,DR40,"Robin DR.400 160 Chevalier",1262,,,,,,Private,,,1977,,,,0,,,,,,0,0,0,0,0,,,,,,0,0,0,0,0,GEN-DR40
26993948,"2026-01-04 01:11:59","2026-01-04 01:11:59",3E2AD4,Germany,Germany,D-IHKM,,,,,,Beech,BE9L,"Beech King Air C90A",LJ-1158,,,,,,"Porta Flug GmbH",,,,,,,0,,,,,,0,0,0,0,0,,,,,,0,0,0,0,0,GEN-BE9L
26993242,"2026-01-04 01:02:45","2026-01-04 01:02:45",A608C1,"United States","United States",N4880Z,,,,,,Piper,PA22,"Piper PA-22 108 Colt",22-8461,,,,,,Private,,,1961,,,,0,,,,,,0,0,0,0,0,,,,,,0,0,0,0,0,GEN-PA22
26992817,"2026-01-04 00:57:00","2026-01-04 00:57:00",A95DC8,"United States","United States",ZK551,,,,,,Boeing-Vertol,H47,"Boeing-Vertol Chinook HC.6",M.7702,,,,,,"Royal Air Force",,,2013,,,,0,,,,,,1,0,0,0,0,,,,,,0,0,0,0,0,
26992430,"2026-01-04 00:52:34","2026-01-04 00:52:34",A9B943,"United States","United States",N72554,,,,,,Cessna,C140,"Cessna 140",9724,,,,,,Private,,,1946,,,,0,,,,,,0,0,0,0,0,,,,,,0,0,0,0,0,GEN-C140
26992190,"2026-01-04 00:49:06","2026-01-04 00:49:06",E49366,Brazil,Brazil,PR-LTJ,,,,,,Embraer,E50P,"Embraer Phenom 100",50000386,,,,,,"Royal Air Force",,,2017,,,,0,,,,,,1,0,0,0,0,,,,,,0,0,0,0,0,RRR
26991599,"2026-01-04 00:41:02","2026-01-04 00:41:02",A5368A,"United States","United States",N435JS,,,,,,Stoddard-Hamilton,GLAS,"Stoddard-Hamilton Glasair II-RG",635R,,,,,,Private,,,1988,,,,0,,,,,,0,0,0,0,0,,,,,,0,0,0,0,0,GEN-GLAS
26991045,"2026-01-04 00:33:32","2026-01-04 00:33:32",A7B0A1,"United States","United States",N595GS,,,,,,"Textron Aviation",C25B,"Textron Aviation Citation CJ3",525B0592,,,,,,"JAG Leasing LLC",,,2019,,,,0,,,,,,0,0,0,0,0,,,,,,0,0,0,0,0,GEN-C25B
26990727,"2026-01-04 00:29:27","2026-01-04 00:29:27",AC5E94,"United States","United States",N8964T,,,,,,Hughes,H500,"Hughes 369 D",81-1038D,,,,,,Private,,,1981,,,,0,,,,,,0,0,0,0,0,,,,,,0,0,0,0,0,GEN-H500
26990658,"2026-01-04 00:28:22","2026-01-04 00:28:22",4B3943,Switzerland,Switzerland,HB-VRV,,,,,,Embraer,E50P,"Embraer Phenom 100",50000292,,,,,,"Cinic AG",,,2012,,,,0,,,,,,0,0,0,0,0,,,,,,0,0,0,0,0,GEN-E50P
26990503,"2026-01-04 00:26:24","2026-01-04 00:26:24",A0521C,"United States","United States",N12HV,,,,,,"Amateur Built",PTMS,"Amateur Built Pitts Model 12 Monster S-12",109,,,,,,Private,,,,,,,0,,,,,,0,0,0,0,0,,,,,,0,0,0,0,0,GEN-PTMS
26990199,"2026-01-04 00:21:57","2026-01-04 00:21:57",AB28BC,"United States","United States",N818SZ,,,,,,Rolladen-Schneider,GLID,"Rolladen-Schneider LS8 18",8388,,,,,,Private,,,2001,,,,0,,,,,,0,0,0,0,0,,,,,,0,0,0,0,0,GEN-GLID
26988679,"2026-01-04 00:01:15","2026-01-04 00:01:15",44D98E,Belgium,Belgium,OO-VLN,,,,,,Fokker,F50,"Fokker F50",20145,,,,,,"VLM Airlines Slovenia",,,1989,,,,0,,,,,,0,0,0,0,0,,,,,,0,0,0,0,0,WLM
