AircraftID,FirstCreated,LastModified,ModeS,ModeSCountry,Country,Registration,CurrentRegDate,PreviousID,FirstRegDate,Status,DeRegDate,Manufacturer,ICAOTypeCode,Type,SerialNo,PopularName,GenericName,AircraftClass,Engines,OwnershipStatus,RegisteredOwners,MTOW,TotalHours,YearBuilt,CofACategory,CofAExpiry,UserNotes,Interested,UserTag,InfoURL,PictureURL1,PictureURL2,PictureURL3,UserBool1,UserBool2,UserBool3,UserBool4,UserBool5,UserString1,UserString2,UserString3,UserString4,UserString5,UserInt1,UserInt2,UserInt3,UserInt4,UserInt5,OperatorFlagCode
27448737,"2026-01-07 23:55:10","2026-01-07 23:55:10",45C023,Denmark,Denmark,OY-PAC,,,,,,Airbus,A21N,"Airbus A321 251NSL",8260,,,,,,"Primera Air Scandinavia",,,2018,,,,0,,,,,,0,0,0,0,0,,,,,,0,0,0,0,0,PRI
27447674,"2026-01-07 23:40:33","2026-01-07 23:40:33",A1CE1A,"United States","United States",N215WS,,,,,,Cessna,C680,"Cessna Citation Sovereign",680-0316,,,,,,"Southwestern Energy Company",,,2011,,,,0,,,,,,0,0,0,0,0,,,,,,0,0,0,0,0,GEN-C680
27447608,"2026-01-07 23:39:32","2026-01-07 23:39:32",AC47E6,"United States","United States",N8901Y,,,,,,Piper,PA30,"Piper PA-39 Twin Comanche C/R",39-56,,,,,,Private,,,1970,,,,0,,,,,,0,0,0,0,0,,,,,,0,0,0,0,0,GEN-PA30
27446399,"2026-01-07 23:22:41","2026-01-07 23:22:41",07A2B2,Swaziland,Swaziland,A7-BEN,,,,,,Boeing,B77W,"Boeing 777 300ER",64064,,,,,,"Qatar Airways",,,2017,,,,0,,,,,,0,0,0,0,0,,,,,,0,0,0,0,0,QTR
27445308,"2026-01-07 23:08:13","2026-01-07 23:08:13",A15B82,"United States","United States",N187JN,,,,,,Cessna,C550,"Cessna Citation II",550-0335,,,,,,Corporate,,,,,,,0,,,,,,0,0,0,0,0,,,,,,0,0,0,0,0,GEN-C550
27444959,"2026-01-07 23:03:01","2026-01-07 23:03:01",C80322,"New Zealand","New Zealand",ZK-WLN,,,,,,"Airparts NZ",FU24,"Airparts NZ Fletcher FU-24 950",185,,,,,,Private,,,1973,,,,0,,,,,,0,0,0,0,0,,,,,,0,0,0,0,0,GEN-FU24
27444957,"2026-01-07 23:02:56","2026-01-07 23:02:56",A19C8A,"United States","United States",N2025T,,,,,,Avian,BALL,"Avian Magnum IX Hot Air Balloon",200,,,,,,Private,,,1996,,,,0,,,,,,0,0,0,0,0,,,,,,0,0,0,0,0,GEN-BALL
27444673,"2026-01-07 22:59:17","2026-01-07 22:59:17",43EA0B,"Isle of Man","Isle of Man",M-ATEX,,,,,,Dassault,F900,"Dassault Falcon 900LX",250,,,,,,"RCR Jets AG",,,2010,,,,0,,,,,,0,0,0,0,0,,,,,,0,0,0,0,0,GEN-F900
27442901,"2026-01-07 22:35:40","2026-01-07 22:35:40",AA278C,"United States","United States",N7530F,,,,,,Robinson,R44,"Robinson R44 Raven II",10313,,,,,,Private,,,,,,,0,,,,,,0,0,0,0,0,,,,,,0,0,0,0,0,GEN-R44
27441240,"2026-01-07 22:14:48","2026-01-07 22:14:48",A92A9A,"United States","United States",N69YY,,,,,,"Cirrus Design",SR22,"Cirrus Design SR22",3370,,,,,,Private,,,2009,,,,0,,,,,,0,0,0,0,0,,,,,,0,0,0,0,0,GEN-SR22
27439046,"2026-01-07 21:47:01","2026-01-07 21:47:01",A99023,"United States","United States",N715RM,,,,,,"Ted Smith",AEST,"Ted Smith Aerostar 601P",61P-0216-024,,,,,,Private,,,1975,,,,0,,,,,,0,0,0,0,0,,,,,,0,0,0,0,0,GEN-AEST
27438689,"2026-01-07 21:42:12","2026-01-07 21:42:12",40004C,"Cayman Islands","Cayman Islands",VP-CDF,,,,,,Bombardier,GLEX,"Bombardier Global Express",9093,,,,,,"Eagle Wind",,,2001,,,,0,,,,,,0,0,0,0,0,,,,,,0,0,0,0,0,GEN-GLEX
27438428,"2026-01-07 21:38:49","2026-01-07 21:38:49",A5E696,"United States","United States",N48DL,,,,,,Cessna,C421,"Cessna 421C Golden Eagle",421C0511,,,,,,Private,,,,,,,0,,,,,,0,0,0,0,0,,,,,,0,0,0,0,0,GEN-C421
27437804,"2026-01-07 21:31:24","2026-01-07 21:31:24",ACBB9C,"United States","United States",N9198T,,,,,,Piper,PA38,"Piper PA-38 112 Tomahawk",38-78A0274,,,,,,Private,,,1978,,,,0,,,,,,0,0,0,0,0,,,,,,0,0,0,0,0,GEN-PA38
27436955,"2026-01-07 21:20:38","2026-01-07 21:20:38",3FC926,Germany,Germany,D-ONPM,,,,,,"Raven Aerostar",BALL,"Raven Aerostar S-60A Hot Air Balloon",S60A-3223,,,,,,Private,,,,,,,0,,,,,,0,0,0,0,0,,,,,,0,0,0,0,0,GEN-BALL
27436660,"2026-01-07 21:17:23","2026-01-07 21:17:23",A99FF0,"United States","United States",N71903,,,,,,Robinson,R44,"Robinson R44 Raven",1290,,,,,,Private,,,,,,,0,,,,,,0,0,0,0,0,,,,,,0,0,0,0,0,GEN-R44
27436021,"2026-01-07 21:09:25","2026-01-07 21:09:25",A9A6D6,"United States","United States",N72067,,,,,,Cessna,C206,"Cessna U206D Super Skywagon",U206-1273,,,,,,Private,,,,,,,0,,,,,,0,0,0,0,0,,,,,,0,0,0,0,0,GEN-C206
27435506,"2026-01-07 21:03:13","2026-01-07 21:03:13",401CCC,"United Kingdom","United Kingdom",G-BFBA,,,,,,S.A.N.,DR10,"S.A.N. Jodel DR.100A DR.100A",88,,,,,,Private,,,1959,,,,0,,,,,,0,0,0,0,0,,,,,,0,0,0,0,0,GEN-DR10
27434560,"2026-01-07 20:51:35","2026-01-07 20:51:35",144D10,Russia,Russia,RA-19728,,,,,,Antonov,AN2,"Antonov An-2 R",1G165-42,,,,,,"Sverdlovsk 2nd Air Enterprise",,,,,,,0,,,,,,0,0,0,0,0,,,,,,0,0,0,0,0,UKU
27433351,"2026-01-07 20:36:14","2026-01-07 20:36:14",AB46F6,"United States","United States",N8258Z,,,,,,Cessna,C205,"Cessna 205",205-0258,,,,,,Private,,,1963,,,,0,,,,,,0,0,0,0,0,,,,,,0,0,0,0,0,GEN-C205
27432962,"2026-01-07 20:31:35","2026-01-07 20:31:35",A1F66D,"United States","United States",N2253Z,,,,,,Nord,N320,"Nord 3202",45,,,,,,Private,,,,,,,0,,,,,,0,0,0,0,0,,,,,,0,0,0,0,0,GEN-N320
27432597,"2026-01-07 20:26:45","2026-01-07 20:26:45",84B44C,Japan,Japan,JA205J,,,,,,Bombardier,CRJ2,"Bombardier CRJ 200ER",7767,,,,,,J-Air,,,,,,,0,,,,,,0,0,0,0,0,,,,,,0,0,0,0,0,JLJ
27432583,"2026-01-07 20:26:33","2026-01-07 20:26:33",AD9583,"United States","United States",N97445,,,,,,Stinson,S108,"Stinson Voyager 108-1",108-445,,,,,,Private,,,1946,,,,0,,,,,,0,0,0,0,0,,,,,,0,0,0,0,0,GEN-S108
27432191,"2026-01-07 20:21:58","2026-01-07 20:21:58",A9FD21,"United States","United States",N74259,,,,,,Bellanca,B14A,"Bellanca Cruisair Senior 14-13-2",1372,,,,,,Private,,,1947,,,,0,,,,,,0,0,0,0,0,,,,,,0,0,0,0,0,GEN-B14A
27430347,"2026-01-07 19:59:26","2026-01-07 19:59:26",A71128,"United States","United States",N55437,,,,,,Cessna,C172,"Cessna 172P Skyhawk",17275180,,,,,,Private,,,1981,,,,0,,,,,,0,0,0,0,0,,,,,,0,0,0,0,0,GEN-C172
27430044,"2026-01-07 19:55:21","2026-01-07 19:55:21",AD1A4F,"United States","United States",N943WP,,,,,,"Avions de Transport Regional",AT73,"Avions de Transport Regional ATR 72 212",420,,,,,,"Island Air",,,1994,,,,0,,,,,,0,0,0,0,0,,,,,,0,0,0,0,0,GEN-AT73
27430029,"2026-01-07 19:55:08","2026-01-07 19:55:08",A9B1EB,"United States","United States",N7236R,,,,,,Beech,BE58,"Beech Baron 58",TH-1484,,,,,,Private,,,1985,,,,0,,,,,,0,0,0,0,0,,,,,,0,0,0,0,0,GEN-BE58
27429742,"2026-01-07 19:51:42","2026-01-07 19:51:42",A758D6,"United States","United States",N57242,,,,,,"Raven Aerostar",BALL,"Raven Aerostar S-55A Hot Air Balloon",S55A-751,,,,,,Private,,,,,,,0,,,,,,0,0,0,0,0,,,,,,0,0,0,0,0,GEN-BALL
27429299,"2026-01-07 19:46:36","2026-01-07 19:46:36",AC7A86,"United States","United States",N903CC,,,,,,Robinson,R44,"Robinson R44 Raven II",12871,,,,,,Private,,,,,,,0,,,,,,0,0,0,0,0,,,,,,0,0,0,0,0,GEN-R44
27429055,"2026-01-07 19:43:54","2026-01-07 19:43:54",AA743C,"United States","United States",N773AR,,,,,,Bell,UH1,"Bell UH-1H Iroquois",4681,,,,,,Private,,,,,,,0,,,,,,0,0,0,0,0,,,,,,0,0,0,0,0,GEN-UH1
27428490,"2026-01-07 19:37:14","2026-01-07 19:37:14",40171D,"United Kingdom","United Kingdom",G-AVPM,,,,,,S.A.N.,D11,"S.A.N. Jodel D.117",593,,,,,,Private,,,1957,,,,0,,,,,,0,0,0,0,0,,,,,,0,0,0,0,0,GEN-D11
27428461,"2026-01-07 19:36:53","2026-01-07 19:36:53",A3F283,"United States","United States",N3531X,,,,,,Mooney,M20P,"Mooney M.20F Executive 21",670068,,,,,,Private,,,1966,,,,0,,,,,,0,0,0,0,0,,,,,,0,0,0,0,0,GEN-M20P
27428399,"2026-01-07 19:36:13","2026-01-07 19:36:13",4490C7,Belgium,Belgium,OO-DFG,,,,,,Dassault,F2TH,"Dassault Falcon 2000EX EASy",140,,,,,,"Luxaviation Belgium",,,2007,,,,0,,,,,,0,0,0,0,0,,,,,,0,0,0,0,0,AAB
27427788,"2026-01-07 19:28:06","2026-01-07 19:28:06",A8D579,"United States","United States",N6688Z,,,,,,Piper,PA25,"Piper PA-25 235 Pawnee",25-2301,,,,,,Private,,,,,,,0,,,,,,0,0,0,0,0,,,,,,0,0,0,0,0,GEN-PA25
27427378,"2026-01-07 19:22:40","2026-01-07 19:22:40",A6E265,"United States","United States",N5425D,,,,,,Beech,BE35,"Beech Bonanza H35",D-4940,,,,,,Private,,,,,,,0,,,,,,0,0,0,0,0,,,,,,0,0,0,0,0,GEN-BE35
27427248,"2026-01-07 19:20:00","2026-01-07 19:20:00",A82058,"United States","United States",N6222Q,,,,,,Beech,BE24,"Beech Sierra C24R",MC-771,,,,,,Private,,,1982,,,,0,,,,,,0,0,0,0,0,,,,,,0,0,0,0,0,GEN-BE24
27427207,"2026-01-07 19:19:27","2026-01-07 19:19:27",A6347D,"United States","United States",N4994T,,,,,,Piper,PA34,"Piper PA-34 200 Seneca",34-7250193,,,,,,Private,,,1972,,,,0,,,,,,0,0,0,0,0,,,,,,0,0,0,0,0,GEN-PA34
27427082,"2026-01-07 19:17:51","2026-01-07 19:17:51",A412B8,"United States","United States",N3612Y,,,,,,"Balloon Works",BALL,"Balloon Works Firefly 7 Hot Air Balloon",F7-024,,,,,,Private,,,,,,,0,,,,,,0,0,0,0,0,,,,,,0,0,0,0,0,GEN-BALL
27426232,"2026-01-07 19:07:47","2026-01-07 19:07:47",A41695,"United States","United States",N36231,,,,,,Piper,P28A,"Piper PA-28 161 Warrior II",28-7816623,,,,,,Private,,,,,,,0,,,,,,0,0,0,0,0,,,,,,0,0,0,0,0,GEN-P28A
27425301,"2026-01-07 18:56:41","2026-01-07 18:56:41",A7D3D8,"United States","United States",N603QX,,,,,,Bombardier,CRJ7,"Bombardier CRJ 700",10011,,,,,,"American Eagle",,,,,,,0,,,,,,0,0,0,0,0,,,,,,0,0,0,0,0,ASQ
27424843,"2026-01-07 18:51:08","2026-01-07 18:51:08",A578D5,"United States","United States",N45145,,,,,,"Naval Aircraft Factory",N3N,"Naval Aircraft Factory N3N 3",1979,,,,,,Private,,,1940,,,,0,,,,,,0,0,0,0,0,,,,,,0,0,0,0,0,GEN-N3N
27424844,"2026-01-07 18:51:08","2026-01-07 18:51:08",0085B1,"South Africa","South Africa",ZS-CDK,,,,,,Vans,RV4,"Vans RV-4",3227,,,,,,Private,,,,,,,0,,,,,,0,0,0,0,0,,,,,,0,0,0,0,0,GEN-RV4
27424467,"2026-01-07 18:46:37","2026-01-07 18:46:37",A77FC7,"United States","United States",N58200,,,,,,Fleet,FA62,"Fleet Cornell II M-62A-3",FV652,,,,,,Private,,,1943,,,,0,,,,,,0,0,0,0,0,,,,,,0,0,0,0,0,GEN-FA62
27422478,"2026-01-07 18:23:29","2026-01-07 18:23:29",A706D8,"United States","United States",N552,,,,,,"Weaver Aircraft Company",WACF,"Weaver Aircraft Company Waco UPF-7",5889,,,,,,Private,,,1942,,,,0,,,,,,0,0,0,0,0,,,,,,0,0,0,0,0,GEN-WACF
27421987,"2026-01-07 18:17:35","2026-01-07 18:17:35",A5205B,"United States","United States",N4297,,,,,,Schleicher,GLID,"Schleicher Ka 6 Rhonsegler",,,,,,,Private,,,,,,,0,,,,,,0,0,0,0,0,,,,,,0,0,0,0,0,GEN-GLID
27421818,"2026-01-07 18:15:42","2026-01-07 18:15:42",38502E,France,France,F-BUBO,,,,,,Reims/Cessna,C150,"Reims/Cessna F150L",0859,,,,,,Private,,,1973,,,,0,,,,,,0,0,0,0,0,,,,,,0,0,0,0,0,GEN-C150
27420632,"2026-01-07 18:02:20","2026-01-07 18:02:20",4027CF,"United Kingdom","United Kingdom",G-MTBB,,,,,,Southdown,ULAC,"Southdown Raven X Raven X",SN2232/0226,,,,,,Private,,,1986,,,,0,,,,,,0,0,0,0,0,,,,,,0,0,0,0,0,GEN-ULAC
27420128,"2026-01-07 17:57:04","2026-01-07 17:57:04",44D8F6,Belgium,Belgium,OO-VGV,,,,,,Rockwell,AC11,"Rockwell Commander 112 A",196,,,,,,Private,,,1974,,,,0,,,,,,0,0,0,0,0,,,,,,0,0,0,0,0,GEN-AC11
27419019,"2026-01-07 17:44:37","2026-01-07 17:44:37",A11A5E,"United States","United States",N170NE,,,,,,"Eclipse Aviation",EA50,"Eclipse Aviation EA550",550-1004,,,,,,"Eclipse Aerospace Inc",,,,,,,0,,,,,,0,0,0,0,0,,,,,,0,0,0,0,0,GEN-EA50
27418434,"2026-01-07 17:38:24","2026-01-07 17:38:24",A8DC67,"United States","United States",N670H,,,,,,Rockwell,SBR1,"Rockwell Sabreliner 65",465-58,,,,,,"Honeywell Inc",,,1981,,,,0,,,,,,0,0,0,0,0,,,,,,0,0,0,0,0,GEN-SBR1
27418300,"2026-01-07 17:37:06","2026-01-07 17:37:06",A90630,"United States","United States",N6804W,,,,,,Piper,P28A,"Piper PA-28 140 Cherokee",28-20939,,,,,,Private,,,1965,,,,0,,,,,,0,0,0,0,0,,,,,,0,0,0,0,0,GEN-P28A
27418118,"2026-01-07 17:34:40","2026-01-07 17:34:40",A7E0AE,"United States","United States",N60655,,,,,,Cessna,C150,"Cessna 150J",15070481,,,,,,Private,,,,,,,0,,,,,,0,0,0,0,0,,,,,,0,0,0,0,0,GEN-C150
27417557,"2026-01-07 17:27:56","2026-01-07 17:27:56",4AC9BA,Sweden,Sweden,SE-RMZ,,,,,,Bombardier,GLEX,"Bombardier Global 6000",9743,,,,,,"SAAB Aircraft AB",,,2015,,,,0,,,,,,0,0,0,0,0,,,,,,0,0,0,0,0,SCT
27417285,"2026-01-07 17:25:08","2026-01-07 17:25:08",A177D3,"United States","United States",N194JD,,,,,,"Amateur Built",COZY,"Amateur Built Cozy Mk.IV",194,,,,,,Private,,,2006,,,,0,,,,,,0,0,0,0,0,,,,,,0,0,0,0,0,GEN-COZY
27416813,"2026-01-07 17:19:53","2026-01-07 17:19:53",4017EB,"United Kingdom","United Kingdom",G-AWXS,,,,,,Piper,P28A,"Piper PA-28 180 Cherokee D",28-5283,,,,,,Private,,,1969,,,,0,,,,,,0,0,0,0,0,,,,,,0,0,0,0,0,GEN-P28A
27416534,"2026-01-07 17:16:17","2026-01-07 17:16:17",402FD4,"United Kingdom","United Kingdom",G-BRPP,,,,,,Brookland,GYRO,"Brookland Hornet",DC-1,,,,,,Private,,,1970,,,,0,,,,,,0,0,0,0,0,,,,,,0,0,0,0,0,GEN-GYRO
27416011,"2026-01-07 17:10:42","2026-01-07 17:10:42",A551B7,"United States","United States",N4417X,,,,,,Piper,PA32,"Piper PA-32 300 Cherokee Six",32-7640020,,,,,,Private,,,1975,,,,0,,,,,,0,0,0,0,0,,,,,,0,0,0,0,0,GEN-PA32
27415990,"2026-01-07 17:10:37","2026-01-07 17:10:37",A86AE6,"United States","United States",N641W,,,,,,Pietenpol,CAMP,"Pietenpol Aircamper",DP-1,,,,,,Private,,,,,,,0,,,,,,0,0,0,0,0,,,,,,0,0,0,0,0,GEN-CAMP
27415528,"2026-01-07 17:05:19","2026-01-07 17:05:19",407585,"United Kingdom","United Kingdom",G-BXHX,,,,,,Eurocopter,AS50,"Eurocopter Squirrel AS.350 BB",2995,,,,,,"FB Heliservices",,,1997,,,,0,,,,,,0,0,0,0,0,,,,,,0,0,0,0,0,GEN-AS50
27415143,"2026-01-07 17:00:35","2026-01-07 17:00:35",00B10B,"South Africa","South Africa",ZS-SOG,,,,,,"Diamond Aircraft",DA40,"Diamond Aircraft Diamond Star DA40",40.462,,,,,,Private,,,2005,,,,0,,,,,,0,0,0,0,0,,,,,,0,0,0,0,0,GEN-DA40
27414397,"2026-01-07 16:51:54","2026-01-07 16:51:54",C072A1,Canada,Canada,C-GRKQ,,,,,,Bombardier,DH8B,"Bombardier DHC-8 201",459,,,,,,"Avmax Aircraft Leasing",,,1996,,,,0,,,,,,0,0,0,0,0,,,,,,0,0,0,0,0,GEN-DH8B
27413513,"2026-01-07 16:41:36","2026-01-07 16:41:36",A61EF1,"United States","United States",N49398,,,,,,Fairchild,FA62,"Fairchild PT-19A M-62A",T43-5907,,,,,,Private,,,1943,,,,0,,,,,,0,0,0,0,0,,,,,,0,0,0,0,0,GEN-FA62
27412614,"2026-01-07 16:31:06","2026-01-07 16:31:06",AB586B,"United States","United States",N830AS,,,,,,Bombardier,CRJ2,"Bombardier CRJ 200ER",7236,,,,,,"Avmax Group",,,,,,,0,,,,,,0,0,0,0,0,,,,,,0,0,0,0,0,GEN-CRJ2
27412082,"2026-01-07 16:24:11","2026-01-07 16:24:11",A5BDC0,"United States","United States",N4692Z,,,,,,Bell,UH1,"Bell UH-1E Iroquois",6173,,,,,,Private,,,1967,,,,0,,,,,,0,0,0,0,0,,,,,,0,0,0,0,0,GEN-UH1
27411633,"2026-01-07 16:19:31","2026-01-07 16:19:31",4493E9,Belgium,Belgium,OO-D45,,,,,,"Dyn Aero",MCR1,"Dyn Aero MCR-01",203,,,,,,Private,,,,,,,0,,,,,,0,0,0,0,0,,,,,,0,0,0,0,0,GEN-MCR1
27410639,"2026-01-07 16:08:00","2026-01-07 16:08:00",700012,Afghanistan,Afghanistan,YA-TTF,,,,,,Airbus,A319,"Airbus A319 112",734,,,,,,"Safi Airways",,,1997,,,,0,,,,,,0,0,0,0,0,,,,,,0,0,0,0,0,GEN-A319
27410292,"2026-01-07 16:03:54","2026-01-07 16:03:54",3B77A9,France,France,R224,,,,,,VFW,C160,"VFW Transall C-160NG",227,,,,,,"French Air Force",,,,,,,0,,,,,,1,0,0,0,0,,,,,,0,0,0,0,0,CTM
27410153,"2026-01-07 16:02:25","2026-01-07 16:02:25",A0E43B,"United States","United States",N157AL,,,,,,Dassault,F2TH,"Dassault Falcon 2000EX EASy",110,,,,,,"Jet Edge",,,2006,,,,0,,,,,,0,0,0,0,0,,,,,,0,0,0,0,0,GEN-F2TH
27409350,"2026-01-07 15:52:24","2026-01-07 15:52:24",A71FF1,"United States","United States",N5583N,,,,,,Rutan,VEZE,"Rutan VariEze",217,,,,,,Private,,,,,,,0,,,,,,0,0,0,0,0,,,,,,0,0,0,0,0,GEN-VEZE
27408149,"2026-01-07 15:38:39","2026-01-07 15:38:39",A65FF3,"United States","United States",N51JW,,,,,,"North American",P51,"North American P-51D Mustang",124-48299,,,,,,Private,,,,,,,0,,,,,,0,0,0,0,0,,,,,,0,0,0,0,0,GEN-P51
27407682,"2026-01-07 15:33:11","2026-01-07 15:33:11",AC96CC,"United States","United States",N910BH,,,,,,"Compagnie DAHER",TBM9,"Compagnie DAHER TBM 910",1256,,,,,,"Nacro LLC",,,2018,,,,0,,,,,,0,0,0,0,0,,,,,,0,0,0,0,0,GEN-TBM9
27407581,"2026-01-07 15:32:06","2026-01-07 15:32:06",77CE27,Syria,Syria,YK-SQG,,,,,,Yakovlev,YK40,"Yakovlev Yak-40 K",9941959,,,,,,"Government of Syria",,,,,,,0,,,"","","",0,0,0,0,0,,,,,,0,0,0,0,0,GEN-YK40
27407496,"2026-01-07 15:31:15","2026-01-07 15:31:15",A166E5,"United States","United States",N19M,,,,,,Cessna,C77R,"Cessna 177 Cardinal RG",177RG0099,,,,,,Private,,,1971,,,,0,,,,,,0,0,0,0,0,,,,,,0,0,0,0,0,GEN-C77R
27212,"2022-05-18 03:27:49","2026-01-07 15:29:41",48425C,Netherlands,Netherlands,,,,,,,,-GND,,,,,,,,,,,,,,,0,,,,,,0,0,0,0,0,Missing,,,,,0,0,0,0,0,GEN--GND
27405434,"2026-01-07 15:06:05","2026-01-07 15:06:05",0D0418,Mexico,Mexico,XA-JCV,,,,,,Airbus,A320,"Airbus A320 214",3514,,,,,,Interjet,,,2008,,,,0,,,,,,0,0,0,0,0,,,,,,0,0,0,0,0,AIJ
27404966,"2026-01-07 15:00:59","2026-01-07 15:00:59",AC2814,"United States","United States",N8823R,,,,,,Downer,B14C,"Downer Bellanca 260 14-19-3",4175,,,,,,Private,,,1959,,,,0,,,,,,0,0,0,0,0,,,,,,0,0,0,0,0,GEN-B14C
27404072,"2026-01-07 14:50:32","2026-01-07 14:50:32",A51ACB,"United States","United States",N428QX,,,,,,Bombardier,DH8D,"Bombardier DHC-8 402",4160,,,,,,"ConocoPhillips Alaska",,,2007,,,,0,,,,,,0,0,0,0,0,,,,,,0,0,0,0,0,GEN-DH8D
27404008,"2026-01-07 14:49:59","2026-01-07 14:49:59",ACF82A,"United States","United States",N9349T,,,,,,Cessna,C180,"Cessna 180C",50849,,,,,,Private,,,1960,,,,0,,,,,,0,0,0,0,0,,,,,,0,0,0,0,0,GEN-C180
27401594,"2026-01-07 14:22:54","2026-01-07 14:22:54",A63CC2,"United States","United States",N5003S,,,,,,Piper,P28R,"Piper PA-28R 200 Cherokee Arrow",28R-35727,,,,,,Private,,,1970,,,,0,,,,,,0,0,0,0,0,,,,,,0,0,0,0,0,GEN-P28R
27401388,"2026-01-07 14:20:27","2026-01-07 14:20:27",0D8271,Venezuela,Venezuela,YV616T,,,,,,Cessna,C560,"Cessna Citation V",560-0103,,,,,,Corporate,,,,,,,0,,,,,,0,0,0,0,0,,,,,,0,0,0,0,0,GEN-C560
27400544,"2026-01-07 14:11:25","2026-01-07 14:11:25",A223B4,"United States","United States",N237NG,,,,,,Pilatus,PC12,"Pilatus PC-XII 47E",1237,,,,,,"FB Leasing LLC",,,2010,,,,0,,,,,,0,0,0,0,0,,,,,,0,0,0,0,0,GEN-PC12
27399908,"2026-01-07 14:03:55","2026-01-07 14:03:55",A051B1,"United States","United States",N12DN,,,,,,"Aero Vodochody",L29,"Aero Vodochody L-29 Delfin",892814,,,,,,Private,,,1968,,,,0,,,,,,0,0,0,0,0,,,,,,0,0,0,0,0,GEN-L29
27399369,"2026-01-07 13:57:44","2026-01-07 13:57:44",00B296,"South Africa","South Africa",ZS-TDL,,,,,,Pilatus,PC12,"Pilatus PC-XII 47E",1498,,,,,,"K2014168178 P/L",,,2014,,,,0,,,,,,0,0,0,0,0,,,,,,0,0,0,0,0,GEN-PC12
27399133,"2026-01-07 13:55:07","2026-01-07 13:55:07",A34A3A,"United States","United States",N31073,,,,,,Pioneer,ULAC,"Pioneer Flightstar",004,,,,,,Private,,,,,,,0,,,,,,0,0,0,0,0,,,,,,0,0,0,0,0,GEN-ULAC
27398102,"2026-01-07 13:43:00","2026-01-07 13:43:00",A954B1,"United States","United States",N700BK,,,,,,SOCATA,TBM7,"SOCATA TBM 700 C2",262,,,,,,"Avcorp US Registers LLC Trustee",,,2003,,,,0,,,,,,0,0,0,0,0,,,,,,0,0,0,0,0,GEN-TBM7
27396749,"2026-01-07 13:27:08","2026-01-07 13:27:08",A9706A,"United States","United States",N707V,,,,,,"Mason IRA",ZZZZ,"Mason IRA Space Jumper",001,,,,,,Private,,,,,,,0,,,,,,0,0,0,0,0,,,,,,0,0,0,0,0,GEN-ZZZZ
27396446,"2026-01-07 13:23:20","2026-01-07 13:23:20",A7FCE7,"United States","United States",N61347,,,,,,Cameron,BALL,"Cameron N-65 Hot Air Balloon",5551,,,,,,Private,,,,,,,0,,,,,,0,0,0,0,0,,,,,,0,0,0,0,0,GEN-BALL
27396418,"2026-01-07 13:22:59","2026-01-07 13:22:59",404517,"United Kingdom","United Kingdom",G-BZUD,,,,,,Lindstrand,BALL,"Lindstrand LBL.105A Hot Air Balloon",780,,,,,,Private,,,2001,,,,0,,,,,,0,0,0,0,0,,,,,,0,0,0,0,0,GEN-BALL
27396108,"2026-01-07 13:19:40","2026-01-07 13:19:40",0D0254,Mexico,Mexico,XA-TYK,,,,,,"Raytheon Aircraft Company",H25B,"Raytheon Aircraft Company 125 800XP",258597,,,,,,"Aerolineas Ejecutivas SA",,,,,,,0,,,,,,0,0,0,0,0,,,,,,0,0,0,0,0,LET
27396093,"2026-01-07 13:19:28","2026-01-07 13:19:28",A58FE1,"United States","United States",N458AN,,,,,,Boeing,B733,"Boeing 737 33A",27458,,,,,,"Boliviana de Aviacion",,,1997,,,,0,,,,,,0,0,0,0,0,,,,,,0,0,0,0,0,GEN-B733
27395885,"2026-01-07 13:17:04","2026-01-07 13:17:04",A41A72,"United States","United States",N36344,,,,,,Taylorcraft,TAYB,"Taylorcraft BF-65 12-65",3283,,,,,,Private,,,1941,,,,0,,,,,,0,0,0,0,0,,,,,,0,0,0,0,0,GEN-TAYB
27395773,"2026-01-07 13:15:42","2026-01-07 13:15:42",A36107,"United States","United States",N317CQ,,,,,,"Raytheon Aircraft Company",H25B,"Raytheon Aircraft Company 125 800XP",258532,,,,,,"DuPage Aerospace Corporation",,,,,,,0,,,,,,0,0,0,0,0,,,,,,0,0,0,0,0,GEN-H25B
27395265,"2026-01-07 13:09:50","2026-01-07 13:09:50",A062EB,"United States","United States",N124DT,,,,,,Grumman,GLF3,"Grumman GIII",390,,,,,,Private,,,1983,,,,0,,,,,,0,0,0,0,0,,,,,,0,0,0,0,0,GEN-GLF3
27394840,"2026-01-07 13:04:29","2026-01-07 13:04:29",A0D848,"United States","United States",N1534R,,,,,,"American Aviation",AA1,"American Aviation AA-1B",AA1B-0654,,,,,,Private,,,1976,,,,0,,,,,,0,0,0,0,0,,,,,,0,0,0,0,0,GEN-AA1
27394567,"2026-01-07 13:01:31","2026-01-07 13:01:31",A4D49E,"United States","United States",N410FA,,,,,,Bombardier,CL30,"Bombardier Challenger 300",20350,,,,,,"FA Flyer C1 LLC",,,2011,,,,0,,,,,,0,0,0,0,0,,,,,,0,0,0,0,0,GEN-CL30
27394555,"2026-01-07 13:01:20","2026-01-07 13:01:20",AA7055,"United States","United States",N7719D,,,,,,Piper,PA22,"Piper PA-22 150 Tri-Pacer",22-5393,,,,,,Private,,,,,,,0,,,,,,0,0,0,0,0,,,,,,0,0,0,0,0,GEN-PA22
27394263,"2026-01-07 12:58:17","2026-01-07 12:58:17",C09542,Canada,Canada,C-IENP,,,,,,Birdman,ULAC,"Birdman Chinook",857,,,,,,Private,,,,,,,0,,,,,,0,0,0,0,0,,,,,,0,0,0,0,0,GEN-ULAC
27393725,"2026-01-07 12:51:30","2026-01-07 12:51:30",A4BF22,"United States","United States",N4049T,,,,,,"Balloon Works",BALL,"Balloon Works Firefly 7 Hot Air Balloon",7924,,,,,,Private,,,1979,,,,0,,,,,,0,0,0,0,0,,,,,,0,0,0,0,0,GEN-BALL
27393272,"2026-01-07 12:46:30","2026-01-07 12:46:30",A6AA09,"United States","United States",N5287X,,,,,,Rans,SHEK,"Rans Shekari S-16",0294003,,,,,,Private,,,1994,,,,0,,,,,,0,0,0,0,0,,,,,,0,0,0,0,0,GEN-SHEK
27392662,"2026-01-07 12:38:28","2026-01-07 12:38:28",C1E5AC,Canada,Canada,"",,,,,,"",-GND,"Ground Vehicle",,,,,,,"Vancouver Airport",,,,,,,0,,,,,,0,0,0,0,0,,,,,,0,0,0,0,0,GEN--GND
27392489,"2026-01-07 12:36:26","2026-01-07 12:36:26",A17377,"United States","United States",N193BP,,,,,,Bell,UH1,"Bell UH-1H Iroquois",9402,,,,,,Private,,,,,,,0,,,,,,0,0,0,0,0,,,,,,0,0,0,0,0,GEN-UH1
27392386,"2026-01-07 12:35:08","2026-01-07 12:35:08",A0662C,"United States","United States",N1249L,,,,,,Lake,LA4,"Lake Buccaneer LA-4-200",748,,,,,,Private,,,1976,,,,0,,,,,,0,0,0,0,0,,,,,,0,0,0,0,0,GEN-LA4
27392273,"2026-01-07 12:33:45","2026-01-07 12:33:45",76CD00,Singapore,Singapore,9V-SLL,,,,,,Airbus,A320,"Airbus A320 233",4118,,,,,,SilkAir,,,2009,,,,0,,,,,,0,0,0,0,0,,,,,,0,0,0,0,0,SLK
27392104,"2026-01-07 12:31:47","2026-01-07 12:31:47",3C490D,Germany,Germany,D-ABHM,,,,,,Airbus,A320,"Airbus A320 214",4594,,,,,,Niki,,,2011,,,,0,,,,,,0,0,0,0,0,,,,,,0,0,0,0,0,NLY
27391888,"2026-01-07 12:28:52","2026-01-07 12:28:52",3DD473,Germany,Germany,D-HARZ,,,,,,Bell,B212,"Bell 212",30598,,,,,,Private,,,,,,,0,,,,,,0,0,0,0,0,,,,,,0,0,0,0,0,GEN-B212
27390783,"2026-01-07 12:15:43","2026-01-07 12:15:43",3EE5AB,Germany,Germany,D-1300,,,,,,LET,GLID,"LET L-13 Blanik",026351,,,,,,Private,,,1975,,,,0,,,,,,0,0,0,0,0,,,,,,0,0,0,0,0,GEN-GLID
27389782,"2026-01-07 12:04:33","2026-01-07 12:04:33",A98679,"United States","United States",N71241,,,,,,Luscombe,L8,"Luscombe Silvaire 8F",2668,,,,,,Private,,,1946,,,,0,,,,,,0,0,0,0,0,,,,,,0,0,0,0,0,GEN-L8
27389771,"2026-01-07 12:04:22","2026-01-07 12:04:22",A1EC40,"United States","United States",N223BA,,,,,,Boeing,B744,"Boeing 747 412BCF",24975,,,,,,"Martinair Holland",,,1991,,,,0,,,,,,0,0,0,0,0,,,,,,0,0,0,0,0,MPH
27389739,"2026-01-07 12:04:00","2026-01-07 12:04:00",A100A4,"United States","United States",N164BA,,,,,,"De Havilland Canada",DHC6,"De Havilland Canada DHC-6 Twin Otter 200",164,,,,,,"Bouloc Skydive",,,1968,,,,0,,,,,,0,0,0,0,0,,,,,,0,0,0,0,0,GEN-DHC6
27387580,"2026-01-07 11:37:14","2026-01-07 11:37:14",ADD8B5,"United States","United States",N9910C,,,,,,Luscombe,L8,"Luscombe Silvaire 8F",S-13,,,,,,Private,,,1959,,,,0,,,,,,0,0,0,0,0,,,,,,0,0,0,0,0,GEN-L8
27386712,"2026-01-07 11:27:31","2026-01-07 11:27:31",A23451,"United States","United States",N241GE,,,,,,Boeing,B738,"Boeing 737NG 8AS/W",33547,,,,,,Ryanair,,,2003,,,,0,,,,,,0,0,0,0,0,,,,,,0,0,0,0,0,RYR
27386688,"2026-01-07 11:27:20","2026-01-07 11:27:20",A0CC49,"United States","United States",N150YD,,,,,,"Raytheon Aircraft Company",BE20,"Raytheon Aircraft Company King Air B200",BB-1561,,,,,,"555 Tango Tango LLC",,,1997,,,,0,,,,,,0,0,0,0,0,,,,,,0,0,0,0,0,GEN-BE20
9778227,"2025-04-25 20:12:08","2026-01-07 11:21:46",A538F4,"United States","United States",N43560,,,,,,Taylorcraft,TAYB,"Taylorcraft BCS-12 D",7219,,,,,,Private,,,1946,,,,0,,,,,,0,0,0,0,0,,,,,,0,0,0,0,0,GEN-TAYB
27386190,"2026-01-07 11:21:24","2026-01-07 11:21:24",3B7B77,France,France,F-ZBAB,,,,,,Reims/Cessna,F406,"Reims/Cessna F406 Caravan II",406-0025,,,,,,"French Customs",,,,,,,0,,,,,,1,0,0,0,0,,,,,,0,0,0,0,0,
27385416,"2026-01-07 11:13:05","2026-01-07 11:13:05",A4F54B,"United States","United States",N4188C,,,,,,"Raven Aerostar",BALL,"Raven Aerostar S-55A Hot Air Balloon",S55A-828,,,,,,Private,,,,,,,0,,,,,,0,0,0,0,0,,,,,,0,0,0,0,0,GEN-BALL
27385216,"2026-01-07 11:10:46","2026-01-07 11:10:46",4CA932,Ireland,Ireland,EI-SLY,,,,,,"Avions de Transport Regional",AT72,"Avions de Transport Regional ATR 72 202F",341,,,,,,"ASL Airlines Ireland",,,1992,,,,0,,,,,,0,0,0,0,0,,,,,,0,0,0,0,0,ABR
27384936,"2026-01-07 11:06:59","2026-01-07 11:06:59",E495EB,Brazil,Brazil,PR-LEJ,,,,,,Embraer,E35L,"Embraer Legacy 650",14501237,,,,,,Embraer,,,,,,,0,,,,,,0,0,0,0,0,,,,,,0,0,0,0,0,GEN-E35L
27384859,"2026-01-07 11:06:10","2026-01-07 11:06:10",A23198,"United States","United States",N240SJ,,,,,,Bell,B06,"Bell 206B Jet Ranger II",2354,,,,,,"Samaritan Air inc",,,1978,,,,0,,,,,,0,0,0,0,0,,,,,,0,0,0,0,0,GEN-B06
27384298,"2026-01-07 11:00:02","2026-01-07 11:00:02",40502D,"United Kingdom","United Kingdom",G-CEDF,,,,,,Cameron,BALL,"Cameron N-105 Hot Air Balloon",10884,,,,,,"Bailey Balloons Ltd",,,2006,,,,0,,,,,,0,0,0,0,0,,,,,,0,0,0,0,0,GEN-BALL
27384067,"2026-01-07 10:57:32","2026-01-07 10:57:32",A502FC,"United States","United States",N4219U,,,,,,Cessna,C150,"Cessna 150D",15060219,,,,,,Private,,,1963,,,,0,,,,,,0,0,0,0,0,,,,,,0,0,0,0,0,GEN-C150
27382859,"2026-01-07 10:40:52","2026-01-07 10:40:52",A2A35B,"United States","United States",N2694L,,,,,,Cessna,C172,"Cessna 172H Skyhawk",17255894,,,,,,Private,,,1967,,,,0,,,,,,0,0,0,0,0,,,,,,0,0,0,0,0,GEN-C172
27382063,"2026-01-07 10:31:06","2026-01-07 10:31:06",AD3B86,"United States","United States",N95158,,,,,,Taylorcraft,TAYB,"Taylorcraft BF",9558,,,,,,Private,,,1946,,,,0,,,,,,0,0,0,0,0,,,,,,0,0,0,0,0,GEN-TAYB
27381812,"2026-01-07 10:28:25","2026-01-07 10:28:25",40298D,"United Kingdom","United Kingdom",G-CHEM,,,,,,Piper,PA34,"Piper PA-34 200T Seneca II",34-8170032,,,,,,Private,,,1981,,,,0,,,,,,0,0,0,0,0,,,,,,0,0,0,0,0,GEN-PA34
27381657,"2026-01-07 10:26:39","2026-01-07 10:26:39",4034A8,"United Kingdom","United Kingdom",G-MWWN,,,,,,"Mainair Sports",ULAC,"Mainair Sports Gemini Flash IIA",872-1291-7-W667,,,,,,Private,,,1991,,,,0,,,,,,0,0,0,0,0,,,,,,0,0,0,0,0,GEN-ULAC
27380385,"2026-01-07 10:11:29","2026-01-07 10:11:29",40542B,"United Kingdom","United Kingdom",G-DAVZ,,,,,,Cessna,C182,"Cessna 182T Skylane",18281958,,,,,,Private,,,2007,,,,0,,,,,,0,0,0,0,0,,,,,,0,0,0,0,0,GEN-C182
27380179,"2026-01-07 10:09:20","2026-01-07 10:09:20",AC131B,"United States","United States",N8773C,,,,,,Piper,P28A,"Piper PA-28 181 Archer II",28-7690164,,,,,,Private,,,1976,,,,0,,,,,,0,0,0,0,0,,,,,,0,0,0,0,0,GEN-P28A
27379501,"2026-01-07 10:01:29","2026-01-07 10:01:29",AA8844,"United States","United States",N778RP,,,,,,"Cirrus Design",SR22,"Cirrus Design SR22 G3 GTS Turbo",3300,,,,,,Private,,,2008,,,,0,,,,,,0,0,0,0,0,,,,,,0,0,0,0,0,GEN-SR22
27379173,"2026-01-07 09:57:09","2026-01-07 09:57:09",A219D3,"United States","United States",N23406,,,,,,Robinson,R22,"Robinson R22 Beta",2173,,,,,,Private,,,,,,,0,,,,,,0,0,0,0,0,,,,,,0,0,0,0,0,GEN-R22
27378690,"2026-01-07 09:51:46","2026-01-07 09:51:46",A248DD,"United States","United States",N24610,,,,,,Piper,J3,"Piper J-3 C-65 Cub",3295,,,,,,Private,,,1939,,,,0,,,,,,0,0,0,0,0,,,,,,0,0,0,0,0,GEN-J3
27377894,"2026-01-07 09:42:01","2026-01-07 09:42:01",A2BF23,"United States","United States",N2760E,,,,,,Aeronca,CH7A,"Aeronca Champion 7AC",7AC-6343,,,,,,Private,,,1946,,,,0,,,,,,0,0,0,0,0,,,,,,0,0,0,0,0,GEN-CH7A
27377839,"2026-01-07 09:41:24","2026-01-07 09:41:24",C8175B,"New Zealand","New Zealand",ZK-SFI,,,,,,"Diamond Aircraft",DV20,"Diamond Aircraft Katana DA20-C1",C0062,,,,,,Private,,,,,,,0,,,,,,0,0,0,0,0,,,,,,0,0,0,0,0,GEN-DV20
27375419,"2026-01-07 09:13:08","2026-01-07 09:13:08",A25B16,"United States","United States",N2509E,,,,,,"General Balloon Corp",BALL,"General Balloon Corp AX.6 Hot Air Balloon",514,,,,,,Private,,,1984,,,,0,,,,,,0,0,0,0,0,,,,,,0,0,0,0,0,GEN-BALL
27375175,"2026-01-07 09:10:21","2026-01-07 09:10:21",A788C3,"United States","United States",N585CX,,,,,,Rolladen-Schneider,GLID,"Rolladen-Schneider LS4 a",4482,,,,,,Private,,,1985,,,,0,,,,,,0,0,0,0,0,,,,,,0,0,0,0,0,GEN-GLID
27374204,"2026-01-07 08:58:14","2026-01-07 08:58:14",A0C17E,"United States","United States",N148MC,,,,,,"Gulfstream Aerospace",G200,"Gulfstream Aerospace G200",175,,,,,,"Bank of America NA",,,2007,,,,0,,,,,,0,0,0,0,0,,,,,,0,0,0,0,0,GEN-G200
27373808,"2026-01-07 08:53:08","2026-01-07 08:53:08",856E90,Japan,Japan,JA4224,,,,,,Aviat,HUSK,"Aviat Husky A-1",1299,,,,,,Private,,,1995,,,,0,,,,,,0,0,0,0,0,,,,,,0,0,0,0,0,GEN-HUSK
27373038,"2026-01-07 08:44:12","2026-01-07 08:44:12",A806AD,"United States","United States",N616SW,,,,,,Boeing,B733,"Boeing 737 3H4/W",27699,,,,,,"Southwest Airlines",,,1995,,,,0,,,,,,0,0,0,0,0,,,,,,0,0,0,0,0,SWA
27371078,"2026-01-07 08:19:50","2026-01-07 08:19:50",4BE428,Turkey,Turkey,TC-YAH,,,,,,Embraer,E190,"Embraer EMB-190 LR",19000264,,,,,,BoraJet,,,2009,,,,0,,,,,,0,0,0,0,0,,,,,,0,0,0,0,0,GEN-E190
27370791,"2026-01-07 08:16:10","2026-01-07 08:16:10",A5CD18,"United States","United States",N473JS,,,,,,"Cirrus Design",SR22,"Cirrus Design SR22",4162,,,,,,Private,,,2014,,,,0,,,,,,0,0,0,0,0,,,,,,0,0,0,0,0,GEN-SR22
27370568,"2026-01-07 08:12:45","2026-01-07 08:12:45",A4BE9F,"United States","United States",N40452,,,,,,"Balloon Works",BALL,"Balloon Works Firefly 7 Hot Air Balloon",7894,,,,,,Private,,,,,,,0,,,,,,0,0,0,0,0,,,,,,0,0,0,0,0,GEN-BALL
11102,"2021-11-08 16:26:52","2026-01-07 07:47:54",C87EE8,"New Zealand","New Zealand",,,,,,,,ZZZZ,,,,,,,,,,,,,,,0,,,,,,0,0,0,0,0,Missing,,,,,0,0,0,0,0,GEN-ZZZZ
766556,"2023-10-30 20:59:55","2026-01-07 07:47:54",43BF96,"United Kingdom","United Kingdom",,,,,,,,ZANT,,,,,,,,,,,,,,,0,,,,,,0,0,0,0,0,Missing,,,,,0,0,0,0,0,ZANT
27367373,"2026-01-07 07:34:23","2026-01-07 07:34:23",ABA558,"United States","United States",N85DP,,,,,,Piccard,BALL,"Piccard AX.6 Hot Air Balloon",732,,,,,,Private,,,1975,,,,0,,,,,,0,0,0,0,0,,,,,,0,0,0,0,0,GEN-BALL
27366797,"2026-01-07 07:26:48","2026-01-07 07:26:48",A59840,"United States","United States",N46LD,,,,,,Rans,RS12,"Rans Airaile S-12XL",07960736,,,,,,Private,,,1996,,,,0,,,,,,0,0,0,0,0,,,,,,0,0,0,0,0,GEN-RS12
27365764,"2026-01-07 07:13:58","2026-01-07 07:13:58",AD8202,"United States","United States",N97HG,,,,,,"Team Rocket",TRF1,"Team Rocket F1 Rocket",3,,,,,,Private,,,,,,,0,,,,,,0,0,0,0,0,,,,,,0,0,0,0,0,GEN-TRF1
27364073,"2026-01-07 06:50:29","2026-01-07 06:50:29",A84085,"United States","United States",N6303H,,,,,,Cessna,C152,"Cessna 152",15284152,,,,,,Private,,,1979,,,,0,,,,,,0,0,0,0,0,,,,,,0,0,0,0,0,GEN-C152
27362429,"2026-01-07 06:29:26","2026-01-07 06:29:26",A2454A,"United States","United States",N24521,,,,,,Cessna,C152,"Cessna 152",15280308,,,,,,Private,,,1977,,,,0,,,,,,0,0,0,0,0,,,,,,0,0,0,0,0,GEN-C152
27362217,"2026-01-07 06:26:41","2026-01-07 06:26:41",8634AB,Japan,Japan,JA6771,,,,,,Bell,B412,"Bell 412 EP",36110,,,,,,"Japanese Police",,,,,,,0,,,,,,0,0,0,0,0,,,,,,0,0,0,0,0,GEN-B412
27362045,"2026-01-07 06:24:11","2026-01-07 06:24:11",A87E04,"United States","United States",N6461D,,,,,,Beech,BE36,"Beech Bonanza B36TC",EA-287,,,,,,Private,,,1982,,,,0,,,,,,0,0,0,0,0,,,,,,0,0,0,0,0,GEN-BE36
17912,"2022-02-16 07:49:47","2026-01-07 06:11:36",48421B,Netherlands,Netherlands,,,,,,,,-GND,,,,,,,,,,,,,,,0,,,,,,0,0,0,0,0,Missing,,,,,0,0,0,0,0,GEN--GND
27358799,"2026-01-07 05:43:26","2026-01-07 05:43:26",A48BC2,"United States","United States",N392RV,,,,,,SIAI-Marchetti,SM19,"SIAI-Marchetti SM.1019 E",012,,,,,,Private,,,,,,,0,,,,,,0,0,0,0,0,,,,,,0,0,0,0,0,GEN-SM19
27358605,"2026-01-07 05:41:07","2026-01-07 05:41:07",A4B02B,"United States","United States",N40081,,,,,,Bombardier,LJ75,"Bombardier Learjet 75",45-591,,,,,,"Learjet Inc",,,2020,,,,0,,,,,,0,0,0,0,0,,,,,,0,0,0,0,0,GEN-LJ75
27357786,"2026-01-07 05:29:56","2026-01-07 05:29:56",AA32CA,"United States","United States",N75606,,,,,,Beech,BE17,"Beech Staggerwing D17S",6907,,,,,,Private,,,,,,,0,,,,,,0,0,0,0,0,,,,,,0,0,0,0,0,GEN-BE17
27357709,"2026-01-07 05:28:49","2026-01-07 05:28:49",478768,Norway,Norway,LN-OVD,,,,,,Robinson,R44,"Robinson R44 Clipper II",11918,,,,,,"Underbakke Hangar AS",,,2007,,,,0,,,,,,0,0,0,0,0,,,,,,0,0,0,0,0,GEN-R44
27357660,"2026-01-07 05:27:59","2026-01-07 05:27:59",AAA451,"United States","United States",N785NM,,,,,,Bell,B06,"Bell OH-58A Kiowa",41181,,,,,,Private,,,,,,,0,,,,,,0,0,0,0,0,,,,,,0,0,0,0,0,GEN-B06
27354675,"2026-01-07 04:46:27","2026-01-07 04:46:27",1405EA,Russia,Russia,RA-01514,,,,,,Pilatus,PC12,"Pilatus PC-XII 45",607,,,,,,"Dexter Aero",,,2005,,,,0,,,,,,0,0,0,0,0,,,,,,0,0,0,0,0,GEN-PC12
27354435,"2026-01-07 04:43:07","2026-01-07 04:43:07",A973C5,"United States","United States",N708RH,,,,,,ERCO,ERCO,"Ercoupe 415-D",1707,,,,,,Private,,,1946,,,,0,,,,,,0,0,0,0,0,,,,,,0,0,0,0,0,GEN-ERCO
27353674,"2026-01-07 04:31:57","2026-01-07 04:31:57",A2F961,"United States","United States",N291BY,,,,,,"Textron Aviation",BE20,"Textron Aviation King Air 200GT",BY-291,,,,,,"Textron Aviation Inc",,,,,,,0,,,,,,0,0,0,0,0,,,,,,0,0,0,0,0,GEN-BE20
27353044,"2026-01-07 04:23:32","2026-01-07 04:23:32",A11B21,"United States","United States",N170W,,,,,,Cessna,C170,"Cessna 170B",25596,,,,,,Private,,,1953,,,,0,,,,,,0,0,0,0,0,,,,,,0,0,0,0,0,GEN-C170
27351601,"2026-01-07 04:03:14","2026-01-07 04:03:14",3F2A2A,Germany,Germany,D-OBWK,,,,,,Cameron,BALL,"Cameron A-160 Hot Air Balloon",4201,,,,,,Private,,,1998,,,,0,,,,,,0,0,0,0,0,,,,,,0,0,0,0,0,GEN-BALL
27351241,"2026-01-07 03:56:51","2026-01-07 03:56:51",A05007,"United States","United States",N1190N,,,,,,Culver,CUCA,"Culver Cadet LFA",396,,,,,,Private,,,,,,,0,,,,,,0,0,0,0,0,,,,,,0,0,0,0,0,GEN-CUCA
27350892,"2026-01-07 03:50:30","2026-01-07 03:50:30",404716,"United Kingdom","United Kingdom",G-CBMW,,,,,,"Zénith",CH70,"Zénith Zenair STOL CH 701","PFA 187-13788",,,,,,Private,,,,,,,0,,,,,,0,0,0,0,0,,,,,,0,0,0,0,0,GEN-CH70
27350354,"2026-01-07 03:40:01","2026-01-07 03:40:01",A497FC,"United States","United States",N3952B,,,,,,"De Havilland Canada",DH3T,"De Havilland Canada DHC-3 Otter (Turbo)",225,,,,,,"Taquan Air",,,1957,,,,0,,,,,,0,0,0,0,0,,,,,,0,0,0,0,0,GEN-DH3T
27350056,"2026-01-07 03:33:52","2026-01-07 03:33:52",A692FC,"United States","United States",N5222B,,,,,,Cessna,C152,"Cessna 152",15283808,,,,,,Private,,,1979,,,,0,,,,,,0,0,0,0,0,,,,,,0,0,0,0,0,GEN-C152
27349700,"2026-01-07 03:27:27","2026-01-07 03:27:27",AC0C8C,"United States","United States",N8759R,,,,,,"Amateur Built",GYRO,"Amateur Built Bensen Gyrocopter B.8M",BLR-1,,,,,,Private,,,1964,,,,0,,,,,,0,0,0,0,0,,,,,,0,0,0,0,0,GEN-GYRO
27348788,"2026-01-07 03:07:36","2026-01-07 03:07:36",AA65D8,"United States","United States",N76937,,,,,,Cessna,C140,"Cessna 140",11379,,,,,,Private,,,1946,,,,0,,,,,,0,0,0,0,0,,,,,,0,0,0,0,0,GEN-C140
27348789,"2026-01-07 03:07:36","2026-01-07 03:07:36",3EE2A6,Germany,Germany,D-0527,,,,,,Glasflugel,GLID,"Glasflugel H205 Club Libelle",109,,,,,,Private,,,1975,,,,0,,,,,,0,0,0,0,0,,,,,,0,0,0,0,0,GEN-GLID
27348474,"2026-01-07 03:00:44","2026-01-07 03:00:44",AD6B13,"United States","United States",N964AS,,,,,,"McDonnell Douglas",MD83,"McDonnell Douglas DC-9 83SF",53078,,,,,,"Everts Air Cargo",,,1992,,,,0,,,,,,0,0,0,0,0,,,,,,0,0,0,0,0,VTS
27348206,"2026-01-07 02:57:06","2026-01-07 02:57:06",A051C1,"United States","United States",N12ED,,,,,,Cessna,C414,"Cessna 414",414-0521,,,,,,Private,,,1974,,,,0,,,,,,0,0,0,0,0,,,,,,0,0,0,0,0,GEN-C414
27347937,"2026-01-07 02:53:33","2026-01-07 02:53:33",7BF00B,China,China,B-2060,,,,,,Boeing,B772,"Boeing 777 2J6",29154,,,,,,"Air China",,,1998,,,,0,,,,,,0,0,0,0,0,,,,,,0,0,0,0,0,CCA
27347205,"2026-01-07 02:43:15","2026-01-07 02:43:15",A36C9F,"United States","United States",N32GT,,,,,,Bell,B06,"Bell 206L Long Ranger",45663,,,,,,Private,,,,,,,0,,,,,,0,0,0,0,0,,,,,,0,0,0,0,0,GEN-B06
27346713,"2026-01-07 02:36:47","2026-01-07 02:36:47",C05BB9,Canada,Canada,C-GITC,,,,,,Bombardier,CL60,"Bombardier Challenger 605",5921,,,,,,"Execaire Inc",,,2012,,,,0,,,,,,0,0,0,0,0,,,,,,0,0,0,0,0,EXA
27346464,"2026-01-07 02:32:27","2026-01-07 02:32:27",AD26F7,"United States","United States",N9468W,,,,,,Piper,P28B,"Piper PA-28 235 Cherokee C",28-11193,,,,,,Private,,,1969,,,,0,,,,,,0,0,0,0,0,,,,,,0,0,0,0,0,GEN-P28B
27346018,"2026-01-07 02:26:30","2026-01-07 02:26:30",A34508,"United States","United States",N31FU,,,,,,Cessna,C310,"Cessna 310R Turbo",310R-1836,,,,,,Private,,,1979,,,,0,,,,,,0,0,0,0,0,,,,,,0,0,0,0,0,GEN-C310
27345069,"2026-01-07 02:12:34","2026-01-07 02:12:34",A75D45,"United States","United States",N574A,,,,,,"Amateur Built",GYRO,"Amateur Built Bensen Gyrocopter B.8M",JG1,,,,,,Private,,,1964,,,,0,,,,,,0,0,0,0,0,,,,,,0,0,0,0,0,GEN-GYRO
27343750,"2026-01-07 01:53:31","2026-01-07 01:53:31",4040BC,"United Kingdom","United Kingdom",G-OYES,,,,,,"Mainair Sports",ULAC,"Mainair Sports Mainair Blade 912",1186-1198-7-W989,,,,,,Private,,,1998,,,,0,,,,,,0,0,0,0,0,,,,,,0,0,0,0,0,GEN-ULAC
27341012,"2026-01-07 01:14:22","2026-01-07 01:14:22",852316,Japan,Japan,JA3622,,,,,,Fuji,SUBA,"Fuji FA-200 180 Aero Subaru",169,,,,,,Private,,,,,,,0,,,,,,0,0,0,0,0,,,,,,0,0,0,0,0,GEN-SUBA
27340997,"2026-01-07 01:14:06","2026-01-07 01:14:06",43E8BE,"Isle of Man","Isle of Man",M-BTLT,,,,,,Bombardier,CL30,"Bombardier Challenger 300",20042,,,,,,"Bombardier Transportation GmbH",,,2005,,,,0,,,,,,0,0,0,0,0,,,,,,0,0,0,0,0,GEN-CL30
27340310,"2026-01-07 01:04:50","2026-01-07 01:04:50",A31D7A,"United States","United States",N30FD,,,,,,Agusta,A109,"Agusta A.109 C",7672,,,,,,Private,,,,,,,0,,,,,,0,0,0,0,0,,,,,,0,0,0,0,0,GEN-A109
27339376,"2026-01-07 00:52:46","2026-01-07 00:52:46",0DE481,Venezuela,Venezuela,91-0465,,,,,,"General Dynamics",F16,"General Dynamics F-16DJ Fighting Falcon",CD-20,,,,,,"United States Air Force",,,,,,,0,,,,,,1,0,0,0,0,,,,,,0,0,0,0,0,
27338964,"2026-01-07 00:45:29","2026-01-07 00:45:29",A449D7,"United States","United States",N3758J,,,,,,Cessna,C150,"Cessna 150G",15065058,,,,,,Private,,,,,,,0,,,,,,0,0,0,0,0,,,,,,0,0,0,0,0,GEN-C150
27338143,"2026-01-07 00:33:30","2026-01-07 00:33:30",A7FD95,"United States","United States",N61396,,,,,,Piper,PA31,"Piper PA-31 350 Navajo Chieftain",31-7552111,,,,,,Private,,,1975,,,,0,,,,,,0,0,0,0,0,,,,,,0,0,0,0,0,GEN-PA31
27337688,"2026-01-07 00:27:07","2026-01-07 00:27:07",A08E14,"United States","United States",N135DE,,,,,,Gates,LJ35,"Gates Learjet 35 A",35A-667,,,,,,"Guardian Flight LLC",,,,,,,0,,,,,,0,0,0,0,0,,,,,,0,0,0,0,0,GEN-LJ35
27337629,"2026-01-07 00:26:11","2026-01-07 00:26:11",A63B14,"United States","United States",N500MS,,,,,,Beech,BE9L,"Beech King Air E90",LW-123,,,,,,"Mile Hi Skydivers Inc",,,,,,,0,,,,,,0,0,0,0,0,,,,,,0,0,0,0,0,GEN-BE9L
4469120,"2024-09-01 09:41:22","2026-01-07 00:22:57",392263,France,France,F-GITD,,,,,,Boeing,B744,"Boeing 747 428",25600,,,,,,"Air France",,,1992,,,,0,,,,,,0,0,0,0,0,,,,,,0,0,0,0,0,GEN-B744
27337028,"2026-01-07 00:16:59","2026-01-07 00:16:59",79A02A,China,China,B-2205,,,,,,Airbus,A320,"Airbus A320 214",984,,,,,,"China Eastern Airlines",,,1999,,,,0,,,,,,0,0,0,0,0,,,,,,0,0,0,0,0,CES
27336677,"2026-01-07 00:12:40","2026-01-07 00:12:40",A65B17,"United States","United States",N50879,,,,,,Ryan,PT22,"Ryan Recruit ST3-KR",1735,,,,,,Private,,,1942,,,,0,,,,,,0,0,0,0,0,,,,,,0,0,0,0,0,GEN-PT22
29219,"2022-08-30 09:24:20","2026-01-07 00:01:50",000005,"Not Allocated","Not Allocated",,,,,,,,UAV,,,,,,,,,,,,,,,0,,,,,,0,0,0,0,0,Missing,,,,,0,0,0,0,0,GEN-UAV
27335853,"2026-01-07 00:00:38","2026-01-07 00:00:38",A1389B,"United States","United States",N178TN,,,,,,Mooney,M20T,"Mooney M.20TN Acclaim",31-0078,,,,,,Private,,,,,,,0,,,,,,0,0,0,0,0,,,,,,0,0,0,0,0,GEN-M20T
