AircraftID,FirstCreated,LastModified,ModeS,ModeSCountry,Country,Registration,CurrentRegDate,PreviousID,FirstRegDate,Status,DeRegDate,Manufacturer,ICAOTypeCode,Type,SerialNo,PopularName,GenericName,AircraftClass,Engines,OwnershipStatus,RegisteredOwners,MTOW,TotalHours,YearBuilt,CofACategory,CofAExpiry,UserNotes,Interested,UserTag,InfoURL,PictureURL1,PictureURL2,PictureURL3,UserBool1,UserBool2,UserBool3,UserBool4,UserBool5,UserString1,UserString2,UserString3,UserString4,UserString5,UserInt1,UserInt2,UserInt3,UserInt4,UserInt5,OperatorFlagCode
28919262,"2026-01-20 23:51:36","2026-01-20 23:51:36",AB95F5,"United States","United States",N84580,,,,,,Aeronca,CH7A,"Aeronca Champion 7AC",7AC-3289,,,,,,Private,,,1946,,,,0,,,,,,0,0,0,0,0,,,,,,0,0,0,0,0,GEN-CH7A
28919113,"2026-01-20 23:49:23","2026-01-20 23:49:23",AC9182,"United States","United States",N909KF,,,,,,"Ted Smith",AEST,"Ted Smith Aerostar 601P",61P-0484-196,,,,,,Private,,,1978,,,,0,,,,,,0,0,0,0,0,,,,,,0,0,0,0,0,GEN-AEST
28917442,"2026-01-20 23:27:02","2026-01-20 23:27:02",A01818,"United States","United States",N105JJ,,,,,,Janowski,GLID,"Janowski J-6 Fregata",005,,,,,,Private,,,,,,,0,,,,,,0,0,0,0,0,,,,,,0,0,0,0,0,GEN-GLID
28917416,"2026-01-20 23:26:35","2026-01-20 23:26:35",1505BF,Russia,Russia,RA-67007,,,,,,Let,L410,"Let L-410 UVP-E20",2723,,,,,,"Petropavlovsk-Kamchatsky Air Enterprise",,,,,,,0,,,,,,0,0,0,0,0,,,,,,0,0,0,0,0,PTK
28916817,"2026-01-20 23:18:25","2026-01-20 23:18:25",AD385A,"United States","United States",N95097,,,,,,Cessna,C152,"Cessna 152",15285847,,,,,,Private,,,1984,,,,0,,,,,,0,0,0,0,0,,,,,,0,0,0,0,0,GEN-C152
28916605,"2026-01-20 23:15:24","2026-01-20 23:15:24",A10F38,"United States","United States",N16780,,,,,,Bell,B06,"Bell 206L Long Ranger",45112,,,,,,Private,,,,,,,0,,,,,,0,0,0,0,0,,,,,,0,0,0,0,0,GEN-B06
28916312,"2026-01-20 23:11:26","2026-01-20 23:11:26",A41E03,"United States","United States",N36431,,,,,,Taylorcraft,TAYB,"Taylorcraft BF-65 12-65",3247,,,,,,Private,,,1941,,,,0,,,,,,0,0,0,0,0,,,,,,0,0,0,0,0,GEN-TAYB
28916247,"2026-01-20 23:10:38","2026-01-20 23:10:38",A7F1E4,"United States","United States",N61056,,,,,,Cessna,C150,"Cessna 150J",15070769,,,,,,Private,,,1969,,,,0,,,,,,0,0,0,0,0,,,,,,0,0,0,0,0,GEN-C150
28916113,"2026-01-20 23:08:38","2026-01-20 23:08:38",A1A074,"United States","United States",N20369,,,,,,Taylor-Young,TAYA,"Taylor-Young Model A",470,,,,,,Private,,,1937,,,,0,,,,,,0,0,0,0,0,,,,,,0,0,0,0,0,GEN-TAYA
28915794,"2026-01-20 23:03:47","2026-01-20 23:03:47",AAB615,"United States","United States",N79EE,,,,,,Rans,RS12,"Rans Airaile S-14",0298105,,,,,,Private,,,,,,,0,,,,,,0,0,0,0,0,,,,,,0,0,0,0,0,GEN-RS12
28915735,"2026-01-20 23:02:52","2026-01-20 23:02:52",403816,"United Kingdom","United Kingdom",G-BVDS,,,,,,Lindstrand,BALL,"Lindstrand LBL.69A Hot Air Balloon",102,,,,,,Private,,,,,,,0,,,,,,0,0,0,0,0,,,,,,0,0,0,0,0,GEN-BALL
28915547,"2026-01-20 23:00:43","2026-01-20 23:00:43",A885E1,"United States","United States",N6484K,,,,,,Cessna,C150,"Cessna 150M",15077724,,,,,,Private,,,,,,,0,,,,,,0,0,0,0,0,,,,,,0,0,0,0,0,GEN-C150
28915436,"2026-01-20 22:59:10","2026-01-20 22:59:10",A2BC9F,"United States","United States",N27587,,,,,,Taylorcraft,TAYB,"Taylorcraft BL -65",2228,,,,,,Private,,,1940,,,,0,,,,,,0,0,0,0,0,,,,,,0,0,0,0,0,GEN-TAYB
28915340,"2026-01-20 22:57:57","2026-01-20 22:57:57",3EEF37,Germany,Germany,D-3744,,,,,,Schleicher,GLID,"Schleicher ASK 13",13524,,,,,,Private,,,1975,,,,0,,,,,,0,0,0,0,0,,,,,,0,0,0,0,0,GEN-GLID
28915139,"2026-01-20 22:55:28","2026-01-20 22:55:28",0D82F6,Venezuela,Venezuela,YV3415,,,,,,Gates,LJ55,"Gates Learjet 55",55-085,,,,,,Corporate,,,,,,,0,,,,,,0,0,0,0,0,,,,,,0,0,0,0,0,GEN-LJ55
28914943,"2026-01-20 22:52:34","2026-01-20 22:52:34",A7FF77,"United States","United States",N614VB,,,,,,"Hawker Beechcraft Corp",BE20,"Hawker Beechcraft Corp King Air 200GT",BY-166,,,,,,"Rigdon Aviation LLC",,,2012,,,,0,,,,,,0,0,0,0,0,,,,,,0,0,0,0,0,GEN-BE20
28914830,"2026-01-20 22:51:07","2026-01-20 22:51:07",43E77C,"Isle of Man","Isle of Man",M-JETT,,,,,,Dassault,FA20,"Dassault Falcon 20 200",490,,,,,,"E Malamatinas & Son",,,1983,,,,0,,,,,,0,0,0,0,0,,,,,,0,0,0,0,0,GEN-FA20
28914464,"2026-01-20 22:46:06","2026-01-20 22:46:06",C016E6,Canada,Canada,CF-IRL,,,,,,Cessna,C140,"Cessna 140",11224,,,,,,Private,,,1946,,,,0,,,,,,0,0,0,0,0,,,,,,0,0,0,0,0,GEN-C140
28914270,"2026-01-20 22:43:37","2026-01-20 22:43:37",C01DB4,Canada,Canada,CF-LGL,,,,,,Cessna,C180,"Cessna 180B",50460,,,,,,Private,,,1959,,,,0,,,,,,0,0,0,0,0,,,,,,0,0,0,0,0,GEN-C180
28914122,"2026-01-20 22:41:23","2026-01-20 22:41:23",4241E7,"Cayman Islands","Cayman Islands",VP-CBT,,,,,,Dassault,F900,"Dassault Falcon 900DX",616,,,,,,"Empire Aviation Group",,,2007,,,,0,,,,,,0,0,0,0,0,,,,,,0,0,0,0,0,GEN-F900
28913559,"2026-01-20 22:33:14","2026-01-20 22:33:14",A539D7,"United States","United States",N436EL,,,,,,Monnett,SRAI,"Monnett Sonerai II",BAKER001436,,,,,,Private,,,,,,,0,,,,,,0,0,0,0,0,,,,,,0,0,0,0,0,GEN-SRAI
28913394,"2026-01-20 22:30:51","2026-01-20 22:30:51",70E059,Cambodia,Cambodia,XU-720,,,,,,Airbus,A320,"Airbus A320 232",2689,,,,,,"Sky Angkor Airlines",,,2006,,,,0,,,,,,0,0,0,0,0,,,,,,0,0,0,0,0,SWM
28913260,"2026-01-20 22:29:27","2026-01-20 22:29:27",A3AC67,"United States","United States",N336DC,,,,,,Cessna,C337,"Cessna 337G Super Skymaster",33701712,,,,,,Private,,,1976,,,,0,,,,,,0,0,0,0,0,,,,,,0,0,0,0,0,GEN-C337
28912654,"2026-01-20 22:21:25","2026-01-20 22:21:25",A6536A,"United States","United States",N5066F,,,,,,"Textron Aviation",C25B,"Textron Aviation Citation CJ3",525B0533,,,,,,"Textron Aviation Inc",,,,,,,0,,,,,,0,0,0,0,0,,,,,,0,0,0,0,0,GEN-C25B
28912461,"2026-01-20 22:18:50","2026-01-20 22:18:50",ABD33D,"United States","United States",N861H,,,,,,Bell,B06,"Bell 206L Long Ranger III",51277,,,,,,Private,,,,,,,0,,,,,,0,0,0,0,0,,,,,,0,0,0,0,0,GEN-B06
28912320,"2026-01-20 22:17:02","2026-01-20 22:17:02",40740B,"United Kingdom","United Kingdom",G-TCDR,,,,,,Airbus,A321,"Airbus A321 211SL",6615,,,,,,"Thomas Cook Airlines",,,2015,,,,0,,,,,,0,0,0,0,0,,,,,,0,0,0,0,0,TCX
28912106,"2026-01-20 22:14:10","2026-01-20 22:14:10",A6995A,"United States","United States",N524S,,,,,,Dassault,FA50,"Dassault Falcon 50",51,,,,,,"Meregrass Inc",,,1981,,,,0,,,,,,0,0,0,0,0,,,,,,0,0,0,0,0,GEN-FA50
28911917,"2026-01-20 22:11:39","2026-01-20 22:11:39",A4E5B0,"United States","United States",XB-LHF,,,,,,"Aero Commander",VO10,"Aero Commander 100 Darter",242,,,,,,Private,,,,,,,0,,,,,,0,0,0,0,0,,,,,,0,0,0,0,0,GEN-VO10
28911458,"2026-01-20 22:05:44","2026-01-20 22:05:44",4BC6B9,Turkey,Turkey,TC-QUY,,,,,,Bell,B06,"Bell 206B Jet Ranger III",4621,,,,,,Private,,,2006,,,,0,,,,,,0,0,0,0,0,,,,,,0,0,0,0,0,GEN-B06
28910351,"2026-01-20 21:50:50","2026-01-20 21:50:50",70C054,Oman,Oman,A4O-BJ,,,,,,Boeing,B738,"Boeing 737NG 81M/W",34242,,,,,,"Oman Air",,,2005,,,,0,,,,,,0,0,0,0,0,,,,,,0,0,0,0,0,OMA
28909840,"2026-01-20 21:44:54","2026-01-20 21:44:54",A3A507,"United States","United States",N334DS,,,,,,"Diamond Aircraft",DA40,"Diamond Aircraft Diamond Star DA40",40.1206,,,,,,Private,,,,,,,0,,,,,,0,0,0,0,0,,,,,,0,0,0,0,0,GEN-DA40
28909618,"2026-01-20 21:42:02","2026-01-20 21:42:02",E489E6,Brazil,Brazil,PR-RMT,,,,,,Cessna,C25B,"Cessna Citation CJ3",525B0362,,,,,,"Arm Telecomunicacoes e Servicos de Engenharia Ltda",,,,,,,0,,,,,,0,0,0,0,0,,,,,,0,0,0,0,0,GEN-C25B
28909480,"2026-01-20 21:40:09","2026-01-20 21:40:09",ABC3F4,"United States","United States",N85717,,,,,,Aeronca,CH7A,"Aeronca Champion 7AC",7AC-4464,,,,,,Private,,,1946,,,,0,,,,,,0,0,0,0,0,,,,,,0,0,0,0,0,GEN-CH7A
28908838,"2026-01-20 21:31:52","2026-01-20 21:31:52",ADE43D,"United States","United States",N99427,,,,,,ERCO,ERCO,"Ercoupe 415-C",2050,,,,,,Private,,,1946,,,,0,,,,,,0,0,0,0,0,,,,,,0,0,0,0,0,GEN-ERCO
28908324,"2026-01-20 21:25:44","2026-01-20 21:25:44",AC99FD,"United States","United States",N9107E,,,,,,Aeronca,AR11,"Aeronca Chief 11AC",11AC-740,,,,,,Private,,,1946,,,,0,,,,,,0,0,0,0,0,,,,,,0,0,0,0,0,GEN-AR11
28907762,"2026-01-20 21:18:09","2026-01-20 21:18:09",390DC3,France,France,F-GDOD,,,,,,Reims/Cessna,C152,"Reims/Cessna F152",1943,,,,,,Private,,,,,,,0,,,,,,0,0,0,0,0,,,,,,0,0,0,0,0,GEN-C152
28907416,"2026-01-20 21:14:10","2026-01-20 21:14:10",A931C5,"United States","United States",N6917L,,,,,,Cessna,C310,"Cessna 310K",310K0017,,,,,,Private,,,1965,,,,0,,,,,,0,0,0,0,0,,,,,,0,0,0,0,0,GEN-C310
28907101,"2026-01-20 21:10:14","2026-01-20 21:10:14",A807EB,"United States","United States",N61639,,,,,,Cameron,BALL,"Cameron C-80 Hot Air Balloon",6021,,,,,,Private,,,,,,,0,,,,,,0,0,0,0,0,,,,,,0,0,0,0,0,GEN-BALL
28904112,"2026-01-20 20:35:11","2026-01-20 20:35:11",AA0C95,"United States","United States",N747AK,,,,,,"Murphy Aircraft",MR35,"Murphy Aircraft SR-3500 Moose",175SR,,,,,,Private,,,2003,,,,0,,,,,,0,0,0,0,0,,,,,,0,0,0,0,0,GEN-MR35
28903754,"2026-01-20 20:31:00","2026-01-20 20:31:00",145BFD,Russia,Russia,RA-23549,,,,,,Mil,MI2,"Mil Mi-2",518747074,,,,,,BARKOL,,,,,,,0,,,,,,0,0,0,0,0,,,,,,0,0,0,0,0,GEN-MI2
28903571,"2026-01-20 20:28:57","2026-01-20 20:28:57",47A8E3,Norway,Norway,LN-NGH,,,,,,Boeing,B738,"Boeing 737NG 8JP/W",39019,,,,,,Norwegian,,,2012,,,,0,,,,,,0,0,0,0,0,,,,,,0,0,0,0,0,NOZ
28903383,"2026-01-20 20:26:44","2026-01-20 20:26:44",A83780,"United States","United States",N62882,,,,,,Cessna,C185,"Cessna 185D Skywagon",185-0784,,,,,,Private,,,1964,,,,0,,,,,,0,0,0,0,0,,,,,,0,0,0,0,0,GEN-C185
28903181,"2026-01-20 20:24:39","2026-01-20 20:24:39",48594F,Netherlands,Netherlands,PH-1605,,,,,,Aeromere,GLID,"Aeromere M-100 S Srs 3",29,,,,,,Private,,,1962,,,,0,,,,,,0,0,0,0,0,,,,,,0,0,0,0,0,GEN-GLID
28902345,"2026-01-20 20:14:38","2026-01-20 20:14:38",A3FE78,"United States","United States",N3567V,,,,,,Cessna,C150,"Cessna 150M",15076549,,,,,,Private,,,,,,,0,,,,,,0,0,0,0,0,,,,,,0,0,0,0,0,GEN-C150
28901563,"2026-01-20 20:05:10","2026-01-20 20:05:10",A7C851,"United States","United States",N600LZ,,,,,,PZL-Bielsko,GLID,"PZL-Bielsko SZD-38A Jantar 1",B-669,,,,,,Private,,,,,,,0,,,,,,0,0,0,0,0,,,,,,0,0,0,0,0,GEN-GLID
28900115,"2026-01-20 19:46:14","2026-01-20 19:46:14",44EA55,Belgium,Belgium,OO-ZRU,,,,,,Schleicher,GLID,"Schleicher K 8 B",8438/GV,,,,,,Private,,,,,,,0,,,,,,0,0,0,0,0,,,,,,0,0,0,0,0,GEN-GLID
28900014,"2026-01-20 19:45:07","2026-01-20 19:45:07",A84235,"United States","United States",N631HU,,,,,,Thorp,T18,"Thorp S-18",IHU,,,,,,Private,,,,,,,0,,,,,,0,0,0,0,0,,,,,,0,0,0,0,0,GEN-T18
28899871,"2026-01-20 19:43:27","2026-01-20 19:43:27",344401,Spain,Spain,ZM401,,,,,,"Airbus Military",A400,"Airbus Military A400M Atlas C.1",016,,,,,,"Royal Air Force",,,2014,,,,0,,,,,,1,0,0,0,0,,,,,,0,0,0,0,0,RRR
28899221,"2026-01-20 19:35:15","2026-01-20 19:35:15",A9D398,"United States","United States",N732MM,,,,,,Cessna,C210,"Cessna 210M Centurion",21061620,,,,,,Private,,,1976,,,,0,,,,,,0,0,0,0,0,,,,,,0,0,0,0,0,GEN-C210
28898463,"2026-01-20 19:26:28","2026-01-20 19:26:28",4073E8,"United Kingdom","United Kingdom",G-CKKL,,,,,,Boeing,B789,"Boeing 787 9",63311,,,,,,"Norwegian Air UK",,,2017,,,,0,,,,,,0,0,0,0,0,,,,,,0,0,0,0,0,NRS
28895033,"2026-01-20 18:43:14","2026-01-20 18:43:14",A475C0,"United States","United States",N387ES,,,,,,Cessna,C172,"Cessna 172R Skyhawk",17280113,,,,,,Private,,,1997,,,,0,,,,,,0,0,0,0,0,,,,,,0,0,0,0,0,GEN-C172
28894214,"2026-01-20 18:33:21","2026-01-20 18:33:21",A4F885,"United States","United States",N4194T,,,,,,"Raven Aerostar",BALL,"Raven Aerostar S-55A Hot Air Balloon",S55A-917,,,,,,Private,,,,,,,0,,,,,,0,0,0,0,0,,,,,,0,0,0,0,0,GEN-BALL
28893991,"2026-01-20 18:30:26","2026-01-20 18:30:26",A94A2D,"United States","United States",N698TX,,,,,,"Raytheon Aircraft Company",H25B,"Raytheon Aircraft Company 125 800XP",258698,,,,,,"Textron Aviation Inc",,,,,,,0,,,,,,0,0,0,0,0,,,,,,0,0,0,0,0,GEN-H25B
28893758,"2026-01-20 18:27:50","2026-01-20 18:27:50",A17B27,"United States","United States",N195EE,,,,,,Embraer,E50P,"Embraer Phenom 100",50000395,,,,,,"Air Grace LLC",,,2018,,,,0,,,,,,0,0,0,0,0,,,,,,0,0,0,0,0,GEN-E50P
28893566,"2026-01-20 18:25:40","2026-01-20 18:25:40",C08A07,Canada,Canada,C-IAHA,,,,,,Eipper,ULAC,"Eipper Quicksilver",TC010801,,,,,,Private,,,,,,,0,,,,,,0,0,0,0,0,,,,,,0,0,0,0,0,GEN-ULAC
28893117,"2026-01-20 18:21:13","2026-01-20 18:21:13",42447D,"United Kingdom","United Kingdom",VQ-BXY,,,,,,Boeing,B38M,"Boeing 737MAX 8",44305,,,,,,"Nordstar Airlines",,,2019,,,,0,,,,,,0,0,0,0,0,,,,,,0,0,0,0,0,TYA
28891925,"2026-01-20 18:07:20","2026-01-20 18:07:20",73510B,Iran,Iran,EP-THK,,,,,,Antonov,AN26,"Antonov An-26 B",14001,,,,,,"Tehran Air",,,,,,,0,,,,,,0,0,0,0,0,,,,,,0,0,0,0,0,GEN-AN26
28891237,"2026-01-20 17:58:51","2026-01-20 17:58:51",424271,Bermuda,Bermuda,VP-BRD,,,,,,Airbus,A321,"Airbus A321 232",3120,,,,,,"Nordwind Airlines",,,2007,,,,0,,,,,,0,0,0,0,0,,,,,,0,0,0,0,0,NWS
28891166,"2026-01-20 17:58:00","2026-01-20 17:58:00",A1F835,"United States","United States",N226KJ,,,,,,Vans,RV8,"Vans RV-8",80418,,,,,,Private,,,2006,,,,0,,,,,,0,0,0,0,0,,,,,,0,0,0,0,0,GEN-RV8
28890840,"2026-01-20 17:54:32","2026-01-20 17:54:32",A31E31,"United States","United States",N30NM,,,,,,Agusta,A109,"Agusta A.109 E Power",11065,,,,,,Private,,,,,,,0,,,,,,0,0,0,0,0,,,,,,0,0,0,0,0,GEN-A109
28890767,"2026-01-20 17:53:52","2026-01-20 17:53:52",AC570C,"United States","United States",N89432,,,,,,Cessna,C152,"Cessna 152",15282742,,,,,,Private,,,1978,,,,0,,,,,,0,0,0,0,0,,,,,,0,0,0,0,0,GEN-C152
28890736,"2026-01-20 17:53:24","2026-01-20 17:53:24",A97A26,"United States","United States",N71EP,,,,,,Aeromarine,ZZZZ,"Aeromarine E-Plane",15EP001,,,,,,Private,,,,,,,0,,,,,,0,0,0,0,0,,,,,,0,0,0,0,0,GEN-ZZZZ
28890507,"2026-01-20 17:50:22","2026-01-20 17:50:22",A889E3,"United States","United States",N6496Q,,,,,,Mooney,M20P,"Mooney M.20F Executive 21",680038,,,,,,Private,,,,,,,0,,,,,,0,0,0,0,0,,,,,,0,0,0,0,0,GEN-M20P
28889877,"2026-01-20 17:42:59","2026-01-20 17:42:59",4AA1B9,Sweden,Sweden,SE-HMY,,,,,,Hughes,H269,"Hughes 269 C",1154,,,,,,Private,,,,,,,0,,,,,,0,0,0,0,0,,,,,,0,0,0,0,0,GEN-H269
28889727,"2026-01-20 17:41:19","2026-01-20 17:41:19",AB5C75,"United States","United States",N831E,,,,,,"Raytheon Aircraft Company",BE9L,"Raytheon Aircraft Company King Air C90B",LJ-1650,,,,,,"Southeast Capital Partners LLC",,,,,,,0,,,,,,0,0,0,0,0,,,,,,0,0,0,0,0,GEN-BE9L
28889319,"2026-01-20 17:36:57","2026-01-20 17:36:57",407596,"United Kingdom","United Kingdom",G-MTJN,,,,,,"Midland Ultralights",ULAC,"Midland Ultralights Sirocco 337GB",MU-020,,,,,,Private,,,1987,,,,0,,,,,,0,0,0,0,0,,,,,,0,0,0,0,0,GEN-ULAC
28889299,"2026-01-20 17:36:44","2026-01-20 17:36:44",ACF85D,"United States","United States",N935BH,,,,,,Bell,B429,"Bell 429 Global Ranger",57353,,,,,,"Bell Helicopter Textron Inc",,,,,,,0,,,,,,0,0,0,0,0,,,,,,0,0,0,0,0,GEN-B429
28888585,"2026-01-20 17:28:05","2026-01-20 17:28:05",40214F,"United Kingdom","United Kingdom",G-AYXP,,,,,,S.A.N.,D11,"S.A.N. Jodel D.117 A",693,,,,,,Private,,,1957,,,,0,,,,,,0,0,0,0,0,,,,,,0,0,0,0,0,GEN-D11
28888304,"2026-01-20 17:24:51","2026-01-20 17:24:51",A76B06,"United States","United States",N57718,,,,,,Piper,PA36,"Piper PA-36 285 Pawnee Brave",36-7660040,,,,,,Private,,,,,,,0,,,,,,0,0,0,0,0,,,,,,0,0,0,0,0,GEN-PA36
28886783,"2026-01-20 17:07:15","2026-01-20 17:07:15",A216F1,"United States","United States",YV1369,,,,,,Beech,B190,"Beech 1900 D",UE-342,,,,,,"Avior Airlines",,,1998,,,,0,,,,,,0,0,0,0,0,,,,,,0,0,0,0,0,ROI
28885700,"2026-01-20 16:54:51","2026-01-20 16:54:51",A4D8F3,"United States","United States",N411MJ,,,,,,Robinson,R22,"Robinson R22 Beta",2099,,,,,,"Volar Helicopters Inc",,,1992,,,,0,,,,,,0,0,0,0,0,,,,,,0,0,0,0,0,GEN-R22
28885561,"2026-01-20 16:53:19","2026-01-20 16:53:19",7500AB,Malaysia,Malaysia,9M-TAH,,,,,,"De Havilland Canada",DHC7,"De Havilland Canada DHC-7 110",109,,,,,,"Berjaya Air",,,1987,,,,0,,,,,,0,0,0,0,0,,,,,,0,0,0,0,0,GEN-DHC7
28885168,"2026-01-20 16:48:19","2026-01-20 16:48:19",A8ED23,"United States","United States",N6741V,,,,,,Beech,BE35,"Beech Bonanza V35B",D-10341,,,,,,Private,,,,,,,0,,,,,,0,0,0,0,0,,,,,,0,0,0,0,0,GEN-BE35
28884763,"2026-01-20 16:43:42","2026-01-20 16:43:42",4AB533,Sweden,Sweden,SE-MIS,,,,,,"Diamond Aircraft",DA42,"Diamond Aircraft Twin Star DA42 NG",42.N158,,,,,,Private,,,2014,,,,0,,,,,,0,0,0,0,0,,,,,,0,0,0,0,0,GEN-DA42
28883758,"2026-01-20 16:32:08","2026-01-20 16:32:08",440AD2,Austria,Austria,OE-ISJ,,,,,,Airbus,A320,"Airbus A320 232",2496,,,,,,"Just Us Air",,,2005,,,,0,,,,,,0,0,0,0,0,,,,,,0,0,0,0,0,GEN-A320
28883394,"2026-01-20 16:27:51","2026-01-20 16:27:51",AB8455,"United States","United States",N841HX,,,,,,Enstrom,EN28,"Enstrom Shark 280 FX",2153,,,,,,"Enstrom Helicopter Corp",,,2018,,,,0,,,,,,0,0,0,0,0,,,,,,0,0,0,0,0,GEN-EN28
28883235,"2026-01-20 16:26:05","2026-01-20 16:26:05",C0944D,Canada,Canada,C-IEEE,,,,,,"Skye Treck",ZZZZ,"Skye Treck Skyseeker Mk.III",3-0274,,,,,,Private,,,,,,,0,,,,,,0,0,0,0,0,,,,,,0,0,0,0,0,GEN-ZZZZ
28883120,"2026-01-20 16:24:48","2026-01-20 16:24:48",4B0091,Switzerland,Switzerland,HB-AFP,,,,,,"Avions de Transport Regional",AT72,"Avions de Transport Regional ATR 72 201",381,,,,,,"ASL Airlines Switzerland",,,,,,,0,,,,,,0,0,0,0,0,,,,,,0,0,0,0,0,FAT
28882612,"2026-01-20 16:18:22","2026-01-20 16:18:22",A0B685,"United States","United States",N145NX,,,,,,Pilatus,PC12,"Pilatus PC-XII 47E",1145,,,,,,"B407 LLC",,,2009,,,,0,,,,,,0,0,0,0,0,,,,,,0,0,0,0,0,GEN-PC12
28882389,"2026-01-20 16:16:02","2026-01-20 16:16:02",4BA115,Turkey,Turkey,TC-HHU,,,,,,Bell,B407,"Bell 407",54016,,,,,,Private,,,2010,,,,0,,,,,,0,0,0,0,0,,,,,,0,0,0,0,0,GEN-B407
28880981,"2026-01-20 15:59:23","2026-01-20 15:59:23",A27066,"United States","United States",N2562,,,,,,"Air Command",CMDE,"Air Command 532 Elite",0226,,,,,,Private,,,,,,,0,,,,,,0,0,0,0,0,,,,,,0,0,0,0,0,GEN-CMDE
28880710,"2026-01-20 15:56:12","2026-01-20 15:56:12",A7595F,"United States","United States",N5728Z,,,,,,"Raven Aerostar",BALL,"Raven Aerostar S-55A Hot Air Balloon",S55A-791,,,,,,Private,,,,,,,0,,,,,,0,0,0,0,0,,,,,,0,0,0,0,0,GEN-BALL
28880702,"2026-01-20 15:56:06","2026-01-20 15:56:06",390B03,France,France,F-GCYD,,,,,,Reims/Cessna,C152,"Reims/Cessna F152",1836,,,,,,Private,,,,,,,0,,,,,,0,0,0,0,0,,,,,,0,0,0,0,0,GEN-C152
28880432,"2026-01-20 15:52:51","2026-01-20 15:52:51",4738EA,Hungary,Hungary,HA-VOK,,,,,,Reims/Cessna,C152,"Reims/Cessna FA152 Aerobat",0346,,,,,,Private,,,1978,,,,0,,,,,,0,0,0,0,0,,,,,,0,0,0,0,0,GEN-C152
28879059,"2026-01-20 15:37:06","2026-01-20 15:37:06",ABA9CA,"United States","United States",N85001,,,,,,Aeronca,CH7A,"Aeronca Champion 7AC",7AC-3725,,,,,,Private,,,1946,,,,0,,,,,,0,0,0,0,0,,,,,,0,0,0,0,0,GEN-CH7A
28878500,"2026-01-20 15:30:57","2026-01-20 15:30:57",AAEC5E,"United States","United States",N8025M,,,,,,Cessna,C310,"Cessna 310I",310I-0025,,,,,,Private,,,,,,,0,,,,,,0,0,0,0,0,,,,,,0,0,0,0,0,GEN-C310
28877136,"2026-01-20 15:16:12","2026-01-20 15:16:12",008206,"South Africa","South Africa",ZS-ATH,,,,,,Let,L410,"Let L-410 UVP-E10",912530,,,,,,"Aircraft Systems South Africa",,,,,,,0,,,,,,0,0,0,0,0,,,,,,0,0,0,0,0,GEN-L410
28875945,"2026-01-20 15:02:04","2026-01-20 15:02:04",7606CF,Pakistan,Pakistan,AP-AVO,,,,,,Slingsby,GLID,"Slingsby T.21 B",651,,,,,,Private,,,,,,,0,,,,,,0,0,0,0,0,,,,,,0,0,0,0,0,GEN-GLID
28875922,"2026-01-20 15:01:53","2026-01-20 15:01:53",1505D7,Russia,Russia,RA-67031,,,,,,Let,L410,"Let L-410 UVP-E20",2815,,,,,,Orenburzhye,,,,,,,0,,,,,,0,0,0,0,0,,,,,,0,0,0,0,0,GEN-L410
28875499,"2026-01-20 14:57:32","2026-01-20 14:57:32",A33F66,"United States","United States",N3080D,,,,,,Cessna,C310,"Cessna 310",35280,,,,,,Private,,,,,,,0,,,,,,0,0,0,0,0,,,,,,0,0,0,0,0,GEN-C310
28875210,"2026-01-20 14:54:45","2026-01-20 14:54:45",AD224F,"United States","United States",N94510,,,,,,Piccard,BALL,"Piccard AX.2 Hot Air Balloon",4,,,,,,Private,,,1965,,,,0,,,,,,0,0,0,0,0,,,,,,0,0,0,0,0,GEN-BALL
28875080,"2026-01-20 14:53:26","2026-01-20 14:53:26",A05B4F,"United States","United States",XA-EGU,,,,,,Bombardier,LJ31,"Bombardier Learjet 31 A",31A-143,,,,,,Corporate,,,1997,,,,0,,,,,,0,0,0,0,0,,,,,,0,0,0,0,0,GEN-LJ31
28874750,"2026-01-20 14:49:30","2026-01-20 14:49:30",A349DB,"United States","United States",N3105C,,,,,,Briegleb,GLID,"Briegleb BG-12 A",RAP1,,,,,,Private,,,1971,,,,0,,,,,,0,0,0,0,0,,,,,,0,0,0,0,0,GEN-GLID
28874687,"2026-01-20 14:48:14","2026-01-20 14:48:14",146638,Russia,Russia,RF-26280,,,,,,Antonov,AN26,"Antonov An-26",11208,,,,,,"Russian FSB",,,,,,,0,,,,,,0,0,0,0,0,,,,,,0,0,0,0,0,GEN-AN26
28874390,"2026-01-20 14:44:53","2026-01-20 14:44:53",C07C5A,Canada,Canada,C-GVCJ,,,,,,Britten-Norman,BN2P,"Britten-Norman Islander BN-2A-26",90,,,,,,"Great River Aviation",,,1969,,,,0,,,,,,0,0,0,0,0,,,,,,0,0,0,0,0,GEN-BN2P
28873912,"2026-01-20 14:39:31","2026-01-20 14:39:31",396525,France,France,F-GZJF,,,,,,"Sud Aviation",ALO2,"Sud Aviation Alouette II SA.313B",1865,,,,,,Private,,,,,,,0,,,,,,0,0,0,0,0,,,,,,0,0,0,0,0,GEN-ALO2
28873831,"2026-01-20 14:38:36","2026-01-20 14:38:36",C812ED,"New Zealand","New Zealand",ZK-HYZ,,,,,,"MBB Kawasaki",BK17,"MBB Kawasaki BK.117 A-3",1010,,,,,,"Airwork NZ",,,1985,,,,0,,,,,,0,0,0,0,0,,,,,,0,0,0,0,0,AWK
28873558,"2026-01-20 14:36:00","2026-01-20 14:36:00",AD4AA2,"United States","United States",N95572,,,,,,Taylorcraft,TAYB,"Taylorcraft BF",7872,,,,,,Private,,,1946,,,,0,,,,,,0,0,0,0,0,,,,,,0,0,0,0,0,GEN-TAYB
28872925,"2026-01-20 14:28:33","2026-01-20 14:28:33",390A35,France,France,F-GCRV,,,,,,Robin,DR40,"Robin DR.400 120 Petit Prince",1487,,,,,,"Aero Club De Lens",,,,,,,0,,,,,,0,0,0,0,0,,,,,,0,0,0,0,0,GEN-DR40
28872829,"2026-01-20 14:27:27","2026-01-20 14:27:27",A0D0B0,"United States","United States",N1513J,,,,,,Piper,P28A,"Piper PA-28 140 Cherokee",28-23907,,,,,,Private,,,1967,,,,0,,,,,,0,0,0,0,0,,,,,,0,0,0,0,0,GEN-P28A
28872114,"2026-01-20 14:16:06","2026-01-20 14:16:06",3A19E1,French_Overseas,French_Overseas,F-OGPB,,,,,,Hughes,H269,"Hughes 269 C",76-0521,,,,,,Private,,,1976,,,,0,,,,,,0,0,0,0,0,,,,,,0,0,0,0,0,GEN-H269
28872029,"2026-01-20 14:15:11","2026-01-20 14:15:11",A31C30,"United States","United States",N3S,,,,,,Vans,RV3,"Vans RV-3",292,,,,,,Private,,,1978,,,,0,,,,,,0,0,0,0,0,,,,,,0,0,0,0,0,GEN-RV3
28871999,"2026-01-20 14:14:54","2026-01-20 14:14:54",4BA17A,Turkey,Turkey,TC-HKZ,,,,,,AgustaWestland,A119,"AgustaWestland AW.119 MkII",14732,,,,,,Private,,,2009,,,,0,,,,,,0,0,0,0,0,,,,,,0,0,0,0,0,GEN-A119
28871823,"2026-01-20 14:12:33","2026-01-20 14:12:33",AA305C,"United States","United States",N756AJ,,,,,,Cessna,C206,"Cessna U206G Stationair 6",U20603933,,,,,,Private,,,1977,,,,0,,,,,,0,0,0,0,0,,,,,,0,0,0,0,0,GEN-C206
28871392,"2026-01-20 14:07:53","2026-01-20 14:07:53",4912D3,Portugal,Portugal,CS-DVS,,,,,,Embraer,E50P,"Embraer Phenom 100",50000130,,,,,,"Valair Private Jets",,,2009,,,,0,,,,,,0,0,0,0,0,,,,,,0,0,0,0,0,VVV
28871245,"2026-01-20 14:06:04","2026-01-20 14:06:04",A68C93,"United States","United States",N5209T,,,,,,Piper,P28A,"Piper PA-28 140 Cherokee E",28-7225354,,,,,,Private,,,1972,,,,0,,,,,,0,0,0,0,0,,,,,,0,0,0,0,0,GEN-P28A
28871012,"2026-01-20 14:03:05","2026-01-20 14:03:05",A640C5,"United States","United States",N5015Y,,,,,,Bell,B06,"Bell 206B Jet Ranger III",2616,,,,,,Private,,,,,,,0,,,,,,0,0,0,0,0,,,,,,0,0,0,0,0,GEN-B06
28870968,"2026-01-20 14:02:38","2026-01-20 14:02:38",78033A,"China Macau","China Macau",B-MAG,,,,,,Airbus,A321,"Airbus A321 131",631,,,,,,"Air Macau",,,1996,,,,0,,,,,,0,0,0,0,0,,,,,,0,0,0,0,0,AMU
28870590,"2026-01-20 13:58:22","2026-01-20 13:58:22",ABB9E8,"United States","United States",N85498,,,,,,Aeronca,CH7A,"Aeronca Champion 7AC",7AC-4238,,,,,,Private,,,1946,,,,0,,,,,,0,0,0,0,0,,,,,,0,0,0,0,0,GEN-CH7A
28869660,"2026-01-20 13:47:38","2026-01-20 13:47:38",3E7D19,Germany,Germany,D-KMON,,,,,,"Sportine Aviacija",LK17,"Sportine Aviacija LAK-17 B FES",203,,,,,,Private,,,2009,,,,0,,,,,,0,0,0,0,0,,,,,,0,0,0,0,0,GEN-LK17
28869433,"2026-01-20 13:45:07","2026-01-20 13:45:07",A45305,"United States","United States",N378RL,,,,,,MBB,B105,"MBB Bo.105 S",S-550,,,,,,Private,,,1981,,,,0,,,,,,0,0,0,0,0,,,,,,0,0,0,0,0,GEN-B105
28868038,"2026-01-20 13:29:54","2026-01-20 13:29:54",A502F7,"United States","United States",N4219P,,,,,,Piper,PA23,"Piper PA-23 Apache 160",23-1713,,,,,,Private,,,1959,,,,0,,,,,,0,0,0,0,0,,,,,,0,0,0,0,0,GEN-PA23
28867700,"2026-01-20 13:25:46","2026-01-20 13:25:46",A0B0A4,"United States","United States",N1433P,,,,,,Piper,PA23,"Piper PA-23 Apache 150",23-491,,,,,,Private,,,,,,,0,,,,,,0,0,0,0,0,,,,,,0,0,0,0,0,GEN-PA23
28867393,"2026-01-20 13:22:30","2026-01-20 13:22:30",40379C,"United Kingdom","United Kingdom",G-MYKA,,,,,,"Cyclone Airsports",ULAC,"Cyclone Airsports AX3",C.3013086,,,,,,Private,,,,,,,0,,,,,,0,0,0,0,0,,,,,,0,0,0,0,0,GEN-ULAC
28866636,"2026-01-20 13:13:48","2026-01-20 13:13:48",401560,"United Kingdom","United Kingdom",G-ARNB,,,,,,"Auster Aircraft",ACAR,"Auster Aircraft Auster J/5G Autocar",3169,,,,,,Private,,,1961,,,,0,,,,,,0,0,0,0,0,,,,,,0,0,0,0,0,GEN-ACAR
28866391,"2026-01-20 13:11:10","2026-01-20 13:11:10",A187E8,"United States","United States",N198WS,,,,,,Pilatus,PC12,"Pilatus PC-XII 47E",1798,,,,,,"Pilatus Business Aircraft Ltd",,,2018,,,,0,,,,,,0,0,0,0,0,,,,,,0,0,0,0,0,GEN-PC12
28865939,"2026-01-20 13:06:11","2026-01-20 13:06:11",A3AB5F,"United States","United States",N33540,,,,,,Piper,PA32,"Piper PA-32 300 Cherokee Six",32-7540104,,,,,,Private,,,,,,,0,,,,,,0,0,0,0,0,,,,,,0,0,0,0,0,GEN-PA32
28865497,"2026-01-20 13:00:53","2026-01-20 13:00:53",710075,"Saudi Arabia","Saudi Arabia",HZ-AS13,,,,,,Airbus,A320,"Airbus A320 214",4104,,,,,,"Saudi Arabian Airlines",,,2009,,,,0,,,,,,0,0,0,0,0,,,,,,0,0,0,0,0,SVA
28865274,"2026-01-20 12:58:13","2026-01-20 12:58:13",A39D2B,"United States","United States",N3319T,,,,,,Cessna,C177,"Cessna 177 Cardinal",17700619,,,,,,Private,,,1968,,,,0,,,,,,0,0,0,0,0,,,,,,0,0,0,0,0,GEN-C177
28864234,"2026-01-20 12:45:49","2026-01-20 12:45:49",010026,Egypt,Egypt,SU-GBN,,,,,,Airbus,A342,"Airbus A340 212",159,,,,,,"Air Leisure",,,1996,,,,0,,,,,,0,0,0,0,0,,,,,,0,0,0,0,0,ALD
28863300,"2026-01-20 12:35:01","2026-01-20 12:35:01",A63D26,"United States","United States",N5006M,,,,,,Hughes,H269,"Hughes TH-55A Osage",,,,,,,Private,,,,,,,0,,,,,,0,0,0,0,0,,,,,,0,0,0,0,0,GEN-H269
28862877,"2026-01-20 12:29:54","2026-01-20 12:29:54",7100A2,"Saudi Arabia","Saudi Arabia",HZ-AEL,,,,,,Embraer,E170,"Embraer EMB-170 LR",17000152,,,,,,"Saudi Arabian Airlines",,,2006,,,,0,,,,,,0,0,0,0,0,,,,,,0,0,0,0,0,SVA
28861545,"2026-01-20 12:14:22","2026-01-20 12:14:22",AA9F2E,"United States","United States",N7838U,,,,,,Cessna,C172,"Cessna 172F Skyhawk",17251838,,,,,,Private,,,,,,,0,,,,,,0,0,0,0,0,,,,,,0,0,0,0,0,GEN-C172
28861344,"2026-01-20 12:12:08","2026-01-20 12:12:08",A5293F,"United States","United States",N4310T,,,,,,Piper,P28R,"Piper PA-28R 200 Cherokee Arrow",28R-7235005,,,,,,Private,,,1971,,,,0,,,,,,0,0,0,0,0,,,,,,0,0,0,0,0,GEN-P28R
28861194,"2026-01-20 12:10:29","2026-01-20 12:10:29",440314,Austria,Austria,OE-GFF,,,,,,Bombardier,LJ45,"Bombardier Learjet 45 XR",45-243,,,,,,"International Jet Management GmbH",,,2004,,,,0,,,,,,0,0,0,0,0,,,,,,0,0,0,0,0,IJM
28859192,"2026-01-20 11:48:10","2026-01-20 11:48:10",00A73C,"South Africa","South Africa",ZS-OVR,,,,,,"Avions de Transport Regional",AT43,"Avions de Transport Regional ATR 42 300",116,,,,,,"DHL Aviation Africa",,,1988,,,,0,,,,,,0,0,0,0,0,,,,,,0,0,0,0,0,DHV
28857347,"2026-01-20 11:27:01","2026-01-20 11:27:01",4CAA7F,Ireland,Ireland,EI-EYK,,,,,,Airbus,A306,"Airbus A300 B4-622RF",743,,,,,,"ASL Airlines Ireland",,,1994,,,,0,,,,,,0,0,0,0,0,,,,,,0,0,0,0,0,ABR
28856950,"2026-01-20 11:22:52","2026-01-20 11:22:52",4B8692,Turkey,Turkey,TC-ATR,,,,,,Airbus,A321,"Airbus A321 211",1451,,,,,,AtlasGlobal,,,2001,,,,0,,,,,,0,0,0,0,0,,,,,,0,0,0,0,0,KKK
28856353,"2026-01-20 11:15:57","2026-01-20 11:15:57",43C71F,"United Kingdom","United Kingdom",ZJ266,,,,,,Eurocopter,AS50,"Eurocopter Squirrel AS.350 HT.1",2994,,,,,,"Royal Air Force",,,1997,,,,0,,,,,,1,0,0,0,0,,,,,,0,0,0,0,0,
28856060,"2026-01-20 11:12:47","2026-01-20 11:12:47",742924,Jordan,Jordan,JY-JID,,,,,,Ilyushin,IL76,"Ilyushin IL-76 MF",20*3423808,,,,,,"Jordan International Air Cargo",,,,,,,0,,,,,,0,0,0,0,0,,,,,,0,0,0,0,0,JCI
28855391,"2026-01-20 11:04:50","2026-01-20 11:04:50",A30750,"United States","United States",N2944X,,,,,,Cessna,C177,"Cessna 177 Cardinal",17700344,,,,,,Private,,,1967,,,,0,,,,,,0,0,0,0,0,,,,,,0,0,0,0,0,GEN-C177
28855294,"2026-01-20 11:03:38","2026-01-20 11:03:38",43C409,"United Kingdom","United Kingdom",XX204,,,,,,"Hawker Siddeley",HAWK,"Hawker Siddeley Hawk T.1A",41H-312051,,,,,,"Royal Air Force",,,1978,,,,0,,,,,,1,0,0,0,0,,,,,,0,0,0,0,0,
28854947,"2026-01-20 10:59:29","2026-01-20 10:59:29",403D3E,"United Kingdom","United Kingdom",G-MZFH,,,,,,AMF,ULAC,"AMF Chevvron 2-32C",039,,,,,,Private,,,1997,,,,0,,,,,,0,0,0,0,0,,,,,,0,0,0,0,0,GEN-ULAC
28854551,"2026-01-20 10:54:56","2026-01-20 10:54:56",A7C2DC,"United States","United States",N6DD,,,,,,"Amateur Built",PTS1,"Amateur Built Pitts Special S-1C",1DD,,,,,,Private,,,1974,,,,0,,,,,,0,0,0,0,0,,,,,,0,0,0,0,0,GEN-PTS1
28854492,"2026-01-20 10:54:17","2026-01-20 10:54:17",AE1944,"United States","United States",80-0147,,,,,,Fairchild,A10,"Fairchild A-10C Thunderbolt II",A10-0497,,,,,,"United States Air Force",,,,,,,0,,,,,,1,0,0,0,0,,,,,,0,0,0,0,0,
29219,"2022-08-30 09:24:20","2026-01-20 10:54:07",000005,"Not Allocated","Not Allocated","",,,,"",,"",UAV,"","",,,,,,"",,,,,,"",0,,,,,,0,0,0,0,0,Missing,,,"","",0,0,0,0,0,GEN-UAV
28853540,"2026-01-20 10:43:55","2026-01-20 10:43:55",0B401A,Guatemala,Guatemala,TG-TRF,,,,,,"Avions de Transport Regional",AT76,"Avions de Transport Regional ATR 72 600",1199,,,,,,Avianca,,,2014,,,,0,,,,,,0,0,0,0,0,,,,,,0,0,0,0,0,AVA
28853477,"2026-01-20 10:43:09","2026-01-20 10:43:09",A5A4B5,"United States","United States",N46290,,,,,,"Weaver Aircraft Company",WACC,"Weaver Aircraft Company Waco YQC-6",4387,,,,,,Private,,,1936,,,,0,,,,,,0,0,0,0,0,,,,,,0,0,0,0,0,GEN-WACC
28853467,"2026-01-20 10:43:04","2026-01-20 10:43:04",AD48D0,"United States","United States",N955SF,,,,,,Yakovlev,YK55,"Yakovlev Yak-55 M",961009,,,,,,Private,,,1996,,,,0,,,,,,0,0,0,0,0,,,,,,0,0,0,0,0,GEN-YK55
28852228,"2026-01-20 10:28:12","2026-01-20 10:28:12",A06407,"United States","United States",N124RB,,,,,,Denney,FOX,"Denney Kitfox Srs.5",595060131,,,,,,Private,,,,,,,0,,,,,,0,0,0,0,0,,,,,,0,0,0,0,0,GEN-FOX
28851637,"2026-01-20 10:21:28","2026-01-20 10:21:28",402C8D,"United Kingdom","United Kingdom",G-BPCR,,,,,,Mooney,M20T,"Mooney M.20K Model 231",25-0532,,,,,,Private,,,1981,,,,0,,,,,,0,0,0,0,0,,,,,,0,0,0,0,0,GEN-M20T
28851569,"2026-01-20 10:20:33","2026-01-20 10:20:33",A3B9D3,"United States","United States",N33911,,,,,,Taylorcraft,TAYB,"Taylorcraft BF",2762,,,,,,Private,,,1941,,,,0,,,,,,0,0,0,0,0,,,,,,0,0,0,0,0,GEN-TAYB
28851203,"2026-01-20 10:16:51","2026-01-20 10:16:51",A61201,"United States","United States",N490VP,,,,,,Cessna,C25A,"Cessna Citation CJ2+",525A0490,,,,,,"Captive-Air Systems Inc",,,,,,,0,,,,,,0,0,0,0,0,,,,,,0,0,0,0,0,GEN-C25A
28849384,"2026-01-20 09:55:18","2026-01-20 09:55:18",A9E0A4,"United States","United States",N73549,,,,,,"Amateur Built",WOPU,"Amateur Built Woody Pusher",252,,,,,,Private,,,,,,,0,,,,,,0,0,0,0,0,,,,,,0,0,0,0,0,GEN-WOPU
28849344,"2026-01-20 09:54:46","2026-01-20 09:54:46",4B007D,Switzerland,Switzerland,HB-AEV,,,,,,Dornier,D328,"Dornier Do 328 100",3056,,,,,,"SkyWork Airlines",,,1995,,,,0,,,,,,0,0,0,0,0,,,,,,0,0,0,0,0,GEN-D328
28849175,"2026-01-20 09:52:50","2026-01-20 09:52:50",A5F858,"United States","United States",N484KB,,,,,,"Balony Kubicek",BALL,"Balony Kubicek BB 51Z Hot Air Balloon",943,,,,,,Private,,,2012,,,,0,,,,,,0,0,0,0,0,,,,,,0,0,0,0,0,GEN-BALL
28848173,"2026-01-20 09:40:57","2026-01-20 09:40:57",3EF623,Germany,Germany,D-5516,,,,,,ZSLS-Wroclaw,GLID,"ZSLS-Wroclaw SZD-48-1 Jantar Standard 2",W-897,,,,,,Private,,,1979,,,,0,,,,,,0,0,0,0,0,,,,,,0,0,0,0,0,GEN-GLID
28848033,"2026-01-20 09:39:22","2026-01-20 09:39:22",A34A6F,"United States","United States",N3109L,,,,,,Cessna,C310,"Cessna 310J",310J-0109,,,,,,Private,,,,,,,0,,,,,,0,0,0,0,0,,,,,,0,0,0,0,0,GEN-C310
28847088,"2026-01-20 09:26:46","2026-01-20 09:26:46",A363CD,"United States","United States",N3174Y,,,,,,Bell,B06,"Bell 206L Long Ranger III",51038,,,,,,Private,,,1982,,,,0,,,,,,0,0,0,0,0,,,,,,0,0,0,0,0,GEN-B06
28846924,"2026-01-20 09:25:04","2026-01-20 09:25:04",4242AB,Bermuda,Bermuda,VP-BLA,,,,,,Boeing,B772,"Boeing 777 2Q8ER",28676,,,,,,"Rossiya Russian Airlines",,,1999,,,,0,,,,,,0,0,0,0,0,,,,,,0,0,0,0,0,SDM
28845358,"2026-01-20 09:07:17","2026-01-20 09:07:17",A4A7A4,"United States","United States",N39976,,,,,,Taylorcraft,TAYB,"Taylorcraft BC-12D",6635,,,,,,Private,,,1946,,,,0,,,,,,0,0,0,0,0,,,,,,0,0,0,0,0,GEN-TAYB
28844447,"2026-01-20 08:55:38","2026-01-20 08:55:38",4026E5,"United Kingdom","United Kingdom",G-BMOT,,,,,,"Amateur Built",GYRO,"Amateur Built Bensen Gyrocopter B.8M","PFA G/01-1066",,,,,,Private,,,,,,,0,,,,,,0,0,0,0,0,,,,,,0,0,0,0,0,GEN-GYRO
28843562,"2026-01-20 08:45:26","2026-01-20 08:45:26",A425DF,"United States","United States",CC-AEM,,,,,,Eurocopter,AS50,"Eurocopter Squirrel AS.350 B3",7157,,,,,,"Ecocopter SA",,,2011,,,,0,,,,,,0,0,0,0,0,,,,,,0,0,0,0,0,GEN-AS50
28842616,"2026-01-20 08:34:33","2026-01-20 08:34:33",AE0604,"United States","United States",80-0325,,,,,,Lockheed,C130,"Lockheed C-130H Hercules",4908,,,,,,"United States Air Force",,,,,,,0,,,,,,1,0,0,0,0,,,,,,0,0,0,0,0,RCH
28842172,"2026-01-20 08:29:04","2026-01-20 08:29:04",0D0ABE,Mexico,Mexico,XA-GEN,,,,,,Embraer,E35L,"Embraer Legacy 650",14501127,,,,,,"Taxi Aereo del Norte SA",,,2011,,,,0,,,,,,0,0,0,0,0,,,,,,0,0,0,0,0,GEN-E35L
28841920,"2026-01-20 08:26:39","2026-01-20 08:26:39",881226,Thailand,Thailand,HS-DQF,,,,,,Bombardier,DH8D,"Bombardier DHC-8 402 NG",4506,,,,,,"Nok Air",,,2015,,,,0,,,,,,0,0,0,0,0,,,,,,0,0,0,0,0,NOK-DH8DHS-DQF
28841772,"2026-01-20 08:24:54","2026-01-20 08:24:54",06A023,Qatar,Qatar,A7-ADE,,,,,,Airbus,A320,"Airbus A320 232",1957,,,,,,"Qatar Airways",,,2003,,,,0,,,,,,0,0,0,0,0,,,,,,0,0,0,0,0,QTR
28841272,"2026-01-20 08:19:38","2026-01-20 08:19:38",406C58,"United Kingdom","United Kingdom",G-CIID,,,,,,"Quad City",ULAC,"Quad City Challenger II LW","PFA 177B-13983",,,,,,Private,,,2014,,,,0,,,,,,0,0,0,0,0,,,,,,0,0,0,0,0,GEN-ULAC
28841033,"2026-01-20 08:16:58","2026-01-20 08:16:58",A92D3B,"United States","United States",N6901K,,,,,,Piper,PA20,"Piper PA-20 Pacer",20-3,,,,,,Private,,,,,,,0,,,,,,0,0,0,0,0,,,,,,0,0,0,0,0,GEN-PA20
28840839,"2026-01-20 08:14:11","2026-01-20 08:14:11",A365A4,"United States","United States",N318MH,,,,,,"Zénith",CH60,"Zénith Zenair Zodiac CH 601 HD",6-7356,,,,,,Private,,,,,,,0,,,,,,0,0,0,0,0,,,,,,0,0,0,0,0,GEN-CH60
28840762,"2026-01-20 08:13:27","2026-01-20 08:13:27",4050B8,"United Kingdom","United Kingdom",G-ERTI,,,,,,"Amateur Built",ZZZZ,"Amateur Built Staaken Flitzer Z-21A","PFA 223-14166",,,,,,Private,,,2009,,,,0,,,,,,0,0,0,0,0,,,,,,0,0,0,0,0,GEN-ZZZZ
28840270,"2026-01-20 08:07:40","2026-01-20 08:07:40",AD6958,"United States","United States",N963X,,,,,,Schweizer-Grumman,G164,"Schweizer-Grumman G-164A Super Ag-Cat",477,,,,,,Private,,,1968,,,,0,,,,,,0,0,0,0,0,,,,,,0,0,0,0,0,GEN-G164
28840271,"2026-01-20 08:07:40","2026-01-20 08:07:40",A61A44,"United States","United States",N49227,,,,,,Piper,J3,"Piper J-3 C-65 Cub",2368-A,,,,,,Private,,,,,,,0,,,,,,0,0,0,0,0,,,,,,0,0,0,0,0,GEN-J3
18701,"2022-02-28 10:23:16","2026-01-20 08:07:35",480D75,Netherlands,Netherlands,,,,,,,,-GND,,,,,,,,,,,,,,,0,,,,,,1,0,0,0,0,Missing,,,,,0,0,0,0,0,GND
28837093,"2026-01-20 07:28:30","2026-01-20 07:28:30",A3596F,"United States","United States",N315AL,,,,,,"Sonex Aircraft",SONX,"Sonex Aircraft Sonex",1589,,,,,,Private,,,,,,,0,,,,,,0,0,0,0,0,,,,,,0,0,0,0,0,GEN-SONX
28836057,"2026-01-20 07:16:10","2026-01-20 07:16:10",AB0C5B,"United States","United States",N81042,,,,,,Beech,BE33,"Beech Bonanza F33A",CE-1702,,,,,,Private,,,1992,,,,0,,,,,,0,0,0,0,0,,,,,,0,0,0,0,0,GEN-BE33
28835738,"2026-01-20 07:11:58","2026-01-20 07:11:58",400A5A,"United Kingdom","United Kingdom",G-ZXZX,,,,,,Bombardier,LJ45,"Bombardier Learjet 45",45-005,,,,,,"IQ-Charter K/S",,,2001,,,,0,,,,,,0,0,0,0,0,,,,,,0,0,0,0,0,GEN-LJ45
28834965,"2026-01-20 07:02:39","2026-01-20 07:02:39",424259,Bermuda,Bermuda,VP-BMF,,,,,,Airbus,A320,"Airbus A320 214",3711,,,,,,Aeroflot,,,2008,,,,0,,,,,,0,0,0,0,0,,,,,,0,0,0,0,0,AFL
28834787,"2026-01-20 07:00:24","2026-01-20 07:00:24",44DA81,Belgium,Belgium,OO-VTA,,,,,,Piper,PA34,"Piper PA-34 220T Seneca III",34-8133049,,,,,,Private,,,,,,,0,,,,,,0,0,0,0,0,,,,,,0,0,0,0,0,GEN-PA34
28834295,"2026-01-20 06:53:52","2026-01-20 06:53:52",A5AAF6,"United States","United States",N4641D,,,,,,Beech,BE35,"Beech Bonanza G35",D-4810,,,,,,Private,,,,,,,0,,,,,,0,0,0,0,0,,,,,,0,0,0,0,0,GEN-BE35
28834115,"2026-01-20 06:51:42","2026-01-20 06:51:42",A9F540,"United States","United States",N7402Z,,,,,,Piper,PA25,"Piper PA-25 235 Pawnee B",25-3366,,,,,,Private,,,,,,,0,,,,,,0,0,0,0,0,,,,,,0,0,0,0,0,GEN-PA25
28833756,"2026-01-20 06:47:32","2026-01-20 06:47:32",A38B92,"United States","United States",N3276Y,,,,,,Rotec,ULAC,"Rotec Rally 3",64578,,,,,,Private,,,1982,,,,0,,,,,,0,0,0,0,0,,,,,,0,0,0,0,0,GEN-ULAC
28833522,"2026-01-20 06:44:18","2026-01-20 06:44:18",AA858D,"United States","United States",N7771K,,,,,,Piper,PA20,"Piper PA-20 Pacer",20-605,,,,,,Private,,,1951,,,,0,,,,,,0,0,0,0,0,,,,,,0,0,0,0,0,GEN-PA20
28833417,"2026-01-20 06:43:01","2026-01-20 06:43:01",A64F0A,"United States","United States",N5051M,,,,,,Taylorcraft,TAYB,"Taylorcraft BC-12 D",10351,,,,,,Private,,,1946,,,,0,,,,,,0,0,0,0,0,,,,,,0,0,0,0,0,GEN-TAYB
28833150,"2026-01-20 06:39:30","2026-01-20 06:39:30",78099D,China,China,B-8268,,,,,,"Gulfstream Aerospace",GLF5,"Gulfstream Aerospace G550",5387,,,,,,"China Eastern Airlines Executive Air",,,2012,,,,0,,,,,,0,0,0,0,0,,,,,,0,0,0,0,0,CES
28832826,"2026-01-20 06:35:34","2026-01-20 06:35:34",A621EF,"United States","United States",N4944Y,,,,,,Piper,PA25,"Piper PA-25 260 Pawnee C",25-4746,,,,,,Private,,,,,,,0,,,,,,0,0,0,0,0,,,,,,0,0,0,0,0,GEN-PA25
28832266,"2026-01-20 06:29:03","2026-01-20 06:29:03",75003C,Malaysia,Malaysia,9M-MQB,,,,,,Boeing,B734,"Boeing 737 4H6",26459,,,,,,"Malaysia Airlines",,,1993,,,,0,,,,,,0,0,0,0,0,,,,,,0,0,0,0,0,GEN-B734
28831805,"2026-01-20 06:23:31","2026-01-20 06:23:31",ADE46F,"United States","United States",N9944M,,,,,,Cessna,C206,"Cessna U206G Stationair 6",U20604594,,,,,,Private,,,,,,,0,,,,,,0,0,0,0,0,,,,,,0,0,0,0,0,GEN-C206
28831761,"2026-01-20 06:23:01","2026-01-20 06:23:01",76AA62,Singapore,Singapore,9V-JSB,,,,,,Airbus,A320,"Airbus A320 232",2356,,,,,,"Jetstar Asia Airways",,,2004,,,,0,,,,,,0,0,0,0,0,,,,,,0,0,0,0,0,JSA
28831733,"2026-01-20 06:22:40","2026-01-20 06:22:40",ACE33E,"United States","United States",N9299T,,,,,,Cessna,C180,"Cessna 180C",50799,,,,,,Private,,,1960,,,,0,,,,,,0,0,0,0,0,,,,,,0,0,0,0,0,GEN-C180
28831372,"2026-01-20 06:18:46","2026-01-20 06:18:46",A89CE0,"United States","United States",N654PE,,,,,,Bell,B407,"Bell 407 GX",54453,,,,,,"Schneider Flight Services LLC",,,2013,,,,0,,,,,,0,0,0,0,0,,,,,,0,0,0,0,0,GEN-B407
28831188,"2026-01-20 06:16:23","2026-01-20 06:16:23",4247D9,"Cayman Islands","Cayman Islands",VP-CMS,,,,,,Airbus,A320,"Airbus A320 232",1895,,,,,,"Qatar Airways",,,2002,,,,0,,,,,,0,0,0,0,0,,,,,,0,0,0,0,0,QTR
28830691,"2026-01-20 06:09:34","2026-01-20 06:09:34",C049A3,Canada,Canada,C-GBXA,,,,,,Cessna,C180,"Cessna 180J Skywagon 180",18052601,,,,,,Private,,,1975,,,,0,,,,,,0,0,0,0,0,,,,,,0,0,0,0,0,GEN-C180
28830639,"2026-01-20 06:08:54","2026-01-20 06:08:54",A9A128,"United States","United States",N71990,,,,,,Luscombe,L8,"Luscombe Silvaire 8A",3417,,,,,,Private,,,,,,,0,,,,,,0,0,0,0,0,,,,,,0,0,0,0,0,GEN-L8
28830112,"2026-01-20 06:02:48","2026-01-20 06:02:48",A43D35,"United States","United States",N372WH,,,,,,Stoddard-Hamilton,GLAS,"Stoddard-Hamilton Glasair II",452,,,,,,Private,,,,,,,0,,,,,,0,0,0,0,0,,,,,,0,0,0,0,0,GEN-GLAS
28829949,"2026-01-20 06:00:40","2026-01-20 06:00:40",39B264,France,France,F-HMTE,,,,,,Cessna,C551,"Cessna Citation II",551-0010,,,,,,Valljet,,,,,,,0,,,,,,0,0,0,0,0,,,,,,0,0,0,0,0,GEN-C551
28829495,"2026-01-20 05:54:38","2026-01-20 05:54:38",3F049D,Germany,Germany,D-9222,,,,,,Schempp-Hirth,GLID,"Schempp-Hirth Ventus 2 ax",2,,,,,,Private,,,,,,,0,,,,,,0,0,0,0,0,,,,,,0,0,0,0,0,GEN-GLID
28829492,"2026-01-20 05:54:32","2026-01-20 05:54:32",A93864,"United States","United States",N6931P,,,,,,Piper,PA24,"Piper PA-24 180 Comanche",24-2065,,,,,,Private,,,1960,,,,0,,,,,,0,0,0,0,0,,,,,,0,0,0,0,0,GEN-PA24
28828623,"2026-01-20 05:43:25","2026-01-20 05:43:25",AC3067,"United States","United States",N885,,,,,,Dassault,F900,"Dassault Falcon 900 B",6,,,,,,"Solairus Aviation",,,1986,,,,0,,,,,,0,0,0,0,0,,,,,,0,0,0,0,0,GEN-F900
28828412,"2026-01-20 05:40:45","2026-01-20 05:40:45",4AA9EF,Sweden,Sweden,SE-JOO,,,,,,Bell,B06,"Bell 206L Long Ranger III",51230,,,,,,Private,,,,,,,0,,,,,,0,0,0,0,0,,,,,,0,0,0,0,0,GEN-B06
28827524,"2026-01-20 05:29:50","2026-01-20 05:29:50",A3A8D3,"United States","United States",N335EN,,,,,,Bombardier,DH8C,"Bombardier DHC-8 315",375,,,,,,"American Eagle",,,1994,,,,0,,,,,,0,0,0,0,0,,,,,,0,0,0,0,0,PDT
28827326,"2026-01-20 05:26:55","2026-01-20 05:26:55",A64BE3,"United States","United States",N5045R,,,,,,"Beechcraft Corp",BE20,"Beechcraft Corp King Air 200GT",BY-245,,,,,,"Beechcraft Corp",,,2015,,,,0,,,,,,0,0,0,0,0,,,,,,0,0,0,0,0,GEN-BE20
28827015,"2026-01-20 05:22:45","2026-01-20 05:22:45",AC3FFF,"United States","United States",N889HM,,,,,,"Hawker Beechcraft Corp",B350,"Hawker Beechcraft Corp King Air B350",FL-764,,,,,,"Bank of Utah Trustee",,,,,,,0,,,,,,0,0,0,0,0,,,,,,0,0,0,0,0,GEN-B350
28826986,"2026-01-20 05:22:24","2026-01-20 05:22:24",ADC418,"United States","United States",N9862M,,,,,,Maule,M4,"Maule M-4 210C  Rocket",1041C,,,,,,Private,,,,,,,0,,,,,,0,0,0,0,0,,,,,,0,0,0,0,0,GEN-M4
28826962,"2026-01-20 05:22:08","2026-01-20 05:22:08",A70AC3,"United States","United States",N553CA,,,,,,DAHER-SOCATA,TBM8,"DAHER-SOCATA TBM 850",629,,,,,,"BA Aviation LLC",,,2012,,,,0,,,,,,0,0,0,0,0,,,,,,0,0,0,0,0,GEN-TBM8
28826517,"2026-01-20 05:16:03","2026-01-20 05:16:03",A88D7E,"United States","United States",N650HW,,,,,,Cessna,C650,"Cessna Citation VII",650-7077,,,,,,"Visa Investments LLC",,,,,,,0,,,,,,0,0,0,0,0,,,,,,0,0,0,0,0,GEN-C650
28826052,"2026-01-20 05:09:28","2026-01-20 05:09:28",AA3A53,"United States","United States",N7581Y,,,,,,Piper,PA30,"Piper PA-30 160 Twin Comanche",30-647,,,,,,Private,,,1964,,,,0,,,,,,0,0,0,0,0,,,,,,0,0,0,0,0,GEN-PA30
28825274,"2026-01-20 04:58:45","2026-01-20 04:58:45",C089C5,Canada,Canada,C-IAEM,,,,,,Eipper,ULAC,"Eipper Quicksilver MX",3658,,,,,,Private,,,,,,,0,,,,,,0,0,0,0,0,,,,,,0,0,0,0,0,GEN-ULAC
28822909,"2026-01-20 04:26:33","2026-01-20 04:26:33",AA3934,"United States","United States",N758QW,,,,,,Cessna,C172,"Cessna R172K Hawk XP",R1723285,,,,,,Private,,,1979,,,,0,,,,,,0,0,0,0,0,,,,,,0,0,0,0,0,GEN-C172
28822677,"2026-01-20 04:23:45","2026-01-20 04:23:45",A74A0E,"United States","United States",N569TM,,,,,,Boeing,B733,"Boeing 737 36N/W",28569,,,,,,"Star Air Cargo",,,1998,,,,0,,,,,,0,0,0,0,0,,,,,,0,0,0,0,0,BRH
28822678,"2026-01-20 04:23:45","2026-01-20 04:23:45",A37CE7,"United States","United States",N3238B,,,,,,Piper,PA22,"Piper PA-22 135 Tri-Pacer",22-2068,,,,,,Private,,,,,,,0,,,,,,0,0,0,0,0,,,,,,0,0,0,0,0,GEN-PA22
28822314,"2026-01-20 04:19:04","2026-01-20 04:19:04",780A88,China,China,B-LAS,,,,,,"Gulfstream Aerospace",GLF4,"Gulfstream Aerospace G450",4202,,,,,,"TAG Aviation Asia",,,2009,,,,0,,,,,,0,0,0,0,0,,,,,,0,0,0,0,0,GEN-GLF4
28821616,"2026-01-20 04:09:31","2026-01-20 04:09:31",A7EB6D,"United States","United States",N60928,,,,,,"Air Tractor",AT5T,"Air Tractor AT-502 B",502B-0283,,,,,,Private,,,1995,,,,0,,,,,,0,0,0,0,0,,,,,,0,0,0,0,0,GEN-AT5T
28821089,"2026-01-20 04:02:52","2026-01-20 04:02:52",A1D473,"United States","United States",N217KQ,,,,,,"Quest Aircraft Company",KODI,"Quest Aircraft Company Kodiak 100",100-0217,,,,,,"Pilot International Inc",,,2017,,,,0,,,,,,0,0,0,0,0,,,,,,0,0,0,0,0,GEN-KODI
28820546,"2026-01-20 03:55:44","2026-01-20 03:55:44",A3F4A5,"United States","United States",N354LB,,,,,,Lindstrand,BALL,"Lindstrand LBL.90A Hot Air Balloon",181,,,,,,Private,,,,,,,0,,,,,,0,0,0,0,0,,,,,,0,0,0,0,0,GEN-BALL
28819541,"2026-01-20 03:42:29","2026-01-20 03:42:29",4071D6,"United Kingdom","United Kingdom",G-EZPU,,,,,,Airbus,A320,"Airbus A320 214SL",7490,,,,,,easyJet,,,2016,,,,0,,,,,,0,0,0,0,0,,,,,,0,0,0,0,0,EZY
28819277,"2026-01-20 03:38:45","2026-01-20 03:38:45",A28866,"United States","United States",N262WG,,,,,,Stoddard-Hamilton,GLAS,"Stoddard-Hamilton Glasair",262,,,,,,Private,,,1983,,,,0,,,,,,0,0,0,0,0,,,,,,0,0,0,0,0,GEN-GLAS
28818821,"2026-01-20 03:33:03","2026-01-20 03:33:03",ACBAB8,"United States","United States",N9192,,,,,,"New Standard",D25,"New Standard D-25",132,,,,,,Private,,,1929,,,,0,,,,,,0,0,0,0,0,,,,,,0,0,0,0,0,GEN-D25
28818785,"2026-01-20 03:32:37","2026-01-20 03:32:37",402322,"United Kingdom","United Kingdom",G-THOM,,,,,,"Thunder & Colt",BALL,"Thunder & Colt AX.6-56 Hot Air Balloon",366,,,,,,Private,,,1981,,,,0,,,,,,0,0,0,0,0,,,,,,0,0,0,0,0,GEN-BALL
28817949,"2026-01-20 03:20:43","2026-01-20 03:20:43",424038,Bermuda,Bermuda,VP-BPR,,,,,,SAAB,SB20,"Saab 2000",061,,,,,,"Polet Airlines",,,1999,,,,0,,,,,,0,0,0,0,0,,,,,,0,0,0,0,0,POT
28817926,"2026-01-20 03:20:28","2026-01-20 03:20:28",A69BA4,"United States","United States",N525BK,,,,,,Bell,B525,"Bell 525 Relentless",62002,,,,,,"Bell Helicopter Textron",,,,,,,0,,,,,,0,0,0,0,0,,,,,,0,0,0,0,0,GEN-B525
28817305,"2026-01-20 03:12:11","2026-01-20 03:12:11",4051D5,"United Kingdom","United Kingdom",G-MCUB,,,,,,"Just Aircraft",ESCP,"Just Aircraft Escapade","PFA 345-14680",,,,,,Private,,,2007,,,,0,,,,,,0,0,0,0,0,,,,,,0,0,0,0,0,GEN-ESCP
28816652,"2026-01-20 03:03:32","2026-01-20 03:03:32",ACD467,"United States","United States",N9259Y,,,,,,Rans,RS12,"Rans Airaile S-12",0292176,,,,,,Private,,,,,,,0,,,,,,0,0,0,0,0,,,,,,0,0,0,0,0,GEN-RS12
28816648,"2026-01-20 03:03:27","2026-01-20 03:03:27",A6EA42,"United States","United States",N5448K,,,,,,Cessna,C172,"Cessna 172P Skyhawk",17274115,,,,,,Private,,,1980,,,,0,,,,,,0,0,0,0,0,,,,,,0,0,0,0,0,GEN-C172
28816503,"2026-01-20 03:01:38","2026-01-20 03:01:38",A4BCCE,"United States","United States",N404PM,,,,,,Bombardier,GLEX,"Bombardier Global 6000",9697,,,,,,"TVPX ARS Inc Trustee",,,2015,,,,0,,,,,,0,0,0,0,0,,,,,,0,0,0,0,0,GEN-GLEX
28816076,"2026-01-20 02:55:13","2026-01-20 02:55:13",88282B,Thailand,Thailand,HS-JAK,,,,,,Boeing,B762,"Boeing 767 2J6ER",24007,,,,,,"Jet Asia Airways",,,1988,,,,0,,,,,,0,0,0,0,0,,,,,,0,0,0,0,0,JAA
28815591,"2026-01-20 02:48:55","2026-01-20 02:48:55",A54D4C,"United States","United States",N4402S,,,,,,"Air Tractor",AT3P,"Air Tractor AT-301",301-0062,,,,,,Private,,,,,,,0,,,,,,0,0,0,0,0,,,,,,0,0,0,0,0,GEN-AT3P
28815472,"2026-01-20 02:47:22","2026-01-20 02:47:22",AA2C23,"United States","United States",N7546V,,,,,,Cessna,C77R,"Cessna 177 Cardinal RG",177RG0843,,,,,,Private,,,1976,,,,0,,,,,,0,0,0,0,0,,,,,,0,0,0,0,0,GEN-C77R
28815390,"2026-01-20 02:46:12","2026-01-20 02:46:12",A622F9,"United States","United States",N495DC,,,,,,Douglas,DC10,"Douglas DC-10 30F",47818,,,,,,"AV Cargo Airlines",,,1979,,,,0,,,,,,0,0,0,0,0,,,,,,0,0,0,0,0,SMJ
28815120,"2026-01-20 02:41:57","2026-01-20 02:41:57",A0794A,"United States","United States",N13EP,,,,,,Extra,E400,"Extra EA.400",10,,,,,,Private,,,2000,,,,0,,,,,,0,0,0,0,0,,,,,,0,0,0,0,0,GEN-E400
28814508,"2026-01-20 02:33:24","2026-01-20 02:33:24",A7AB29,"United States","United States",N59319,,,,,,Boeing,ST75,"Boeing Stearman A75N1 PT-17 Kaydet",75-1716,,,,,,Private,,,1941,,,,0,,,,,,0,0,0,0,0,,,,,,0,0,0,0,0,GEN-ST75
28814334,"2026-01-20 02:31:08","2026-01-20 02:31:08",738503,Israel,Israel,4X-AVX,,,,,,"Avions de Transport Regional",AT75,"Avions de Transport Regional ATR 72 500",656,,,,,,"Arkia Israel Airlines",,,,,,,0,,,,,,0,0,0,0,0,,,,,,0,0,0,0,0,AIZ
28813653,"2026-01-20 02:21:06","2026-01-20 02:21:06",147F1D,Russia,Russia,RA-32541,,,,,,Antonov,AN2,"Antonov An-2 R",1G104-18,,,,,,"Orenburg Airlines",,,,,,,0,,,,,,0,0,0,0,0,,,,,,0,0,0,0,0,GEN-AN2
28813449,"2026-01-20 02:18:08","2026-01-20 02:18:08",AE10D5,"United States","United States",165519,,,,,,"North American",SBR1,"North American T-39N Sabreliner",282-19,,,,,,"United States Navy",,,,,,,0,,,,,,1,0,0,0,0,,,,,,0,0,0,0,0,CNV
28813359,"2026-01-20 02:16:56","2026-01-20 02:16:56",ADDCBD,"United States","United States",N9922P,,,,,,"Flight Design",FDCT,"Flight Design CT LS",07-11-23,,,,,,Private,,,2008,,,,0,,,,,,0,0,0,0,0,,,,,,0,0,0,0,0,GEN-FDCT
28812824,"2026-01-20 02:09:45","2026-01-20 02:09:45",A682C0,"United States","United States",N5189F,,,,,,Cessna,C172,"Cessna T-41A Mescalero",17253144,,,,,,Private,,,,,,,0,,,,,,0,0,0,0,0,,,,,,0,0,0,0,0,GEN-C172
28812113,"2026-01-20 02:00:15","2026-01-20 02:00:15",42456C,Bermuda,Bermuda,VQ-BRN,,,,,,Airbus,A321,"Airbus A321 231",1843,,,,,,"Nordwind Airlines",,,2002,,,,0,,,,,,0,0,0,0,0,,,,,,0,0,0,0,0,NWS
28812072,"2026-01-20 01:59:43","2026-01-20 01:59:43",A5BF70,"United States","United States",N47H,,,,,,"Amateur Built",BIPL,"Amateur Built EAA Biplane",22830-GH,,,,,,Private,,,1972,,,,0,,,,,,0,0,0,0,0,,,,,,0,0,0,0,0,GEN-BIPL
28812032,"2026-01-20 01:59:08","2026-01-20 01:59:08",AD3EB1,"United States","United States",N95218,,,,,,Taylorcraft,TAYB,"Taylorcraft BC-12 D",9618,,,,,,Private,,,1946,,,,0,,,,,,0,0,0,0,0,,,,,,0,0,0,0,0,GEN-TAYB
28811804,"2026-01-20 01:55:23","2026-01-20 01:55:23",AA3052,"United States","United States",N756,,,,,,Aviat,HUSK,"Aviat Husky A-1B",2231,,,,,,Private,,,2003,,,,0,,,,,,0,0,0,0,0,,,,,,0,0,0,0,0,GEN-HUSK
28811609,"2026-01-20 01:53:02","2026-01-20 01:53:02",85151A,Japan,Japan,JA324J,,,,,,Boeing,B738,"Boeing 737NG 846/W",35353,,,,,,"Japan Airlines",,,2009,,,,0,,,,,,0,0,0,0,0,,,,,,0,0,0,0,0,JAL
28811587,"2026-01-20 01:52:46","2026-01-20 01:52:46",A96837,"United States","United States",N705MC,,,,,,"Thrush Aircraft",SS2T,"Thrush Aircraft Turbo Thrush S2R-T34",T34-500DC,,,,,,Private,,,,,,,0,,,,,,0,0,0,0,0,,,,,,0,0,0,0,0,GEN-SS2T
28810990,"2026-01-20 01:45:02","2026-01-20 01:45:02",A4A3F9,"United States","United States",N3988H,,,,,,ERCO,ERCO,"Ercoupe 415-D",4689,,,,,,Private,,,1947,,,,0,,,,,,0,0,0,0,0,,,,,,0,0,0,0,0,GEN-ERCO
28810879,"2026-01-20 01:43:18","2026-01-20 01:43:18",C099A0,Canada,Canada,C-IGEP,,,,,,"Air Creation",ULAC,"Air Creation Racer 447",T99042,,,,,,Private,,,1999,,,,0,,,,,,0,0,0,0,0,,,,,,0,0,0,0,0,GEN-ULAC
28810605,"2026-01-20 01:39:18","2026-01-20 01:39:18",7101C7,"Saudi Arabia","Saudi Arabia",HZ-AFT,,,,,,Dassault,F900,"Dassault Falcon 900",21,,,,,,"Saudia Special Flight Services",,,1987,,,,0,,,,,,0,0,0,0,0,,,,,,0,0,0,0,0,GEN-F900
28810587,"2026-01-20 01:39:07","2026-01-20 01:39:07",A8C4BA,"United States","United States",N664SW,,,,,,Beech,BE58,"Beech Baron 58",TH-898,,,,,,Private,,,1978,,,,0,,,,,,0,0,0,0,0,,,,,,0,0,0,0,0,GEN-BE58
28810141,"2026-01-20 01:32:40","2026-01-20 01:32:40",A76BAA,"United States","United States",N5776X,,,,,,Cessna,C320,"Cessna 320 Skyknight",320-0076,,,,,,Private,,,1962,,,,0,,,,,,0,0,0,0,0,,,,,,0,0,0,0,0,GEN-C320
28809652,"2026-01-20 01:25:43","2026-01-20 01:25:43",46D4F0,Greece,Greece,SX-UGP,,,,,,Microleve,ULAC,"Microleve Corsario",469,,,,,,Private,,,,,,,0,,,,,,0,0,0,0,0,,,,,,0,0,0,0,0,GEN-ULAC
28809099,"2026-01-20 01:18:02","2026-01-20 01:18:02",A2C798,"United States","United States",N2787Y,,,,,,"Raven Industries",BALL,"Raven Industries S-60A Hot Air Balloon",S60A-363,,,,,,Private,,,1985,,,,0,,,,,,0,0,0,0,0,,,,,,0,0,0,0,0,GEN-BALL
28808882,"2026-01-20 01:15:13","2026-01-20 01:15:13",E4882B,Brazil,Brazil,PR-AFA,,,,,,Cessna,C56X,"Cessna Citation XLS+",560-6066,,,,,,"AF Andrade Empr E Participacoes Ltda",,,2010,,,,0,,,,,,0,0,0,0,0,,,,,,0,0,0,0,0,GEN-C56X
28808082,"2026-01-20 01:03:50","2026-01-20 01:03:50",A19481,"United States","United States",N2001C,,,,,,Bombardier,GL5T,"Bombardier Global 5000",9874,,,,,,"Bombardier Aerospace Corp",,,2019,,,,0,,,,,,0,0,0,0,0,,,,,,0,0,0,0,0,GEN-GL5T
28806725,"2026-01-20 00:47:17","2026-01-20 00:47:17",A70955,"United States","United States",N5521A,,,,,,Beech,BE33,"Beech Bonanza F33A",CE-1338,,,,,,"Airline Training Center Arizona Inc",,,1989,,,,0,,,,,,0,0,0,0,0,,,,,,0,0,0,0,0,GEN-BE33
28806703,"2026-01-20 00:47:01","2026-01-20 00:47:01",00ADCB,"South Africa","South Africa",ZS-RIG,,,,,,Robinson,R22,"Robinson R22 Beta II",4067,,,,,,Private,,,2006,,,,0,,,,,,0,0,0,0,0,,,,,,0,0,0,0,0,GEN-R22
28806669,"2026-01-20 00:46:38","2026-01-20 00:46:38",AD30FF,"United States","United States",N9490R,,,,,,Snow,SS2P,"Snow S-2 A 600",1129A,,,,,,Private,,,1962,,,,0,,,,,,0,0,0,0,0,,,,,,0,0,0,0,0,GEN-SS2P
28805755,"2026-01-20 00:34:38","2026-01-20 00:34:38",E0248C,Argentina,Argentina,LV-BRL,,,,,,Beech,BE10,"Beech King Air A100",B-137,,,,,,"Aerovida SA",,,1972,,,,0,,,,,,0,0,0,0,0,,,,,,0,0,0,0,0,GEN-BE10
28805656,"2026-01-20 00:33:16","2026-01-20 00:33:16",A847BD,"United States","United States",N6321Z,,,,,,"Raven Aerostar",BALL,"Raven Aerostar S-49A Hot Air Balloon",S49A-3013,,,,,,Private,,,,,,,0,,,,,,0,0,0,0,0,,,,,,0,0,0,0,0,GEN-BALL
28805570,"2026-01-20 00:32:16","2026-01-20 00:32:16",C00B9F,Canada,Canada,CF-EKK,,,,,,Fairchild,FA24,"Fairchild F.24 W-41 Argus I",W41-324,,,,,,Private,,,,,,,0,,,,,,0,0,0,0,0,,,,,,0,0,0,0,0,GEN-FA24
28805390,"2026-01-20 00:29:40","2026-01-20 00:29:40",A94065,"United States","United States",N6955W,,,,,,Piper,P28A,"Piper PA-28 140 Cherokee",28-21147,,,,,,Private,,,1965,,,,0,,,,,,0,0,0,0,0,,,,,,0,0,0,0,0,GEN-P28A
28805339,"2026-01-20 00:29:07","2026-01-20 00:29:07",A0514C,"United States","United States",N1199Y,,,,,,Cessna,C150,"Cessna 150B",15059599,,,,,,Private,,,1962,,,,0,,,,,,0,0,0,0,0,,,,,,0,0,0,0,0,GEN-C150
28804185,"2026-01-20 00:13:24","2026-01-20 00:13:24",A4514B,"United States","United States",N3778Q,,,,,,Beech,BE35,"Beech Bonanza V35",D-8408,,,,,,Private,,,,,,,0,,,,,,0,0,0,0,0,,,,,,0,0,0,0,0,GEN-BE35
