AircraftID,FirstCreated,LastModified,ModeS,ModeSCountry,Country,Registration,CurrentRegDate,PreviousID,FirstRegDate,Status,DeRegDate,Manufacturer,ICAOTypeCode,Type,SerialNo,PopularName,GenericName,AircraftClass,Engines,OwnershipStatus,RegisteredOwners,MTOW,TotalHours,YearBuilt,CofACategory,CofAExpiry,UserNotes,Interested,UserTag,InfoURL,PictureURL1,PictureURL2,PictureURL3,UserBool1,UserBool2,UserBool3,UserBool4,UserBool5,UserString1,UserString2,UserString3,UserString4,UserString5,UserInt1,UserInt2,UserInt3,UserInt4,UserInt5,OperatorFlagCode
29758114,"2026-01-27 23:55:51","2026-01-27 23:55:51",A6AF6A,"United States","United States",N53PS,,,,,,Aviat,PTS2,"Aviat Pitts Special S-2B",5256,,,,,,Private,,,1992,,,,0,,,,,,0,0,0,0,0,,,,,,0,0,0,0,0,GEN-PTS2
29757812,"2026-01-27 23:51:41","2026-01-27 23:51:41",A4FF0F,"United States","United States",N4208,,,,,,Bowers,FB1A,"Bowers Fly Baby 1A",66-30,,,,,,Private,,,1971,,,,0,,,,,,0,0,0,0,0,,,,,,0,0,0,0,0,GEN-FB1A
29757424,"2026-01-27 23:46:08","2026-01-27 23:46:08",A9A6C6,"United States","United States",N7206R,,,,,,Beech,BE55,"Beech Baron B55",TC-1822,,,,,,Private,,,1974,,,,0,,,,,,0,0,0,0,0,,,,,,0,0,0,0,0,GEN-BE55
29757178,"2026-01-27 23:42:38","2026-01-27 23:42:38",A1207C,"United States","United States",N1719E,,,,,,Aeronca,CH7A,"Aeronca Champion 7AC",7AC-5284,,,,,,Private,,,1946,,,,0,,,,,,0,0,0,0,0,,,,,,0,0,0,0,0,GEN-CH7A
29756397,"2026-01-27 23:32:19","2026-01-27 23:32:19",A57418,"United States","United States",N450WH,,,,,,"Raytheon Aircraft Company",BE40,"Raytheon Aircraft Company 400 A",RK-119,,,,,,"Hickory Lane Corp",,,,,,,0,,,,,,0,0,0,0,0,,,,,,0,0,0,0,0,GEN-BE40
29755941,"2026-01-27 23:25:45","2026-01-27 23:25:45",A51BD0,"United States","United States",N42808,,,,,,Rans,COY2,"Rans Coyote II S-6ES",0491184,,,,,,Private,,,1991,,,,0,,,,,,0,0,0,0,0,,,,,,0,0,0,0,0,GEN-COY2
29755937,"2026-01-27 23:25:40","2026-01-27 23:25:40",C02C6C,Canada,Canada,C-FQVJ,,,,,,"Canadian Ultralight",ULAC,"Canadian Ultralight Chinook Plus 2",2105,,,,,,Private,,,,,,,0,,,,,,0,0,0,0,0,,,,,,0,0,0,0,0,GEN-ULAC
29755586,"2026-01-27 23:20:52","2026-01-27 23:20:52",A6B122,"United States","United States",N530HF,,,,,,Rotorway,EXEC,"Rotorway Exec 162F",7031,,,,,,Private,,,2010,,,,0,,,,,,0,0,0,0,0,,,,,,0,0,0,0,0,GEN-EXEC
29754934,"2026-01-27 23:12:30","2026-01-27 23:12:30",342142,Spain,Spain,EC-JHL,,,,,,Boeing,B738,"Boeing 737NG 85P/W",33976,,,,,,"Air Europa",,,2005,,,,0,,,,,,0,0,0,0,0,,,,,,0,0,0,0,0,AEA
29754257,"2026-01-27 23:04:17","2026-01-27 23:04:17",3FCAEF,Germany,Germany,D-OOHB,,,,,,"Schroeder Fire Balloons",BALL,"Schroeder Fire Balloons G40/24 Hot Air Balloon",788,,,,,,Private,,,2000,,,,0,,,,,,0,0,0,0,0,,,,,,0,0,0,0,0,GEN-BALL
29753894,"2026-01-27 22:59:35","2026-01-27 22:59:35",A3A087,"United States","United States",N33267,,,,,,Piper,J5,"Piper J-5 A Cub Cruiser",5-468,,,,,,Private,,,1941,,,,0,,,,,,0,0,0,0,0,,,,,,0,0,0,0,0,GEN-J5
29752899,"2026-01-27 22:46:04","2026-01-27 22:46:04",403CF4,"United Kingdom","United Kingdom",G-MZEL,,,,,,"Cyclone Airsports",ULAC,"Cyclone Airsports AX3",7250,,,,,,Private,,,1996,,,,0,,,,,,0,0,0,0,0,,,,,,0,0,0,0,0,GEN-ULAC
29751771,"2026-01-27 22:31:52","2026-01-27 22:31:52",A0DF61,"United States","United States",N1552A,,,,,,PZL-Bielsko,GLID,"PZL-Bielsko SZD-42-1 Jantar 2A",B-776,,,,,,Private,,,,,,,0,,,,,,0,0,0,0,0,,,,,,0,0,0,0,0,GEN-GLID
29751539,"2026-01-27 22:28:44","2026-01-27 22:28:44",A7DD2A,"United States","United States",N6057L,,,,,,"MD Helicopters",H500,"MD Helicopters 369 FF",0257FF,,,,,,Private,,,,,,,0,,,,,,0,0,0,0,0,,,,,,0,0,0,0,0,GEN-H500
29751265,"2026-01-27 22:25:02","2026-01-27 22:25:02",394AE9,France,France,F-GSXJ,,,,,,Eurocopter,EC25,"Eurocopter EC225 LP",2842,,,,,,"Wilmington Trust SP Services (Dublin) Ltd",,,2012,,,,0,,,,,,0,0,0,0,0,,,,,,0,0,0,0,0,GEN-EC25
29750769,"2026-01-27 22:18:44","2026-01-27 22:18:44",AD0FAD,"United States","United States",N9401K,,,,,,Stinson,S108,"Stinson Voyager 108-2",108-2401,,,,,,Private,,,1947,,,,0,,,,,,0,0,0,0,0,,,,,,0,0,0,0,0,GEN-S108
29749886,"2026-01-27 22:07:04","2026-01-27 22:07:04",A73357,"United States","United States",N563PC,,,,,,Douglas,DC91,"Douglas DC-9 15RC",47055,,,,,,"C & M Airways",,,1967,,,,0,,,,,,0,0,0,0,0,,,,,,0,0,0,0,0,RWG
29749850,"2026-01-27 22:06:43","2026-01-27 22:06:43",150027,Russia,Russia,RA-65575,,,,,,Tupolev,T134,"Tupolev Tu-134 A",62350,,,,,,"UT air Express",,,,,,,0,,,,,,0,0,0,0,0,,,,,,0,0,0,0,0,UTX
29749661,"2026-01-27 22:04:36","2026-01-27 22:04:36",0D031B,Mexico,Mexico,XA-GDQ,,,,,,Bombardier,CL60,"Bombardier Challenger 601 3R",5142,,,,,,"Grupo Desarrollador Qpula SA de CV",,,1993,,,,0,,,,,,0,0,0,0,0,,,,,,0,0,0,0,0,GEN-CL60
29749190,"2026-01-27 21:58:37","2026-01-27 21:58:37",A00202,"United States","United States",N10EU,,,,,,Dassault,F2TH,"Dassault Falcon 2000EX EASy",046,,,,,,"Executive Jet Management",,,2004,,,,0,,,,,,0,0,0,0,0,,,,,,0,0,0,0,0,EJM
29748929,"2026-01-27 21:55:15","2026-01-27 21:55:15",A21A6D,"United States","United States",N2345K,,,,,,Luscombe,L8,"Luscombe Silvaire 8A",5072,,,,,,Private,,,,,,,0,,,,,,0,0,0,0,0,,,,,,0,0,0,0,0,GEN-L8
29746511,"2026-01-27 21:26:03","2026-01-27 21:26:03",A0616B,"United States","United States",N12310,,,,,,Aeritalia-Fiat,G222,"Aeritalia-Fiat G.222 C-27A",4105,,,,,,"United States Department of State",,,,,,,0,,,,,,0,0,0,0,0,,,,,,0,0,0,0,0,GEN-G222
29746471,"2026-01-27 21:25:36","2026-01-27 21:25:36",39B1C4,France,France,F-HMOE,,,,,,Dassault,FA7X,"Dassault Falcon 7X",143,,,,,,"Dassault Aviation",,,2011,,,,0,,,,,,0,0,0,0,0,,,,,,0,0,0,0,0,DSO
29746168,"2026-01-27 21:21:46","2026-01-27 21:21:46",ABA641,"United States","United States",N85NX,,,,,,Pilatus,PC12,"Pilatus PC-XII NG 47E",1685,,,,,,"Pilatus Business Aircraft Ltd",,,2017,,,,0,,,,,,0,0,0,0,0,,,,,,0,0,0,0,0,GEN-PC12
29745953,"2026-01-27 21:19:04","2026-01-27 21:19:04",503C7D,Lithuania,Lithuania,LY-SPE,,,,,,Boeing,B733,"Boeing 737 31S",29055,,,,,,"Small Planet Airlines Lithuania",,,1997,,,,0,,,,,,0,0,0,0,0,,,,,,0,0,0,0,0,LLC
29745552,"2026-01-27 21:14:38","2026-01-27 21:14:38",A863D4,"United States","United States",N64KS,,,,,,"Flying K",ULAC,"Flying K Sky Raider II",SRII011,,,,,,Private,,,2000,,,,0,,,,,,0,0,0,0,0,,,,,,0,0,0,0,0,GEN-ULAC
29745284,"2026-01-27 21:11:28","2026-01-27 21:11:28",76096C,Pakistan,Pakistan,AP-BKL,,,,,,Airbus,A333,"Airbus A330 301",55,,,,,,"Shaheen Air International",,,1994,,,,0,,,,,,0,0,0,0,0,,,,,,0,0,0,0,0,SAI
29745144,"2026-01-27 21:10:05","2026-01-27 21:10:05",3C78C5,Germany,Germany,D-ANFE,,,,,,"Avions de Transport Regional",AT72,"Avions de Transport Regional ATR 72 201",272,,,,,,"Avanti Air",,,1991,,,,0,,,,,,0,0,0,0,0,,,,,,0,0,0,0,0,GEN-AT72
29744932,"2026-01-27 21:07:34","2026-01-27 21:07:34",A670B6,"United States","United States",N514EG,,,,,,Piper,PA31,"Piper PA-31 350 Navajo Chieftain",31-7405476,,,,,,Private,,,1974,,,,0,,,,,,0,0,0,0,0,,,,,,0,0,0,0,0,GEN-PA31
29744112,"2026-01-27 20:57:58","2026-01-27 20:57:58",404A83,"United Kingdom","United Kingdom",G-CCRA,,,,,,"DG Flugzeugbau",DG80,"DG Flugzeugbau DG-800B",8-308B208,,,,,,Private,,,2003,,,,0,,,,,,0,0,0,0,0,,,,,,0,0,0,0,0,GEN-DG80
29743888,"2026-01-27 20:55:26","2026-01-27 20:55:26",1505D8,Russia,Russia,RA-67032,,,,,,Let,L410,"Let L-410 UVP-E20",2819,,,,,,Orenburzhye,,,,,,,0,,,,,,0,0,0,0,0,,,,,,0,0,0,0,0,GEN-L410
29743535,"2026-01-27 20:51:25","2026-01-27 20:51:25",406502,"United Kingdom","United Kingdom",G-CGTJ,,,,,,Eurocopter,AS3B,"Eurocopter Super Puma AS.332 L2",2488,,,,,,"Airbus Helicopters UK",,,1998,,,,0,,,,,,0,0,0,0,0,,,,,,0,0,0,0,0,GEN-AS3B
29743262,"2026-01-27 20:48:10","2026-01-27 20:48:10",A8A1AF,"United States","United States",N6550K,,,,,,Republic,RC3,"Republic RC-3 Seabee",816,,,,,,Private,,,,,,,0,,,,,,0,0,0,0,0,,,,,,0,0,0,0,0,GEN-RC3
29742439,"2026-01-27 20:38:12","2026-01-27 20:38:12",A8B251,"United States","United States",N66EN,,,,,,Pzl-Mielec,TS11,"Pzl-Mielec TS-11 Iskra bisA",1H0314,,,,,,Private,,,1965,,,,0,,,,,,0,0,0,0,0,,,,,,0,0,0,0,0,GEN-TS11
29742178,"2026-01-27 20:35:24","2026-01-27 20:35:24",4BE836,Turkey,Turkey,TC-ZAV,,,,,,Pzl-Mielec,M18,"Pzl-Mielec Dromader M-18B",1Z026-11,,,,,,Private,,,,,,,0,,,,,,0,0,0,0,0,,,,,,0,0,0,0,0,GEN-M18
29741759,"2026-01-27 20:30:55","2026-01-27 20:30:55",38233A,France,France,F-WWMJ,,,,,,Dassault,F2TH,"Dassault Falcon 2000LX S",323,,,,,,"Dassault Aviation",,,2016,,,,0,,,,,,0,0,0,0,0,,,,,,0,0,0,0,0,DSO
29741671,"2026-01-27 20:29:49","2026-01-27 20:29:49",A6356D,"United States","United States",N5BX,,,,,,Piper,PA27,"Piper PA-23 Aztec 250C",27-3035,,,,,,Private,,,1965,,,,0,,,,,,0,0,0,0,0,,,,,,0,0,0,0,0,GEN-PA27
29741505,"2026-01-27 20:27:53","2026-01-27 20:27:53",AC4824,"United States","United States",N8903Q,,,,,,Rockwell,SS2P,"Rockwell Thrush Commander S2R-600",1573R,,,,,,Private,,,1971,,,,0,,,,,,0,0,0,0,0,,,,,,0,0,0,0,0,GEN-SS2P
29740698,"2026-01-27 20:18:31","2026-01-27 20:18:31",A61F95,"United States","United States",N494GL,,,,,,Arion,ALIG,"Arion Lightning",135,,,,,,Private,,,2012,,,,0,,,,,,0,0,0,0,0,,,,,,0,0,0,0,0,GEN-ALIG
29740555,"2026-01-27 20:16:49","2026-01-27 20:16:49",4A082B,Romania,Romania,YR-BAK,,,,,,Boeing,B734,"Boeing 737 430",27005,,,,,,"Blue Air",,,1992,,,,0,,,,,,0,0,0,0,0,,,,,,0,0,0,0,0,BMS
29740138,"2026-01-27 20:12:10","2026-01-27 20:12:10",A22605,"United States","United States",N2378V,,,,,,Cessna,C140,"Cessna 140",14615,,,,,,Private,,,1948,,,,0,,,,,,0,0,0,0,0,,,,,,0,0,0,0,0,GEN-C140
29739704,"2026-01-27 20:06:49","2026-01-27 20:06:49",A80826,"United States","United States",N6165Y,,,,,,"Raytheon Aircraft Company",B350,"Raytheon Aircraft Company King Air B350",FL-405,,,,,,"Leidos Inc",,,,,,,0,,,,,,0,0,0,0,0,,,,,,0,0,0,0,0,GEN-B350
27212,"2022-05-18 03:27:49","2026-01-27 19:47:15",48425C,Netherlands,Netherlands,"",,,,"",,"",-GND,"","",,,,,,"",,,,,,"",0,,,,,,0,0,0,0,0,Missing,,,"","",0,0,0,0,0,GEN--GND
29737900,"2026-01-27 19:45:25","2026-01-27 19:45:25",A3FFCA,"United States","United States",N357LB,,,,,,Lindstrand,BALL,"Lindstrand LBL.105A Hot Air Balloon",288,,,,,,Private,,,1995,,,,0,,,,,,0,0,0,0,0,,,,,,0,0,0,0,0,GEN-BALL
29737454,"2026-01-27 19:40:08","2026-01-27 19:40:08",A60BE3,"United States","United States",N489V,,,,,,Glasflugel,GLID,"Glasflugel H303 Mosquito",90,,,,,,Private,,,1978,,,,0,,,,,,0,0,0,0,0,,,,,,0,0,0,0,0,GEN-GLID
29219,"2022-08-30 09:24:20","2026-01-27 19:39:52",000005,"Not Allocated","Not Allocated","",,,,"",,"",UAV,"","",,,,,,"",,,,,,"",0,,,,,,0,0,0,0,0,Missing,,,"","",0,0,0,0,0,GEN-UAV
29737319,"2026-01-27 19:38:46","2026-01-27 19:38:46",A8B321,"United States","United States",N66NW,,,,,,Beech,BE60,"Beech Duke B60",P-364,,,,,,Private,,,1975,,,,0,,,,,,0,0,0,0,0,,,,,,0,0,0,0,0,GEN-BE60
29735820,"2026-01-27 19:20:45","2026-01-27 19:20:45",464094,Finland,Finland,OH-YLW,,,,,,Pilatus,PC12,"Pilatus PC-XII 45",334,,,,,,"Hendell Aviation Oy",,,2000,,,,0,,,,,,0,0,0,0,0,,,,,,0,0,0,0,0,GEN-PC12
29735538,"2026-01-27 19:17:24","2026-01-27 19:17:24",A8AE1B,"United States","United States",N6589X,,,,,,Cessna,C210,"Cessna 210A",21057589,,,,,,Private,,,1960,,,,0,,,,,,0,0,0,0,0,,,,,,0,0,0,0,0,GEN-C210
29735257,"2026-01-27 19:13:57","2026-01-27 19:13:57",A32CF7,"United States","United States",N3031E,,,,,,Cessna,C172,"Cessna 172N Skyhawk",17271409,,,,,,Private,,,1978,,,,0,,,,,,0,0,0,0,0,,,,,,0,0,0,0,0,GEN-C172
29734442,"2026-01-27 19:03:50","2026-01-27 19:03:50",4BA96B,Turkey,Turkey,TC-JKK,,,,,,Boeing,B737,"Boeing 737NG 752/W",34298,,,,,,"Southwest Airlines",,,2005,,,,0,,,,,,0,0,0,0,0,,,,,,0,0,0,0,0,SWA
29734120,"2026-01-27 18:59:57","2026-01-27 18:59:57",AD9173,"United States","United States",N9732L,,,,,,Cessna,C172,"Cessna 172Q Cutlass",17276603,,,,,,Private,,,1986,,,,0,,,,,,0,0,0,0,0,,,,,,0,0,0,0,0,GEN-C172
29733875,"2026-01-27 18:57:12","2026-01-27 18:57:12",3F04A9,Germany,Germany,D-9234,,,,,,Glasflugel,GLID,"Glasflugel H201 B Standard Libelle",491,,,,,,Private,,,1974,,,,0,,,,,,0,0,0,0,0,,,,,,0,0,0,0,0,GEN-GLID
29732430,"2026-01-27 18:40:22","2026-01-27 18:40:22",A2C148,"United States","United States",N277JC,,,,,,Jansson,GLID,"Jansson BJ-1B Duster",178,,,,,,Private,,,1985,,,,0,,,,,,0,0,0,0,0,,,,,,0,0,0,0,0,GEN-GLID
29732271,"2026-01-27 18:38:37","2026-01-27 18:38:37",A1B2D7,"United States","United States",N2085W,,,,,,Enstrom,EN48,"Enstrom 480",5024,,,,,,Private,,,,,,,0,,,,,,0,0,0,0,0,,,,,,0,0,0,0,0,GEN-EN48
29731608,"2026-01-27 18:30:49","2026-01-27 18:30:49",A1CED3,"United States","United States",N21527,,,,,,Cessna,C172,"Cessna 172S Skyhawk SP",172S9449,,,,,,Private,,,2003,,,,0,,,,,,0,0,0,0,0,,,,,,0,0,0,0,0,GEN-C172
29731290,"2026-01-27 18:27:11","2026-01-27 18:27:11",A66BAC,"United States","United States",N5123P,,,,,,"Raven Aerostar",BALL,"Raven Aerostar S-53A Hot Air Balloon",S53A-3059,,,,,,Private,,,1999,,,,0,,,,,,0,0,0,0,0,,,,,,0,0,0,0,0,GEN-BALL
29730847,"2026-01-27 18:22:17","2026-01-27 18:22:17",C08B61,Canada,Canada,C-IAUI,,,,,,Eipper,ULAC,"Eipper Quicksilver MX",4614,,,,,,Private,,,,,,,0,,,,,,0,0,0,0,0,,,,,,0,0,0,0,0,GEN-ULAC
29730646,"2026-01-27 18:19:41","2026-01-27 18:19:41",7504B0,Malaysia,Malaysia,9M-LOV,,,,,,Boeing,B738,"Boeing 737NG 8HX/W",29658,,,,,,"Love Fly",,,2009,,,,0,,,,,,0,0,0,0,0,,,,,,0,0,0,0,0,GEN-B738
29729885,"2026-01-27 18:11:27","2026-01-27 18:11:27",A1A3B3,"United States","United States",N2043U,,,,,,Maule,M4,"Maule M-4 220C Strata Rocket",2036C,,,,,,Private,,,1969,,,,0,,,,,,0,0,0,0,0,,,,,,0,0,0,0,0,GEN-M4
29729757,"2026-01-27 18:10:15","2026-01-27 18:10:15",C02486,Canada,Canada,C-FNVP,,,,,,"Balloon Works",BALL,"Balloon Works Firefly 12B Hot Air Balloon",F12B-006,,,,,,Private,,,,,,,0,,,,,,0,0,0,0,0,,,,,,0,0,0,0,0,GEN-BALL
29728107,"2026-01-27 17:51:28","2026-01-27 17:51:28",AC5CB9,"United States","United States",N896MH,,,,,,"Adam Aircraft Industries",A500,"Adam Aircraft Industries A500",0008,,,,,,"Monticello Air",,,2006,,,,0,,,,,,0,0,0,0,0,,,,,,0,0,0,0,0,GEN-A500
29727230,"2026-01-27 17:41:45","2026-01-27 17:41:45",A4BED5,"United States","United States",N4047L,,,,,,"Balloon Works",BALL,"Balloon Works Firefly 7 Hot Air Balloon",7903,,,,,,Private,,,1979,,,,0,,,,,,0,0,0,0,0,,,,,,0,0,0,0,0,GEN-BALL
29727160,"2026-01-27 17:40:54","2026-01-27 17:40:54",401F52,"United Kingdom","United Kingdom",G-BIVK,,,,,,"Amateur Built",GYRO,"Amateur Built Bensen Gyrocopter B.8V","PFA G/01-1008",,,,,,Private,,,1982,,,,0,,,,,,0,0,0,0,0,,,,,,0,0,0,0,0,GEN-GYRO
29727114,"2026-01-27 17:40:26","2026-01-27 17:40:26",E06255,Argentina,Argentina,LV-FIU,,,,,,Piper,PA22,"Piper PA-22 150 Tri-Pacer",22-3482,,,,,,Private,,,1955,,,,0,,,,,,0,0,0,0,0,,,,,,0,0,0,0,0,GEN-PA22
29726937,"2026-01-27 17:38:34","2026-01-27 17:38:34",A6C9DE,"United States","United States",N53657,,,,,,Cessna,C337,"Cessna 337G Super Skymaster",33701760,,,,,,Private,,,1976,,,,0,,,,,,0,0,0,0,0,,,,,,0,0,0,0,0,GEN-C337
29726543,"2026-01-27 17:34:07","2026-01-27 17:34:07",A6104B,"United States","United States",N490CA,,,,,,Cessna,C55B,"Cessna Citation Bravo",550-1043,,,,,,"L J Aviation",,,,,,,0,,,,,,0,0,0,0,0,,,,,,0,0,0,0,0,LJY
29726086,"2026-01-27 17:29:05","2026-01-27 17:29:05",A6DF46,"United States","United States",N5419R,,,,,,Cessna,C172,"Cessna 172F Skyhawk",17252962,,,,,,Private,,,1965,,,,0,,,,,,0,0,0,0,0,,,,,,0,0,0,0,0,GEN-C172
29725958,"2026-01-27 17:27:36","2026-01-27 17:27:36",AD9CAA,"United States","United States",N97624,,,,,,Stinson,S108,"Stinson Voyager 108",108-624,,,,,,Private,,,1946,,,,0,,,,,,0,0,0,0,0,,,,,,0,0,0,0,0,GEN-S108
29725928,"2026-01-27 17:27:19","2026-01-27 17:27:19",A61A72,"United States","United States",N4924H,,,,,,Cessna,C152,"Cessna 152",15284023,,,,,,Private,,,1979,,,,0,,,,,,0,0,0,0,0,,,,,,0,0,0,0,0,GEN-C152
29725485,"2026-01-27 17:22:24","2026-01-27 17:22:24",A1B62E,"United States","United States",N20925,,,,,,"Textron Aviation",BE20,"Textron Aviation King Air 200GT",BY-377,,,,,,"Textron Aviation Inc",,,2020,,,,0,,,,,,0,0,0,0,0,,,,,,0,0,0,0,0,GEN-BE20
29724943,"2026-01-27 17:16:11","2026-01-27 17:16:11",C82090,"New Zealand","New Zealand",ZK-CSF,,,,,,"Diamond Aircraft",DV20,"Diamond Aircraft Katana DA20-C1",C0320,,,,,,"CTC Aviation Training (NZ) Ltd",,,2005,,,,0,,,,,,0,0,0,0,0,,,,,,0,0,0,0,0,GEN-DV20
29724800,"2026-01-27 17:14:45","2026-01-27 17:14:45",A9D9A4,"United States","United States",N7338D,,,,,,Piper,PA22,"Piper PA-22 150 Tri-Pacer",22-5127,,,,,,Private,,,,,,,0,,,,,,0,0,0,0,0,,,,,,0,0,0,0,0,GEN-PA22
29724618,"2026-01-27 17:12:54","2026-01-27 17:12:54",C000B3,Canada,Canada,CF-AGW,,,,,,Piper,J3,"Piper J-3 C-65 Cub",17790,,,,,,Private,,,1946,,,,0,,,,,,0,0,0,0,0,,,,,,0,0,0,0,0,GEN-J3
29724582,"2026-01-27 17:12:31","2026-01-27 17:12:31",C005F1,Canada,Canada,C-FCGM,,,,,,Beech,BE20,"Beech King Air B200",BB-217,,,,,,"North Cariboo Air",,,,,,,0,,,,,,0,0,0,0,0,,,,,,0,0,0,0,0,NCB
29724502,"2026-01-27 17:11:41","2026-01-27 17:11:41",A007F8,"United States","United States",N10061,,,,,,"Air Tractor",AT8T,"Air Tractor AT-802 A",802A-0844,,,,,,Private,,,2020,,,,0,,,,,,0,0,0,0,0,,,,,,0,0,0,0,0,GEN-AT8T
29724453,"2026-01-27 17:11:02","2026-01-27 17:11:02",A64C6A,"United States","United States",N5049L,,,,,,Lake,LA4,"Lake Buccaneer LA-4-200",506,,,,,,Private,,,,,,,0,,,,,,0,0,0,0,0,,,,,,0,0,0,0,0,GEN-LA4
29724011,"2026-01-27 17:06:06","2026-01-27 17:06:06",A5220B,"United States","United States",N43PA,,,,,,Lake,LA25,"Lake Renegade LA-250",55,,,,,,Private,,,,,,,0,,,,,,0,0,0,0,0,,,,,,0,0,0,0,0,GEN-LA25
29723955,"2026-01-27 17:05:33","2026-01-27 17:05:33",39B500,France,France,F-HNIA,,,,,,"Airbus Helicopters",AS50,"Airbus Helicopters Squirrel AS.350 B3e (H125)",8524,,,,,,"Heliconia Aero Solutions",,,2018,,,,0,,,,,,0,0,0,0,0,,,,,,0,0,0,0,0,GEN-AS50
29723683,"2026-01-27 17:02:26","2026-01-27 17:02:26",7609AC,Pakistan,Pakistan,AP-BML,,,,,,Airbus,A332,"Airbus A330 203",900,,,,,,"Shaheen Air International",,,2007,,,,0,,,,,,0,0,0,0,0,,,,,,0,0,0,0,0,SAI
29723532,"2026-01-27 17:00:43","2026-01-27 17:00:43",A8CF43,"United States","United States",N667LQ,,,,,,Bombardier,CL60,"Bombardier Challenger 605",5740,,,,,,"West Main Aviation LLC",,,,,,,0,,,,,,0,0,0,0,0,,,,,,0,0,0,0,0,GEN-CL60
29722658,"2026-01-27 16:51:04","2026-01-27 16:51:04",A3EC0E,"United States","United States",N35181,,,,,,Cessna,C177,"Cessna 177B Cardinal",17702249,,,,,,Private,,,1975,,,,0,,,,,,0,0,0,0,0,,,,,,0,0,0,0,0,GEN-C177
29722498,"2026-01-27 16:49:25","2026-01-27 16:49:25",A41B06,"United States","United States",N3639B,,,,,,Beech,BE35,"Beech Bonanza E35",D-3973,,,,,,Private,,,,,,,0,,,,,,0,0,0,0,0,,,,,,0,0,0,0,0,GEN-BE35
29722291,"2026-01-27 16:46:57","2026-01-27 16:46:57",A0B31D,"United States","United States",N144SA,,,,,,Robinson,R44,"Robinson R44 Raven II",10786,,,,,,Private,,,,,,,0,,,,,,0,0,0,0,0,,,,,,0,0,0,0,0,GEN-R44
29722285,"2026-01-27 16:46:52","2026-01-27 16:46:52",C0369D,Canada,Canada,C-FURS,,,,,,Bell,B06,"Bell 206L Long Ranger IV",52495,,,,,,"Bell Helicopter Textron Canada",,,2017,,,,0,,,,,,0,0,0,0,0,,,,,,0,0,0,0,0,GEN-B06
29721464,"2026-01-27 16:37:39","2026-01-27 16:37:39",C0368E,Canada,Canada,C-FURD,,,,,,Bombardier,CRJ2,"Bombardier CRJ 200LR",7391,,,,,,"Avmax Aircraft Leasing",,,,,,,0,,,,,,0,0,0,0,0,,,,,,0,0,0,0,0,GEN-CRJ2
29720440,"2026-01-27 16:25:55","2026-01-27 16:25:55",A61ACF,"United States","United States",N49266,,,,,,Fairchild,FA62,"Fairchild PT-19A M-62A",T42-3194,,,,,,Private,,,1942,,,,0,,,,,,0,0,0,0,0,,,,,,0,0,0,0,0,GEN-FA62
29720370,"2026-01-27 16:25:11","2026-01-27 16:25:11",A08536,"United States","United States",N13213,,,,,,Mooney,M20P,"Mooney M.20B Mark 21",1867,,,,,,Private,,,,,,,0,,,,,,0,0,0,0,0,,,,,,0,0,0,0,0,GEN-M20P
29720109,"2026-01-27 16:22:12","2026-01-27 16:22:12",A74354,"United States","United States",N5670S,,,,,,Maule,M7,"Maule M-7 235 Super Rocket",4039C,,,,,,Private,,,1987,,,,0,,,,,,0,0,0,0,0,,,,,,0,0,0,0,0,GEN-M7
29719952,"2026-01-27 16:20:38","2026-01-27 16:20:38",A3406E,"United States","United States",N3087Y,,,,,,Cessna,C182,"Cessna 182E Skylane",18254087,,,,,,Private,,,,,,,0,,,,,,0,0,0,0,0,,,,,,0,0,0,0,0,GEN-C182
29718801,"2026-01-27 16:07:39","2026-01-27 16:07:39",A860CC,"United States","United States",N639SS,,,,,,"AgustaWestland Philadelphia",A119,"AgustaWestland Philadelphia AW.119 MkII",14912,,,,,,"AgustaWestland Philadelphia",,,2016,,,,0,,,,,,0,0,0,0,0,,,,,,0,0,0,0,0,GEN-A119
29718462,"2026-01-27 16:03:51","2026-01-27 16:03:51",C06498,Canada,Canada,C-GMCL,,,,,,"Murphy Aircraft",RBEL,"Murphy Aircraft Murphy Rebel",209R,,,,,,Private,,,,,,,0,,,,,,0,0,0,0,0,,,,,,0,0,0,0,0,GEN-RBEL
29717667,"2026-01-27 15:55:25","2026-01-27 15:55:25",A9DB2C,"United States","United States",N734P,,,,,,Sikorsky,S76,"Sikorsky S-76 C",760600,,,,,,Private,,,2005,,,,0,,,,,,0,0,0,0,0,,,,,,0,0,0,0,0,GEN-S76
29717069,"2026-01-27 15:48:27","2026-01-27 15:48:27",A3AF4F,"United States","United States",N3366M,,,,,,Piper,PA12,"Piper PA-12 Super Cruiser",12-2241,,,,,,Private,,,1947,,,,0,,,,,,0,0,0,0,0,,,,,,0,0,0,0,0,GEN-PA12
29716684,"2026-01-27 15:44:26","2026-01-27 15:44:26",A33C49,"United States","United States",N3074T,,,,,,Vans,RV4,"Vans RV-4",4TFRF,,,,,,Private,,,,,,,0,,,,,,0,0,0,0,0,,,,,,0,0,0,0,0,GEN-RV4
29716097,"2026-01-27 15:37:39","2026-01-27 15:37:39",A85F0A,"United States","United States",N6389C,,,,,,Piper,P32T,"Piper PA-32R T-300 Lance II",32R-7885026,,,,,,Private,,,1978,,,,0,,,,,,0,0,0,0,0,,,,,,0,0,0,0,0,GEN-P32T
29715291,"2026-01-27 15:28:38","2026-01-27 15:28:38",A57052,"United States","United States",N45FT,,,,,,"Just Aircraft",HIGH,"Just Aircraft Super STOL JA30",JA263-03-12,,,,,,Private,,,2012,,,,0,,,,,,0,0,0,0,0,,,,,,0,0,0,0,0,GEN-HIGH
29713951,"2026-01-27 15:14:05","2026-01-27 15:14:05",AA2B64,"United States","United States",N7541D,,,,,,Piper,PA22,"Piper PA-22 150 Tri-Pacer",22-5271,,,,,,Private,,,1957,,,,0,,,,,,0,0,0,0,0,,,,,,0,0,0,0,0,GEN-PA22
29713711,"2026-01-27 15:11:42","2026-01-27 15:11:42",A08684,"United States","United States",N133BW,,,,,,Cessna,C82R,"Cessna R182 Skylane RG",R18200450,,,,,,Private,,,1978,,,,0,,,,,,0,0,0,0,0,,,,,,0,0,0,0,0,GEN-C82R
29713562,"2026-01-27 15:10:12","2026-01-27 15:10:12",A56EB4,"United States","United States",N4492K,,,,,,Ryan,NAVI,"Ryan Navion",NAV-4-1492,,,,,,Private,,,1948,,,,0,,,,,,0,0,0,0,0,,,,,,0,0,0,0,0,GEN-NAVI
29713476,"2026-01-27 15:09:13","2026-01-27 15:09:13",A6DA77,"United States","United States",N5401R,,,,,,Cessna,C185,"Cessna A185F Skywagon 185",18503035,,,,,,Private,,,1976,,,,0,,,,,,0,0,0,0,0,,,,,,0,0,0,0,0,GEN-C185
29713126,"2026-01-27 15:05:18","2026-01-27 15:05:18",05C05E,Mali,Mali,TZ-RMB,,,,,,"McDonnell Douglas",MD87,"McDonnell Douglas DC-9 87",49841,,,,,,"Air Mali",,,1990,,,,0,,,,,,0,0,0,0,0,,,,,,0,0,0,0,0,GEN-MD87
29713058,"2026-01-27 15:04:40","2026-01-27 15:04:40",A42D06,"United States","United States",N36845,,,,,,Aeronca,CH7A,"Aeronca Defender 65-TAC",F-1731TA,,,,,,Private,,,1941,,,,0,,,,,,0,0,0,0,0,,,,,,0,0,0,0,0,GEN-CH7A
29713016,"2026-01-27 15:04:16","2026-01-27 15:04:16",86D6A3,Japan,Japan,JA8299,,,,,,Boeing,B763,"Boeing 767 346",24498,,,,,,"Japan Airlines",,,1989,,,,0,,,,,,0,0,0,0,0,,,,,,0,0,0,0,0,GEN-B763
29712766,"2026-01-27 15:01:32","2026-01-27 15:01:32",06A048,Qatar,Qatar,A7-ACJ,,,,,,Airbus,A332,"Airbus A330 202",760,,,,,,"Qatar Airways",,,2006,,,,0,,,,,,0,0,0,0,0,,,,,,0,0,0,0,0,QTR
29712263,"2026-01-27 14:56:02","2026-01-27 14:56:02",A3FD7A,"United States","United States",N3560L,,,,,,Cessna,C150,"Cessna 150F",15062360,,,,,,Private,,,1965,,,,0,,,,,,0,0,0,0,0,,,,,,0,0,0,0,0,GEN-C150
29711809,"2026-01-27 14:51:13","2026-01-27 14:51:13",A29E4F,"United States","United States",N268SK,,,,,,Embraer,E145,"Embraer ERJ-145 LR",145270,,,,,,"United Express",,,,,,,0,,,,,,0,0,0,0,0,,,,,,0,0,0,0,0,GEN-E145
29711712,"2026-01-27 14:50:11","2026-01-27 14:50:11",A20218,"United States","United States",N2287T,,,,,,Cessna,C185,"Cessna A185E Skywagon 185",185-1448,,,,,,Private,,,1968,,,,0,,,,,,0,0,0,0,0,,,,,,0,0,0,0,0,GEN-C185
29711687,"2026-01-27 14:50:00","2026-01-27 14:50:00",405D0C,"United Kingdom","United Kingdom",G-EZDS,,,,,,Airbus,A319,"Airbus A319 111",3702,,,,,,easyJet,,,2008,,,,0,,,,,,0,0,0,0,0,,,,,,0,0,0,0,0,EZY
29711077,"2026-01-27 14:43:18","2026-01-27 14:43:18",402E28,"United Kingdom","United Kingdom",G-MVRH,,,,,,"Solar Wings",ULAC,"Solar Wings Pegasus XL-Q",SW-WQ-0177,,,,,,Private,,,1988,,,,0,,,,,,0,0,0,0,0,,,,,,0,0,0,0,0,GEN-ULAC
29710259,"2026-01-27 14:33:51","2026-01-27 14:33:51",3D1172,Germany,Germany,D-EEVY,,,,,,Cessna,C170,"Cessna 170A",19537,,,,,,Private,,,,,,,0,,,,,,0,0,0,0,0,,,,,,0,0,0,0,0,GEN-C170
29710089,"2026-01-27 14:32:16","2026-01-27 14:32:16",381181,France,France,F-BEMB,,,,,,Nord,N120,"Nord 1203 Norecrin",83,,,,,,Private,,,,,,,0,,,,,,0,0,0,0,0,,,,,,0,0,0,0,0,GEN-N120
29709820,"2026-01-27 14:29:13","2026-01-27 14:29:13",030023,Botswana,Botswana,A2-AAR,,,,,,Pilatus,PC12,"Pilatus PC-XII 47E",1489,,,,,,Corporate,,,2014,,,,0,,,,,,0,0,0,0,0,,,,,,0,0,0,0,0,GEN-PC12
29709614,"2026-01-27 14:27:04","2026-01-27 14:27:04",A13434,"United States","United States",N177LM,,,,,,Cessna,C77R,"Cessna 177 Cardinal RG",177RG0937,,,,,,Private,,,,,,,0,,,,,,0,0,0,0,0,,,,,,0,0,0,0,0,GEN-C77R
28395873,"2026-01-16 13:32:35","2026-01-27 14:24:28",48E9BC,Poland,Poland,SP-EAM,,,,,,Robinson,R44,"Robinson R44 Raven II",,,,,,,Private,,,,,,,0,,,,,,0,0,0,0,0,,,,,,0,0,0,0,0,GEN-R44
29708633,"2026-01-27 14:16:36","2026-01-27 14:16:36",3988F1,France,France,F-HCHR,,,,,,Cameron,BALL,"Cameron N-120 Hot Air Balloon",4219,,,,,,Private,,,,,,,0,,,,,,0,0,0,0,0,,,,,,0,0,0,0,0,GEN-BALL
29707870,"2026-01-27 14:08:20","2026-01-27 14:08:20",ACD877,"United States","United States",N927DA,,,,,,"McDonnell Douglas",MD88,"McDonnell Douglas DC-9 88",49714,,,,,,"Delta Air Lines",,,1988,,,,0,,,,,,0,0,0,0,0,,,,,,0,0,0,0,0,DAL
29707778,"2026-01-27 14:07:19","2026-01-27 14:07:19",A8B8F5,"United States","United States",N661LL,,,,,,"Air Command",CMDE,"Air Command 582 Tandem",DGR-2,,,,,,Private,,,,,,,0,,,,,,0,0,0,0,0,,,,,,0,0,0,0,0,GEN-CMDE
29706397,"2026-01-27 13:51:58","2026-01-27 13:51:58",AD98B2,"United States","United States",N97509,,,,,,Stinson,S108,"Stinson Voyager 108",108-509,,,,,,Private,,,1946,,,,0,,,,,,0,0,0,0,0,,,,,,0,0,0,0,0,GEN-S108
29705981,"2026-01-27 13:47:13","2026-01-27 13:47:13",A06DD3,"United States","United States",N127BG,,,,,,Embraer,E35L,"Embraer Legacy 600",14501064,,,,,,"TAG Aviation Asia",,,,,,,0,,,,,,0,0,0,0,0,,,,,,0,0,0,0,0,GEN-E35L
29705328,"2026-01-27 13:40:06","2026-01-27 13:40:06",A7C52C,"United States","United States",N60CV,,,,,,Rutan,LGEZ,"Rutan Long-Ez",346,,,,,,Private,,,,,,,0,,,,,,0,0,0,0,0,,,,,,0,0,0,0,0,GEN-LGEZ
29704357,"2026-01-27 13:29:49","2026-01-27 13:29:49",A448E8,"United States","United States",N3751Q,,,,,,Slingsby,GLID,"Slingsby T.65 Vega",1927,,,,,,Private,,,,,,,0,,,,,,0,0,0,0,0,,,,,,0,0,0,0,0,GEN-GLID
29703749,"2026-01-27 13:23:00","2026-01-27 13:23:00",402218,"United Kingdom","United Kingdom",G-KARI,,,,,,Fuji,SUBA,"Fuji FA-200 180 Aero Subaru",236,,,,,,Private,,,1973,,,,0,,,,,,0,0,0,0,0,,,,,,0,0,0,0,0,GEN-SUBA
29703587,"2026-01-27 13:21:06","2026-01-27 13:21:06",AD95EF,"United States","United States",N97478,,,,,,Stinson,S108,"Stinson Voyager 108-2",108-478,,,,,,Private,,,1946,,,,0,,,,,,0,0,0,0,0,,,,,,0,0,0,0,0,GEN-S108
29702295,"2026-01-27 13:05:38","2026-01-27 13:05:38",A80091,"United States","United States",N6144U,,,,,,Cessna,C210,"Cessna 210R Centurion",21064912,,,,,,Private,,,1985,,,,0,,,,,,0,0,0,0,0,,,,,,0,0,0,0,0,GEN-C210
29701915,"2026-01-27 13:01:12","2026-01-27 13:01:12",A3C0A4,"United States","United States",N3407J,,,,,,Cessna,C150,"Cessna 150G",15066107,,,,,,Private,,,1967,,,,0,,,,,,0,0,0,0,0,,,,,,0,0,0,0,0,GEN-C150
29701306,"2026-01-27 12:54:31","2026-01-27 12:54:31",A8C0CD,"United States","United States",N663QS,,,,,,"Textron Aviation",C68A,"Textron Aviation Citation Latitude",680A-0244,,,,,,NetJets,,,,,,,0,,,,,,0,0,0,0,0,,,,,,0,0,0,0,0,EJA
29700824,"2026-01-27 12:49:15","2026-01-27 12:49:15",4068D9,"United Kingdom","United Kingdom",G-CHNP,,,,,,Flylight,ULAC,"Flylight Dragon Chaser Dragon Chaser",084,,,,,,"Flylight Airsports Ltd",,,2012,,,,0,,,,,,0,0,0,0,0,,,,,,0,0,0,0,0,GEN-ULAC
29700183,"2026-01-27 12:41:57","2026-01-27 12:41:57",4605DC,Finland,Finland,OH-CFS,,,,,,Reims/Cessna,C172,"Reims/Cessna F172M",0963,,,,,,Private,,,1973,,,,0,,,,,,0,0,0,0,0,,,,,,0,0,0,0,0,GEN-C172
29700161,"2026-01-27 12:41:46","2026-01-27 12:41:46",C04418,Canada,Canada,C-FZUL,,,,,,Airbus,A319,"Airbus A319 114",721,,,,,,"Air Canada",,,1997,,,,0,,,,,,0,0,0,0,0,,,,,,0,0,0,0,0,ACA
29699909,"2026-01-27 12:38:57","2026-01-27 12:38:57",742825,Jordan,Jordan,JY-JAE,,,,,,Boeing,B722,"Boeing 727 2N8",21846,,,,,,"Jordan Aviation",,,1979,,,,0,,,,,,0,0,0,0,0,,,,,,0,0,0,0,0,JAV
29698965,"2026-01-27 12:28:53","2026-01-27 12:28:53",AB6A05,"United States","United States",N8343P,,,,,,Robinson,R44,"Robinson R44 Raven",0313,,,,,,Private,,,,,,,0,,,,,,0,0,0,0,0,,,,,,0,0,0,0,0,GEN-R44
29698767,"2026-01-27 12:26:46","2026-01-27 12:26:46",A61AEC,"United States","United States",N49270,,,,,,Boeing,ST75,"Boeing Stearman A75N1 PT-17 Kaydet",75-336,,,,,,Private,,,1940,,,,0,,,,,,0,0,0,0,0,,,,,,0,0,0,0,0,GEN-ST75
29698525,"2026-01-27 12:24:03","2026-01-27 12:24:03",3F071B,Germany,Germany,D-9860,,,,,,Marganski,GLID,"Marganski MDM-1 Fox",218,,,,,,Private,,,1997,,,,0,,,,,,0,0,0,0,0,,,,,,0,0,0,0,0,GEN-GLID
29698184,"2026-01-27 12:20:03","2026-01-27 12:20:03",ACD0D1,"United States","United States",N925AV,,,,,,Denney,FOX,"Denney Kitfox Srs.5 Vixen",V9710-0065,,,,,,Private,,,1999,,,,0,,,,,,0,0,0,0,0,,,,,,0,0,0,0,0,GEN-FOX
29697327,"2026-01-27 12:10:18","2026-01-27 12:10:18",A88A41,"United States","United States",N6499D,,,,,,Cessna,C172,"Cessna 172N Skyhawk",17272833,,,,,,Private,,,,,,,0,,,,,,0,0,0,0,0,,,,,,0,0,0,0,0,GEN-C172
29696709,"2026-01-27 12:03:38","2026-01-27 12:03:38",C88014,Fiji,Fiji,DQ-PSE,,,,,,"De Havilland Canada",DHC6,"De Havilland Canada DHC-6 Twin Otter 300",410,,,,,,"Fiji Link",,,1974,,,,0,,,,,,0,0,0,0,0,,,,,,0,0,0,0,0,FJA
29696426,"2026-01-27 12:00:24","2026-01-27 12:00:24",AC0738,"United States","United States",N874WT,,,,,,"Textron Aviation",C172,"Textron Aviation 172S Skyhawk SP",172S12376,,,,,,Private,,,,,,,0,,,,,,0,0,0,0,0,,,,,,0,0,0,0,0,GEN-C172
29695756,"2026-01-27 11:53:04","2026-01-27 11:53:04",A848B0,"United States","United States",N6328X,,,,,,"Raven Aerostar",BALL,"Raven Aerostar S-49A Hot Air Balloon",S49A-3020,,,,,,Private,,,1990,,,,0,,,,,,0,0,0,0,0,,,,,,0,0,0,0,0,GEN-BALL
29695266,"2026-01-27 11:47:42","2026-01-27 11:47:42",4785ED,Norway,Norway,LN-KLW,,,,,,Piel,CP30,"Piel Emeraude CP.301",179A,,,,,,Private,,,,,,,0,,,,,,0,0,0,0,0,,,,,,0,0,0,0,0,GEN-CP30
29694952,"2026-01-27 11:44:03","2026-01-27 11:44:03",3D1911,Germany,Germany,D-EHSZ,,,,,,Cessna,C182,"Cessna 182P Skylane",18263106,,,,,,Private,,,1974,,,,0,,,,,,0,0,0,0,0,,,,,,0,0,0,0,0,GEN-C182
29694026,"2026-01-27 11:34:38","2026-01-27 11:34:38",A58EC9,"United States","United States",N4572P,,,,,,Piper,PA27,"Piper PA-23 Aztec 250",27-80,,,,,,Private,,,,,,,0,,,,,,0,0,0,0,0,,,,,,0,0,0,0,0,GEN-PA27
29693535,"2026-01-27 11:28:47","2026-01-27 11:28:47",8A03B5,Indonesia,Indonesia,PK-CLU,,,,,,Boeing,B735,"Boeing 737 524/W",27526,,,,,,"Sriwijaya Air",,,1994,,,,0,,,,,,0,0,0,0,0,,,,,,0,0,0,0,0,SJY
29693518,"2026-01-27 11:28:36","2026-01-27 11:28:36",43E78B,"Isle of Man","Isle of Man",M-JANP,,,,,,Bombardier,GL5T,"Bombardier Global 5000",9293,,,,,,Private,,,2008,,,,0,,,,,,0,0,0,0,0,,,,,,0,0,0,0,0,GEN-GL5T
29693065,"2026-01-27 11:23:29","2026-01-27 11:23:29",A1BC2A,"United States","United States",N2102K,,,,,,Luscombe,L8,"Luscombe Silvaire 8A",4829,,,,,,Private,,,,,,,0,,,,,,0,0,0,0,0,,,,,,0,0,0,0,0,GEN-L8
29692825,"2026-01-27 11:20:53","2026-01-27 11:20:53",A0AE21,"United States","United States",N143DA,,,,,,Boeing,B763,"Boeing 767 332",25991,,,,,,"Delta Air Lines",,,1998,,,,0,,,,,,0,0,0,0,0,,,,,,0,0,0,0,0,DAL
29692044,"2026-01-27 11:12:00","2026-01-27 11:12:00",70601E,Kuwait,Kuwait,9K-AJD,,,,,,"Gulfstream Aerospace",GLF5,"Gulfstream Aerospace GV",560,,,,,,"Government of Kuwait",,,1998,,,,0,,,https://cdn.jetphotos.com/full/5/22240_1510341707.jpg,https://cdn.jetphotos.com/full/5/75003_1462977686.jpg,https://cdn.jetphotos.com/full/5/85476_1459208030.jpg,0,0,0,0,0,,,,,,0,0,0,0,0,GEN-GLF5
17912,"2022-02-16 07:49:47","2026-01-27 11:11:42",48421B,Netherlands,Netherlands,,,,,,,,-GND,,,,,,,,,,,,,,,0,,,,,,0,0,0,0,0,Missing,,,,,0,0,0,0,0,GEN--GND
29691340,"2026-01-27 11:03:55","2026-01-27 11:03:55",AD4E44,"United States","United States",N9567F,,,,,,Hughes,H269,"Hughes 269 B",21-0459,,,,,,Private,,,1971,,,,0,,,,,,0,0,0,0,0,,,,,,0,0,0,0,0,GEN-H269
29690196,"2026-01-27 10:51:21","2026-01-27 10:51:21",A8B43F,"United States","United States",N660AF,,,,,,Bombardier,CL60,"Bombardier Challenger 601 3A",5025,,,,,,"Loujor LLC",,,1988,,,,0,,,,,,0,0,0,0,0,,,,,,0,0,0,0,0,GEN-CL60
29690152,"2026-01-27 10:50:55","2026-01-27 10:50:55",A50CF1,"United States","United States",N42405,,,,,,Hughes,H500,"Hughes 369 HS",92-0416S,,,,,,Private,,,1972,,,,0,,,,,,0,0,0,0,0,,,,,,0,0,0,0,0,GEN-H500
29689941,"2026-01-27 10:48:31","2026-01-27 10:48:31",A7245B,"United States","United States",N5598S,,,,,,"Thunder Balloons",BALL,"Thunder Balloons AX.7-77 Bolt Hot Air Balloon",255,,,,,,Private,,,1980,,,,0,,,,,,0,0,0,0,0,,,,,,0,0,0,0,0,GEN-BALL
29689193,"2026-01-27 10:40:22","2026-01-27 10:40:22",30044B,Italy,Italy,I-PHAY,,,,,,Eurocopter,AS50,"Eurocopter Squirrel AS.350 B3",4860,,,,,,"Pellissier Helicopter",,,2010,,,,0,,,,,,0,0,0,0,0,,,,,,0,0,0,0,0,GEN-AS50
29689082,"2026-01-27 10:39:10","2026-01-27 10:39:10",38415A,France,France,F-WWUA,,,,,,Dassault,FA7X,"Dassault Falcon 7X",267,,,,,,"Dassault Aviation",,,2015,,,,0,,,,,,0,0,0,0,0,,,,,,0,0,0,0,0,GEN-FA7X
29689061,"2026-01-27 10:38:58","2026-01-27 10:38:58",C033D8,Canada,Canada,CF-TQL,,,,,,Glasflugel,GLID,"Glasflugel H201 Standard Libelle",113,,,,,,Private,,,,,,,0,,,,,,0,0,0,0,0,,,,,,0,0,0,0,0,GEN-GLID
29688928,"2026-01-27 10:37:30","2026-01-27 10:37:30",A34063,"United States","United States",N3087M,,,,,,Piper,PA12,"Piper PA-12 Super Cruiser",12-1776,,,,,,Private,,,1947,,,,0,,,,,,0,0,0,0,0,,,,,,0,0,0,0,0,GEN-PA12
29687982,"2026-01-27 10:27:55","2026-01-27 10:27:55",A3AD4C,"United States","United States",N336NG,,,,,,Bombardier,DH8D,"Bombardier DHC-8 402 NG",4336,,,,,,"Nordic Aviation Capital",,,2010,,,,0,,,,,,0,0,0,0,0,,,,,,0,0,0,0,0,GEN-DH8D
29687789,"2026-01-27 10:25:52","2026-01-27 10:25:52",AA10DB,"United States","United States",N748GC,,,,,,"Sud Aviation",ALO3,"Sud Aviation Alouette III SA.316",2020,,,,,,Private,,,,,,,0,,,,,,0,0,0,0,0,,,,,,0,0,0,0,0,GEN-ALO3
29687128,"2026-01-27 10:18:19","2026-01-27 10:18:19",C05694,Canada,Canada,C-GGUL,,,,,,"De Havilland Canada",DHC7,"De Havilland Canada DHC-7 102",70,,,,,,"Voyageur Airways",,,1981,,,,0,,,,,,0,0,0,0,0,,,,,,0,0,0,0,0,GEN-DHC7
29686639,"2026-01-27 10:13:02","2026-01-27 10:13:02",AD5762,"United States","United States",N959PG,,,,,,"McDonnell Douglas",MD83,"McDonnell Douglas DC-9 83",49741,,,,,,"Andes Líneas Aéreas",,,1989,,,,0,,,,,,0,0,0,0,0,,,,,,0,0,0,0,0,GEN-MD83
29685879,"2026-01-27 10:04:29","2026-01-27 10:04:29",A07954,"United States","United States",N13EZ,,,,,,Rutan,VEZE,"Rutan VariEze",707,,,,,,Private,,,1979,,,,0,,,,,,0,0,0,0,0,,,,,,0,0,0,0,0,GEN-VEZE
29685809,"2026-01-27 10:03:46","2026-01-27 10:03:46",A609B1,"United States","United States",N4887U,,,,,,Cessna,C206,"Cessna U206G Stationair 6",U20605145,,,,,,Private,,,,,,,0,,,,,,0,0,0,0,0,,,,,,0,0,0,0,0,GEN-C206
29685756,"2026-01-27 10:03:01","2026-01-27 10:03:01",A4F34C,"United States","United States",N418QX,,,,,,Bombardier,DH8D,"Bombardier DHC-8 402",4143,,,,,,"Alaska Airlines",,,2006,,,,0,,,,,,0,0,0,0,0,,,,,,0,0,0,0,0,QXE
29685579,"2026-01-27 10:01:14","2026-01-27 10:01:14",A77321,"United States","United States",N57966,,,,,,"North American",F86,"North American F-86F Sabre",172-167,,,,,,Private,,,,,,,0,,,,,,0,0,0,0,0,,,,,,0,0,0,0,0,GEN-F86
29685067,"2026-01-27 09:55:52","2026-01-27 09:55:52",3E6EEC,Germany,Germany,D-KHEY,,,,,,Scheibe/Sportavia-Putzer,SF25,"Scheibe/Sportavia-Putzer SF-25B Falke",4842,,,,,,Private,,,1971,,,,0,,,,,,0,0,0,0,0,,,,,,0,0,0,0,0,GEN-SF25
29684904,"2026-01-27 09:53:55","2026-01-27 09:53:55",4AE10D,Sweden,Sweden,SE-XHM,,,,,,Wassmer,D11,"Wassmer Jodel D.120 A",178,,,,,,Private,,,,,,,0,,,,,,0,0,0,0,0,,,,,,0,0,0,0,0,GEN-D11
29684565,"2026-01-27 09:50:01","2026-01-27 09:50:01",A88957,"United States","United States",N6492Q,,,,,,Mooney,M20P,"Mooney M.20F Executive 21",680034,,,,,,Private,,,,,,,0,,,,,,0,0,0,0,0,,,,,,0,0,0,0,0,GEN-M20P
29684223,"2026-01-27 09:46:15","2026-01-27 09:46:15",8A0040,Indonesia,Indonesia,PK-GGE,,,,,,Boeing,B735,"Boeing 737 5U3",28729,,,,,,Citilink,,,1997,,,,0,,,,,,0,0,0,0,0,,,,,,0,0,0,0,0,GEN-B735
29683786,"2026-01-27 09:41:42","2026-01-27 09:41:42",A616A4,"United States","United States",N4913V,,,,,,"De Havilland",DOVE,"De Havilland D.H.104 Dove Srs.5A",04272,,,,,,"J & D Expeditors",,,,,,,0,,,,,,0,0,0,0,0,,,,,,0,0,0,0,0,GEN-DOVE
29683287,"2026-01-27 09:36:14","2026-01-27 09:36:14",A257B0,"United States","United States",N250C,,,,,,Stinson,S108,"Stinson Voyager 108-2",108-3250,,,,,,Private,,,1947,,,,0,,,,,,0,0,0,0,0,,,,,,0,0,0,0,0,GEN-S108
29682821,"2026-01-27 09:31:21","2026-01-27 09:31:21",3EF729,Germany,Germany,D-5778,,,,,,Schleicher,GLID,"Schleicher K 7 Rhonadler",778,,,,,,Private,,,,,,,0,,,,,,0,0,0,0,0,,,,,,0,0,0,0,0,GEN-GLID
29682377,"2026-01-27 09:25:56","2026-01-27 09:25:56",498DE5,"Czech Republic","Czech Republic",OK-COE,,,,,,Moravan,Z43,"Moravan Zlin Z-43",0007,,,,,,Private,,,,,,,0,,,,,,0,0,0,0,0,,,,,,0,0,0,0,0,GEN-Z43
29681980,"2026-01-27 09:21:15","2026-01-27 09:21:15",0D00DB,Mexico,Mexico,XA-UGL,,,,,,Boeing,B733,"Boeing 737 3B7",22958,,,,,,VivaAeroBus,,,1985,,,,0,,,,,,0,0,0,0,0,,,,,,0,0,0,0,0,GEN-B733
29680817,"2026-01-27 09:08:06","2026-01-27 09:08:06",E0A1D3,Argentina,Argentina,LQ-JGS,,,,,,Cessna,C310,"Cessna 310N",310N-0135,,,,,,Private,,,1968,,,,0,,,,,,0,0,0,0,0,,,,,,0,0,0,0,0,GEN-C310
29680730,"2026-01-27 09:07:04","2026-01-27 09:07:04",3EF797,Germany,Germany,D-5888,,,,,,"WSK (Swidnik)",GLID,"WSK (Swidnik) SZD-30 Pirat",S-02.44,,,,,,Private,,,,,,,0,,,,,,0,0,0,0,0,,,,,,0,0,0,0,0,GEN-GLID
29680169,"2026-01-27 09:00:31","2026-01-27 09:00:31",00C465,"South Africa","South Africa",ZS-ZWU,,,,,,Boeing,B738,"Boeing 737NG 8BK/W",33013,,,,,,"British Airways",,,2003,,,,0,,,,,,0,0,0,0,0,,,,,,0,0,0,0,0,CAW
29680159,"2026-01-27 09:00:24","2026-01-27 09:00:24",402731,"United Kingdom","United Kingdom",G-MNVT,,,,,,"Mainair Sports",ULAC,"Mainair Sports Gemini Flash II",477-786-4-W258,,,,,,Private,,,1986,,,,0,,,,,,0,0,0,0,0,,,,,,0,0,0,0,0,GEN-ULAC
29679925,"2026-01-27 08:57:34","2026-01-27 08:57:34",A98D5D,"United States","United States",N71403,,,,,,"Raven Aerostar",BALL,"Raven Aerostar RX.9 Hot Air Balloon",RX9-3007,,,,,,Private,,,1996,,,,0,,,,,,0,0,0,0,0,,,,,,0,0,0,0,0,GEN-BALL
29678853,"2026-01-27 08:45:35","2026-01-27 08:45:35",A9FCD4,"United States","United States",N74232,,,,,,Bellanca,B14A,"Bellanca Cruisair Senior 14-13",1345,,,,,,Private,,,1946,,,,0,,,,,,0,0,0,0,0,,,,,,0,0,0,0,0,GEN-B14A
29678472,"2026-01-27 08:41:02","2026-01-27 08:41:02",A7A507,"United States","United States",N592C,,,,,,Stinson,S108,"Stinson Voyager 108-3",108-3592,,,,,,Private,,,1947,,,,0,,,,,,0,0,0,0,0,,,,,,0,0,0,0,0,GEN-S108
29678260,"2026-01-27 08:38:47","2026-01-27 08:38:47",A8E6AC,"United States","United States",N6728X,,,,,,Beech,BE33,"Beech Bonanza F33A",CE-1023,,,,,,Private,,,,,,,0,,,,,,0,0,0,0,0,,,,,,0,0,0,0,0,GEN-BE33
29678040,"2026-01-27 08:36:07","2026-01-27 08:36:07",4D2163,Malta,Malta,9H-DTY,,,,,,"Gulfstream Aerospace",GLF6,"Gulfstream Aerospace G650",6146,,,,,,OJets,,,2014,,,,0,,,,,,0,0,0,0,0,,,,,,0,0,0,0,0,GEN-GLF6
29677820,"2026-01-27 08:33:31","2026-01-27 08:33:31",A7F9A5,"United States","United States",N6128J,,,,,,Piper,PA34,"Piper PA-34 200T Seneca II",34-7670250,,,,,,Private,,,1976,,,,0,,,,,,0,0,0,0,0,,,,,,0,0,0,0,0,GEN-PA34
29676623,"2026-01-27 08:20:01","2026-01-27 08:20:01",403DA7,"United Kingdom","United Kingdom",G-MZGG,,,,,,"Cyclone Airsports",ULAC,"Cyclone Airsports Pegasus Quantum 15",7327,,,,,,Private,,,1997,,,,0,,,,,,0,0,0,0,0,,,,,,0,0,0,0,0,GEN-ULAC
29675660,"2026-01-27 08:09:12","2026-01-27 08:09:12",A60D29,"United States","United States",N48951,,,,,,Bell,UH1,"Bell UH-1H Iroquois",10191,,,,,,"American War Museum",,,,,,,0,,,,,,0,0,0,0,0,,,,,,0,0,0,0,0,GEN-UH1
29675493,"2026-01-27 08:07:10","2026-01-27 08:07:10",4602E2,Finland,Finland,OH-BCK,,,,,,Stinson,S108,"Stinson Voyager 108-1",108-863,,,,,,Private,,,1946,,,,0,,,,,,0,0,0,0,0,,,,,,0,0,0,0,0,GEN-S108
29675353,"2026-01-27 08:05:39","2026-01-27 08:05:39",A4FE49,"United States","United States",N4202M,,,,,,"Textron Aviation",C25M,"Textron Aviation Citation M2",525-0981,,,,,,"Textron Aviation Inc",,,,,,,0,,,,,,0,0,0,0,0,,,,,,0,0,0,0,0,GEN-C25M
29675331,"2026-01-27 08:05:24","2026-01-27 08:05:24",3C0A47,Germany,Germany,D-ASXE,,,,,,Boeing,B738,"Boeing 737NG 8CX/W",32365,,,,,,"SunExpress Germany",,,2002,,,,0,,,,,,0,0,0,0,0,,,,,,0,0,0,0,0,GEN-B738
29675321,"2026-01-27 08:05:13","2026-01-27 08:05:13",398D88,France,France,F-HDMI,,,,,,Robinson,R22,"Robinson R22 Beta II",4117,,,,,,"Helicopter Support Ireland Ltd",,,,,,,0,,,,,,0,0,0,0,0,,,,,,0,0,0,0,0,GEN-R22
29674856,"2026-01-27 08:00:03","2026-01-27 08:00:03",AC901E,"United States","United States",N9086R,,,,,,Cessna,C188,"Cessna A188B AgTruck",18802107T,,,,,,Private,,,1975,,,,0,,,,,,0,0,0,0,0,,,,,,0,0,0,0,0,GEN-C188
11102,"2021-11-08 16:26:52","2026-01-27 07:57:44",C87EE8,"New Zealand","New Zealand","",,,,"",,"",ZZZZ,"","",,,,,,"",,,,,,"",0,,,,,,0,0,0,0,0,Missing,,,"","",0,0,0,0,0,GEN-ZZZZ
766556,"2023-10-30 20:59:55","2026-01-27 07:57:44",43BF96,"United Kingdom","United Kingdom","",,,,"",,"",ZANT,"","",,,,,,"",,,,,,"",0,,,,,,0,0,0,0,0,Missing,,,"","",0,0,0,0,0,ZANT
29674630,"2026-01-27 07:57:31","2026-01-27 07:57:31",44C1D0,Belgium,Belgium,OO-PNP,,,,,,Reims/Cessna,C152,"Reims/Cessna F152",1770,,,,,,Private,,,,,,,0,,,,,,0,0,0,0,0,,,,,,0,0,0,0,0,GEN-C152
29673822,"2026-01-27 07:48:17","2026-01-27 07:48:17",A9CD01,"United States","United States",N730WB,,,,,,"Quad City",ULAC,"Quad City Challenger II",0806-LSS-0102,,,,,,Private,,,2007,,,,0,,,,,,0,0,0,0,0,,,,,,0,0,0,0,0,GEN-ULAC
29673369,"2026-01-27 07:43:25","2026-01-27 07:43:25",86EB6E,Japan,Japan,JA8846,,,,,,Beech,BE9L,"Beech King Air C90A",LJ-1143,,,,,,Private,,,1987,,,,0,,,,,,0,0,0,0,0,,,,,,0,0,0,0,0,GEN-BE9L
29671204,"2026-01-27 07:18:25","2026-01-27 07:18:25",ADA147,"United States","United States",N9779P,,,,,,Piper,PA25,"Piper PA-25 235 Pawnee D",25-7556089,,,,,,Private,,,,,,,0,,,,,,0,0,0,0,0,,,,,,0,0,0,0,0,GEN-PA25
29671089,"2026-01-27 07:17:03","2026-01-27 07:17:03",A54C91,"United States","United States",N440W,,,,,,Beech,BE60,"Beech Duke 60",P-64,,,,,,Private,,,,,,,0,,,,,,0,0,0,0,0,,,,,,0,0,0,0,0,GEN-BE60
29669864,"2026-01-27 07:03:11","2026-01-27 07:03:11",A54825,"United States","United States",N4399E,,,,,,Piper,PA34,"Piper PA-34 200 Seneca",34-7450179,,,,,,Private,,,1974,,,,0,,,,,,0,0,0,0,0,,,,,,0,0,0,0,0,GEN-PA34
29669671,"2026-01-27 07:00:38","2026-01-27 07:00:38",5113CA,Estonia,Estonia,"",,,,,,"",-GND,"Ground Vehicle",,,,,,,"Tallinn Airport",,,,,,,0,,,,,,0,0,0,0,0,,,,,,0,0,0,0,0,GEN--GND
29669303,"2026-01-27 06:56:39","2026-01-27 06:56:39",A50E99,"United States","United States",N425EC,,,,,,Mitsubishi,MU2,"Mitsubishi MU-2 Marquise",793SA,,,,,,"Hat Creek Holding Company LLC",,,,,,,0,,,,,,0,0,0,0,0,,,,,,0,0,0,0,0,GEN-MU2
29667844,"2026-01-27 06:39:03","2026-01-27 06:39:03",C05B18,Canada,Canada,C-GIMX,,,,,,Bombardier,GLEX,"Bombardier Global 6500",60008,,,,,,"Bombardier Inc",,,2019,,,,0,,,,,,0,0,0,0,0,,,,,,0,0,0,0,0,GEN-GLEX
29667608,"2026-01-27 06:36:24","2026-01-27 06:36:24",4020B2,"United Kingdom","United Kingdom",G-BLCU,,,,,,Scheibe,SF25,"Scheibe SF-25B Falke",4699,,,,,,Private,,,1969,,,,0,,,,,,0,0,0,0,0,,,,,,0,0,0,0,0,GEN-SF25
29666519,"2026-01-27 06:23:12","2026-01-27 06:23:12",AA13F4,"United States","United States",N74896,,,,,,Bowers,FB1A,"Bowers Fly Baby 1A",63-16,,,,,,Private,,,1963,,,,0,,,,,,0,0,0,0,0,,,,,,0,0,0,0,0,GEN-FB1A
29666281,"2026-01-27 06:20:20","2026-01-27 06:20:20",43C262,"United Kingdom","United Kingdom",ZJ205,,,,,,AgustaWestland,H64,"AgustaWestland Apache AH.1",WAH-39,,,,,,"Army Air Corps",,,,,,,0,,,,,,1,0,0,0,0,,,,,,0,0,0,0,0,
29665815,"2026-01-27 06:14:50","2026-01-27 06:14:50",A48698,"United States","United States",N391AZ,,,,,,Embraer,E195,"Embraer ERJ-195LR",19000391,,,,,,"Azorra Aviation",,,2010,,,,0,,,,,,0,0,0,0,0,,,,,,0,0,0,0,0,GEN-E195
29663541,"2026-01-27 05:47:47","2026-01-27 05:47:47",A34097,"United States","United States",RP-C2910,,,,,,Cessna,C680,"Cessna Citation Sovereign+",680-0536,,,,,,"Air Juan Aviation",,,2014,,,,0,,,,,,0,0,0,0,0,,,,,,0,0,0,0,0,GEN-C680
509766,"2023-05-23 01:48:05","2026-01-27 05:46:41",344043,Spain,Spain,"",,,,"",,"",ZANT,"","",,,,,,"",,,,,,"",0,,,,,,0,0,0,0,0,Missing,,,"","",0,0,0,0,0,ZANT
29661137,"2026-01-27 05:18:18","2026-01-27 05:18:18",A3A8B4,"United States","United States",N335DG,,,,,,"Avions de Transport Regional",AT43,"Avions de Transport Regional ATR 42 300",035,,,,,,"DGI LLC",,,1986,,,,0,,,,,,0,0,0,0,0,,,,,,0,0,0,0,0,GEN-AT43
29660928,"2026-01-27 05:15:39","2026-01-27 05:15:39",A725B5,"United States","United States",N56MS,,,,,,Vans,RV8,"Vans RV-8 A",80966,,,,,,Private,,,,,,,0,,,,,,0,0,0,0,0,,,,,,0,0,0,0,0,GEN-RV8
29660862,"2026-01-27 05:14:42","2026-01-27 05:14:42",AC1C02,"United States","United States",N88FJ,,,,,,Dassault,FA8X,"Dassault Falcon 8X",420,,,,,,"Dassault Aviation",,,2016,,,,0,,,,,,0,0,0,0,0,,,,,,0,0,0,0,0,DSO
29660239,"2026-01-27 05:06:48","2026-01-27 05:06:48",A6E069,"United States","United States",N542LW,,,,,,Stemme,S6,"Stemme S6",014,,,,,,Private,,,2011,,,,0,,,,,,0,0,0,0,0,,,,,,0,0,0,0,0,GEN-S6
29658583,"2026-01-27 04:46:42","2026-01-27 04:46:42",3EEDAC,Germany,Germany,D-3349,,,,,,PZL-Bielsko,GLID,"PZL-Bielsko SZD-9bis Bocian 1E",P-596,,,,,,Private,,,,,,,0,,,,,,0,0,0,0,0,,,,,,0,0,0,0,0,GEN-GLID
29658505,"2026-01-27 04:45:25","2026-01-27 04:45:25",A3F00D,"United States","United States",N353BB,,,,,,"Diamond Aircraft",DA40,"Diamond Aircraft Diamond Star DA40",40.589,,,,,,Private,,,2005,,,,0,,,,,,0,0,0,0,0,,,,,,0,0,0,0,0,GEN-DA40
29658476,"2026-01-27 04:45:09","2026-01-27 04:45:09",403B24,"United Kingdom","United Kingdom",G-BWHS,,,,,,"Rotary Air Force",RAF2,"Rotary Air Force RAF 2000","PFA G/13-1253",,,,,,Private,,,1995,,,,0,,,,,,0,0,0,0,0,,,,,,0,0,0,0,0,GEN-RAF2
29658426,"2026-01-27 04:44:29","2026-01-27 04:44:29",A1A9A2,"United States","United States",N206PR,,,,,,Bell,B06,"Bell OH-58A Kiowa",16888R,,,,,,Private,,,,,,,0,,,,,,0,0,0,0,0,,,,,,0,0,0,0,0,GEN-B06
29657795,"2026-01-27 04:36:41","2026-01-27 04:36:41",AB4EAE,"United States","United States",N828BB,,,,,,"Diamond Aircraft",DV20,"Diamond Aircraft Katana DA20-C1",C0428,,,,,,Private,,,2007,,,,0,,,,,,0,0,0,0,0,,,,,,0,0,0,0,0,GEN-DV20
29657649,"2026-01-27 04:34:54","2026-01-27 04:34:54",A7D188,"United States","United States",N60231,,,,,,Embraer,E55P,"Embraer Phenom 300",50500386,,,,,,Embraer,,,2016,,,,0,,,,,,0,0,0,0,0,,,,,,0,0,0,0,0,GEN-E55P
29657611,"2026-01-27 04:34:30","2026-01-27 04:34:30",AC4FEF,"United States","United States",N8926C,,,,,,Piper,PA22,"Piper PA-22 135 Tri-Pacer",22-1524,,,,,,Private,,,1953,,,,0,,,,,,0,0,0,0,0,,,,,,0,0,0,0,0,GEN-PA22
29657174,"2026-01-27 04:28:39","2026-01-27 04:28:39",A96D6B,"United States","United States",N7061Z,,,,,,Rans,COY2,"Rans Coyote II S-6",1288006,,,,,,Private,,,1988,,,,0,,,,,,0,0,0,0,0,,,,,,0,0,0,0,0,GEN-COY2
29656059,"2026-01-27 04:14:38","2026-01-27 04:14:38",A0A523,"United States","United States",N14002,,,,,,Piper,PA27,"Piper PA-23 Aztec 250E",27-4621,,,,,,Private,,,1971,,,,0,,,,,,0,0,0,0,0,,,,,,0,0,0,0,0,GEN-PA27
29654899,"2026-01-27 04:00:23","2026-01-27 04:00:23",A0F513,"United States","United States",N1607Z,,,,,,"McDonnell Douglas Helicopters",H500,"McDonnell Douglas Helicopters 369 E",0451E,,,,,,Private,,,1991,,,,0,,,,,,0,0,0,0,0,,,,,,0,0,0,0,0,GEN-H500
29654641,"2026-01-27 03:57:14","2026-01-27 03:57:14",A76463,"United States","United States",N57571,,,,,,Taylorcraft,TAYD,"Taylorcraft DC-65 Tandem Trainer",6225,,,,,,Private,,,1943,,,,0,,,,,,0,0,0,0,0,,,,,,0,0,0,0,0,GEN-TAYD
29654597,"2026-01-27 03:56:39","2026-01-27 03:56:39",4CA34A,Ireland,Ireland,EI-FIA,,,,,,Boeing,B738,"Boeing 737NG 8AS/W",44691,,,,,,Ryanair,,,2014,,,,0,,,,,,0,0,0,0,0,,,,,,0,0,0,0,0,RYR
29654591,"2026-01-27 03:56:34","2026-01-27 03:56:34",A1408C,"United States","United States",N18YU,,,,,,Pilatus,PC12,"Pilatus PC-XII NG 47E",1661,,,,,,"SKN Air LLC",,,2016,,,,0,,,,,,0,0,0,0,0,,,,,,0,0,0,0,0,GEN-PC12
29654323,"2026-01-27 03:53:10","2026-01-27 03:53:10",A53D0B,"United States","United States",N4369R,,,,,,Cessna,C172,"Cessna 172M Skyhawk",17263120,,,,,,Private,,,1974,,,,0,,,,,,0,0,0,0,0,,,,,,0,0,0,0,0,GEN-C172
29654294,"2026-01-27 03:52:52","2026-01-27 03:52:52",A350A0,"United States","United States",N3120J,,,,,,Cessna,C150,"Cessna 150G",15065820,,,,,,Private,,,,,,,0,,,,,,0,0,0,0,0,,,,,,0,0,0,0,0,GEN-C150
29654119,"2026-01-27 03:50:38","2026-01-27 03:50:38",A54381,"United States","United States",N4382N,,,,,,Piper,P28A,"Piper PA-28 181 Archer II",28-8590017,,,,,,Private,,,1984,,,,0,,,,,,0,0,0,0,0,,,,,,0,0,0,0,0,GEN-P28A
29653313,"2026-01-27 03:40:13","2026-01-27 03:40:13",A809BE,"United States","United States",N617LE,,,,,,Rutan,LGEZ,"Rutan Long-Ez",617,,,,,,Private,,,1986,,,,0,,,,,,0,0,0,0,0,,,,,,0,0,0,0,0,GEN-LGEZ
29652698,"2026-01-27 03:32:35","2026-01-27 03:32:35",A395A3,"United States","United States",N33YG,,,,,,"Lancair International",EVOT,"Lancair International Lancair Evolution",EVO-022,,,,,,Private,,,2011,,,,0,,,,,,0,0,0,0,0,,,,,,0,0,0,0,0,GEN-EVOT
29652362,"2026-01-27 03:27:53","2026-01-27 03:27:53",AD0C8C,"United States","United States",N94TV,,,,,,Bell,B06,"Bell 206B Jet Ranger III",4530,,,,,,"Helicopters Inc",,,2000,,,,0,,,,,,0,0,0,0,0,,,,,,0,0,0,0,0,GEN-B06
29651058,"2026-01-27 03:11:28","2026-01-27 03:11:28",AA97A1,"United States","United States",N7817Y,,,,,,Piper,PA30,"Piper PA-30 160 Twin Comanche",30-894,,,,,,Private,,,1965,,,,0,,,,,,0,0,0,0,0,,,,,,0,0,0,0,0,GEN-PA30
29650945,"2026-01-27 03:09:47","2026-01-27 03:09:47",A6B769,"United States","United States",N53162,,,,,,Cessna,C188,"Cessna 188B Agwagon",18801654,,,,,,Private,,,,,,,0,,,,,,0,0,0,0,0,,,,,,0,0,0,0,0,GEN-C188
29650718,"2026-01-27 03:07:01","2026-01-27 03:07:01",780FCA,China,China,B-8549,,,,,,Airbus,A332,"Airbus A330 243",988,,,,,,"Capital Airlines",,,2008,,,,0,,,,,,0,0,0,0,0,,,,,,0,0,0,0,0,CBJ-A332B-8549
29650576,"2026-01-27 03:05:09","2026-01-27 03:05:09",A8B1B2,"United States","United States",N65980,,,,,,Cessna,C182,"Cessna T182T Turbo Skylane",T18208332,,,,,,Private,,,2004,,,,0,,,,,,0,0,0,0,0,,,,,,0,0,0,0,0,GEN-C182
29650299,"2026-01-27 03:01:11","2026-01-27 03:01:11",A32DC8,"United States","United States",N3037D,,,,,,Cessna,C310,"Cessna 310",35237,,,,,,Private,,,,,,,0,,,,,,0,0,0,0,0,,,,,,0,0,0,0,0,GEN-C310
29650249,"2026-01-27 03:00:26","2026-01-27 03:00:26",A88FE6,"United States","United States",N6506B,,,,,,Mooney,M20P,"Mooney M.20 Mark 20",1173,,,,,,Private,,,1957,,,,0,,,,,,0,0,0,0,0,,,,,,0,0,0,0,0,GEN-M20P
29649947,"2026-01-27 02:56:32","2026-01-27 02:56:32",A08901,"United States","United States",N1332N,,,,,,Fairchild,FA62,"Fairchild PT-19A M-62A",T42-3056,,,,,,Private,,,1942,,,,0,,,,,,0,0,0,0,0,,,,,,0,0,0,0,0,GEN-FA62
29649484,"2026-01-27 02:50:08","2026-01-27 02:50:08",A99100,"United States","United States",N7150H,,,,,,Piper,J3,"Piper J-3 C-65 Cub",20406,,,,,,Private,,,1947,,,,0,,,,,,0,0,0,0,0,,,,,,0,0,0,0,0,GEN-J3
29649208,"2026-01-27 02:46:53","2026-01-27 02:46:53",C049E7,Canada,Canada,C-GBZQ,,,,,,ProTech,SASY,"ProTech PT2",1048,,,,,,Private,,,,,,,0,,,,,,0,0,0,0,0,,,,,,0,0,0,0,0,GEN-SASY
29648930,"2026-01-27 02:43:30","2026-01-27 02:43:30",3D1174,Germany,Germany,D-EEWA,,,,,,Beech,BE33,"Beech Bonanza F33A",CE-1226,,,,,,Private,,,1988,,,,0,,,,,,0,0,0,0,0,,,,,,0,0,0,0,0,GEN-BE33
29648788,"2026-01-27 02:41:47","2026-01-27 02:41:47",3DD70A,Germany,Germany,D-HBRM,,,,,,Hughes,H500,"Hughes 369 HS",69-0101S,,,,,,Private,,,1969,,,,0,,,,,,0,0,0,0,0,,,,,,0,0,0,0,0,GEN-H500
29648320,"2026-01-27 02:35:52","2026-01-27 02:35:52",7335CE,Iran,Iran,EP-MNN,,,,,,Airbus,A306,"Airbus A300 B4-605R",701,,,,,,"Iran Air Tours",,,1993,,,,0,,,,,,0,0,0,0,0,,,,,,0,0,0,0,0,IRB
29647758,"2026-01-27 02:28:21","2026-01-27 02:28:21",8A0710,Indonesia,Indonesia,PK-LQO,,,,,,Boeing,B38M,"Boeing 737MAX 8",42998,,,,,,"Lion Air",,,2018,,,,0,,,,,,0,0,0,0,0,,,,,,0,0,0,0,0,LNI
29647134,"2026-01-27 02:20:05","2026-01-27 02:20:05",ABA9C4,"United States","United States",N8500V,,,,,,AMD,CH2T,"AMD CH 2000 Alarus",20-0068,,,,,,Private,,,,,,,0,,,,,,0,0,0,0,0,,,,,,0,0,0,0,0,GEN-CH2T
29646778,"2026-01-27 02:15:11","2026-01-27 02:15:11",A43750,"United States","United States",N3708W,,,,,,Piper,PA32,"Piper PA-32 260 Cherokee Six",32-621,,,,,,Private,,,1966,,,,0,,,,,,0,0,0,0,0,,,,,,0,0,0,0,0,GEN-PA32
29643779,"2026-01-27 01:36:54","2026-01-27 01:36:54",C03341,Canada,Canada,C-FTKQ,,,,,,Robinson,R44,"Robinson R44 Astro",0116,,,,,,Private,,,,,,,0,,,,,,0,0,0,0,0,,,,,,0,0,0,0,0,GEN-R44
29643679,"2026-01-27 01:35:28","2026-01-27 01:35:28",A53CC3,"United States","United States",N4367P,,,,,,Piper,PA23,"Piper PA-23 Apache 160",23-1867,,,,,,Private,,,1959,,,,0,,,,,,0,0,0,0,0,,,,,,0,0,0,0,0,GEN-PA23
29643577,"2026-01-27 01:34:01","2026-01-27 01:34:01",A6D630,"United States","United States",N54GG,,,,,,"Cirrus Design",SR20,"Cirrus Design SR20",2342,,,,,,Private,,,2017,,,,0,,,,,,0,0,0,0,0,,,,,,0,0,0,0,0,GEN-SR20
29643332,"2026-01-27 01:30:37","2026-01-27 01:30:37",A8E9F6,"United States","United States",N6735T,,,,,,Beech,BE35,"Beech Bonanza V35B",D-10374,,,,,,Private,,,,,,,0,,,,,,0,0,0,0,0,,,,,,0,0,0,0,0,GEN-BE35
29642511,"2026-01-27 01:19:50","2026-01-27 01:19:50",A7EB4F,"United States","United States",N6092C,,,,,,"MD Helicopters",H500,"MD Helicopters 369 FF",0302FF,,,,,,"MD Helicopters",,,2018,,,,0,,,,,,0,0,0,0,0,,,,,,0,0,0,0,0,GEN-H500
29641557,"2026-01-27 01:07:17","2026-01-27 01:07:17",A5F456,"United States","United States",N483GB,,,,,,PZL-Bielsko,GLID,"PZL-Bielsko SZD-48-3 Jantar Standard 3",B-2117,,,,,,Private,,,1993,,,,0,,,,,,0,0,0,0,0,,,,,,0,0,0,0,0,GEN-GLID
29641216,"2026-01-27 01:03:22","2026-01-27 01:03:22",141115,Russia,Russia,RA-04373,,,,,,Robinson,R44,"Robinson R44 Raven I",2140,,,,,,Private,,,2011,,,,0,,,,,,0,0,0,0,0,,,,,,0,0,0,0,0,GEN-R44
29641143,"2026-01-27 01:02:16","2026-01-27 01:02:16",A5C3F1,"United States","United States",N4703X,,,,,,Cessna,C150,"Cessna 150G",15064753,,,,,,Private,,,1966,,,,0,,,,,,0,0,0,0,0,,,,,,0,0,0,0,0,GEN-C150
29640702,"2026-01-27 00:56:09","2026-01-27 00:56:09",A8EDAF,"United States","United States",N6745V,,,,,,Beech,BE58,"Beech Baron 58P",TJ-272,,,,,,Private,,,1980,,,,0,,,,,,0,0,0,0,0,,,,,,0,0,0,0,0,GEN-BE58
29640407,"2026-01-27 00:52:15","2026-01-27 00:52:15",43C5CE,"United Kingdom","United Kingdom",ZB625,,,,,,Westland/Aerospatiale,GAZL,"Westland/Aerospatiale Gazelle SA.341 HT.3",1905,,,,,,QinetiQ,,,1982,,,,0,,,,,,1,0,0,0,0,,,,,,0,0,0,0,0,
29640127,"2026-01-27 00:50:54","2026-01-27 00:50:54",43C2D3,"United Kingdom","United Kingdom",XZ732,,,,,,Westland,LYNX,"Westland Lynx HMA.8SRU",208,,,,,,"Royal Navy",,,1980,,,,0,,,,,,1,0,0,0,0,,,,,,0,0,0,0,0,
18210,"2026-01-27 00:50:41","2026-01-27 00:50:41",3FBE93,Germany,Germany,45+69,,,,,,,TOR,"Panavia Tornado",,,,,,,"German Air Force",,,,,,"JT: 2026-01-27 00:50:41",0,,,,,,1,0,0,0,0,,,,,,0,0,0,0,0,GAF-TOR
536058,"2026-01-27 00:50:41","2026-01-27 00:50:41",3EA77F,Germany,Germany,30+80,,,,,,Eurofighter,EUFI,"Eurofighter Typhoon EF2000",,,,,,,"German Air Force",,,,,,"JT: 2026-01-27 00:50:41",0,,,,,,1,0,0,0,0,,,,,,0,0,0,0,0,GAF-EUFI
28246904,"2026-01-27 00:50:41","2026-01-27 00:50:41",3F4490,Germany,Germany,31+20,,,,,,,EUFI,"Eurofighter Typhoon EF2000",,,,,,,"German Air Force",,,,,,"JT: 2026-01-27 00:50:41",0,,,,,,1,0,0,0,0,,,,,,0,0,0,0,0,GAF-EUFI
28248939,"2026-01-27 00:50:41","2026-01-27 00:50:41",3F4915,Germany,Germany,30+75,,,,,,,EUFI,"Eurofighter Typhoon EF2000",,,,,,,"German Air Force",,,,,,"JT: 2026-01-27 00:50:41",0,,,,,,1,0,0,0,0,,,,,,0,0,0,0,0,GAF-EUFI
28265776,"2026-01-27 00:50:41","2026-01-27 00:50:41",3FB922,Germany,Germany,7?+??,,,,,,,NH90,"NHIndustries NH90-TTH",,,,,,,"German Army",,,,,,"JT: 2026-01-27 00:50:41",0,,,,,,1,0,0,0,0,,,,,,0,0,0,0,0,GAM-NH90
28302707,"2026-01-27 00:50:41","2026-01-27 00:50:41",3F7B12,Germany,Germany,3?+??,,,,,,,EUFI,"Eurofighter Typhoon EF2000",,,,,,,"German Air Force",,,,,,"JT: 2026-01-27 00:50:41",0,,,,,,1,0,0,0,0,,,,,,0,0,0,0,0,GAF-EUFI
28368138,"2026-01-27 00:50:41","2026-01-27 00:50:41",3F62CF,Germany,Germany,43+38,,,,,,,TOR,"Panavia Tornado",,,,,,,"German Air Force",,,,,,"JT: 2026-01-27 00:50:41",0,,,,,,1,0,0,0,0,,,,,,0,0,0,0,0,GAF-TOR
28374395,"2026-01-27 00:50:41","2026-01-27 00:50:41",3FAD8A,Germany,Germany,31+27,,,,,,,EUFI,"Eurofighter Typhoon EF2000",,,,,,,"German Air Force",,,,,,"JT: 2026-01-27 00:50:41",0,,,,,,1,0,0,0,0,,,,,,0,0,0,0,0,GAF-EUFI
28722488,"2026-01-27 00:50:41","2026-01-27 00:50:41",3EB8D1,Germany,Germany,30+92,,,,,,,EUFI,"Eurofighter Typhoon EF2000",,,,,,,"German Air Force",,,,,,"JT: 2026-01-27 00:50:41",0,,,,,,1,0,0,0,0,,,,,,0,0,0,0,0,GAF-EUFI
28748395,"2026-01-27 00:50:41","2026-01-27 00:50:41",3EAF79,Germany,Germany,31+03,,,,,,,EUFI,"Eurofighter Typhoon EF2000",,,,,,,"German Air Force",,,,,,"JT: 2026-01-27 00:50:41",0,,,,,,1,0,0,0,0,,,,,,0,0,0,0,0,GAF-EUFI
28839885,"2026-01-27 00:50:41","2026-01-27 00:50:41",3F61FA,Germany,Germany,31+21,,,,,,,EUFI,"Eurofighter Typhoon EF2000",,,,,,,"German Air Force",,,,,,"JT: 2026-01-27 00:50:41",0,,,,,,1,0,0,0,0,,,,,,0,0,0,0,0,GAF-EUFI
28867904,"2026-01-27 00:50:41","2026-01-27 00:50:41",3F9231,Germany,Germany,76+??,,,,,,,EC45,"Airbus Helicopters H-145M",,,,,,,"German Army",,,,,,"JT: 2026-01-27 00:50:41",0,,,,,,1,0,0,0,0,,,,,,0,0,0,0,0,GAM-EC45
29108829,"2026-01-27 00:50:41","2026-01-27 00:50:41",3E921C,Germany,Germany,3?+??,,,,,,,EUFI,"Eurofighter Typhoon EF2000",,,,,,,"German Air Force",,,,,,"JT: 2026-01-27 00:50:41",0,,,,,,1,0,0,0,0,,,,,,0,0,0,0,0,GAF-EUFI
29487902,"2026-01-27 00:50:41","2026-01-27 00:50:41",3F429A,Germany,Germany,3?+??,,,,,,,EUFI,"Eurofighter Typhoon EF2000",,,,,,,"German Air Force",,,,,,"JT: 2026-01-27 00:50:41",0,,,,,,1,0,0,0,0,,,,,,0,0,0,0,0,GAF-EUFI
29487987,"2026-01-27 00:50:41","2026-01-27 00:50:41",3F6961,Germany,Germany,3?+??,,,,,,,EUFI,"Eurofighter Typhoon EF2000",,,,,,,"German Air Force",,,,,,"JT: 2026-01-27 00:50:41",0,,,,,,1,0,0,0,0,,,,,,0,0,0,0,0,GAF-EUFI
29488421,"2026-01-27 00:50:41","2026-01-27 00:50:41",3E9D3D,Germany,Germany,74+??,,,,,,,TIGR,"Eurocopter EC.665 Tiger",,,,,,,"German Army",,,,,,"JT: 2026-01-27 00:50:41",0,,,,,,1,0,0,0,0,,,,,,0,0,0,0,0,GAM-TIGR
29488540,"2026-01-27 00:50:41","2026-01-27 00:50:41",3F8156,Germany,Germany,74+??,,,,,,,TIGR,"Eurocopter EC.665 Tiger",,,,,,,"German Army",,,,,,"JT: 2026-01-27 00:50:41",0,,,,,,1,0,0,0,0,,,,,,0,0,0,0,0,GAM-TIGR
29488963,"2026-01-27 00:50:41","2026-01-27 00:50:41",3F469B,Germany,Germany,7?+??,,,,,,,NH90,"NHIndustries NH90-TTH",,,,,,,"German Army",,,,,,"JT: 2026-01-27 00:50:41",0,,,,,,1,0,0,0,0,,,,,,0,0,0,0,0,GAM-NH90
29489095,"2026-01-27 00:50:41","2026-01-27 00:50:41",3F9A99,Germany,Germany,7?+??,,,,,,,NH90,"NHIndustries NH90-TTH",,,,,,,"German Army",,,,,,"JT: 2026-01-27 00:50:41",0,,,,,,1,0,0,0,0,,,,,,0,0,0,0,0,GAM-NH90
29489180,"2026-01-27 00:50:41","2026-01-27 00:50:41",3FBA53,Germany,Germany,78+32,,,,,,,NH90,"NHIndustries NH90-TTH",,,,,,,"German Army",,,,,,"JT: 2026-01-27 00:50:41",0,,,,,,1,0,0,0,0,,,,,,0,0,0,0,0,GAM-NH90
29489576,"2026-01-27 00:50:41","2026-01-27 00:50:41",3EB556,Germany,Germany,8?+??,,,,,,,H53,"Sikorsky CH-53GA Stallion",,,,,,,"German Air Force",,,,,,"JT: 2026-01-27 00:50:41",0,,,,,,1,0,0,0,0,,,,,,0,0,0,0,0,GAF-H53
29489837,"2026-01-27 00:50:41","2026-01-27 00:50:41",3F97D0,Germany,Germany,8?+??,,,,,,,H53,"Sikorsky CH-53GA Stallion",,,,,,,"German Air Force",,,,,,"JT: 2026-01-27 00:50:41",0,,,,,,1,0,0,0,0,,,,,,0,0,0,0,0,GAF-H53
29490024,"2026-01-27 00:50:41","2026-01-27 00:50:41",3F734A,Germany,Germany,??+??,,,,,,,FFLO,"Rheinmetall Luna NG",,,,,,,Unknown,,,,,,"JT: 2026-01-27 00:50:41",0,,,,,,1,0,0,0,0,,,,,,0,0,0,0,0,GAF
29640043,"2026-01-27 00:49:07","2026-01-27 00:49:07",A627F3,"United States","United States",N496SA,,,,,,Boeing,B734,"Boeing 737 4H6SF",26455,,,,,,"Southern Air",,,1993,,,,0,,,,,,0,0,0,0,0,,,,,,0,0,0,0,0,SOO
29639365,"2026-01-27 00:40:02","2026-01-27 00:40:02",AD9D99,"United States","United States",N9769Y,,,,,,Cessna,C210,"Cessna 210",21064593,,,,,,Private,,,1981,,,,0,,,,,,0,0,0,0,0,,,,,,0,0,0,0,0,GEN-C210
29639275,"2026-01-27 00:38:51","2026-01-27 00:38:51",00A3AA,"South Africa","South Africa",ZS-NMN,,,,,,Bombardier,CRJ2,"Bombardier CRJ 200ER",7237,,,,,,"South African Express",,,,,,,0,,,,,,0,0,0,0,0,,,,,,0,0,0,0,0,EXY
29638555,"2026-01-27 00:29:05","2026-01-27 00:29:05",A03455,"United States","United States",N112HE,,,,,,Robinson,R22,"Robinson R22 Beta",1112,,,,,,"Robinson Helicopter Company",,,1989,,,,0,,,,,,0,0,0,0,0,,,,,,0,0,0,0,0,GEN-R22
29638529,"2026-01-27 00:28:41","2026-01-27 00:28:41",AAE688,"United States","United States",N801KU,,,,,,"Zénith",CH80,"Zénith Zenair STOL CH 801",8-5587,,,,,,Private,,,2007,,,,0,,,,,,0,0,0,0,0,,,,,,0,0,0,0,0,GEN-CH80
29638504,"2026-01-27 00:28:14","2026-01-27 00:28:14",A892EC,"United States","United States",N6511,,,,,,Briegleb,GLID,"Briegleb BG-12 B",77,,,,,,Private,,,,,,,0,,,,,,0,0,0,0,0,,,,,,0,0,0,0,0,GEN-GLID
29638384,"2026-01-27 00:26:39","2026-01-27 00:26:39",474001,Hungary,Hungary,HA-DAH,,,,,,"Diamond Aircraft",DA42,"Diamond Aircraft Twin Star DA42",42.078,,,,,,Private,,,2006,,,,0,,,,,,0,0,0,0,0,,,,,,0,0,0,0,0,GEN-DA42
29638318,"2026-01-27 00:25:48","2026-01-27 00:25:48",393855,France,France,F-GOCV,,,,,,Aerospatiale,GAZL,"Aerospatiale Gazelle SA.341 G",1010,,,,,,Private,,,,,,,0,,,,,,0,0,0,0,0,,,,,,0,0,0,0,0,GEN-GAZL
29638006,"2026-01-27 00:21:23","2026-01-27 00:21:23",A8BE35,"United States","United States",N6621U,,,,,,Mooney,M20P,"Mooney M.20D Master",116,,,,,,Private,,,,,,,0,,,,,,0,0,0,0,0,,,,,,0,0,0,0,0,GEN-M20P
29637620,"2026-01-27 00:16:28","2026-01-27 00:16:28",A91880,"United States","United States",N6852Z,,,,,,Piper,PA25,"Piper PA-25 235 Pawnee",25-2528,,,,,,Private,,,1963,,,,0,,,,,,0,0,0,0,0,,,,,,0,0,0,0,0,GEN-PA25
29637186,"2026-01-27 00:10:33","2026-01-27 00:10:33",4013A8,"United Kingdom","United Kingdom",G-YROM,,,,,,"RotorSport UK",MT,"RotorSport UK MT-03",RSUK/MT-03/019,,,,,,Private,,,2007,,,,0,,,,,,0,0,0,0,0,,,,,,0,0,0,0,0,GEN-MT
29636567,"2026-01-27 00:02:22","2026-01-27 00:02:22",A4BEFC,"United States","United States",N4048Q,,,,,,Fairchild,FA24,"Fairchild F.24 W-9",W9-104,,,,,,Private,,,1939,,,,0,,,,,,0,0,0,0,0,,,,,,0,0,0,0,0,GEN-FA24
29636440,"2026-01-27 00:00:29","2026-01-27 00:00:29",A3324C,"United States","United States",N305EC,,,,,,Embraer,E170,"Embraer EMB-170 SL",17000005,,,,,,"Delta Air Lines",,,,,,,0,,,,,,0,0,0,0,0,,,,,,0,0,0,0,0,DAL
